"Frequency (Hz)","Absolute Amplitude (a.u.)"
1.464843750E0,1.182204597E-1
2.929687500E0,8.662885180E-2
4.394531250E0,2.139470230E-1
5.859375000E0,2.583849084E-1
7.324218750E0,1.990706246E-1
8.789062500E0,4.317056073E-2
1.025390625E1,1.429947750E-1
1.171875000E1,1.331166435E-1
1.318359375E1,2.613478039E-1
1.464843750E1,2.201558820E-1
1.611328125E1,3.872419192E-2
1.757812500E1,3.294939959E-1
1.904296875E1,1.349845748E-1
2.050781250E1,1.582960913E-1
2.197265625E1,3.478284979E-2
2.343750000E1,6.509769049E-2
2.490234375E1,2.741187733E-1
2.636718750E1,1.857642308E-1
2.783203125E1,1.395177296E-1
2.929687500E1,1.795619280E-1
3.076171875E1,1.488469081E-1
3.222656250E1,1.166386538E-1
3.369140625E1,2.201958713E-1
3.515625000E1,1.111434915E-1
3.662109375E1,9.388677945E-2
3.808593750E1,1.458256235E-1
3.955078125E1,2.692644030E-1
4.101562500E1,1.250992800E-1
4.248046875E1,1.988741201E-1
4.394531250E1,3.001257095E-1
4.541015625E1,3.917743916E-2
4.687500000E1,1.992019480E-1
4.833984375E1,4.843979390E-1
4.980468750E1,2.170761882E-1
5.126953125E1,2.677649502E-1
5.273437500E1,7.962167387E-1
5.419921875E1,5.378918696E-1
5.566406250E1,8.391290062E-1
5.712890625E1,7.114456260E-1
5.859375000E1,6.371042905E-1
6.005859375E1,3.372451953E-1
6.152343750E1,1.095890635E0
6.298828125E1,6.604265074E-1
6.445312500E1,1.549763500E0
6.591796875E1,8.449313606E-1
6.738281250E1,7.223192566E-1
6.884765625E1,3.609549955E-1
7.031250000E1,5.166843619E-1
7.177734375E1,2.225308546E-1
7.324218750E1,6.036462989E-1
7.470703125E1,3.657355610E-1
7.617187500E1,4.142084589E-1
7.763671875E1,2.777612263E-1
7.910156250E1,6.132120841E-1
8.056640625E1,6.819590131E-1
8.203125000E1,8.452761204E-2
8.349609375E1,3.109418907E-1
8.496093750E1,2.581426758E-1
8.642578125E1,2.229161014E-1
8.789062500E1,8.008534480E-1
8.935546875E1,3.297387678E-1
9.082031250E1,5.103018664E-1
9.228515625E1,8.305118532E-2
9.375000000E1,3.199257251E-1
9.521484375E1,1.493701437E-1
9.667968750E1,1.220974647E-1
9.814453125E1,1.192536687E0
9.960937500E1,4.617141729E-1
1.010742188E2,3.456684514E-1
1.025390625E2,4.322841371E-1
1.040039062E2,2.516250699E-1
1.054687500E2,5.580023959E-1
1.069335938E2,5.239548325E-1
1.083984375E2,1.288362570E0
1.098632812E2,7.360536761E-1
1.113281250E2,5.487648215E-1
1.127929688E2,4.133070706E-1
1.142578125E2,6.093446756E-1
1.157226562E2,4.234583774E-1
1.171875000E2,7.686432939E-1
1.186523438E2,1.429212769E0
1.201171875E2,2.634880093E0
1.215820312E2,1.841479924E0
1.230468750E2,8.397858471E-1
1.245117188E2,6.133915748E-1
1.259765625E2,6.796698224E-1
1.274414062E2,1.103846400E0
1.289062500E2,7.128147521E-1
1.303710938E2,2.644916515E0
1.318359375E2,1.174735910E0
1.333007812E2,4.187883136E-1
1.347656250E2,6.383259012E-1
1.362304688E2,1.332132124E0
1.376953125E2,5.944532926E-1
1.391601562E2,1.300046220E-1
1.406250000E2,2.190162089E0
1.420898438E2,1.590983611E0
1.435546875E2,2.245156506E0
1.450195312E2,5.481665688E-1
1.464843750E2,1.108576583E0
1.479492188E2,6.023291657E-1
1.494140625E2,7.694164486E-1
1.508789062E2,1.273668421E0
1.523437500E2,9.635608162E-1
1.538085938E2,1.550820045E0
1.552734375E2,7.912342095E-1
1.567382812E2,1.979815724E0
1.582031250E2,1.033875896E0
1.596679688E2,1.859973099E0
1.611328125E2,1.288657852E0
1.625976562E2,1.243932204E0
1.640625000E2,7.233508322E-1
1.655273438E2,2.587692005E0
1.669921875E2,2.492994093E0
1.684570312E2,2.040259939E0
1.699218750E2,3.006258653E0
1.713867188E2,5.685620836E-1
1.728515625E2,3.120064203E0
1.743164062E2,2.924094281E0
1.757812500E2,3.060490481E0
1.772460938E2,6.538666002E-1
1.787109375E2,1.019148680E0
1.801757812E2,1.931511345E0
1.816406250E2,2.506062700E0
1.831054688E2,3.966608450E0
1.845703125E2,7.295487387E-1
1.860351562E2,1.498850672E0
1.875000000E2,3.108425452E0
1.889648438E2,3.020324003E0
1.904296875E2,1.721488792E0
1.918945312E2,9.638986340E-1
1.933593750E2,1.739530585E0
1.948242188E2,1.531756966E0
1.962890625E2,1.282062933E0
1.977539062E2,1.922217369E0
1.992187500E2,1.301003740E0
2.006835938E2,2.209122490E0
2.021484375E2,8.408038031E-1
2.036132812E2,7.043481790E-1
2.050781250E2,2.937891892E0
2.065429688E2,1.208492988E0
2.080078125E2,2.343498393E0
2.094726562E2,2.103524531E0
2.109375000E2,1.349693474E0
2.124023438E2,2.572586164E0
2.138671875E2,3.979132174E0
2.153320312E2,1.784320856E0
2.167968750E2,2.237598018E0
2.182617188E2,1.070336404E0
2.197265625E2,2.076660791E0
2.211914062E2,8.436585016E-1
2.226562500E2,1.746089029E0
2.241210938E2,4.197462441E-1
2.255859375E2,1.377250158E0
2.270507812E2,8.881687747E-1
2.285156250E2,4.879576092E-1
2.299804688E2,2.287954800E0
2.314453125E2,5.076707813E-1
2.329101562E2,1.509555617E-1
2.343750000E2,5.172210880E-1
2.358398438E2,6.544138735E-1
2.373046875E2,8.462203341E-1
2.387695312E2,9.805154295E-1
2.402343750E2,3.373985412E-1
2.416992188E2,3.515016198E-1
2.431640625E2,9.501157669E-1
2.446289062E2,5.969616708E-1
2.460937500E2,2.983211548E-1
2.475585938E2,8.671745655E-1
2.490234375E2,1.223683254E0
2.504882812E2,1.530590128E0
2.519531250E2,1.083274903E0
2.534179688E2,5.634600964E-2
2.548828125E2,9.353650458E-1
2.563476562E2,4.975507023E-1
2.578125000E2,1.568219193E0
2.592773438E2,2.133981305E0
2.607421875E2,2.449199874E0
2.622070312E2,1.350878973E-1
2.636718750E2,3.931023699E-1
2.651367188E2,1.449190107E0
2.666015625E2,9.354791765E-1
2.680664062E2,1.348247717E0
2.695312500E2,9.025314111E-1
2.709960938E2,9.354433289E-1
2.724609375E2,1.137609545E0
2.739257812E2,1.264779426E0
2.753906250E2,2.286597806E0
2.768554688E2,8.551550027E-1
2.783203125E2,1.260299254E0
2.797851562E2,1.749918295E0
2.812500000E2,3.046521969E-1
2.827148438E2,7.000570357E-1
2.841796875E2,6.852971309E-1
2.856445312E2,4.080993466E-1
2.871093750E2,1.743956017E0
2.885742188E2,1.595123067E0
2.900390625E2,6.648832244E-1
2.915039062E2,9.034429776E-1
2.929687500E2,3.174209989E-1
2.944335938E2,3.328528222E-1
2.958984375E2,8.245567824E-1
2.973632812E2,1.189211843E0
2.988281250E2,1.180853024E0
3.002929688E2,6.014925635E-1
3.017578125E2,7.623040565E-1
3.032226562E2,1.872613160E0
3.046875000E2,1.942053353E0
3.061523438E2,1.673739305E0
3.076171875E2,6.886519422E-1
3.090820312E2,1.409792003E0
3.105468750E2,2.786381417E0
3.120117188E2,1.589562099E0
3.134765625E2,1.481530785E0
3.149414062E2,7.995791017E-1
3.164062500E2,6.934513880E-1
3.178710938E2,1.406138013E0
3.193359375E2,2.191331450E0
3.208007812E2,6.355793379E-1
3.222656250E2,1.873833218E0
3.237304688E2,1.426986103E0
3.251953125E2,1.267782180E0
3.266601562E2,1.415097327E0
3.281250000E2,2.201413419E0
3.295898438E2,1.183289916E0
3.310546875E2,1.657206989E0
3.325195312E2,1.122755467E0
3.339843750E2,2.884736876E-1
3.354492188E2,1.618223885E0
3.369140625E2,6.727144609E-1
3.383789062E2,3.050924003E0
3.398437500E2,1.644359312E0
3.413085938E2,6.781409799E-1
3.427734375E2,1.190931293E0
3.442382812E2,1.883526734E0
3.457031250E2,1.484706007E0
3.471679688E2,2.242058305E0
3.486328125E2,1.666564425E0
3.500976562E2,7.706926363E-1
3.515625000E2,3.565048385E0
3.530273438E2,2.046408248E0
3.544921875E2,1.395827544E0
3.559570312E2,3.781887657E-1
3.574218750E2,1.479192466E0
3.588867188E2,1.367232592E0
3.603515625E2,5.006438965E-1
3.618164062E2,3.257306505E0
3.632812500E2,1.531397618E0
3.647460938E2,3.262606746E0
3.662109375E2,2.124932284E0
3.676757812E2,2.449811673E0
3.691406250E2,2.478343022E0
3.706054688E2,7.822295806E-1
3.720703125E2,2.311770080E-1
3.735351562E2,2.505345247E0
3.750000000E2,2.299486869E0
3.764648438E2,2.461273160E0
3.779296875E2,4.069622657E0
3.793945312E2,2.317697192E0
3.808593750E2,6.060638849E0
3.823242188E2,2.941227826E0
3.837890625E2,2.388502334E0
3.852539062E2,2.331924469E0
3.867187500E2,3.984793870E0
3.881835938E2,6.216884321E-1
3.896484375E2,1.082164227E0
3.911132812E2,1.466001216E0
3.925781250E2,8.837291092E-1
3.940429688E2,1.585825304E0
3.955078125E2,7.030615124E-1
3.969726562E2,1.373347358E0
3.984375000E2,2.552004157E0
3.999023438E2,1.015680762E0
4.013671875E2,2.226467061E0
4.028320312E2,1.523388940E0
4.042968750E2,1.615203794E0
4.057617188E2,2.937298715E0
4.072265625E2,3.547867367E0
4.086914062E2,2.003135757E0
4.101562500E2,9.226879446E-1
4.116210938E2,7.218380841E-1
4.130859375E2,8.967498904E-1
4.145507812E2,1.252124959E0
4.160156250E2,2.148389309E0
4.174804688E2,2.620189188E0
4.189453125E2,8.236278507E-1
4.204101562E2,1.262427331E0
4.218750000E2,1.606521990E0
4.233398438E2,7.518749283E-1
4.248046875E2,1.578240346E0
4.262695312E2,1.615042699E0
4.277343750E2,2.612418935E0
4.291992188E2,2.513089708E0
4.306640625E2,1.297457757E0
4.321289062E2,1.467595722E0
4.335937500E2,1.420624658E0
4.350585938E2,3.907634292E-1
4.365234375E2,6.977025568E-1
4.379882812E2,1.850088302E0
4.394531250E2,1.748141153E0
4.409179688E2,1.754706438E0
4.423828125E2,7.379063289E-1
4.438476562E2,1.177145397E0
4.453125000E2,2.092279748E0
4.467773438E2,2.345579604E0
4.482421875E2,6.954799596E-1
4.497070312E2,5.885469574E-1
4.511718750E2,1.761037826E0
4.526367188E2,2.061666238E0
4.541015625E2,3.630686769E0
4.555664062E2,3.002385182E0
4.570312500E2,2.179610424E0
4.584960938E2,9.075469979E-1
4.599609375E2,1.345927074E0
4.614257812E2,1.412257707E0
4.628906250E2,1.692725751E0
4.643554688E2,4.852770225E-1
4.658203125E2,1.461651536E0
4.672851562E2,5.953624346E-1
4.687500000E2,1.710906341E0
4.702148438E2,7.142880179E-1
4.716796875E2,6.038675917E-1
4.731445312E2,3.752139817E-1
4.746093750E2,1.473021769E0
4.760742188E2,1.141438534E0
4.775390625E2,7.490430529E-1
4.790039062E2,5.877008068E-1
4.804687500E2,7.379461487E-1
4.819335938E2,1.121580100E0
4.833984375E2,1.040797442E0
4.848632812E2,5.774903951E-1
4.863281250E2,2.097065978E-1
4.877929688E2,1.120437290E0
4.892578125E2,7.000804776E-1
4.907226562E2,5.674706487E-1
4.921875000E2,4.168748478E-1
4.936523438E2,5.708097552E-1
4.951171875E2,4.454765402E-1
4.965820312E2,1.058965647E0
4.980468750E2,6.463695503E-1
4.995117188E2,1.277462867E0
5.009765625E2,1.163976259E0
5.024414062E2,1.839723973E0
5.039062500E2,1.706852956E0
5.053710938E2,2.019249802E0
5.068359375E2,8.151826848E-1
5.083007812E2,1.166654045E0
5.097656250E2,3.114712187E-1
5.112304688E2,1.674465008E0
5.126953125E2,9.089182111E-1
5.141601562E2,1.016564646E0
5.156250000E2,7.070491382E-1
5.170898438E2,5.189299935E-1
5.185546875E2,9.854840668E-1
5.200195312E2,1.308609394E0
5.214843750E2,1.279087226E0
5.229492188E2,1.544264240E0
5.244140625E2,1.437439635E0
5.258789062E2,6.681098752E-1
5.273437500E2,1.537016429E-1
5.288085938E2,6.374595933E-1
5.302734375E2,4.132648279E-1
5.317382812E2,5.277609934E-1
5.332031250E2,3.341778467E-1
5.346679688E2,1.579139793E0
5.361328125E2,1.556465056E0
5.375976562E2,8.052483408E-1
5.390625000E2,8.382688306E-1
5.405273438E2,2.180544386E0
5.419921875E2,1.320794852E0
5.434570312E2,3.892335883E-1
5.449218750E2,6.941725131E-1
5.463867188E2,1.125354876E0
5.478515625E2,4.349107302E-1
5.493164062E2,4.485759671E-1
5.507812500E2,1.140172859E-1
5.522460938E2,1.170382781E-1
5.537109375E2,7.471414324E-1
5.551757812E2,8.055744144E-1
5.566406250E2,3.817236691E-1
5.581054688E2,3.287202444E-1
5.595703125E2,5.952217821E-1
5.610351562E2,1.004019550E0
5.625000000E2,5.910028358E-1
5.639648438E2,9.847716265E-1
5.654296875E2,1.538071851E0
5.668945312E2,1.059020514E0
5.683593750E2,9.082623860E-1
5.698242188E2,4.894337929E-1
5.712890625E2,1.044183197E0
5.727539062E2,1.219352611E0
5.742187500E2,5.265801351E-1
5.756835938E2,5.308645120E-1
5.771484375E2,1.716807805E0
5.786132812E2,1.421255088E0
5.800781250E2,7.107282099E-1
5.815429688E2,5.950326489E-1
5.830078125E2,3.465815109E-1
5.844726562E2,8.825200772E-1
5.859375000E2,2.078361545E0
5.874023438E2,2.169717113E0
5.888671875E2,2.189051608E0
5.903320312E2,1.530687595E0
5.917968750E2,1.547246918E0
5.932617188E2,1.398188025E0
5.947265625E2,1.036651698E0
5.961914062E2,1.438990341E0
5.976562500E2,1.642757730E0
5.991210938E2,1.631165158E0
6.005859375E2,1.444010520E0
6.020507812E2,1.892889796E0
6.035156250E2,1.749461036E0
6.049804688E2,3.917022810E-1
6.064453125E2,1.073654910E0
6.079101562E2,1.482413661E0
6.093750000E2,1.421177709E0
6.108398438E2,2.456547116E-1
6.123046875E2,1.626007305E-1
6.137695312E2,8.205034563E-1
6.152343750E2,9.006621112E-1
6.166992188E2,1.160578185E0
6.181640625E2,1.385406139E0
6.196289062E2,1.313278698E0
6.210937500E2,1.176433120E0
6.225585938E2,8.506139358E-1
6.240234375E2,1.018242106E0
6.254882812E2,1.131419643E0
6.269531250E2,6.686981088E-1
6.284179688E2,2.182608455E-1
6.298828125E2,6.308015426E-1
6.313476562E2,5.164451958E-1
6.328125000E2,1.056977831E0
6.342773438E2,1.336518910E0
6.357421875E2,1.392719394E0
6.372070312E2,1.247040384E0
6.386718750E2,1.117566860E0
6.401367188E2,1.898093691E0
6.416015625E2,1.730304087E0
6.430664062E2,7.586596878E-1
6.445312500E2,2.534151744E-1
6.459960938E2,1.054197440E0
6.474609375E2,2.068444716E0
6.489257812E2,1.577082486E0
6.503906250E2,5.903431783E-1
6.518554688E2,9.313715664E-1
6.533203125E2,1.446437757E0
6.547851562E2,3.034504080E-1
6.562500000E2,8.867568686E-1
6.577148438E2,1.155216403E0
6.591796875E2,2.080481400E0
6.606445312E2,1.380952230E0
6.621093750E2,1.636209825E0
6.635742188E2,1.674212793E0
6.650390625E2,7.979658292E-1
6.665039062E2,8.833203513E-1
6.679687500E2,1.334588547E0
6.694335938E2,8.324208397E-1
6.708984375E2,8.757152542E-1
6.723632812E2,5.279762203E-1
6.738281250E2,7.176968971E-1
6.752929688E2,1.914635321E-1
6.767578125E2,1.549935745E0
6.782226562E2,1.320802435E0
6.796875000E2,1.444822877E0
6.811523438E2,1.080939541E0
6.826171875E2,1.560737865E0
6.840820312E2,2.938037441E0
6.855468750E2,2.380870918E0
6.870117188E2,1.459228868E0
6.884765625E2,8.323050870E-1
6.899414062E2,2.325331504E-1
6.914062500E2,1.287822092E-1
6.928710938E2,7.619316393E-1
6.943359375E2,1.320228785E0
6.958007812E2,7.341931442E-1
6.972656250E2,4.616867823E-1
6.987304688E2,1.510862903E0
7.001953125E2,1.522119890E0
7.016601562E2,7.114141550E-1
7.031250000E2,1.166766865E0
7.045898438E2,1.638888777E0
7.060546875E2,1.450225096E0
7.075195312E2,3.469897200E-1
7.089843750E2,1.186714469E0
7.104492188E2,1.334656379E0
7.119140625E2,5.216242306E-1
7.133789062E2,8.602949564E-1
7.148437500E2,1.592879355E0
7.163085938E2,6.742867950E-1
7.177734375E2,1.014301797E0
7.192382812E2,1.284055745E0
7.207031250E2,5.629830447E-1
7.221679688E2,1.316007122E0
7.236328125E2,1.343538456E0
7.250976562E2,1.507595825E0
7.265625000E2,1.391623937E0
7.280273438E2,4.689590344E-1
7.294921875E2,2.021649207E0
7.309570312E2,1.275801166E0
7.324218750E2,1.864275399E0
7.338867188E2,8.135423175E-1
7.353515625E2,1.373469548E0
7.368164062E2,1.683214802E0
7.382812500E2,8.259896656E-1
7.397460938E2,1.073787805E0
7.412109375E2,1.247450844E0
7.426757812E2,1.133854197E0
7.441406250E2,4.341556171E-1
7.456054688E2,4.538408075E-1
7.470703125E2,9.258504826E-1
7.485351562E2,8.058980297E-1
7.500000000E2,4.678041966E-1
7.514648438E2,1.298807598E0
7.529296875E2,6.883718009E-1
7.543945312E2,1.021998538E0
7.558593750E2,3.540292885E-1
7.573242188E2,1.606986705E0
7.587890625E2,1.659264085E0
7.602539062E2,6.031152739E-1
7.617187500E2,8.524819444E-1
7.631835938E2,8.840771388E-1
7.646484375E2,9.433175994E-1
7.661132812E2,9.471992645E-1
7.675781250E2,6.713340032E-1
7.690429688E2,8.460908019E-1
7.705078125E2,7.295353719E-1
7.719726562E2,1.928121616E0
7.734375000E2,9.209035694E-1
7.749023438E2,4.925852371E-1
7.763671875E2,1.032638961E0
7.778320312E2,4.533335225E-1
7.792968750E2,1.390057438E0
7.807617188E2,1.571674102E0
7.822265625E2,5.224826667E-1
7.836914062E2,1.246197138E0
7.851562500E2,1.841373175E0
7.866210938E2,1.846187940E0
7.880859375E2,1.773858629E0
7.895507812E2,4.811031906E-1
7.910156250E2,2.645170637E-1
7.924804688E2,6.981295272E-1
7.939453125E2,1.162663446E0
7.954101562E2,4.100605600E-1
7.968750000E2,7.365085834E-1
7.983398438E2,5.394459976E-1
7.998046875E2,1.599134061E0
8.012695312E2,1.796839809E0
8.027343750E2,1.580890844E0
8.041992188E2,3.168673301E-1
8.056640625E2,1.145370866E0
8.071289062E2,6.711652618E-1
8.085937500E2,1.598402600E0
8.100585938E2,1.660047796E0
8.115234375E2,5.482658693E-1
8.129882812E2,1.654633399E0
8.144531250E2,1.320692109E0
8.159179688E2,1.069598344E0
8.173828125E2,1.304319625E0
8.188476562E2,5.057092920E-1
8.203125000E2,4.562888547E-1
8.217773438E2,7.616652751E-1
8.232421875E2,7.024133626E-1
8.247070312E2,1.216159258E0
8.261718750E2,3.632066998E-1
8.276367188E2,4.861638604E-1
8.291015625E2,5.097492932E-1
8.305664062E2,1.061448242E0
8.320312500E2,4.235258593E-1
8.334960938E2,4.678883431E-1
8.349609375E2,1.029242349E0
8.364257812E2,6.786100783E-1
8.378906250E2,2.788972942E-1
8.393554688E2,1.138741225E0
8.408203125E2,5.013219035E-1
8.422851562E2,8.843661547E-1
8.437500000E2,6.229554585E-1
8.452148438E2,9.105982772E-1
8.466796875E2,8.037763184E-1
8.481445312E2,9.010907808E-1
8.496093750E2,8.293223596E-1
8.510742188E2,9.941324179E-1
8.525390625E2,9.612232427E-1
8.540039062E2,2.139050669E0
8.554687500E2,6.542409472E-1
8.569335938E2,5.678379917E-1
8.583984375E2,9.334030891E-1
8.598632812E2,3.882792735E-1
8.613281250E2,1.177861665E0
8.627929688E2,1.063915302E0
8.642578125E2,1.116253371E0
8.657226562E2,7.160001620E-1
8.671875000E2,9.578144301E-1
8.686523438E2,1.518315314E0
8.701171875E2,7.233147820E-1
8.715820312E2,1.276931999E0
8.730468750E2,9.633221545E-1
8.745117188E2,6.374116154E-1
8.759765625E2,7.549774868E-1
8.774414062E2,1.721108137E0
8.789062500E2,1.408815851E0
8.803710938E2,2.951623737E-1
8.818359375E2,8.120011395E-2
8.833007812E2,1.941867998E-1
8.847656250E2,2.944519639E-1
8.862304688E2,7.947374812E-1
8.876953125E2,3.429641052E-1
8.891601562E2,3.695872771E-1
8.906250000E2,1.022942641E0
8.920898438E2,1.301307907E0
8.935546875E2,1.732624490E0
8.950195312E2,1.802924575E0
8.964843750E2,1.365647596E0
8.979492188E2,6.305605129E-1
8.994140625E2,1.111257224E0
9.008789062E2,8.096255142E-1
9.023437500E2,3.662371543E-1
9.038085938E2,8.732933542E-1
9.052734375E2,2.798616478E-1
9.067382812E2,4.429428086E-1
9.082031250E2,1.461626703E-1
9.096679688E2,1.623362746E0
9.111328125E2,1.482850873E0
9.125976562E2,1.231567226E0
9.140625000E2,7.753828540E-1
9.155273438E2,1.758654641E-1
9.169921875E2,5.989957509E-1
9.184570312E2,1.210132318E0
9.199218750E2,8.911752264E-1
9.213867188E2,5.953876067E-1
9.228515625E2,7.184719715E-1
9.243164062E2,6.204930018E-1
9.257812500E2,4.671259321E-1
9.272460938E2,7.624020913E-1
9.287109375E2,3.618856957E-1
9.301757812E2,5.574368694E-1
9.316406250E2,5.723058738E-1
9.331054688E2,7.404067603E-1
9.345703125E2,1.146506163E0
9.360351562E2,1.391307151E0
9.375000000E2,2.582488789E0
9.389648438E2,1.195249606E0
9.404296875E2,6.944693818E-1
9.418945312E2,6.847634805E-1
9.433593750E2,9.701772538E-1
9.448242188E2,1.807896326E0
9.462890625E2,1.458483069E0
9.477539062E2,1.021389265E-1
9.492187500E2,7.481663573E-1
9.506835938E2,4.236218344E-1
9.521484375E2,1.289790341E0
9.536132812E2,1.073074483E0
9.550781250E2,1.405522772E0
9.565429688E2,3.934847236E-1
9.580078125E2,1.018619946E0
9.594726562E2,5.858949546E-1
9.609375000E2,7.775177344E-1
9.624023438E2,2.145417908E-1
9.638671875E2,1.594309228E0
9.653320312E2,1.784173516E0
9.667968750E2,1.477332709E0
9.682617188E2,7.410145533E-1
9.697265625E2,3.889410194E-1
9.711914062E2,2.480495091E-1
9.726562500E2,1.263187742E0
9.741210938E2,3.851258700E-1
9.755859375E2,7.292819378E-1
9.770507812E2,1.681843207E-1
9.785156250E2,3.333332704E-1
9.799804688E2,3.342184093E-1
9.814453125E2,7.310292351E-1
9.829101562E2,1.499758460E0
9.843750000E2,6.094808046E-1
9.858398438E2,1.322685865E0
9.873046875E2,6.462516106E-1
9.887695312E2,6.692311290E-1
9.902343750E2,9.435841889E-1
9.916992188E2,7.082101368E-1
9.931640625E2,1.489732570E0
9.946289062E2,1.530287668E0
9.960937500E2,1.417797616E0
9.975585938E2,4.249278890E-1
9.990234375E2,1.620609377E0
1.000488281E3,9.808210138E-1
1.001953125E3,9.711035462E-1
1.003417969E3,8.010080093E-1
1.004882812E3,7.178445899E-1
1.006347656E3,6.885366014E-1
1.007812500E3,9.446428381E-1
1.009277344E3,1.049490084E0
1.010742188E3,3.661589809E-1
1.012207031E3,3.015086625E-1
1.013671875E3,6.074393151E-1
1.015136719E3,1.196524098E0
1.016601562E3,1.632980911E0
1.018066406E3,1.611025110E0
1.019531250E3,4.114175592E-1
1.020996094E3,3.109213850E-1
1.022460938E3,1.198692857E0
1.023925781E3,5.334319958E-1
1.025390625E3,1.020257867E0
1.026855469E3,1.959693393E0
1.028320312E3,1.474770219E0
1.029785156E3,5.638891592E-1
1.031250000E3,3.202049029E-1
1.032714844E3,1.196068250E0
1.034179688E3,4.048132790E-1
1.035644531E3,5.474790403E-1
1.037109375E3,1.604204857E0
1.038574219E3,9.987089113E-1
1.040039062E3,5.713514444E-1
1.041503906E3,1.195840011E0
1.042968750E3,3.173679772E-1
1.044433594E3,1.179122417E0
1.045898438E3,6.126125363E-1
1.047363281E3,1.031761535E0
1.048828125E3,1.942810203E0
1.050292969E3,1.595676914E0
1.051757812E3,9.308008825E-1
1.053222656E3,1.103366892E0
1.054687500E3,2.038351575E0
1.056152344E3,1.160526565E0
1.057617188E3,4.791091090E-1
1.059082031E3,1.040391789E0
1.060546875E3,6.188987710E-1
1.062011719E3,8.235199432E-1
1.063476562E3,9.272965008E-1
1.064941406E3,8.374738832E-1
1.066406250E3,1.069139539E0
1.067871094E3,6.746822920E-1
1.069335938E3,2.974631139E-1
1.070800781E3,1.142206021E0
1.072265625E3,6.308405328E-1
1.073730469E3,3.535384476E-1
1.075195312E3,3.768169044E-1
1.076660156E3,1.074479031E0
1.078125000E3,7.756170170E-1
1.079589844E3,8.193741801E-1
1.081054688E3,2.458781780E-1
1.082519531E3,2.527918228E-1
1.083984375E3,7.122197953E-1
1.085449219E3,1.243853234E0
1.086914062E3,2.055946553E-1
1.088378906E3,1.083214438E0
1.089843750E3,9.044700359E-1
1.091308594E3,7.984326880E-1
1.092773438E3,9.401623753E-1
1.094238281E3,6.060084868E-1
1.095703125E3,2.969831599E-1
1.097167969E3,8.340271865E-1
1.098632812E3,5.732881420E-1
1.100097656E3,8.814170853E-1
1.101562500E3,1.561809786E0
1.103027344E3,1.835904119E0
1.104492188E3,2.486149337E0
1.105957031E3,1.181054725E0
1.107421875E3,1.346697083E0
1.108886719E3,1.634830666E0
1.110351562E3,7.986028443E-1
1.111816406E3,5.348643075E-1
1.113281250E3,1.651984153E-1
1.114746094E3,7.860704646E-1
1.116210938E3,4.789554160E-1
1.117675781E3,9.590766061E-1
1.119140625E3,9.012905162E-1
1.120605469E3,2.218197561E0
1.122070312E3,1.584502021E0
1.123535156E3,1.167570129E0
1.125000000E3,1.869430720E0
1.126464844E3,1.371519783E0
1.127929688E3,4.253458660E-1
1.129394531E3,8.965856795E-1
1.130859375E3,1.317178531E0
1.132324219E3,1.886193549E0
1.133789062E3,2.262388667E0
1.135253906E3,7.214131475E-1
1.136718750E3,1.060188817E0
1.138183594E3,7.808263377E-1
1.139648438E3,6.927554676E-1
1.141113281E3,1.540665108E0
1.142578125E3,7.407293440E-1
1.144042969E3,1.152021392E0
1.145507812E3,2.615980095E0
1.146972656E3,1.725960201E0
1.148437500E3,4.050861575E-1
1.149902344E3,1.351299159E0
1.151367188E3,1.728431929E0
1.152832031E3,8.636444833E-1
1.154296875E3,1.085168065E0
1.155761719E3,2.901786092E-1
1.157226562E3,1.621133693E0
1.158691406E3,6.518730373E-1
1.160156250E3,3.006927591E-1
1.161621094E3,5.845425325E-1
1.163085938E3,1.272318156E-1
1.164550781E3,6.610170245E-1
1.166015625E3,3.965396595E-1
1.167480469E3,6.803873721E-1
1.168945312E3,6.691905828E-1
1.170410156E3,7.144764305E-1
1.171875000E3,6.656088182E-1
1.173339844E3,4.123167162E-1
1.174804688E3,5.688239651E-1
1.176269531E3,7.179609466E-1
1.177734375E3,1.817009768E0
1.179199219E3,2.352236543E0
1.180664062E3,1.013336945E0
1.182128906E3,8.085479258E-1
1.183593750E3,1.032674880E0
1.185058594E3,1.101122996E0
1.186523438E3,9.507466634E-1
1.187988281E3,1.160354882E0
1.189453125E3,8.166663183E-1
1.190917969E3,8.864941687E-1
1.192382812E3,1.365825722E0
1.193847656E3,1.162447542E0
1.195312500E3,1.323010866E0
1.196777344E3,7.761929054E-1
1.198242188E3,4.022141746E-1
1.199707031E3,1.117222491E0
1.201171875E3,7.047101569E-1
1.202636719E3,7.095201897E-1
1.204101562E3,3.501712757E-1
1.205566406E3,1.088336378E0
1.207031250E3,2.379349766E-1
1.208496094E3,7.322695140E-1
1.209960938E3,7.895109072E-1
1.211425781E3,8.434158128E-1
1.212890625E3,1.305745622E0
1.214355469E3,1.279977192E0
1.215820312E3,7.258677424E-1
1.217285156E3,9.160791612E-1
1.218750000E3,1.170023614E0
1.220214844E3,1.333819876E0
1.221679688E3,5.466168585E-1
1.223144531E3,2.819896550E-1
1.224609375E3,4.992285165E-1
1.226074219E3,6.129824480E-1
1.227539062E3,3.904913803E-1
1.229003906E3,4.895715881E-1
1.230468750E3,9.066742991E-1
1.231933594E3,4.054142318E-1
1.233398438E3,5.864823781E-1
1.234863281E3,1.084604194E0
1.236328125E3,2.794020751E-1
1.237792969E3,1.175901511E0
1.239257812E3,1.903533885E0
1.240722656E3,1.886941218E0
1.242187500E3,1.278754675E0
1.243652344E3,9.332590573E-1
1.245117188E3,1.351457299E0
1.246582031E3,9.249601769E-1
1.248046875E3,8.705080193E-1
1.249511719E3,9.981550248E-1
1.250976562E3,4.950172393E-1
1.252441406E3,8.023888877E-1
1.253906250E3,8.766893972E-2
1.255371094E3,9.764570536E-1
1.256835938E3,3.057905096E-1
1.258300781E3,9.667897934E-2
1.259765625E3,8.554775914E-1
1.261230469E3,9.039447348E-2
1.262695312E3,2.719047873E-1
1.264160156E3,3.458288757E-1
1.265625000E3,7.821492997E-1
1.267089844E3,1.457545081E0
1.268554688E3,1.013933038E0
1.270019531E3,6.347384065E-1
1.271484375E3,1.651108588E0
1.272949219E3,5.816145280E-1
1.274414062E3,1.201009957E0
1.275878906E3,8.783723582E-1
1.277343750E3,1.547005454E-1
1.278808594E3,5.167346766E-1
1.280273438E3,3.026053921E-1
1.281738281E3,3.154196689E-1
1.283203125E3,2.252186947E-1
1.284667969E3,1.510755331E0
1.286132812E3,2.135328394E0
1.287597656E3,1.470971577E0
1.289062500E3,1.379911981E0
1.290527344E3,1.677067642E0
1.291992188E3,1.231260955E0
1.293457031E3,1.769829734E0
1.294921875E3,1.404877193E0
1.296386719E3,1.553907038E0
1.297851562E3,3.959477574E-1
1.299316406E3,6.512807514E-1
1.300781250E3,8.270985805E-1
1.302246094E3,1.320297966E0
1.303710938E3,1.131875526E0
1.305175781E3,9.686499592E-2
1.306640625E3,5.451498283E-1
1.308105469E3,9.170241194E-1
1.309570312E3,6.821121935E-1
1.311035156E3,4.254195264E-1
1.312500000E3,8.044494686E-1
1.313964844E3,7.250902289E-1
1.315429688E3,1.203229936E0
1.316894531E3,1.878148971E0
1.318359375E3,5.865836138E-1
1.319824219E3,9.776667777E-1
1.321289062E3,1.289766555E0
1.322753906E3,8.451567671E-1
1.324218750E3,4.214788987E-1
1.325683594E3,1.239349077E0
1.327148438E3,1.871695916E0
1.328613281E3,9.352272925E-1
1.330078125E3,1.065296176E0
1.331542969E3,1.728832211E0
1.333007812E3,1.696767883E0
1.334472656E3,1.142570325E0
1.335937500E3,7.446932672E-1
1.337402344E3,3.283942125E-1
1.338867188E3,1.112333558E0
1.340332031E3,1.468474392E0
1.341796875E3,8.931686376E-1
1.343261719E3,9.225216412E-1
1.344726562E3,1.854595092E0
1.346191406E3,6.233051143E-1
1.347656250E3,6.504926304E-1
1.349121094E3,2.079516379E0
1.350585938E3,1.314345100E0
1.352050781E3,1.011597018E0
1.353515625E3,5.684428587E-1
1.354980469E3,8.302669653E-1
1.356445312E3,6.141354981E-1
1.357910156E3,1.023300938E0
1.359375000E3,1.630063487E0
1.360839844E3,1.779276626E0
1.362304688E3,1.115118323E0
1.363769531E3,1.713276364E-2
1.365234375E3,5.385267447E-1
1.366699219E3,7.067037502E-1
1.368164062E3,8.058291233E-1
1.369628906E3,8.828243072E-1
1.371093750E3,5.949135727E-1
1.372558594E3,7.304028569E-1
1.374023438E3,2.888736912E-1
1.375488281E3,8.447007320E-1
1.376953125E3,3.018499218E-1
1.378417969E3,7.486209190E-1
1.379882812E3,8.059959303E-1
1.381347656E3,9.715143515E-1
1.382812500E3,1.106571016E0
1.384277344E3,1.309934207E-1
1.385742188E3,1.963488091E-1
1.387207031E3,4.386226980E-1
1.388671875E3,6.760551866E-1
1.390136719E3,4.571767898E-1
1.391601562E3,1.617572185E0
1.393066406E3,1.096512457E0
1.394531250E3,6.051633123E-1
1.395996094E3,1.442941694E0
1.397460938E3,1.254375980E0
1.398925781E3,4.209292527E-1
1.400390625E3,4.681202018E-1
1.401855469E3,1.142311358E0
1.403320312E3,8.820490049E-1
1.404785156E3,1.015316017E0
1.406250000E3,1.095920119E0
1.407714844E3,6.789244122E-1
1.409179688E3,9.966349168E-1
1.410644531E3,7.498554506E-1
1.412109375E3,7.661512826E-1
1.413574219E3,1.671156514E0
1.415039062E3,1.106490744E0
1.416503906E3,6.169820282E-1
1.417968750E3,1.643501999E0
1.419433594E3,1.497736709E0
1.420898438E3,1.255552243E0
1.422363281E3,2.747896952E-1
1.423828125E3,4.270964813E-1
1.425292969E3,6.473667735E-1
1.426757812E3,1.012968506E0
1.428222656E3,1.480476638E0
1.429687500E3,1.491074911E0
1.431152344E3,1.584174439E0
1.432617188E3,4.166781185E-1
1.434082031E3,1.642811241E0
1.435546875E3,2.337458872E0
1.437011719E3,1.967293765E0
1.438476562E3,9.553820145E-1
1.439941406E3,5.745401489E-1
1.441406250E3,3.659043515E-1
1.442871094E3,7.016923917E-1
1.444335938E3,6.644812775E-1
1.445800781E3,6.658118668E-1
1.447265625E3,9.945119562E-1
1.448730469E3,8.826116680E-1
1.450195312E3,8.922609860E-1
1.451660156E3,1.330867740E0
1.453125000E3,1.375049904E0
1.454589844E3,2.149182205E-1
1.456054688E3,5.194676912E-1
1.457519531E3,6.293867110E-1
1.458984375E3,1.920565992E0
1.460449219E3,1.897389080E0
1.461914062E3,1.576999063E0
1.463378906E3,1.247095542E0
1.464843750E3,1.046937267E0
1.466308594E3,2.600867379E0
1.467773438E3,2.368735511E0
1.469238281E3,1.324742031E0
1.470703125E3,1.673272220E0
1.472167969E3,6.265798130E-1
1.473632812E3,8.525748122E-1
1.475097656E3,9.488903536E-1
1.476562500E3,1.352192284E0
1.478027344E3,8.873998413E-1
1.479492188E3,4.527968884E-1
1.480957031E3,1.235892502E0
1.482421875E3,1.649101270E0
1.483886719E3,1.198423817E0
1.485351562E3,2.440101203E-1
1.486816406E3,1.128189225E0
1.488281250E3,8.140846928E-1
1.489746094E3,1.782134030E0
1.491210938E3,1.821588297E0
1.492675781E3,1.995481668E0
1.494140625E3,9.950496388E-1
1.495605469E3,3.871263155E-1
1.497070312E3,6.247245224E-1
1.498535156E3,6.552140124E-1
1.500000000E3,4.568897918E-1
1.501464844E3,3.492016969E-1
1.502929688E3,3.959654921E-1
1.504394531E3,6.332449537E-1
1.505859375E3,5.669102863E-1
1.507324219E3,1.168091343E0
1.508789062E3,8.220365506E-1
1.510253906E3,6.981947828E-1
1.511718750E3,7.104936145E-1
1.513183594E3,6.825961975E-1
1.514648438E3,1.582779340E0
1.516113281E3,1.925641369E0
1.517578125E3,1.958459573E0
1.519042969E3,1.406461044E0
1.520507812E3,1.210495151E0
1.521972656E3,8.340963542E-1
1.523437500E3,1.168546086E0
1.524902344E3,5.808166334E-1
1.526367188E3,1.141844476E0
1.527832031E3,8.670318397E-1
1.529296875E3,1.434304670E0
1.530761719E3,1.734904516E0
1.532226562E3,1.409561146E0
1.533691406E3,9.024861932E-1
1.535156250E3,5.147593877E-1
1.536621094E3,9.085851651E-1
1.538085938E3,1.142311629E0
1.539550781E3,4.837648265E-1
1.541015625E3,1.153342449E0
1.542480469E3,1.504974016E0
1.543945312E3,1.254210138E0
1.545410156E3,1.418112021E0
1.546875000E3,1.861594321E0
1.548339844E3,1.690559080E0
1.549804688E3,7.481925496E-1
1.551269531E3,4.819102422E-1
1.552734375E3,1.270399166E0
1.554199219E3,1.326034660E0
1.555664062E3,8.043762437E-1
1.557128906E3,1.654860628E0
1.558593750E3,2.458039194E0
1.560058594E3,2.361632859E0
1.561523438E3,1.943380201E0
1.562988281E3,1.529412967E0
1.564453125E3,1.162228951E0
1.565917969E3,1.144916650E0
1.567382812E3,1.228811099E0
1.568847656E3,1.821927430E0
1.570312500E3,1.460561154E0
1.571777344E3,1.412296086E0
1.573242188E3,6.263829526E-1
1.574707031E3,2.294783930E-1
1.576171875E3,1.129660948E0
1.577636719E3,1.420242950E0
1.579101562E3,1.654421053E0
1.580566406E3,1.867746212E0
1.582031250E3,1.065382940E0
1.583496094E3,1.182344477E0
1.584960938E3,1.194794433E0
1.586425781E3,6.625440665E-1
1.587890625E3,1.264268079E0
1.589355469E3,9.224296292E-1
1.590820312E3,5.788066953E-1
1.592285156E3,1.010489052E0
1.593750000E3,8.058812203E-1
1.595214844E3,2.945048355E-1
1.596679688E3,9.835653497E-1
1.598144531E3,1.581450462E0
1.599609375E3,1.698754627E0
1.601074219E3,9.218376617E-1
1.602539062E3,1.740878788E0
1.604003906E3,1.576102090E0
1.605468750E3,1.077988169E0
1.606933594E3,4.458257772E-1
1.608398438E3,3.113188831E-1
1.609863281E3,3.222369762E-1
1.611328125E3,5.062581362E-1
1.612792969E3,6.480440475E-1
1.614257812E3,6.765141511E-1
1.615722656E3,9.006504940E-1
1.617187500E3,1.551052281E0
1.618652344E3,1.235092651E0
1.620117188E3,8.329073876E-1
1.621582031E3,5.860862136E-1
1.623046875E3,5.752443155E-1
1.624511719E3,1.170060369E0
1.625976562E3,8.521198674E-1
1.627441406E3,3.016147852E-1
1.628906250E3,5.981957292E-1
1.630371094E3,3.085161819E-1
1.631835938E3,8.783911946E-1
1.633300781E3,1.422002168E0
1.634765625E3,3.718198044E-1
1.636230469E3,4.041751511E-1
1.637695312E3,7.707578089E-2
1.639160156E3,4.344460888E-1
1.640625000E3,2.045593304E-1
1.642089844E3,4.465307084E-1
1.643554688E3,4.134797502E-1
1.645019531E3,7.147543039E-1
1.646484375E3,3.112403804E-1
1.647949219E3,1.356724614E0
1.649414062E3,4.229874917E-1
1.650878906E3,6.381594382E-1
1.652343750E3,1.525081195E0
1.653808594E3,1.226764257E0
1.655273438E3,8.888596295E-1
1.656738281E3,6.848304490E-1
1.658203125E3,3.887138254E-1
1.659667969E3,1.655185421E0
1.661132812E3,1.503492203E0
1.662597656E3,1.815249466E0
1.664062500E3,1.011340193E0
1.665527344E3,6.912012809E-1
1.666992188E3,2.243293532E-1
1.668457031E3,4.250742358E-1
1.669921875E3,6.585708216E-1
1.671386719E3,4.466579268E-1
1.672851562E3,5.234547659E-1
1.674316406E3,1.042572358E0
1.675781250E3,9.937283401E-1
1.677246094E3,1.400787718E0
1.678710938E3,1.487866647E0
1.680175781E3,1.599882456E0
1.681640625E3,1.300210925E0
1.683105469E3,1.506657405E0
1.684570312E3,1.932752364E0
1.686035156E3,1.464969884E0
1.687500000E3,1.537517052E0
1.688964844E3,2.135711073E0
1.690429688E3,2.080868771E0
1.691894531E3,1.647977319E0
1.693359375E3,5.817639144E-1
1.694824219E3,8.950763882E-1
1.696289062E3,1.464880384E0
1.697753906E3,8.359301851E-1
1.699218750E3,7.668808494E-1
1.700683594E3,5.111440834E-1
1.702148438E3,1.407314572E-1
1.703613281E3,2.019961281E-1
1.705078125E3,8.665434799E-1
1.706542969E3,1.297288375E0
1.708007812E3,9.250099089E-1
1.709472656E3,4.384763593E-1
1.710937500E3,3.025405668E-1
1.712402344E3,5.870049549E-1
1.713867188E3,2.197700767E-1
1.715332031E3,4.136066567E-1
1.716796875E3,5.314619855E-1
1.718261719E3,2.839169624E-1
1.719726562E3,9.565819745E-1
1.721191406E3,6.986975773E-1
1.722656250E3,3.061429794E-1
1.724121094E3,3.944747652E-1
1.725585938E3,4.681668626E-1
1.727050781E3,4.389335376E-1
1.728515625E3,9.611273251E-1
1.729980469E3,1.686562567E0
1.731445312E3,8.806332589E-1
1.732910156E3,4.315048374E-1
1.734375000E3,9.120838251E-1
1.735839844E3,4.485734156E-1
1.737304688E3,1.570872942E0
1.738769531E3,2.664392431E0
1.740234375E3,2.594255848E0
1.741699219E3,1.175051259E0
1.743164062E3,1.170159978E0
1.744628906E3,1.425976180E0
1.746093750E3,2.017359733E0
1.747558594E3,2.167395548E0
1.749023438E3,1.668185011E0
1.750488281E3,5.982194611E-1
1.751953125E3,8.312276521E-1
1.753417969E3,3.570527566E-1
1.754882812E3,1.265560064E0
1.756347656E3,1.532962428E0
1.757812500E3,8.317100462E-1
1.759277344E3,5.909719781E-1
1.760742188E3,1.168384991E0
1.762207031E3,9.579606521E-1
1.763671875E3,2.859657434E-1
1.765136719E3,6.883600644E-1
1.766601562E3,5.192397675E-1
1.768066406E3,3.892529548E-1
1.769531250E3,1.025388119E0
1.770996094E3,5.886876237E-1
1.772460938E3,8.273197876E-1
1.773925781E3,1.735680323E0
1.775390625E3,1.945812062E0
1.776855469E3,1.331931561E0
1.778320312E3,9.999933244E-1
1.779785156E3,1.683745906E0
1.781250000E3,1.428914590E0
1.782714844E3,7.052740468E-1
1.784179688E3,3.279230930E-1
1.785644531E3,3.914150698E-1
1.787109375E3,4.570090993E-1
1.788574219E3,7.140000324E-1
1.790039062E3,1.394841711E0
1.791503906E3,1.548463837E0
1.792968750E3,1.394353021E0
1.794433594E3,1.270044877E0
1.795898438E3,8.475638080E-1
1.797363281E3,9.933134258E-1
1.798828125E3,1.552194793E0
1.800292969E3,2.121162860E0
1.801757812E3,1.676200658E0
1.803222656E3,3.600448141E-1
1.804687500E3,8.845628574E-1
1.806152344E3,1.065565034E0
1.807617188E3,7.767248178E-1
1.809082031E3,7.231209814E-1
1.810546875E3,1.195576061E0
1.812011719E3,8.671942728E-1
1.813476562E3,7.145256229E-1
1.814941406E3,6.068047632E-1
1.816406250E3,1.598894262E0
1.817871094E3,1.603859262E0
1.819335938E3,1.263996781E0
1.820800781E3,8.612639762E-1
1.822265625E3,7.298802442E-1
1.823730469E3,2.346005029E-1
1.825195312E3,1.077132962E0
1.826660156E3,1.443609797E0
1.828125000E3,8.527489321E-1
1.829589844E3,5.555397176E-1
1.831054688E3,5.803374190E-1
1.832519531E3,9.418844714E-1
1.833984375E3,7.847571645E-1
1.835449219E3,5.816775806E-1
1.836914062E3,6.498243958E-1
1.838378906E3,3.247250890E-1
1.839843750E3,1.265895234E0
1.841308594E3,8.622208584E-1
1.842773438E3,1.474837815E0
1.844238281E3,1.166060934E0
1.845703125E3,8.101031849E-1
1.847167969E3,4.926739005E-1
1.848632812E3,4.972540147E-1
1.850097656E3,5.892528753E-1
1.851562500E3,1.411362293E0
1.853027344E3,1.398102760E0
1.854492188E3,9.049870457E-1
1.855957031E3,6.200204494E-1
1.857421875E3,3.099075697E-1
1.858886719E3,5.046282443E-1
1.860351562E3,1.497938509E0
1.861816406E3,1.029601686E0
1.863281250E3,8.562774027E-1
1.864746094E3,8.612235232E-1
1.866210938E3,1.288635979E0
1.867675781E3,1.871020877E0
1.869140625E3,1.309012629E0
1.870605469E3,1.323372421E0
1.872070312E3,1.470530351E0
1.873535156E3,9.089066969E-1
1.875000000E3,1.206691355E0
1.876464844E3,1.689762016E0
1.877929688E3,2.610314303E-1
1.879394531E3,6.263544488E-1
1.880859375E3,5.225689669E-1
1.882324219E3,1.147337065E0
1.883789062E3,1.114520076E0
1.885253906E3,1.061358498E0
1.886718750E3,1.109827363E0
1.888183594E3,1.031399768E0
1.889648438E3,4.294602173E-1
1.891113281E3,7.100823393E-1
1.892578125E3,8.524576984E-1
1.894042969E3,6.513167345E-1
1.895507812E3,4.798238569E-1
1.896972656E3,7.771113783E-1
1.898437500E3,5.922036185E-1
1.899902344E3,1.154150175E0
1.901367188E3,9.627210137E-1
1.902832031E3,1.021081985E-1
1.904296875E3,6.120290657E-1
1.905761719E3,1.299281003E0
1.907226562E3,1.252538780E0
1.908691406E3,1.389214197E0
1.910156250E3,6.378948539E-1
1.911621094E3,3.440083558E-1
1.913085938E3,4.879484639E-1
1.914550781E3,1.263592009E0
1.916015625E3,1.422442856E0
1.917480469E3,1.127714022E0
1.918945312E3,5.226428518E-1
1.920410156E3,3.017124269E-1
1.921875000E3,8.767511679E-1
1.923339844E3,1.365516302E0
1.924804688E3,1.767177164E0
1.926269531E3,1.531409175E0
1.927734375E3,1.406278468E0
1.929199219E3,8.713428350E-1
1.930664062E3,1.029053908E0
1.932128906E3,2.295031354E-1
1.933593750E3,5.051702615E-1
1.935058594E3,6.241608844E-1
1.936523438E3,4.370555134E-1
1.937988281E3,8.853026590E-1
1.939453125E3,1.505218723E0
1.940917969E3,4.766656071E-1
1.942382812E3,1.059621105E0
1.943847656E3,1.154486214E0
1.945312500E3,5.678779485E-1
1.946777344E3,4.115559398E-1
1.948242188E3,1.433824290E0
1.949707031E3,1.157738261E0
1.951171875E3,1.265091616E0
1.952636719E3,1.510824660E0
1.954101562E3,9.910825292E-1
1.955566406E3,9.570761083E-1
1.957031250E3,4.384304361E-1
1.958496094E3,4.070031030E-1
1.959960938E3,6.160742014E-1
1.961425781E3,8.818250180E-2
1.962890625E3,2.323345807E-1
1.964355469E3,3.664303201E-1
1.965820312E3,3.237206338E-1
1.967285156E3,5.286829849E-2
1.968750000E3,2.768875035E-1
1.970214844E3,3.358133625E-1
1.971679688E3,3.373702702E-1
1.973144531E3,6.316766112E-1
1.974609375E3,2.819068700E-1
1.976074219E3,7.830880830E-1
1.977539062E3,1.345614863E0
1.979003906E3,1.093125256E0
1.980468750E3,2.126610662E-1
1.981933594E3,7.461974190E-1
1.983398438E3,1.314563953E0
1.984863281E3,1.035638527E0
1.986328125E3,4.549650543E-1
1.987792969E3,6.339308727E-1
1.989257812E3,4.672904892E-1
1.990722656E3,9.108332242E-1
1.992187500E3,7.806826089E-1
1.993652344E3,7.428503812E-1
1.995117188E3,5.674706741E-1
1.996582031E3,1.200321184E0
1.998046875E3,1.318773248E0
1.999511719E3,1.629652153E0
2.000976562E3,1.036195960E0
2.002441406E3,3.616792855E-1
2.003906250E3,5.952051847E-1
2.005371094E3,5.763994670E-1
2.006835938E3,8.536442346E-1
2.008300781E3,6.315610671E-1
2.009765625E3,5.714440990E-1
2.011230469E3,4.217115209E-1
2.012695312E3,3.801585521E-1
2.014160156E3,4.836013531E-1
2.015625000E3,4.641870422E-1
2.017089844E3,2.469427350E-1
2.018554688E3,4.793628920E-1
2.020019531E3,6.583641697E-1
2.021484375E3,3.911834758E-1
2.022949219E3,6.535243612E-1
2.024414062E3,4.088115879E-1
2.025878906E3,7.423880280E-1
2.027343750E3,8.781780556E-1
2.028808594E3,6.163241240E-1
2.030273438E3,3.295745236E-1
2.031738281E3,6.111217242E-1
2.033203125E3,5.290989180E-1
2.034667969E3,1.057883395E0
2.036132812E3,1.611426633E0
2.037597656E3,1.024745970E0
2.039062500E3,4.699925185E-1
2.040527344E3,1.016741284E0
2.041992188E3,1.333186976E0
2.043457031E3,1.256552996E0
2.044921875E3,7.339934580E-1
2.046386719E3,8.222903319E-1
2.047851562E3,5.770520454E-1
2.049316406E3,6.949692605E-1
2.050781250E3,6.801462829E-1
2.052246094E3,6.777878060E-1
2.053710938E3,5.620403114E-1
2.055175781E3,1.815425946E-1
2.056640625E3,3.385331589E-1
2.058105469E3,8.979932174E-1
2.059570312E3,6.956658597E-1
2.061035156E3,9.194690573E-1
2.062500000E3,8.949622902E-1
2.063964844E3,3.484943731E-1
2.065429688E3,3.294490946E-1
2.066894531E3,6.035798613E-1
2.068359375E3,4.012032795E-1
2.069824219E3,4.812692685E-1
2.071289062E3,2.420497380E-1
2.072753906E3,9.387398959E-1
2.074218750E3,8.549604635E-1
2.075683594E3,1.108941250E0
2.077148438E3,1.011456995E0
2.078613281E3,1.715909553E-1
2.080078125E3,6.435213588E-1
2.081542969E3,8.714837374E-1
2.083007812E3,6.115133408E-1
2.084472656E3,1.079120688E-1
2.085937500E3,5.371033468E-1
2.087402344E3,1.834380165E-1
2.088867188E3,6.412422903E-1
2.090332031E3,6.581228890E-1
2.091796875E3,4.360859566E-1
2.093261719E3,3.404729161E-1
2.094726562E3,1.831945060E-1
2.096191406E3,2.895538240E-1
2.097656250E3,8.968691564E-2
2.099121094E3,4.872054986E-1
2.100585938E3,6.669206015E-1
2.102050781E3,6.511275203E-1
2.103515625E3,4.007333176E-1
2.104980469E3,4.305733599E-1
2.106445312E3,5.929573838E-1
2.107910156E3,5.197985255E-1
2.109375000E3,3.883173024E-1
2.110839844E3,3.974015501E-1
2.112304688E3,2.991183184E-1
2.113769531E3,6.681002691E-1
2.115234375E3,4.970786229E-1
2.116699219E3,2.547896384E-1
2.118164062E3,1.942127352E-1
2.119628906E3,2.246497535E-1
2.121093750E3,5.499101547E-1
2.122558594E3,7.435847303E-1
2.124023438E3,2.176280283E-2
2.125488281E3,4.292061029E-1
2.126953125E3,7.292815576E-1
2.128417969E3,6.549603375E-1
2.129882812E3,1.065049930E0
2.131347656E3,1.312730667E0
2.132812500E3,3.050000559E-1
2.134277344E3,4.192241863E-1
2.135742188E3,2.791342259E-1
2.137207031E3,8.380078355E-1
2.138671875E3,5.768307525E-1
2.140136719E3,4.932523554E-1
2.141601562E3,5.975614240E-1
2.143066406E3,5.971804729E-1
2.144531250E3,1.545895247E-1
2.145996094E3,7.070463100E-1
2.147460938E3,4.148704353E-1
2.148925781E3,5.185914737E-1
2.150390625E3,3.693341858E-1
2.151855469E3,8.972855760E-1
2.153320312E3,4.890604239E-1
2.154785156E3,4.716001030E-1
2.156250000E3,4.534556912E-1
2.157714844E3,7.959666828E-1
2.159179688E3,1.492171395E0
2.160644531E3,9.690638127E-1
2.162109375E3,8.330082412E-1
2.163574219E3,1.327525154E0
2.165039062E3,1.169798261E0
2.166503906E3,1.085203995E0
2.167968750E3,1.392198876E0
2.169433594E3,1.192600606E0
2.170898438E3,8.758535276E-2
2.172363281E3,4.145276077E-1
2.173828125E3,1.010133525E0
2.175292969E3,8.171893897E-1
2.176757812E3,5.366332043E-1
2.178222656E3,4.159634950E-1
2.179687500E3,3.927758703E-1
2.181152344E3,6.999825804E-1
2.182617188E3,7.343102333E-1
2.184082031E3,8.050595163E-1
2.185546875E3,4.878993551E-2
2.187011719E3,5.108396188E-1
2.188476562E3,4.903878044E-1
2.189941406E3,6.754476097E-1
2.191406250E3,4.909062428E-1
2.192871094E3,6.380581996E-1
2.194335938E3,6.828367649E-1
2.195800781E3,5.835876155E-1
2.197265625E3,3.260243576E-1
2.198730469E3,4.605624440E-1
2.200195312E3,7.705086968E-1
2.201660156E3,9.034548831E-1
2.203125000E3,4.685395085E-1
2.204589844E3,8.549018347E-1
2.206054688E3,4.363548099E-1
2.207519531E3,4.663506457E-1
2.208984375E3,2.286311531E-1
2.210449219E3,3.708981112E-1
2.211914062E3,8.732395419E-1
2.213378906E3,9.515327271E-1
2.214843750E3,7.541480458E-1
2.216308594E3,3.479076068E-1
2.217773438E3,2.965164042E-1
2.219238281E3,3.764647743E-1
2.220703125E3,7.790712956E-1
2.222167969E3,1.193489946E0
2.223632812E3,8.477017642E-1
2.225097656E3,5.633291739E-1
2.226562500E3,7.105307728E-1
2.228027344E3,1.266449646E0
2.229492188E3,1.047903114E0
2.230957031E3,1.070336917E0
2.232421875E3,9.203100200E-1
2.233886719E3,6.246130231E-1
2.235351562E3,4.231564090E-1
2.236816406E3,1.239497325E0
2.238281250E3,9.408002926E-1
2.239746094E3,1.147572893E0
2.241210938E3,7.220460983E-1
2.242675781E3,1.047895727E0
2.244140625E3,3.974414175E-1
2.245605469E3,6.677057622E-1
2.247070312E3,8.731487574E-1
2.248535156E3,9.913849561E-1
2.250000000E3,9.148762257E-1
2.251464844E3,1.074150348E-1
2.252929688E3,9.344048076E-1
2.254394531E3,7.372796330E-1
2.255859375E3,7.355858457E-1
2.257324219E3,3.891044957E-1
2.258789062E3,2.722145319E-1
2.260253906E3,4.366006784E-1
2.261718750E3,3.830384071E-1
2.263183594E3,3.470475625E-2
2.264648438E3,5.102805900E-1
2.266113281E3,3.133957794E-1
2.267578125E3,6.552891217E-1
2.269042969E3,1.013311485E0
2.270507812E3,4.200119515E-1
2.271972656E3,1.679476333E-1
2.273437500E3,3.766145141E-1
2.274902344E3,1.075227370E-1
2.276367188E3,3.453908179E-1
2.277832031E3,4.038787754E-1
2.279296875E3,7.207436047E-1
2.280761719E3,7.926191691E-1
2.282226562E3,7.187928791E-1
2.283691406E3,5.596125987E-1
2.285156250E3,9.071150038E-2
2.286621094E3,3.106172866E-1
2.288085938E3,2.051261578E-1
2.289550781E3,4.238561316E-1
2.291015625E3,5.198800745E-1
2.292480469E3,6.638063264E-1
2.293945312E3,5.569577225E-1
2.295410156E3,2.860677619E-1
2.296875000E3,2.658906399E-1
2.298339844E3,1.400190111E-1
2.299804688E3,2.896120562E-1
2.301269531E3,4.500972914E-1
2.302734375E3,3.109329863E-1
2.304199219E3,8.881039135E-2
2.305664062E3,2.603383295E-1
2.307128906E3,2.601638147E-1
2.308593750E3,8.180947635E-1
2.310058594E3,9.002097466E-1
2.311523438E3,7.641892950E-1
2.312988281E3,2.967942685E-1
2.314453125E3,4.899364328E-1
2.315917969E3,2.627306168E-2
2.317382812E3,4.219524626E-1
2.318847656E3,4.787108761E-1
2.320312500E3,8.542983278E-1
2.321777344E3,6.670662907E-1
2.323242188E3,3.372326578E-1
2.324707031E3,3.719583610E-1
2.326171875E3,6.598691986E-1
2.327636719E3,5.341914757E-1
2.329101562E3,8.111099485E-1
2.330566406E3,5.304338412E-1
2.332031250E3,8.497549891E-1
2.333496094E3,5.753381024E-1
2.334960938E3,8.094733703E-1
2.336425781E3,9.152933092E-1
2.337890625E3,1.403395442E0
2.339355469E3,7.894823792E-1
2.340820312E3,8.120262091E-1
2.342285156E3,1.273125808E0
2.343750000E3,7.455422623E-1
2.345214844E3,4.293220040E-1
2.346679688E3,3.765463759E-1
2.348144531E3,3.744396788E-1
2.349609375E3,3.445433054E-1
2.351074219E3,3.620763022E-1
2.352539062E3,7.915154180E-1
2.354003906E3,9.843373804E-1
2.355468750E3,7.292351803E-1
2.356933594E3,4.305643814E-1
2.358398438E3,1.406618378E-1
2.359863281E3,2.109577929E-1
2.361328125E3,4.153628041E-1
2.362792969E3,1.034487275E0
2.364257812E3,5.391968209E-1
2.365722656E3,3.310252515E-1
2.367187500E3,4.807715677E-1
2.368652344E3,4.914270616E-1
2.370117188E3,8.906192532E-1
2.371582031E3,8.052625416E-1
2.373046875E3,1.089002553E0
2.374511719E3,8.854260593E-2
2.375976562E3,1.024626121E0
2.377441406E3,1.253572335E0
2.378906250E3,8.389926674E-1
2.380371094E3,1.002678499E0
2.381835938E3,1.085884819E0
2.383300781E3,7.901645421E-1
2.384765625E3,6.694761400E-1
2.386230469E3,9.406313109E-1
2.387695312E3,1.429414849E0
2.389160156E3,1.310950633E0
2.390625000E3,6.102506736E-1
2.392089844E3,1.397660917E0
2.393554688E3,3.169392349E-1
2.395019531E3,6.253309900E-1
2.396484375E3,5.216033352E-1
2.397949219E3,2.615397178E-1
2.399414062E3,7.026398701E-1
2.400878906E3,8.002481921E-1
2.402343750E3,6.444002594E-1
2.403808594E3,1.222800206E-1
2.405273438E3,4.865683063E-1
2.406738281E3,1.627024047E-1
2.408203125E3,4.875643988E-1
2.409667969E3,4.785689962E-1
2.411132812E3,6.500953215E-1
2.412597656E3,6.507186522E-1
2.414062500E3,8.234776091E-1
2.415527344E3,1.024195712E0
2.416992188E3,4.044329594E-1
2.418457031E3,8.570359691E-1
2.419921875E3,6.647329572E-1
2.421386719E3,5.580761809E-1
2.422851562E3,6.432129957E-1
2.424316406E3,6.827532702E-1
2.425781250E3,8.131082064E-1
2.427246094E3,3.915014710E-1
2.428710938E3,1.084848761E0
2.430175781E3,1.026184650E0
2.431640625E3,7.025091240E-1
2.433105469E3,7.241749099E-1
2.434570312E3,6.084965249E-1
2.436035156E3,7.765748652E-1
2.437500000E3,8.976451276E-1
2.438964844E3,6.953915053E-1
2.440429688E3,5.802294828E-1
2.441894531E3,1.118388788E-1
2.443359375E3,1.573758653E-1
2.444824219E3,3.808976782E-1
2.446289062E3,2.808134772E-1
2.447753906E3,6.360806808E-1
2.449218750E3,8.670371126E-1
2.450683594E3,5.642503105E-1
2.452148438E3,3.545390152E-1
2.453613281E3,5.498736268E-1
2.455078125E3,3.929859286E-1
2.456542969E3,5.294423257E-1
2.458007812E3,1.739594510E-1
2.459472656E3,6.120456341E-1
2.460937500E3,1.226177484E0
2.462402344E3,1.108478806E0
2.463867188E3,1.628223091E-1
2.465332031E3,6.688571642E-1
2.466796875E3,7.527331572E-1
2.468261719E3,4.982731363E-1
2.469726562E3,7.739679518E-1
2.471191406E3,1.172886155E0
2.472656250E3,2.828578133E-1
2.474121094E3,1.932400029E-1
2.475585938E3,2.799116135E-1
2.477050781E3,6.340735696E-1
2.478515625E3,5.381769666E-1
2.479980469E3,2.295113321E-1
2.481445312E3,5.309578383E-1
2.482910156E3,1.390680554E-1
2.484375000E3,1.829348201E-1
2.485839844E3,8.425857871E-1
2.487304688E3,6.116245393E-1
2.488769531E3,1.589017517E-1
2.490234375E3,1.410991702E-1
2.491699219E3,5.357736164E-1
2.493164062E3,5.804804564E-1
2.494628906E3,4.986390556E-1
2.496093750E3,3.673421406E-1
2.497558594E3,1.565793032E-1
2.499023438E3,1.750132614E-1
2.500488281E3,8.466045929E-1
2.501953125E3,2.560158208E-1
2.503417969E3,4.291912682E-1
2.504882812E3,5.524684466E-1
2.506347656E3,5.541601684E-1
2.507812500E3,6.206476838E-1
2.509277344E3,3.306640088E-1
2.510742188E3,3.749677659E-1
2.512207031E3,5.543707984E-1
2.513671875E3,3.401133324E-1
2.515136719E3,6.560774120E-1
2.516601562E3,3.253509260E-1
2.518066406E3,3.678790114E-1
2.519531250E3,4.293119912E-1
2.520996094E3,8.301842425E-1
2.522460938E3,1.224587227E0
2.523925781E3,1.069768889E0
2.525390625E3,6.763360539E-1
2.526855469E3,7.483969035E-1
2.528320312E3,2.494926776E-1
2.529785156E3,3.761536183E-1
2.531250000E3,8.531381228E-1
2.532714844E3,9.967120819E-1
2.534179688E3,1.160483673E0
2.535644531E3,9.008594752E-1
2.537109375E3,1.044959075E0
2.538574219E3,8.441711740E-1
2.540039062E3,1.142369269E0
2.541503906E3,9.747498789E-1
2.542968750E3,1.168020936E0
2.544433594E3,6.020073108E-1
2.545898438E3,4.663563262E-1
2.547363281E3,8.487112030E-1
2.548828125E3,4.314261071E-1
2.550292969E3,5.837464456E-1
2.551757812E3,6.828987313E-1
2.553222656E3,5.948901432E-1
2.554687500E3,3.983157674E-1
2.556152344E3,7.172908289E-1
2.557617188E3,6.371283200E-1
2.559082031E3,2.759121791E-1
2.560546875E3,7.730515842E-1
2.562011719E3,5.855105315E-1
2.563476562E3,7.302997994E-1
2.564941406E3,6.708179676E-1
2.566406250E3,3.204230225E-1
2.567871094E3,6.648724581E-1
2.569335938E3,1.229956949E0
2.570800781E3,8.751213965E-1
2.572265625E3,8.207379251E-1
2.573730469E3,6.936094597E-1
2.575195312E3,7.532922865E-1
2.576660156E3,7.010394701E-1
2.578125000E3,5.704620367E-1
2.579589844E3,4.505688320E-1
2.581054688E3,4.107667715E-1
2.582519531E3,3.274750246E-1
2.583984375E3,4.425386712E-1
2.585449219E3,1.182339049E-1
2.586914062E3,3.188797189E-1
2.588378906E3,3.557895974E-1
2.589843750E3,7.208677832E-1
2.591308594E3,6.604330399E-1
2.592773438E3,8.257267870E-1
2.594238281E3,8.255909238E-1
2.595703125E3,9.665690318E-1
2.597167969E3,9.770445602E-1
2.598632812E3,1.001914645E0
2.600097656E3,5.611816598E-1
2.601562500E3,2.468436651E-1
2.603027344E3,2.981735753E-1
2.604492188E3,7.388599190E-1
2.605957031E3,6.771628727E-1
2.607421875E3,7.910912931E-1
2.608886719E3,9.816019919E-1
2.610351562E3,4.954586651E-1
2.611816406E3,8.543970544E-1
2.613281250E3,1.486155840E0
2.614746094E3,8.846445311E-1
2.616210938E3,8.015859378E-1
2.617675781E3,6.817207391E-1
2.619140625E3,7.074338919E-1
2.620605469E3,6.462241822E-1
2.622070312E3,8.842140504E-1
2.623535156E3,8.758334067E-1
2.625000000E3,7.140341305E-1
2.626464844E3,6.450525085E-1
2.627929688E3,1.004230448E0
2.629394531E3,4.139734496E-1
2.630859375E3,7.907141309E-1
2.632324219E3,8.198239830E-1
2.633789062E3,4.366636798E-1
2.635253906E3,4.867154015E-1
2.636718750E3,4.628737876E-1
2.638183594E3,4.940698637E-1
2.639648438E3,1.712711285E-1
2.641113281E3,3.916072264E-1
2.642578125E3,4.417791117E-1
2.644042969E3,2.300309980E-1
2.645507812E3,1.727963838E-1
2.646972656E3,3.039856379E-1
2.648437500E3,3.887098588E-1
2.649902344E3,5.223224784E-1
2.651367188E3,6.852591691E-1
2.652832031E3,1.239008844E0
2.654296875E3,1.083288101E0
2.655761719E3,4.646154102E-1
2.657226562E3,8.447648965E-1
2.658691406E3,6.320752660E-1
2.660156250E3,7.020174898E-1
2.661621094E3,5.567826745E-1
2.663085938E3,1.349873215E-1
2.664550781E3,4.624529650E-1
2.666015625E3,3.631773568E-1
2.667480469E3,2.169972227E-1
2.668945312E3,3.414929031E-1
2.670410156E3,3.261182638E-1
2.671875000E3,3.889160045E-1
2.673339844E3,4.338085120E-1
2.674804688E3,5.167344862E-1
2.676269531E3,6.983354773E-2
2.677734375E3,8.585809111E-1
2.679199219E3,1.112875825E0
2.680664062E3,7.193365634E-1
2.682128906E3,2.995647692E-1
2.683593750E3,1.918504042E-1
2.685058594E3,2.767546755E-1
2.686523438E3,3.954811971E-1
2.687988281E3,3.805304158E-1
2.689453125E3,7.123570135E-1
2.690917969E3,7.866515542E-1
2.692382812E3,5.982534862E-1
2.693847656E3,1.563147961E-1
2.695312500E3,3.519273189E-1
2.696777344E3,1.344348806E-1
2.698242188E3,6.535380226E-1
2.699707031E3,4.039747049E-1
2.701171875E3,5.194226721E-1
2.702636719E3,3.014313770E-1
2.704101562E3,6.331199601E-1
2.705566406E3,4.849861991E-1
2.707031250E3,5.328697075E-1
2.708496094E3,5.053519618E-1
2.709960938E3,5.790981201E-1
2.711425781E3,6.792267516E-1
2.712890625E3,4.688100931E-1
2.714355469E3,2.540673371E-1
2.715820312E3,5.480856506E-1
2.717285156E3,7.788874821E-1
2.718750000E3,5.967888280E-1
2.720214844E3,5.064025143E-1
2.721679688E3,6.583840549E-1
2.723144531E3,8.279507116E-1
2.724609375E3,6.019730442E-1
2.726074219E3,3.660915925E-1
2.727539062E3,1.038757091E0
2.729003906E3,9.468373363E-1
2.730468750E3,4.341286421E-1
2.731933594E3,7.008577355E-1
2.733398438E3,8.978843480E-1
2.734863281E3,6.895490614E-1
2.736328125E3,2.333621295E-1
2.737792969E3,5.252770685E-1
2.739257812E3,5.163792323E-1
2.740722656E3,5.365122701E-1
2.742187500E3,2.223077317E-1
2.743652344E3,2.850555147E-1
2.745117188E3,7.649558166E-1
2.746582031E3,5.498565663E-1
2.748046875E3,7.643478043E-1
2.749511719E3,8.289751849E-1
2.750976562E3,1.309859176E0
2.752441406E3,7.488380076E-1
2.753906250E3,3.722380712E-1
2.755371094E3,4.612545931E-1
2.756835938E3,8.403027968E-1
2.758300781E3,8.825931944E-1
2.759765625E3,5.863001408E-1
2.761230469E3,7.020428405E-1
2.762695312E3,5.659156328E-1
2.764160156E3,7.166581456E-1
2.765625000E3,8.927826827E-1
2.767089844E3,3.781488717E-1
2.768554688E3,5.017162364E-1
2.770019531E3,6.397062718E-1
2.771484375E3,3.731292500E-1
2.772949219E3,7.202725829E-1
2.774414062E3,1.037401026E0
2.775878906E3,7.093809202E-1
2.777343750E3,3.333576955E-1
2.778808594E3,4.549653777E-1
2.780273438E3,5.127646709E-1
2.781738281E3,2.686436165E-1
2.783203125E3,3.972755059E-1
2.784667969E3,1.627672917E-1
2.786132812E3,4.247649332E-1
2.787597656E3,5.825418576E-1
2.789062500E3,4.895910393E-1
2.790527344E3,4.601221403E-1
2.791992188E3,2.910516486E-1
2.793457031E3,2.883821302E-1
2.794921875E3,2.984461388E-1
2.796386719E3,9.969791812E-2
2.797851562E3,6.224640869E-1
2.799316406E3,7.657857957E-1
2.800781250E3,5.881812508E-1
2.802246094E3,6.237271849E-1
2.803710938E3,6.447901449E-1
2.805175781E3,2.493515870E-1
2.806640625E3,2.648208191E-1
2.808105469E3,2.431551917E-1
2.809570312E3,3.905520863E-1
2.811035156E3,2.485688616E-1
2.812500000E3,4.588359357E-1
2.813964844E3,4.427111520E-1
2.815429688E3,3.270120455E-1
2.816894531E3,3.691843475E-2
2.818359375E3,2.780741619E-1
2.819824219E3,5.086522331E-1
2.821289062E3,4.463957230E-1
2.822753906E3,1.762986788E-1
2.824218750E3,4.568981389E-1
2.825683594E3,4.131826248E-1
2.827148438E3,6.662266612E-1
2.828613281E3,5.475085737E-1
2.830078125E3,4.464789678E-1
2.831542969E3,1.776524049E-1
2.833007812E3,1.756112744E-1
2.834472656E3,3.090501324E-1
2.835937500E3,6.322830021E-1
2.837402344E3,3.707708967E-1
2.838867188E3,1.002412912E0
2.840332031E3,8.499683655E-1
2.841796875E3,5.577287473E-1
2.843261719E3,5.276329038E-1
2.844726562E3,2.721080907E-1
2.846191406E3,2.935888655E-1
2.847656250E3,4.729769361E-1
2.849121094E3,8.031105254E-1
2.850585938E3,1.283606529E0
2.852050781E3,1.396223277E0
2.853515625E3,1.158804418E0
2.854980469E3,1.154389980E0
2.856445312E3,3.827679501E-1
2.857910156E3,6.898948189E-1
2.859375000E3,9.828758733E-1
2.860839844E3,2.522043307E-1
2.862304688E3,3.719131300E-1
2.863769531E3,9.014910146E-1
2.865234375E3,5.245271166E-1
2.866699219E3,8.851753864E-1
2.868164062E3,8.127684754E-1
2.869628906E3,1.058558131E0
2.871093750E3,3.389941753E-1
2.872558594E3,1.318742163E-1
2.874023438E3,2.000428731E-1
2.875488281E3,5.808249060E-1
2.876953125E3,5.395439436E-1
2.878417969E3,1.305338121E-1
2.879882812E3,7.335362920E-1
2.881347656E3,7.164736916E-1
2.882812500E3,3.822650031E-1
2.884277344E3,4.425724493E-1
2.885742188E3,3.784886360E-1
2.887207031E3,8.645636788E-1
2.888671875E3,7.408866797E-1
2.890136719E3,6.395748828E-1
2.891601562E3,2.170895002E-1
2.893066406E3,7.387456930E-2
2.894531250E3,3.072367928E-1
2.895996094E3,5.110724509E-1
2.897460938E3,2.051902680E-1
2.898925781E3,3.452755684E-1
2.900390625E3,5.064570491E-1
2.901855469E3,7.443827123E-1
2.903320312E3,6.339033400E-1
2.904785156E3,6.432716723E-1
2.906250000E3,6.182187684E-1
2.907714844E3,5.679491386E-1
2.909179688E3,4.978581512E-1
2.910644531E3,3.363779459E-1
2.912109375E3,1.066244724E0
2.913574219E3,9.639708057E-1
2.915039062E3,6.648212147E-1
2.916503906E3,7.054628060E-1
2.917968750E3,7.176196635E-1
2.919433594E3,6.147248434E-1
2.920898438E3,8.638268313E-1
2.922363281E3,6.308365149E-1
2.923828125E3,2.108037562E-1
2.925292969E3,2.655244778E-1
2.926757812E3,8.272694930E-1
2.928222656E3,6.302369952E-1
2.929687500E3,3.162444823E-1
2.931152344E3,2.309655499E-1
2.932617188E3,4.769533610E-1
2.934082031E3,3.568345927E-1
2.935546875E3,7.159229501E-1
2.937011719E3,5.051311231E-1
2.938476562E3,2.753697754E-1
2.939941406E3,4.359152776E-1
2.941406250E3,1.294917354E-1
2.942871094E3,7.675388449E-1
2.944335938E3,7.120753451E-1
2.945800781E3,5.632212667E-1
2.947265625E3,3.161327039E-1
2.948730469E3,5.999446306E-1
2.950195312E3,5.018142246E-1
2.951660156E3,4.899436465E-1
2.953125000E3,3.117813114E-1
2.954589844E3,6.198648021E-1
2.956054688E3,7.949314009E-1
2.957519531E3,5.331184638E-1
2.958984375E3,2.373496611E-1
2.960449219E3,1.356309564E-1
2.961914062E3,3.094886987E-2
2.963378906E3,2.915391772E-1
2.964843750E3,3.979929885E-1
2.966308594E3,7.267011122E-1
2.967773438E3,5.692943146E-1
2.969238281E3,4.613087592E-1
2.970703125E3,8.326224324E-2
2.972167969E3,3.166943060E-1
2.973632812E3,2.604554024E-1
2.975097656E3,4.621376656E-1
2.976562500E3,3.830189168E-1
2.978027344E3,7.023367723E-1
2.979492188E3,7.867142627E-1
2.980957031E3,8.565004467E-1
2.982421875E3,6.689253446E-1
2.983886719E3,2.980102301E-1
2.985351562E3,2.767959218E-1
2.986816406E3,3.365511868E-1
2.988281250E3,3.027566208E-1
2.989746094E3,3.887133457E-1
2.991210938E3,2.193583742E-1
2.992675781E3,3.348313989E-1
2.994140625E3,4.605070100E-1
2.995605469E3,5.857994348E-1
2.997070312E3,7.668600085E-1
2.998535156E3,6.627428367E-1
3.000000000E3,2.837824515E-1
3.001464844E3,5.219592371E-1
3.002929688E3,9.778851681E-1
3.004394531E3,7.838755913E-1
3.005859375E3,6.404383618E-1
3.007324219E3,5.324513709E-1
3.008789062E3,3.709923367E-1
3.010253906E3,4.573983936E-1
3.011718750E3,5.069419679E-3
3.013183594E3,1.955359781E-1
3.014648438E3,3.627327407E-1
3.016113281E3,5.525860320E-1
3.017578125E3,4.771531637E-1
3.019042969E3,7.715307448E-1
3.020507812E3,9.029156833E-1
3.021972656E3,1.327323166E0
3.023437500E3,1.032271113E0
3.024902344E3,6.276765606E-1
3.026367188E3,2.347643373E-1
3.027832031E3,5.995440722E-1
3.029296875E3,8.993533904E-1
3.030761719E3,3.648518698E-1
3.032226562E3,1.869872350E-1
3.033691406E3,3.395919128E-1
3.035156250E3,6.013335218E-1
3.036621094E3,4.305181955E-1
3.038085938E3,1.675299143E-1
3.039550781E3,4.775206308E-1
3.041015625E3,4.893075329E-1
3.042480469E3,1.021221999E0
3.043945312E3,7.439735537E-1
3.045410156E3,3.626584772E-1
3.046875000E3,7.654140337E-1
3.048339844E3,6.489412356E-1
3.049804688E3,4.730703771E-1
3.051269531E3,1.086945160E0
3.052734375E3,8.661016842E-1
3.054199219E3,1.061217033E0
3.055664062E3,9.802459874E-1
3.057128906E3,5.064180643E-1
3.058593750E3,2.899501665E-1
3.060058594E3,2.656966687E-2
3.061523438E3,7.080450191E-1
3.062988281E3,8.611973031E-1
3.064453125E3,4.733100166E-1
3.065917969E3,2.271838870E-1
3.067382812E3,6.847791258E-1
3.068847656E3,1.755751454E-1
3.070312500E3,8.009544527E-2
3.071777344E3,1.104133679E0
3.073242188E3,1.300316827E0
3.074707031E3,1.099635721E0
3.076171875E3,6.122856120E-1
3.077636719E3,8.024233190E-1
3.079101562E3,9.988092231E-1
3.080566406E3,8.481092258E-1
3.082031250E3,5.460195970E-1
3.083496094E3,4.877185913E-2
3.084960938E3,1.956471679E-1
3.086425781E3,6.811403196E-2
3.087890625E3,4.067200333E-1
3.089355469E3,1.013142167E-1
3.090820312E3,5.324411705E-1
3.092285156E3,5.064651610E-1
3.093750000E3,4.850222296E-1
3.095214844E3,1.604840728E-1
3.096679688E3,1.940094789E-1
3.098144531E3,8.846421865E-2
3.099609375E3,6.881393994E-2
3.101074219E3,1.261465060E-1
3.102539062E3,6.813920952E-2
3.104003906E3,2.121450916E-1
3.105468750E3,1.196858278E-1
3.106933594E3,2.451480611E-1
3.108398438E3,2.971385631E-1
3.109863281E3,3.464466151E-1
3.111328125E3,2.487168343E-1
3.112792969E3,5.126731620E-1
3.114257812E3,2.203526865E-1
3.115722656E3,3.807009812E-1
3.117187500E3,6.857236513E-1
3.118652344E3,1.098727528E-1
3.120117188E3,2.238820441E-1
3.121582031E3,6.537140980E-1
3.123046875E3,7.945365090E-1
3.124511719E3,7.420677078E-1
3.125976562E3,4.426835824E-1
3.127441406E3,4.625848652E-1
3.128906250E3,4.321100343E-1
3.130371094E3,3.884857577E-1
3.131835938E3,6.252508733E-1
3.133300781E3,7.402399726E-1
3.134765625E3,5.598042241E-1
3.136230469E3,4.068557832E-1
3.137695312E3,2.953975395E-1
3.139160156E3,9.581158709E-1
3.140625000E3,6.005666773E-1
3.142089844E3,5.647732591E-1
3.143554688E3,2.456109073E-1
3.145019531E3,2.426586248E-1
3.146484375E3,1.101761933E-1
3.147949219E3,3.090117905E-1
3.149414062E3,6.690948570E-1
3.150878906E3,1.013832854E0
3.152343750E3,1.151758431E0
3.153808594E3,8.984385006E-1
3.155273438E3,5.143411918E-1
3.156738281E3,7.482835948E-1
3.158203125E3,6.710554563E-1
3.159667969E3,6.046986373E-1
3.161132812E3,5.146715974E-1
3.162597656E3,1.066788840E-2
3.164062500E3,2.843043787E-2
3.165527344E3,3.908714362E-1
3.166992188E3,3.037636672E-1
3.168457031E3,5.699659000E-1
3.169921875E3,7.959680112E-1
3.171386719E3,3.447347939E-1
3.172851562E3,3.635809481E-1
3.174316406E3,1.286848644E-1
3.175781250E3,2.414736729E-1
3.177246094E3,7.311574625E-1
3.178710938E3,4.790365178E-1
3.180175781E3,4.195212181E-1
3.181640625E3,5.092231612E-1
3.183105469E3,6.205224316E-1
3.184570312E3,4.772838017E-1
3.186035156E3,9.943540444E-1
3.187500000E3,5.731498510E-1
3.188964844E3,3.613161397E-1
3.190429688E3,1.159341201E-2
3.191894531E3,3.231550611E-1
3.193359375E3,2.293497034E-1
3.194824219E3,1.040631805E0
3.196289062E3,7.126270817E-1
3.197753906E3,5.284079179E-1
3.199218750E3,4.185058850E-1
3.200683594E3,2.281620927E-1
3.202148438E3,3.435908554E-1
3.203613281E3,4.266828636E-1
3.205078125E3,4.029637081E-1
3.206542969E3,5.699773414E-1
3.208007812E3,5.897593416E-1
3.209472656E3,3.550500079E-1
3.210937500E3,7.186029806E-1
3.212402344E3,8.964524140E-1
3.213867188E3,7.045147258E-1
3.215332031E3,5.859476292E-1
3.216796875E3,2.672760847E-1
3.218261719E3,6.942954111E-1
3.219726562E3,2.355552461E-1
3.221191406E3,7.653905983E-2
3.222656250E3,3.309041376E-1
3.224121094E3,1.150999808E-1
3.225585938E3,3.164061125E-1
3.227050781E3,6.778228894E-1
3.228515625E3,4.808371393E-1
3.229980469E3,1.739410863E-1
3.231445312E3,3.281891588E-1
3.232910156E3,9.387345684E-2
3.234375000E3,3.822698457E-1
3.235839844E3,3.066725016E-1
3.237304688E3,3.874369861E-1
3.238769531E3,7.425024152E-1
3.240234375E3,8.585758170E-1
3.241699219E3,1.095215389E0
3.243164062E3,1.099240309E0
3.244628906E3,1.067183940E0
3.246093750E3,8.093621319E-1
3.247558594E3,4.793717953E-1
3.249023438E3,8.368688929E-1
3.250488281E3,8.300373475E-1
3.251953125E3,2.018610172E-1
3.253417969E3,3.822943158E-1
3.254882812E3,7.926124519E-1
3.256347656E3,8.760679578E-1
3.257812500E3,8.594624036E-1
3.259277344E3,8.680537434E-1
3.260742188E3,8.886922122E-1
3.262207031E3,8.844356527E-1
3.263671875E3,6.408212631E-1
3.265136719E3,9.009345536E-1
3.266601562E3,1.609532601E-1
3.268066406E3,4.489088989E-1
3.269531250E3,3.723467138E-1
3.270996094E3,1.807302793E-1
3.272460938E3,6.349316220E-1
3.273925781E3,6.241200540E-1
3.275390625E3,7.276090048E-1
3.276855469E3,5.625987206E-1
3.278320312E3,6.969303650E-1
3.279785156E3,1.359705934E-1
3.281250000E3,4.313092358E-1
3.282714844E3,3.289789901E-1
3.284179688E3,6.724405898E-1
3.285644531E3,1.012293365E0
3.287109375E3,7.634143056E-1
3.288574219E3,6.625974128E-1
3.290039062E3,4.798509235E-1
3.291503906E3,3.544503306E-1
3.292968750E3,6.368385887E-1
3.294433594E3,1.004784747E0
3.295898438E3,9.641059109E-1
3.297363281E3,6.384398478E-1
3.298828125E3,5.716989954E-1
3.300292969E3,6.558508140E-1
3.301757812E3,6.529255504E-1
3.303222656E3,6.599070873E-1
3.304687500E3,5.233050476E-1
3.306152344E3,1.315633038E-1
3.307617188E3,3.943614518E-1
3.309082031E3,8.408813932E-1
3.310546875E3,1.755856363E-1
3.312011719E3,6.695946465E-1
3.313476562E3,3.927245333E-1
3.314941406E3,2.204557802E-1
3.316406250E3,3.923361471E-1
3.317871094E3,1.999828085E-1
3.319335938E3,4.121646099E-1
3.320800781E3,3.502538884E-1
3.322265625E3,5.405785866E-1
3.323730469E3,6.538497122E-1
3.325195312E3,8.768992278E-1
3.326660156E3,5.983216362E-1
3.328125000E3,7.285066754E-1
3.329589844E3,7.736666405E-1
3.331054688E3,1.442965850E-1
3.332519531E3,7.877684023E-1
3.333984375E3,6.200047472E-1
3.335449219E3,4.584653185E-1
3.336914062E3,3.439160646E-1
3.338378906E3,4.145456862E-1
3.339843750E3,5.971623230E-1
3.341308594E3,2.842292495E-1
3.342773438E3,2.423911648E-1
3.344238281E3,5.478941787E-1
3.345703125E3,8.845962282E-1
3.347167969E3,1.104583686E0
3.348632812E3,5.467135101E-1
3.350097656E3,4.959286566E-1
3.351562500E3,7.621051072E-1
3.353027344E3,8.423086189E-1
3.354492188E3,1.108663830E0
3.355957031E3,8.102692833E-1
3.357421875E3,6.171043183E-1
3.358886719E3,2.867014449E-1
3.360351562E3,1.476634441E-1
3.361816406E3,1.181052947E-1
3.363281250E3,4.333967078E-1
3.364746094E3,3.046412756E-1
3.366210938E3,3.957406969E-1
3.367675781E3,7.521192091E-1
3.369140625E3,5.293921568E-1
3.370605469E3,3.101672919E-1
3.372070312E3,7.795299277E-1
3.373535156E3,9.195972791E-1
3.375000000E3,9.879665068E-1
3.376464844E3,1.048568343E0
3.377929688E3,7.733530626E-1
3.379394531E3,6.434952784E-1
3.380859375E3,8.182793464E-1
3.382324219E3,4.201193606E-1
3.383789062E3,1.101354469E-1
3.385253906E3,3.528149177E-1
3.386718750E3,3.561270220E-1
3.388183594E3,3.469372106E-1
3.389648438E3,1.881055744E-1
3.391113281E3,1.779733630E-1
3.392578125E3,1.300782353E-1
3.394042969E3,8.531646004E-1
3.395507812E3,4.503500900E-1
3.396972656E3,8.033026598E-1
3.398437500E3,5.085575273E-1
3.399902344E3,1.764328199E-1
3.401367188E3,5.437744865E-1
3.402832031E3,6.007953818E-1
3.404296875E3,2.204190142E-1
3.405761719E3,6.320498059E-1
3.407226562E3,4.582982454E-1
3.408691406E3,4.735528207E-1
3.410156250E3,2.136069648E-1
3.411621094E3,4.147348103E-1
3.413085938E3,1.588978459E-1
3.414550781E3,9.025574334E-2
3.416015625E3,4.115247536E-1
3.417480469E3,5.917513121E-1
3.418945312E3,3.423934020E-1
3.420410156E3,2.741073571E-1
3.421875000E3,2.081262313E-1
3.423339844E3,4.917233721E-1
3.424804688E3,5.344927937E-1
3.426269531E3,8.769345363E-1
3.427734375E3,6.919443021E-1
3.429199219E3,3.433439940E-1
3.430664062E3,6.554510869E-1
3.432128906E3,9.560345897E-1
3.433593750E3,9.066496260E-1
3.435058594E3,4.146434594E-1
3.436523438E3,1.111297315E-1
3.437988281E3,1.053599819E-1
3.439453125E3,7.634571081E-1
3.440917969E3,1.026703247E0
3.442382812E3,6.667527869E-1
3.443847656E3,5.952174155E-1
3.445312500E3,5.409377918E-1
3.446777344E3,6.202617079E-1
3.448242188E3,8.722507119E-1
3.449707031E3,8.787915727E-1
3.451171875E3,5.277828126E-1
3.452636719E3,2.514633926E-1
3.454101562E3,4.042622803E-1
3.455566406E3,2.860671612E-1
3.457031250E3,3.941537361E-1
3.458496094E3,6.018466974E-1
3.459960938E3,3.531991268E-1
3.461425781E3,5.419797558E-1
3.462890625E3,5.046104495E-1
3.464355469E3,6.804420795E-1
3.465820312E3,8.824364925E-1
3.467285156E3,1.070540171E0
3.468750000E3,8.640307760E-1
3.470214844E3,6.742523614E-1
3.471679688E3,5.893027295E-1
3.473144531E3,4.332125840E-1
3.474609375E3,3.528004117E-1
3.476074219E3,2.032101198E-1
3.477539062E3,1.727733892E-1
3.479003906E3,2.764592459E-1
3.480468750E3,4.309273485E-2
3.481933594E3,2.152172132E-1
3.483398438E3,3.579980179E-1
3.484863281E3,5.178156037E-2
3.486328125E3,5.399498121E-1
3.487792969E3,8.314386825E-1
3.489257812E3,8.468032470E-1
3.490722656E3,3.555413071E-1
3.492187500E3,5.263741706E-1
3.493652344E3,7.186559751E-1
3.495117188E3,4.251224394E-1
3.496582031E3,7.320080015E-1
3.498046875E3,7.543879810E-1
3.499511719E3,2.252391159E-1
3.500976562E3,3.067449271E-1
3.502441406E3,1.085250158E0
3.503906250E3,1.335182249E0
3.505371094E3,1.086509749E0
3.506835938E3,2.660951497E-1
3.508300781E3,3.008608461E-1
3.509765625E3,1.025516073E0
3.511230469E3,1.142149017E0
3.512695312E3,4.639657476E-1
3.514160156E3,4.851124806E-1
3.515625000E3,3.753449331E-1
3.517089844E3,7.473408712E-1
3.518554688E3,3.711270146E-1
3.520019531E3,3.315435374E-1
3.521484375E3,1.116343264E0
3.522949219E3,1.545226199E0
3.524414062E3,1.316438716E0
3.525878906E3,1.211361307E0
3.527343750E3,8.770088129E-1
3.528808594E3,4.075442779E-1
3.530273438E3,6.966109496E-1
3.531738281E3,2.521427339E-1
3.533203125E3,4.249984824E-1
3.534667969E3,4.221369827E-1
3.536132812E3,1.437140705E-1
3.537597656E3,4.466535769E-1
3.539062500E3,2.389940243E-1
3.540527344E3,3.334151582E-1
3.541992188E3,3.927612474E-1
3.543457031E3,5.135140172E-1
3.544921875E3,6.605487063E-1
3.546386719E3,1.831698787E-1
3.547851562E3,1.405021080E-1
3.549316406E3,4.743920654E-1
3.550781250E3,5.040428732E-1
3.552246094E3,3.715318610E-1
3.553710938E3,1.799287079E-1
3.555175781E3,3.619715079E-1
3.556640625E3,3.565023218E-2
3.558105469E3,6.445970723E-1
3.559570312E3,8.598353018E-1
3.561035156E3,2.725455196E-1
3.562500000E3,3.790500810E-1
3.563964844E3,6.564980285E-1
3.565429688E3,7.848967366E-1
3.566894531E3,5.258558069E-1
3.568359375E3,6.404573640E-1
3.569824219E3,1.846896675E-1
3.571289062E3,6.593776384E-1
3.572753906E3,5.298291470E-1
3.574218750E3,7.714052216E-1
3.575683594E3,6.174843645E-1
3.577148438E3,7.750882474E-1
3.578613281E3,7.707420469E-1
3.580078125E3,5.459551427E-1
3.581542969E3,8.792465009E-1
3.583007812E3,8.134031895E-1
3.584472656E3,6.325067164E-1
3.585937500E3,2.884352233E-1
3.587402344E3,6.423903866E-1
3.588867188E3,8.591933904E-1
3.590332031E3,6.318241217E-1
3.591796875E3,6.610144108E-1
3.593261719E3,4.034527624E-1
3.594726562E3,5.373486625E-1
3.596191406E3,7.410037313E-1
3.597656250E3,6.100916410E-1
3.599121094E3,4.567367654E-1
3.600585938E3,2.878235015E-1
3.602050781E3,3.367766193E-1
3.603515625E3,2.542955562E-1
3.604980469E3,3.046912787E-1
3.606445312E3,8.122913513E-1
3.607910156E3,9.576770518E-1
3.609375000E3,8.008409033E-1
3.610839844E3,7.048182974E-1
3.612304688E3,1.312176518E-1
3.613769531E3,1.419048552E-1
3.615234375E3,3.627313996E-1
3.616699219E3,4.482529781E-1
3.618164062E3,3.542743373E-1
3.619628906E3,3.808387404E-1
3.621093750E3,5.135633512E-1
3.622558594E3,4.381558685E-1
3.624023438E3,6.664924594E-1
3.625488281E3,8.311657135E-1
3.626953125E3,7.046784201E-1
3.628417969E3,7.781223056E-1
3.629882812E3,6.796512817E-2
3.631347656E3,1.942163050E-1
3.632812500E3,4.808323098E-1
3.634277344E3,8.103209819E-1
3.635742188E3,4.279538409E-1
3.637207031E3,3.605062964E-1
3.638671875E3,3.159893814E-1
3.640136719E3,3.457306781E-1
3.641601562E3,5.726211081E-1
3.643066406E3,7.160276208E-1
3.644531250E3,1.189755594E0
3.645996094E3,1.405715484E0
3.647460938E3,8.087301398E-1
3.648925781E3,7.380496736E-1
3.650390625E3,1.055376107E0
3.651855469E3,4.396068459E-1
3.653320312E3,3.867299968E-1
3.654785156E3,9.346906593E-1
3.656250000E3,9.695854300E-1
3.657714844E3,7.635690234E-1
3.659179688E3,5.615670529E-1
3.660644531E3,5.360241796E-1
3.662109375E3,9.690655259E-1
3.663574219E3,1.115102729E0
3.665039062E3,7.616356782E-1
3.666503906E3,4.149619788E-1
3.667968750E3,3.365615017E-1
3.669433594E3,6.009772139E-1
3.670898438E3,6.486842325E-1
3.672363281E3,3.249938775E-1
3.673828125E3,2.181227102E-1
3.675292969E3,2.582122534E-1
3.676757812E3,3.326228344E-1
3.678222656E3,2.769514200E-2
3.679687500E3,3.241102380E-1
3.681152344E3,2.788025028E-1
3.682617188E3,5.304747847E-1
3.684082031E3,1.589030417E-1
3.685546875E3,3.690179102E-1
3.687011719E3,2.722763072E-1
3.688476562E3,2.358482511E-1
3.689941406E3,1.698437080E-1
3.691406250E3,5.001361315E-1
3.692871094E3,5.083753893E-1
3.694335938E3,1.809849403E-1
3.695800781E3,1.098727585E-1
3.697265625E3,6.117282820E-1
3.698730469E3,2.870803278E-1
3.700195312E3,5.288381552E-1
3.701660156E3,9.179161903E-1
3.703125000E3,8.212224981E-1
3.704589844E3,7.771084071E-1
3.706054688E3,2.988442114E-1
3.707519531E3,9.197341562E-2
3.708984375E3,6.126010015E-1
3.710449219E3,8.660716686E-1
3.711914062E3,1.153892367E0
3.713378906E3,6.866918978E-1
3.714843750E3,1.087414299E-1
3.716308594E3,5.060819373E-1
3.717773438E3,3.784678874E-1
3.719238281E3,3.841271418E-1
3.720703125E3,1.122751597E0
3.722167969E3,9.908586849E-1
3.723632812E3,7.779743074E-1
3.725097656E3,4.150523546E-1
3.726562500E3,1.403450939E-1
3.728027344E3,2.862399899E-1
3.729492188E3,7.743972411E-1
3.730957031E3,1.059084699E0
3.732421875E3,1.077394016E0
3.733886719E3,6.423900916E-1
3.735351562E3,2.213237875E-1
3.736816406E3,1.978064451E-1
3.738281250E3,1.382239082E-1
3.739746094E3,4.683589820E-1
3.741210938E3,3.889434176E-1
3.742675781E3,2.304190521E-1
3.744140625E3,2.313942986E-1
3.745605469E3,2.007814080E-1
3.747070312E3,6.904669994E-1
3.748535156E3,6.438204718E-1
3.750000000E3,6.388776483E-1
3.751464844E3,8.371543259E-1
3.752929688E3,7.417234500E-1
3.754394531E3,5.127645691E-1
3.755859375E3,7.426138135E-1
3.757324219E3,5.147888371E-1
3.758789062E3,2.615886052E-1
3.760253906E3,2.119704510E-1
3.761718750E3,2.892620813E-1
3.763183594E3,5.312839846E-1
3.764648438E3,3.315751066E-1
3.766113281E3,5.194962815E-1
3.767578125E3,4.871759689E-1
3.769042969E3,7.705985932E-1
3.770507812E3,2.867708329E-1
3.771972656E3,2.305870963E-1
3.773437500E3,4.087209398E-1
3.774902344E3,1.114989965E0
3.776367188E3,9.590987912E-1
3.777832031E3,7.353741938E-1
3.779296875E3,3.853799107E-1
3.780761719E3,2.894380954E-1
3.782226562E3,4.645331516E-1
3.783691406E3,7.614602844E-1
3.785156250E3,1.106388573E0
3.786621094E3,5.710686156E-1
3.788085938E3,7.580815088E-1
3.789550781E3,4.159171921E-1
3.791015625E3,4.113430645E-1
3.792480469E3,7.809616528E-2
3.793945312E3,4.014422188E-1
3.795410156E3,5.765849087E-1
3.796875000E3,2.998825771E-1
3.798339844E3,8.508025969E-2
3.799804688E3,5.823632862E-1
3.801269531E3,1.696977361E-1
3.802734375E3,4.363850264E-1
3.804199219E3,5.244061982E-1
3.805664062E3,6.703096931E-1
3.807128906E3,4.949638399E-1
3.808593750E3,8.799876937E-1
3.810058594E3,3.734163209E-1
3.811523438E3,8.178545608E-1
3.812988281E3,7.023543607E-1
3.814453125E3,8.682452515E-1
3.815917969E3,9.939559804E-1
3.817382812E3,1.004989602E0
3.818847656E3,5.917538010E-1
3.820312500E3,3.172710362E-1
3.821777344E3,1.165677562E0
3.823242188E3,8.601579661E-1
3.824707031E3,1.343504217E0
3.826171875E3,4.277225293E-1
3.827636719E3,3.714794950E-1
3.829101562E3,5.271619216E-1
3.830566406E3,6.594028496E-1
3.832031250E3,8.945155280E-1
3.833496094E3,7.303891983E-1
3.834960938E3,6.957917382E-1
3.836425781E3,2.683139901E-1
3.837890625E3,5.305213018E-1
3.839355469E3,1.252996576E-1
3.840820312E3,2.251219181E-1
3.842285156E3,8.851280041E-2
3.843750000E3,2.428517096E-1
3.845214844E3,6.653979041E-1
3.846679688E3,6.893311720E-1
3.848144531E3,8.722867518E-1
3.849609375E3,7.262779355E-1
3.851074219E3,4.193354004E-1
3.852539062E3,5.215480639E-1
3.854003906E3,6.494301322E-1
3.855468750E3,8.225050001E-1
3.856933594E3,2.717556094E-1
3.858398438E3,7.327212631E-2
3.859863281E3,5.469545277E-1
3.861328125E3,3.838941339E-1
3.862792969E3,7.980147181E-1
3.864257812E3,5.756295836E-1
3.865722656E3,9.657020025E-1
3.867187500E3,8.889088435E-1
3.868652344E3,5.280041355E-1
3.870117188E3,7.323253564E-1
3.871582031E3,5.618424149E-1
3.873046875E3,5.456522686E-1
3.874511719E3,2.798149897E-1
3.875976562E3,3.653267721E-1
3.877441406E3,5.096887256E-1
3.878906250E3,2.672171201E-1
3.880371094E3,6.057875673E-1
3.881835938E3,2.832959149E-1
3.883300781E3,2.679994576E-1
3.884765625E3,5.690628564E-1
3.886230469E3,2.216754735E-1
3.887695312E3,4.616007072E-1
3.889160156E3,4.883738375E-1
3.890625000E3,3.372561140E-1
3.892089844E3,5.345819533E-1
3.893554688E3,1.173917770E-1
3.895019531E3,3.897096434E-1
3.896484375E3,3.645599900E-1
3.897949219E3,4.553479385E-1
3.899414062E3,5.401687706E-1
3.900878906E3,6.700293468E-1
3.902343750E3,2.746475126E-1
3.903808594E3,7.324624942E-1
3.905273438E3,5.748519403E-1
3.906738281E3,8.510077444E-1
3.908203125E3,8.463502040E-1
3.909667969E3,2.079034427E-1
3.911132812E3,5.974490722E-1
3.912597656E3,3.322290240E-1
3.914062500E3,5.369656779E-1
3.915527344E3,5.155732214E-1
3.916992188E3,4.507826076E-1
3.918457031E3,4.682350302E-1
3.919921875E3,4.431581205E-1
3.921386719E3,3.800899859E-1
3.922851562E3,2.933747278E-1
3.924316406E3,2.531432329E-1
3.925781250E3,2.817465372E-1
3.927246094E3,5.450062504E-1
3.928710938E3,7.005341988E-1
3.930175781E3,4.255979740E-1
3.931640625E3,5.281424250E-1
3.933105469E3,1.900240066E-1
3.934570312E3,2.634523042E-1
3.936035156E3,2.351898687E-1
3.937500000E3,6.434673372E-1
3.938964844E3,7.214741654E-1
3.940429688E3,1.480067961E-1
3.941894531E3,1.827995771E-1
3.943359375E3,4.432904249E-1
3.944824219E3,1.937179260E-1
3.946289062E3,2.545409558E-1
3.947753906E3,1.185649042E-1
3.949218750E3,5.699347300E-1
3.950683594E3,4.202144955E-1
3.952148438E3,3.407642937E-1
3.953613281E3,6.012840973E-1
3.955078125E3,2.287459457E-1
3.956542969E3,6.485654653E-1
3.958007812E3,5.147691824E-1
3.959472656E3,3.742927699E-1
3.960937500E3,4.967814153E-1
3.962402344E3,3.985929315E-1
3.963867188E3,2.812341148E-1
3.965332031E3,3.510344315E-1
3.966796875E3,4.294170878E-1
3.968261719E3,5.151497584E-1
3.969726562E3,1.028926073E0
3.971191406E3,2.503893636E-1
3.972656250E3,1.606917764E-1
3.974121094E3,6.578554219E-1
3.975585938E3,8.918806091E-1
3.977050781E3,5.522100993E-1
3.978515625E3,7.049081511E-2
3.979980469E3,4.945814446E-1
3.981445312E3,7.095300059E-1
3.982910156E3,3.348388593E-1
3.984375000E3,8.339971778E-1
3.985839844E3,6.323495953E-1
3.987304688E3,1.313872889E-1
3.988769531E3,8.834264113E-1
3.990234375E3,9.266450186E-1
3.991699219E3,9.725991210E-1
3.993164062E3,9.919957090E-1
3.994628906E3,6.690626680E-1
3.996093750E3,5.860962644E-1
3.997558594E3,3.939307936E-1
3.999023438E3,4.485849111E-1
4.000488281E3,7.004377682E-1
4.001953125E3,8.656331792E-1
4.003417969E3,1.155466485E-1
4.004882812E3,2.203881102E-1
4.006347656E3,8.620908329E-1
4.007812500E3,8.095643671E-1
4.009277344E3,7.907085053E-1
4.010742188E3,2.736731904E-1
4.012207031E3,1.580906225E-1
4.013671875E3,5.085108459E-1
4.015136719E3,3.703360422E-1
4.016601562E3,6.577838263E-1
4.018066406E3,9.102069656E-1
4.019531250E3,1.043470679E0
4.020996094E3,3.775440848E-1
4.022460938E3,1.223434758E-1
4.023925781E3,5.957750542E-1
4.025390625E3,2.709932607E-1
4.026855469E3,4.570855585E-1
4.028320312E3,9.436648337E-2
4.029785156E3,2.857462396E-1
4.031250000E3,2.230210977E-1
4.032714844E3,5.714156570E-1
4.034179688E3,1.742950397E-1
4.035644531E3,6.186610364E-1
4.037109375E3,4.636179153E-1
4.038574219E3,2.711314872E-1
4.040039062E3,4.166097841E-1
4.041503906E3,3.549390028E-1
4.042968750E3,3.382498866E-1
4.044433594E3,3.621081341E-1
4.045898438E3,2.356981624E-1
4.047363281E3,3.951194381E-1
4.048828125E3,4.343645068E-1
4.050292969E3,7.641962687E-1
4.051757812E3,7.039040045E-1
4.053222656E3,3.063712550E-1
4.054687500E3,5.633471568E-1
4.056152344E3,6.214080929E-1
4.057617188E3,5.003221419E-1
4.059082031E3,3.302179931E-1
4.060546875E3,1.164899412E-1
4.062011719E3,3.102027546E-1
4.063476562E3,4.041918417E-1
4.064941406E3,2.672952660E-1
4.066406250E3,3.878878642E-1
4.067871094E3,2.169322681E-1
4.069335938E3,4.646379943E-1
4.070800781E3,5.493655559E-1
4.072265625E3,7.453294817E-1
4.073730469E3,5.889002497E-1
4.075195312E3,5.589173692E-1
4.076660156E3,3.247308945E-1
4.078125000E3,5.824183051E-1
4.079589844E3,7.976730488E-1
4.081054688E3,5.898516088E-1
4.082519531E3,7.055544309E-1
4.083984375E3,6.134892690E-1
4.085449219E3,3.143948340E-1
4.086914062E3,6.452118366E-1
4.088378906E3,4.178206199E-1
4.089843750E3,4.509001241E-1
4.091308594E3,4.512754600E-1
4.092773438E3,6.702236232E-1
4.094238281E3,6.698355325E-1
4.095703125E3,9.669069048E-1
4.097167969E3,8.962172719E-1
4.098632812E3,4.682399867E-1
4.100097656E3,7.061409177E-1
4.101562500E3,9.425154186E-1
4.103027344E3,1.889856907E-1
4.104492188E3,3.556082835E-1
4.105957031E3,2.586963138E-1
4.107421875E3,3.193679058E-1
4.108886719E3,7.004411877E-2
4.110351562E3,8.512782870E-2
4.111816406E3,3.510833885E-1
4.113281250E3,6.258385701E-1
4.114746094E3,5.272983640E-1
4.116210938E3,4.482804003E-1
4.117675781E3,3.502089184E-1
4.119140625E3,7.164713887E-1
4.120605469E3,5.262970166E-1
4.122070312E3,8.803016067E-1
4.123535156E3,1.002088753E0
4.125000000E3,1.041278928E0
4.126464844E3,7.198309311E-1
4.127929688E3,7.920277679E-1
4.129394531E3,8.135772137E-1
4.130859375E3,1.055052424E0
4.132324219E3,1.090964204E0
4.133789062E3,7.572624314E-1
4.135253906E3,4.329694092E-1
4.136718750E3,7.628005312E-1
4.138183594E3,3.584187581E-1
4.139648438E3,4.387258335E-1
4.141113281E3,2.702077218E-1
4.142578125E3,6.442621675E-1
4.144042969E3,4.491062122E-1
4.145507812E3,6.425769076E-1
4.146972656E3,6.946863223E-1
4.148437500E3,8.358513445E-1
4.149902344E3,5.785497429E-1
4.151367188E3,7.214843884E-1
4.152832031E3,7.799837831E-1
4.154296875E3,3.925109483E-1
4.155761719E3,7.646732581E-1
4.157226562E3,6.457113116E-1
4.158691406E3,5.598478793E-1
4.160156250E3,4.819816532E-1
4.161621094E3,5.735940728E-1
4.163085938E3,1.658618049E-1
4.164550781E3,3.580914740E-1
4.166015625E3,6.480770319E-2
4.167480469E3,5.931381825E-1
4.168945312E3,3.294326798E-1
4.170410156E3,5.871181895E-1
4.171875000E3,3.550011692E-1
4.173339844E3,6.898514259E-1
4.174804688E3,8.764900395E-1
4.176269531E3,7.976330959E-1
4.177734375E3,5.066443120E-1
4.179199219E3,6.959782405E-1
4.180664062E3,4.476485278E-1
4.182128906E3,3.750893959E-1
4.183593750E3,6.123308363E-1
4.185058594E3,6.561849975E-1
4.186523438E3,8.106112984E-1
4.187988281E3,5.739590732E-1
4.189453125E3,4.268361362E-1
4.190917969E3,6.002550901E-1
4.192382812E3,2.762343154E-1
4.193847656E3,2.806304378E-1
4.195312500E3,3.295691437E-1
4.196777344E3,5.615769674E-1
4.198242188E3,5.855265340E-1
4.199707031E3,6.976369550E-1
4.201171875E3,6.578929208E-1
4.202636719E3,7.701706237E-2
4.204101562E3,3.421951553E-1
4.205566406E3,8.892129419E-1
4.207031250E3,8.329817178E-1
4.208496094E3,1.000040801E0
4.209960938E3,8.354270589E-1
4.211425781E3,7.163877326E-1
4.212890625E3,4.214734886E-1
4.214355469E3,2.380955318E-1
4.215820312E3,6.725453504E-1
4.217285156E3,1.149930112E0
4.218750000E3,7.097062711E-1
4.220214844E3,2.072450495E-1
4.221679688E3,5.131851752E-1
4.223144531E3,7.816959730E-1
4.224609375E3,8.875583343E-1
4.226074219E3,7.095695329E-1
4.227539062E3,5.609325581E-1
4.229003906E3,7.291698268E-1
4.230468750E3,2.303195463E-1
4.231933594E3,3.199386051E-1
4.233398438E3,2.004303020E-1
4.234863281E3,5.389594412E-1
4.236328125E3,6.608425343E-1
4.237792969E3,9.060518983E-1
4.239257812E3,7.571830770E-1
4.240722656E3,1.113121536E0
4.242187500E3,9.752725595E-1
4.243652344E3,4.687905045E-1
4.245117188E3,6.000417879E-1
4.246582031E3,1.214670711E0
4.248046875E3,5.664525861E-1
4.249511719E3,5.623002646E-1
4.250976562E3,3.257356384E-1
4.252441406E3,5.102532724E-1
4.253906250E3,1.947516142E-1
4.255371094E3,5.342029652E-1
4.256835938E3,2.625132682E-1
4.258300781E3,4.884747379E-1
4.259765625E3,3.085716074E-1
4.261230469E3,2.983182529E-1
4.262695312E3,6.125627315E-1
4.264160156E3,7.252442517E-1
4.265625000E3,5.293882078E-1
4.267089844E3,6.900022697E-1
4.268554688E3,4.076109769E-1
4.270019531E3,1.922983158E-1
4.271484375E3,9.805996528E-1
4.272949219E3,6.901856148E-1
4.274414062E3,8.485506974E-1
4.275878906E3,4.953850688E-1
4.277343750E3,4.415879783E-1
4.278808594E3,5.681224870E-1
4.280273438E3,2.921073629E-1
4.281738281E3,8.168025425E-1
4.283203125E3,4.927413327E-1
4.284667969E3,3.769339429E-1
4.286132812E3,4.384823637E-1
4.287597656E3,7.598959669E-1
4.289062500E3,8.441314773E-1
4.290527344E3,5.168505537E-1
4.291992188E3,3.805056894E-1
4.293457031E3,5.877615136E-1
4.294921875E3,2.219475866E-1
4.296386719E3,7.367473998E-1
4.297851562E3,1.016231902E0
4.299316406E3,7.785097035E-1
4.300781250E3,3.335401777E-1
4.302246094E3,8.456643300E-1
4.303710938E3,6.479150018E-1
4.305175781E3,7.391117339E-1
4.306640625E3,2.132639032E-1
4.308105469E3,3.716179225E-1
4.309570312E3,4.654357128E-1
4.311035156E3,2.116748132E-1
4.312500000E3,3.868694198E-1
4.313964844E3,1.355497244E-1
4.315429688E3,3.695800900E-1
4.316894531E3,2.257461532E-1
4.318359375E3,2.347276591E-1
4.319824219E3,3.502746614E-1
4.321289062E3,7.144929201E-2
4.322753906E3,3.629366075E-1
4.324218750E3,4.042192139E-1
4.325683594E3,2.169704449E-1
4.327148438E3,5.615944319E-1
4.328613281E3,3.647129378E-1
4.330078125E3,3.172795844E-1
4.331542969E3,4.918769092E-1
4.333007812E3,5.451930729E-1
4.334472656E3,1.236774300E-1
4.335937500E3,5.024713346E-1
4.337402344E3,2.689454387E-1
4.338867188E3,1.776744848E-1
4.340332031E3,6.768713753E-1
4.341796875E3,2.112246823E-1
4.343261719E3,3.003591571E-1
4.344726562E3,5.134274894E-1
4.346191406E3,3.755930296E-1
4.347656250E3,2.784348403E-1
4.349121094E3,3.982944402E-1
4.350585938E3,1.222237604E-1
4.352050781E3,5.109584499E-1
4.353515625E3,2.192615501E-1
4.354980469E3,3.561426308E-1
4.356445312E3,3.481137477E-1
4.357910156E3,3.198534190E-1
4.359375000E3,6.565678017E-1
4.360839844E3,4.287149833E-1
4.362304688E3,3.404194962E-1
4.363769531E3,6.264058459E-1
4.365234375E3,2.753164124E-1
4.366699219E3,4.530757016E-1
4.368164062E3,3.703122570E-1
4.369628906E3,3.273734492E-1
4.371093750E3,5.154217299E-1
4.372558594E3,7.779701051E-1
4.374023438E3,4.483299822E-1
4.375488281E3,7.878525083E-1
4.376953125E3,1.120351655E0
4.378417969E3,6.777724479E-1
4.379882812E3,1.181817004E0
4.381347656E3,1.072056370E0
4.382812500E3,8.709960167E-1
4.384277344E3,7.520519532E-1
4.385742188E3,6.804151891E-1
4.387207031E3,9.012531976E-1
4.388671875E3,4.575509952E-1
4.390136719E3,3.946558987E-1
4.391601562E3,4.708749971E-1
4.393066406E3,6.807595426E-1
4.394531250E3,7.262713002E-1
4.395996094E3,2.691371875E-1
4.397460938E3,2.386144599E-1
4.398925781E3,4.007665981E-1
4.400390625E3,5.006768195E-1
4.401855469E3,3.371000695E-1
4.403320312E3,8.896494504E-1
4.404785156E3,5.542890032E-1
4.406250000E3,6.303190006E-1
4.407714844E3,3.231730022E-1
4.409179688E3,3.652353989E-1
4.410644531E3,7.137765314E-1
4.412109375E3,1.958327380E-1
4.413574219E3,5.384990156E-1
4.415039062E3,9.206626276E-1
4.416503906E3,6.682932297E-1
4.417968750E3,4.164555891E-2
4.419433594E3,9.269050977E-1
4.420898438E3,7.027371586E-1
4.422363281E3,2.262281056E-1
4.423828125E3,3.361195803E-1
4.425292969E3,2.994741827E-1
4.426757812E3,2.014604479E-1
4.428222656E3,3.627007478E-1
4.429687500E3,1.326354788E-1
4.431152344E3,4.457434653E-1
4.432617188E3,8.439541932E-1
4.434082031E3,8.331649065E-1
4.435546875E3,5.703922889E-1
4.437011719E3,5.367404920E-1
4.438476562E3,3.727504294E-1
4.439941406E3,6.838456159E-1
4.441406250E3,5.769588541E-1
4.442871094E3,3.969708654E-2
4.444335938E3,7.485979490E-1
4.445800781E3,5.845699954E-1
4.447265625E3,8.848822285E-1
4.448730469E3,4.997986545E-1
4.450195312E3,7.887695302E-1
4.451660156E3,8.338931579E-1
4.453125000E3,1.423887973E0
4.454589844E3,1.364469803E0
4.456054688E3,1.328350163E0
4.457519531E3,9.262276415E-1
4.458984375E3,1.229020433E0
4.460449219E3,6.654359598E-1
4.461914062E3,5.336567852E-1
4.463378906E3,3.637672025E-1
4.464843750E3,4.087892396E-1
4.466308594E3,1.837533189E-1
4.467773438E3,3.790433881E-1
4.469238281E3,3.707866808E-1
4.470703125E3,8.647155903E-1
4.472167969E3,9.589912370E-1
4.473632812E3,5.023104213E-1
4.475097656E3,2.399488706E-1
4.476562500E3,7.423232306E-1
4.478027344E3,3.129306125E-1
4.479492188E3,3.366411085E-1
4.480957031E3,6.424986366E-1
4.482421875E3,4.296339950E-1
4.483886719E3,7.997627233E-2
4.485351562E3,3.823470942E-1
4.486816406E3,4.409675162E-1
4.488281250E3,6.087019850E-1
4.489746094E3,1.581158256E-1
4.491210938E3,2.810456093E-1
4.492675781E3,1.034261799E-1
4.494140625E3,2.667460833E-1
4.495605469E3,4.044727893E-1
4.497070312E3,5.063433028E-1
4.498535156E3,6.504365034E-1
4.500000000E3,3.944695544E-1
4.501464844E3,2.276347697E-1
4.502929688E3,4.892158993E-1
4.504394531E3,6.210828661E-1
4.505859375E3,9.778511422E-1
4.507324219E3,5.420359111E-1
4.508789062E3,4.809287296E-1
4.510253906E3,5.443380592E-1
4.511718750E3,5.959967321E-1
4.513183594E3,3.179507061E-1
4.514648438E3,7.157656151E-1
4.516113281E3,5.149744368E-1
4.517578125E3,3.807740406E-1
4.519042969E3,3.476259751E-1
4.520507812E3,8.699768986E-1
4.521972656E3,8.119534964E-1
4.523437500E3,8.479305520E-1
4.524902344E3,6.570333611E-1
4.526367188E3,6.566718539E-1
4.527832031E3,8.924811402E-1
4.529296875E3,4.333453948E-1
4.530761719E3,7.236966552E-1
4.532226562E3,2.663354665E-1
4.533691406E3,6.134105919E-1
4.535156250E3,1.952331448E-1
4.536621094E3,3.378822534E-1
4.538085938E3,8.919839801E-1
4.539550781E3,6.020694804E-1
4.541015625E3,8.616549519E-1
4.542480469E3,7.702952421E-1
4.543945312E3,8.307139348E-1
4.545410156E3,7.483179618E-1
4.546875000E3,2.714633949E-1
4.548339844E3,5.704162272E-1
4.549804688E3,2.320907933E-1
4.551269531E3,2.755602014E-1
4.552734375E3,4.358638301E-1
4.554199219E3,5.495255652E-1
4.555664062E3,6.373323494E-1
4.557128906E3,8.384961183E-1
4.558593750E3,3.277903305E-1
4.560058594E3,5.404414960E-2
4.561523438E3,6.688717310E-1
4.562988281E3,7.590251824E-1
4.564453125E3,8.058730958E-1
4.565917969E3,7.162997341E-1
4.567382812E3,3.283299948E-1
4.568847656E3,2.916991258E-1
4.570312500E3,4.834313594E-1
4.571777344E3,4.712195026E-1
4.573242188E3,2.560631659E-1
4.574707031E3,4.561985011E-1
4.576171875E3,4.467741660E-2
4.577636719E3,6.155273360E-1
4.579101562E3,2.654166469E-1
4.580566406E3,3.502117238E-1
4.582031250E3,4.190646109E-1
4.583496094E3,4.204659053E-1
4.584960938E3,3.686072472E-1
4.586425781E3,4.303427039E-1
4.587890625E3,5.166261036E-1
4.589355469E3,1.998316336E-1
4.590820312E3,2.272604330E-1
4.592285156E3,1.198346244E-1
4.593750000E3,3.585438618E-1
4.595214844E3,1.488810222E-1
4.596679688E3,4.602052962E-1
4.598144531E3,3.682548259E-1
4.599609375E3,8.635770484E-1
4.601074219E3,7.279376079E-1
4.602539062E3,6.069655592E-1
4.604003906E3,4.427154061E-1
4.605468750E3,4.594833507E-1
4.606933594E3,4.319545453E-1
4.608398438E3,5.971133444E-1
4.609863281E3,2.314484973E-1
4.611328125E3,3.475805886E-1
4.612792969E3,3.120209053E-1
4.614257812E3,5.759701862E-1
4.615722656E3,4.035118885E-1
4.617187500E3,6.606229737E-1
4.618652344E3,3.476836650E-1
4.620117188E3,4.728409000E-1
4.621582031E3,5.003391650E-1
4.623046875E3,6.580504561E-1
4.624511719E3,6.920814539E-1
4.625976562E3,3.309450569E-1
4.627441406E3,5.879870663E-1
4.628906250E3,2.129050486E-1
4.630371094E3,2.527416833E-1
4.631835938E3,2.225571840E-1
4.633300781E3,6.948048212E-1
4.634765625E3,3.807404594E-1
4.636230469E3,4.435739427E-1
4.637695312E3,1.394537798E-1
4.639160156E3,3.664907202E-1
4.640625000E3,1.961256421E-1
4.642089844E3,5.752768383E-1
4.643554688E3,5.778490081E-2
4.645019531E3,4.260607582E-1
4.646484375E3,1.820572458E-1
4.647949219E3,1.771479845E-1
4.649414062E3,9.070187896E-2
4.650878906E3,1.848144325E-1
4.652343750E3,3.496720831E-1
4.653808594E3,1.118062250E-1
4.655273438E3,2.227574004E-1
4.656738281E3,3.885344665E-1
4.658203125E3,4.614193320E-1
4.659667969E3,2.582258501E-1
4.661132812E3,3.819886695E-1
4.662597656E3,4.441442838E-1
4.664062500E3,9.906084067E-2
4.665527344E3,3.099020011E-1
4.666992188E3,9.219459270E-2
4.668457031E3,3.771929498E-1
4.669921875E3,3.271208016E-1
4.671386719E3,8.535585266E-1
4.672851562E3,5.622934556E-1
4.674316406E3,4.437648431E-1
4.675781250E3,3.386653048E-1
4.677246094E3,3.356830758E-1
4.678710938E3,2.230774072E-1
4.680175781E3,6.686093908E-1
4.681640625E3,3.761042519E-1
4.683105469E3,1.956491357E-1
4.684570312E3,1.628320620E-1
4.686035156E3,4.374864882E-1
4.687500000E3,2.568208333E-1
4.688964844E3,3.598036934E-1
4.690429688E3,2.721364627E-1
4.691894531E3,6.217705539E-1
4.693359375E3,4.255161933E-1
4.694824219E3,1.836151838E-1
4.696289062E3,1.221657969E-1
4.697753906E3,3.514472253E-1
4.699218750E3,4.832762202E-1
4.700683594E3,2.400684684E-1
4.702148438E3,5.437496231E-1
4.703613281E3,3.659854961E-1
4.705078125E3,3.936521622E-1
4.706542969E3,6.040102243E-1
4.708007812E3,2.646154042E-1
4.709472656E3,2.148226251E-1
4.710937500E3,6.319783324E-1
4.712402344E3,6.242160192E-1
4.713867188E3,3.112702751E-1
4.715332031E3,5.141581620E-1
4.716796875E3,2.103313643E-1
4.718261719E3,3.806940880E-2
4.719726562E3,1.792670492E-1
4.721191406E3,5.679782226E-1
4.722656250E3,5.545318035E-1
4.724121094E3,3.522315858E-1
4.725585938E3,1.999275023E-1
4.727050781E3,4.583208923E-1
4.728515625E3,6.092897976E-1
4.729980469E3,1.537670805E-1
4.731445312E3,2.061452902E-1
4.732910156E3,2.375346175E-1
4.734375000E3,3.829741699E-1
4.735839844E3,5.017169473E-1
4.737304688E3,4.240000737E-1
4.738769531E3,2.299983095E-1
4.740234375E3,1.448025135E-1
4.741699219E3,1.235668693E-1
4.743164062E3,2.513774203E-1
4.744628906E3,3.094354438E-1
4.746093750E3,3.410184988E-1
4.747558594E3,4.078311808E-1
4.749023438E3,1.233510362E-1
4.750488281E3,5.196246393E-1
4.751953125E3,3.107733828E-1
4.753417969E3,4.169517335E-1
4.754882812E3,5.023155589E-1
4.756347656E3,2.784721403E-1
4.757812500E3,3.666772252E-1
4.759277344E3,3.639124664E-1
4.760742188E3,3.753080516E-1
4.762207031E3,5.574883975E-1
4.763671875E3,2.444356052E-1
4.765136719E3,2.782750224E-1
4.766601562E3,6.383828234E-1
4.768066406E3,7.616261421E-1
4.769531250E3,4.722638523E-1
4.770996094E3,7.795184606E-1
4.772460938E3,7.556970431E-1
4.773925781E3,6.336695341E-1
4.775390625E3,3.665254502E-1
4.776855469E3,6.879915679E-1
4.778320312E3,6.228312958E-1
4.779785156E3,5.730135354E-1
4.781250000E3,3.729708102E-1
4.782714844E3,4.546348140E-1
4.784179688E3,3.119248380E-1
4.785644531E3,1.510450567E-1
4.787109375E3,1.147959678E-1
4.788574219E3,3.435360241E-1
4.790039062E3,2.449934998E-1
4.791503906E3,4.492251986E-1
4.792968750E3,2.620694208E-1
4.794433594E3,8.888574817E-1
4.795898438E3,8.518122138E-1
4.797363281E3,1.577362965E-1
4.798828125E3,1.586411009E-1
4.800292969E3,3.475988264E-1
4.801757812E3,2.702286151E-1
4.803222656E3,3.971801294E-1
4.804687500E3,2.889655098E-1
4.806152344E3,5.767289535E-1
4.807617188E3,5.140607971E-1
4.809082031E3,4.346390600E-1
4.810546875E3,1.506863027E-1
4.812011719E3,9.195936987E-1
4.813476562E3,3.784374065E-1
4.814941406E3,5.613747465E-1
4.816406250E3,4.611680789E-1
4.817871094E3,2.091938231E-1
4.819335938E3,2.896466987E-1
4.820800781E3,2.521825913E-1
4.822265625E3,1.267932759E-1
4.823730469E3,4.290922379E-1
4.825195312E3,4.073981488E-1
4.826660156E3,7.079638897E-1
4.828125000E3,3.706534759E-1
4.829589844E3,5.760061990E-1
4.831054688E3,3.742304766E-1
4.832519531E3,2.841982268E-1
4.833984375E3,3.804598951E-1
4.835449219E3,3.835094021E-1
4.836914062E3,4.284749409E-1
4.838378906E3,3.076869455E-1
4.839843750E3,4.524552593E-1
4.841308594E3,9.047656392E-1
4.842773438E3,7.965108415E-1
4.844238281E3,7.290665448E-1
4.845703125E3,7.257221165E-1
4.847167969E3,8.061540686E-1
4.848632812E3,6.713507597E-1
4.850097656E3,4.560873460E-1
4.851562500E3,7.527142142E-1
4.853027344E3,8.326147103E-1
4.854492188E3,3.803437547E-1
4.855957031E3,1.960172401E-1
4.857421875E3,1.056935393E-1
4.858886719E3,5.685874290E-1
4.860351562E3,7.944440577E-1
4.861816406E3,3.502251409E-1
4.863281250E3,1.365252721E-1
4.864746094E3,4.512091937E-1
4.866210938E3,7.183356271E-1
4.867675781E3,2.875762028E-1
4.869140625E3,3.690421976E-1
4.870605469E3,2.877787420E-1
4.872070312E3,1.485337929E-1
4.873535156E3,3.298610331E-1
4.875000000E3,7.205655345E-2
4.876464844E3,3.959093543E-1
4.877929688E3,2.592741364E-2
4.879394531E3,3.326953062E-1
4.880859375E3,6.085806236E-1
4.882324219E3,7.057452688E-1
4.883789062E3,3.858524488E-1
4.885253906E3,6.203263621E-1
4.886718750E3,3.044348038E-1
4.888183594E3,1.872339606E-1
4.889648438E3,1.916416536E-1
4.891113281E3,9.368015350E-2
4.892578125E3,1.517056324E-1
4.894042969E3,3.088429494E-1
4.895507812E3,4.015311279E-1
4.896972656E3,3.644648557E-1
4.898437500E3,7.616088685E-1
4.899902344E3,7.293153802E-1
4.901367188E3,3.532058866E-1
4.902832031E3,6.249744356E-1
4.904296875E3,2.896587580E-1
4.905761719E3,5.049534811E-1
4.907226562E3,6.292375904E-1
4.908691406E3,6.841852883E-1
4.910156250E3,4.893703592E-1
4.911621094E3,3.459983560E-1
4.913085938E3,2.608702794E-1
4.914550781E3,4.154199052E-1
4.916015625E3,4.887185421E-1
4.917480469E3,6.985073629E-1
4.918945312E3,1.785526476E-1
4.920410156E3,5.308165415E-1
4.921875000E3,7.335057771E-1
4.923339844E3,5.122465716E-1
4.924804688E3,1.628507559E-1
4.926269531E3,2.329296206E-1
4.927734375E3,2.930604883E-2
4.929199219E3,2.823386954E-1
4.930664062E3,1.210798895E-1
4.932128906E3,5.336851004E-1
4.933593750E3,1.463200629E-1
4.935058594E3,3.078838525E-1
4.936523438E3,3.048843313E-1
4.937988281E3,8.469142017E-1
4.939453125E3,5.499158913E-1
4.940917969E3,5.521826397E-1
4.942382812E3,4.104274408E-1
4.943847656E3,6.231448183E-2
4.945312500E3,2.895387064E-1
4.946777344E3,6.378384214E-1
4.948242188E3,3.652681201E-1
4.949707031E3,2.274055066E-1
4.951171875E3,1.693322775E-1
4.952636719E3,2.973853580E-1
4.954101562E3,4.456904510E-1
4.955566406E3,4.247549750E-1
4.957031250E3,2.727514669E-1
4.958496094E3,6.078659122E-1
4.959960938E3,3.561146574E-1
4.961425781E3,3.272677560E-1
4.962890625E3,5.187885355E-1
4.964355469E3,2.769961634E-1
4.965820312E3,4.185810246E-1
4.967285156E3,2.730503779E-1
4.968750000E3,4.310824760E-1
4.970214844E3,1.242684318E-1
4.971679688E3,4.178936440E-1
4.973144531E3,2.647061671E-1
4.974609375E3,1.628591929E-1
4.976074219E3,3.667240555E-1
4.977539062E3,2.263124853E-1
4.979003906E3,9.227194026E-2
4.980468750E3,1.891393579E-1
4.981933594E3,3.572871076E-1
4.983398438E3,9.493878978E-2
4.984863281E3,2.708474157E-1
4.986328125E3,1.364283713E-1
4.987792969E3,3.423413760E-1
4.989257812E3,5.716276643E-2
4.990722656E3,4.818493223E-1
4.992187500E3,4.932498605E-1
4.993652344E3,3.891224452E-1
4.995117188E3,3.329193161E-1
4.996582031E3,8.401240858E-2
4.998046875E3,3.421034462E-1
4.999511719E3,4.685786315E-1
5.000976562E3,5.009986110E-1
5.002441406E3,3.862255401E-1
5.003906250E3,4.479623133E-1
5.005371094E3,6.731723223E-1
5.006835938E3,2.102125725E-1
5.008300781E3,2.386184994E-1
5.009765625E3,1.748680976E-1
5.011230469E3,3.016608419E-1
5.012695312E3,4.712309754E-1
5.014160156E3,7.493128269E-2
5.015625000E3,3.017062509E-1
5.017089844E3,3.547261866E-1
5.018554688E3,1.515386507E-1
5.020019531E3,8.769986937E-2
5.021484375E3,1.010771351E-1
5.022949219E3,2.481601087E-1
5.024414062E3,2.492385128E-1
5.025878906E3,5.620526736E-1
5.027343750E3,2.723408548E-1
5.028808594E3,6.659719129E-1
5.030273438E3,4.459461004E-1
5.031738281E3,2.891312516E-1
5.033203125E3,4.821296742E-1
5.034667969E3,6.074887512E-1
5.036132812E3,8.161393008E-1
5.037597656E3,4.399643536E-1
5.039062500E3,3.022082904E-1
5.040527344E3,6.584687119E-2
5.041992188E3,1.294392949E-1
5.043457031E3,4.448916350E-2
5.044921875E3,1.564150066E-1
5.046386719E3,2.050502869E-1
5.047851562E3,2.332633395E-1
5.049316406E3,1.775414500E-1
5.050781250E3,3.532567503E-1
5.052246094E3,4.437198395E-1
5.053710938E3,3.566855089E-1
5.055175781E3,3.304726812E-1
5.056640625E3,7.219122774E-2
5.058105469E3,4.072028659E-1
5.059570312E3,2.508824566E-1
5.061035156E3,7.052827132E-2
5.062500000E3,1.435574503E-1
5.063964844E3,2.039742344E-1
5.065429688E3,4.431377571E-1
5.066894531E3,6.099145951E-1
5.068359375E3,2.900229593E-1
5.069824219E3,4.240466289E-1
5.071289062E3,2.347615903E-1
5.072753906E3,2.096043909E-1
5.074218750E3,3.459890717E-1
5.075683594E3,3.940083312E-1
5.077148438E3,4.348666512E-1
5.078613281E3,6.615631977E-2
5.080078125E3,2.257902121E-1
5.081542969E3,1.238767503E-1
5.083007812E3,2.022211227E-1
5.084472656E3,8.986793323E-2
5.085937500E3,1.896248452E-1
5.087402344E3,3.792595537E-1
5.088867188E3,1.957545972E-1
5.090332031E3,4.664688424E-1
5.091796875E3,3.617520863E-1
5.093261719E3,3.893374339E-1
5.094726562E3,2.813683687E-1
5.096191406E3,1.538757226E-1
5.097656250E3,1.286503097E-1
5.099121094E3,2.212138910E-1
5.100585938E3,4.104411112E-1
5.102050781E3,2.245676969E-1
5.103515625E3,2.947112254E-1
5.104980469E3,1.054048768E-1
5.106445312E3,3.595376870E-1
5.107910156E3,3.005552277E-1
5.109375000E3,4.221065742E-1
5.110839844E3,2.602210617E-1
5.112304688E3,3.553349137E-1
5.113769531E3,1.067229892E-1
5.115234375E3,1.710146317E-1
5.116699219E3,4.097698831E-1
5.118164062E3,3.492516003E-1
5.119628906E3,7.010217160E-1
5.121093750E3,2.495295322E-1
5.122558594E3,2.477164473E-1
5.124023438E3,3.104304441E-1
5.125488281E3,4.372263103E-1
5.126953125E3,3.745831996E-1
5.128417969E3,4.530797945E-1
5.129882812E3,5.370316376E-1
5.131347656E3,3.913351297E-1
5.132812500E3,2.189679118E-1
5.134277344E3,3.766058764E-1
5.135742188E3,4.922702148E-1
5.137207031E3,7.065687333E-1
5.138671875E3,6.074037521E-2
5.140136719E3,3.042664084E-1
5.141601562E3,1.905490267E-1
5.143066406E3,5.406984385E-1
5.144531250E3,2.044913217E-1
5.145996094E3,1.252830371E-1
5.147460938E3,5.511342141E-1
5.148925781E3,4.201479604E-1
5.150390625E3,2.989455865E-1
5.151855469E3,2.579541372E-1
5.153320312E3,1.402317627E-1
5.154785156E3,3.438982869E-1
5.156250000E3,1.222960184E-1
5.157714844E3,5.445196356E-1
5.159179688E3,4.117617956E-1
5.160644531E3,7.171131460E-1
5.162109375E3,4.803743523E-1
5.163574219E3,5.969764538E-1
5.165039062E3,1.983079468E-1
5.166503906E3,7.574034551E-1
5.167968750E3,2.042245773E-1
5.169433594E3,5.082011399E-1
5.170898438E3,1.166784729E-1
5.172363281E3,1.923754902E-1
5.173828125E3,3.106650951E-1
5.175292969E3,1.185857827E-1
5.176757812E3,7.168820005E-1
5.178222656E3,4.759087939E-1
5.179687500E3,3.437275762E-1
5.181152344E3,3.383070772E-1
5.182617188E3,5.731403927E-1
5.184082031E3,2.508707009E-1
5.185546875E3,2.793577142E-1
5.187011719E3,1.053672261E-1
5.188476562E3,5.718797547E-1
5.189941406E3,1.637520815E-1
5.191406250E3,4.017255591E-1
5.192871094E3,7.295237733E-1
5.194335938E3,4.564398326E-1
5.195800781E3,4.138408017E-1
5.197265625E3,7.096285493E-1
5.198730469E3,1.202209860E-1
5.200195312E3,3.571388860E-1
5.201660156E3,1.369736944E-1
5.203125000E3,6.454509608E-1
5.204589844E3,3.174842969E-1
5.206054688E3,3.004866507E-1
5.207519531E3,2.244005518E-1
5.208984375E3,1.792430664E-1
5.210449219E3,1.865059214E-1
5.211914062E3,2.437218279E-1
5.213378906E3,8.339575545E-2
5.214843750E3,1.064915936E-1
5.216308594E3,1.139685897E-1
5.217773438E3,7.105387526E-2
5.219238281E3,6.881752442E-2
5.220703125E3,9.183351990E-2
5.222167969E3,4.294496011E-1
5.223632812E3,3.834616789E-1
5.225097656E3,2.491822422E-1
5.226562500E3,2.970560612E-1
5.228027344E3,3.670073644E-1
5.229492188E3,2.155592437E-1
5.230957031E3,3.775048218E-1
5.232421875E3,2.529655713E-1
5.233886719E3,1.576923774E-1
5.235351562E3,2.192711631E-1
5.236816406E3,1.963788633E-1
5.238281250E3,2.987700358E-1
5.239746094E3,4.155706233E-1
5.241210938E3,1.313861532E-1
5.242675781E3,2.563215277E-1
5.244140625E3,3.292365700E-1
5.245605469E3,8.429678821E-2
5.247070312E3,2.829662627E-1
5.248535156E3,4.103891926E-1
5.250000000E3,5.243633591E-1
5.251464844E3,4.409236186E-1
5.252929688E3,3.628120509E-1
5.254394531E3,3.955365008E-1
5.255859375E3,3.237805740E-1
5.257324219E3,2.215053759E-1
5.258789062E3,1.344007183E-1
5.260253906E3,3.248922403E-1
5.261718750E3,4.896068497E-1
5.263183594E3,3.542835459E-1
5.264648438E3,1.445805414E-1
5.266113281E3,1.174532361E-1
5.267578125E3,3.972960425E-1
5.269042969E3,2.903232965E-1
5.270507812E3,1.113434958E-1
5.271972656E3,2.171788678E-1
5.273437500E3,5.446817025E-1
5.274902344E3,6.151638499E-2
5.276367188E3,3.355516933E-1
5.277832031E3,2.037490612E-1
5.279296875E3,9.579181186E-2
5.280761719E3,7.736904032E-2
5.282226562E3,2.961127084E-1
5.283691406E3,4.026898261E-1
5.285156250E3,1.583153975E-1
5.286621094E3,4.398022777E-1
5.288085938E3,5.207076330E-1
5.289550781E3,3.372524661E-1
5.291015625E3,3.984288432E-1
5.292480469E3,1.149026074E-1
5.293945312E3,2.740524719E-1
5.295410156E3,6.553075901E-1
5.296875000E3,4.482855170E-1
5.298339844E3,4.732313187E-1
5.299804688E3,1.458888671E-1
5.301269531E3,2.361495817E-1
5.302734375E3,2.404961890E-1
5.304199219E3,2.013266320E-1
5.305664062E3,4.445702631E-1
5.307128906E3,3.203596567E-1
5.308593750E3,3.552429398E-1
5.310058594E3,3.746383350E-1
5.311523438E3,3.198090030E-1
5.312988281E3,2.376826175E-1
5.314453125E3,4.593997370E-2
5.315917969E3,2.114278616E-1
5.317382812E3,4.165200408E-1
5.318847656E3,1.555555509E-1
5.320312500E3,2.008316698E-1
5.321777344E3,7.520318768E-2
5.323242188E3,3.500939202E-1
5.324707031E3,4.506601924E-1
5.326171875E3,4.932776636E-1
5.327636719E3,3.098605600E-1
5.329101562E3,1.187080531E-1
5.330566406E3,3.386307306E-1
5.332031250E3,1.116962608E-1
5.333496094E3,5.753656944E-1
5.334960938E3,3.836162583E-1
5.336425781E3,4.905889114E-1
5.337890625E3,3.516144159E-1
5.339355469E3,9.760412485E-2
5.340820312E3,3.160517648E-1
5.342285156E3,4.200210549E-1
5.343750000E3,8.953856137E-1
5.345214844E3,1.781946782E-1
5.346679688E3,4.131293498E-1
5.348144531E3,3.162038380E-1
5.349609375E3,4.394548068E-1
5.351074219E3,5.980268373E-1
5.352539062E3,5.029111843E-1
5.354003906E3,4.811899534E-1
5.355468750E3,3.200760928E-1
5.356933594E3,1.050792817E-1
5.358398438E3,3.866526339E-1
5.359863281E3,5.227478047E-1
5.361328125E3,5.219560454E-1
5.362792969E3,3.257266549E-1
5.364257812E3,3.163595130E-1
5.365722656E3,1.719519566E-1
5.367187500E3,5.595387182E-1
5.368652344E3,4.259013170E-1
5.370117188E3,4.175015393E-1
5.371582031E3,1.617434494E-1
5.373046875E3,3.485620594E-1
5.374511719E3,2.559561744E-1
5.375976562E3,4.303375315E-1
5.377441406E3,4.803854938E-1
5.378906250E3,4.323142428E-1
5.380371094E3,2.200958915E-1
5.381835938E3,3.174312119E-1
5.383300781E3,4.765095428E-1
5.384765625E3,5.742250131E-1
5.386230469E3,6.317691584E-1
5.387695312E3,1.635426522E-1
5.389160156E3,1.064561713E-1
5.390625000E3,5.274057871E-1
5.392089844E3,6.951624597E-1
5.393554688E3,6.703735354E-1
5.395019531E3,5.383919806E-1
5.396484375E3,4.475969750E-1
5.397949219E3,2.367200842E-1
5.399414062E3,3.119268533E-1
5.400878906E3,3.789806758E-1
5.402343750E3,7.206657460E-1
5.403808594E3,4.517921950E-1
5.405273438E3,9.389291653E-2
5.406738281E3,3.197797500E-1
5.408203125E3,5.746592305E-1
5.409667969E3,5.786077235E-1
5.411132812E3,5.014871696E-1
5.412597656E3,4.220417859E-1
5.414062500E3,4.245553317E-1
5.415527344E3,3.911637859E-1
5.416992188E3,2.492899005E-1
5.418457031E3,6.061275668E-1
5.419921875E3,3.360453094E-1
5.421386719E3,3.551315512E-1
5.422851562E3,1.070151096E-1
5.424316406E3,4.057674419E-1
5.425781250E3,4.561984883E-1
5.427246094E3,9.369967491E-2
5.428710938E3,2.014814254E-1
5.430175781E3,2.909664464E-1
5.431640625E3,5.788144883E-1
5.433105469E3,3.508035811E-1
5.434570312E3,4.986060812E-1
5.436035156E3,5.544182818E-1
5.437500000E3,4.203487417E-1
5.438964844E3,4.217863062E-1
5.440429688E3,2.441549826E-1
5.441894531E3,1.499841008E-1
5.443359375E3,3.164670443E-1
5.444824219E3,1.968177766E-1
5.446289062E3,3.618963219E-1
5.447753906E3,7.554838258E-2
5.449218750E3,3.119295076E-1
5.450683594E3,1.387243686E-1
5.452148438E3,3.471645187E-1
5.453613281E3,3.395506008E-1
5.455078125E3,3.896928008E-1
5.456542969E3,4.716328979E-1
5.458007812E3,7.062738744E-1
5.459472656E3,5.866857705E-1
5.460937500E3,5.422943702E-1
5.462402344E3,4.660416482E-1
5.463867188E3,4.246314937E-1
5.465332031E3,5.576115424E-1
5.466796875E3,1.023788587E0
5.468261719E3,1.766277428E-1
5.469726562E3,3.062955434E-1
5.471191406E3,5.292659068E-1
5.472656250E3,3.792071788E-1
5.474121094E3,3.393620109E-2
5.475585938E3,5.911729102E-1
5.477050781E3,7.606155197E-1
5.478515625E3,3.917112637E-1
5.479980469E3,4.399668536E-1
5.481445312E3,3.776982135E-1
5.482910156E3,3.645190834E-1
5.484375000E3,8.380641272E-1
5.485839844E3,5.857007292E-1
5.487304688E3,2.376703132E-1
5.488769531E3,2.118377163E-1
5.490234375E3,9.312169145E-2
5.491699219E3,3.973353939E-1
5.493164062E3,6.207560005E-1
5.494628906E3,2.932546662E-1
5.496093750E3,3.595234213E-1
5.497558594E3,3.797522389E-1
5.499023438E3,2.155131329E-1
5.500488281E3,1.423068703E-1
5.501953125E3,8.004533536E-2
5.503417969E3,2.135674660E-1
5.504882812E3,2.085344597E-1
5.506347656E3,7.808228106E-1
5.507812500E3,6.996699111E-1
5.509277344E3,5.567093051E-1
5.510742188E3,4.232376942E-1
5.512207031E3,3.484023579E-1
5.513671875E3,1.820778023E-1
5.515136719E3,4.674916811E-1
5.516601562E3,1.327319599E-1
5.518066406E3,3.407240070E-1
5.519531250E3,8.542037150E-2
5.520996094E3,3.442597691E-1
5.522460938E3,3.032208671E-1
5.523925781E3,5.423297843E-1
5.525390625E3,2.425926594E-1
5.526855469E3,3.223362014E-1
5.528320312E3,5.231393219E-1
5.529785156E3,9.328862292E-2
5.531250000E3,2.482754801E-1
5.532714844E3,3.236246718E-1
5.534179688E3,1.410820971E-1
5.535644531E3,2.666194620E-1
5.537109375E3,2.304707545E-1
5.538574219E3,2.967268572E-1
5.540039062E3,2.708657058E-1
5.541503906E3,2.182168644E-1
5.542968750E3,2.178955532E-1
5.544433594E3,2.036316473E-1
5.545898438E3,2.580826769E-1
5.547363281E3,3.262800056E-1
5.548828125E3,9.709502012E-2
5.550292969E3,1.145150324E-1
5.551757812E3,2.241041706E-1
5.553222656E3,1.079941491E-1
5.554687500E3,6.892691119E-2
5.556152344E3,2.145656130E-1
5.557617188E3,2.586165651E-1
5.559082031E3,3.086659871E-1
5.560546875E3,2.908495898E-1
5.562011719E3,3.151683506E-1
5.563476562E3,3.691279172E-1
5.564941406E3,3.249456710E-1
5.566406250E3,5.114976048E-1
5.567871094E3,2.039008112E-1
5.569335938E3,2.849667980E-1
5.570800781E3,4.466992587E-1
5.572265625E3,4.842007277E-1
5.573730469E3,1.845293624E-1
5.575195312E3,8.540634804E-2
5.576660156E3,1.962657759E-1
5.578125000E3,6.234640280E-1
5.579589844E3,6.230020635E-1
5.581054688E3,5.179370867E-1
5.582519531E3,3.593050334E-1
5.583984375E3,2.288483712E-1
5.585449219E3,8.341094001E-2
5.586914062E3,2.422316647E-1
5.588378906E3,2.759953565E-1
5.589843750E3,2.089771118E-1
5.591308594E3,1.125899505E-1
5.592773438E3,2.245135666E-1
5.594238281E3,2.084297067E-1
5.595703125E3,2.535134898E-1
5.597167969E3,4.740017954E-1
5.598632812E3,2.748858901E-1
5.600097656E3,4.810625986E-2
5.601562500E3,2.088010509E-1
5.603027344E3,4.457929767E-1
5.604492188E3,1.077891311E-1
5.605957031E3,3.183090493E-1
5.607421875E3,2.107699333E-1
5.608886719E3,4.153132824E-1
5.610351562E3,2.160693963E-1
5.611816406E3,3.956340169E-1
5.613281250E3,2.934343359E-1
5.614746094E3,3.847564315E-1
5.616210938E3,3.688531955E-1
5.617675781E3,3.735772311E-1
5.619140625E3,3.942166217E-1
5.620605469E3,5.572010666E-1
5.622070312E3,2.697129246E-1
5.623535156E3,3.544481384E-1
5.625000000E3,1.967888413E-1
5.626464844E3,1.176768025E-1
5.627929688E3,5.073617559E-1
5.629394531E3,4.897452729E-1
5.630859375E3,5.510116468E-1
5.632324219E3,2.876121713E-1
5.633789062E3,4.076264782E-1
5.635253906E3,4.028074498E-1
5.636718750E3,5.044469859E-1
5.638183594E3,5.433443715E-1
5.639648438E3,2.421363540E-1
5.641113281E3,3.117965676E-1
5.642578125E3,4.199487778E-1
5.644042969E3,4.700509872E-1
5.645507812E3,6.451893873E-1
5.646972656E3,5.065271061E-1
5.648437500E3,5.114141316E-1
5.649902344E3,5.252325589E-1
5.651367188E3,3.062728864E-1
5.652832031E3,3.526373149E-1
5.654296875E3,6.565224494E-1
5.655761719E3,5.290986064E-1
5.657226562E3,3.663949837E-1
5.658691406E3,3.247245205E-1
5.660156250E3,3.269393983E-1
5.661621094E3,4.083572602E-1
5.663085938E3,5.265388652E-1
5.664550781E3,2.132158326E-1
5.666015625E3,4.658889360E-1
5.667480469E3,1.919738905E-1
5.668945312E3,1.724390828E-1
5.670410156E3,2.362369103E-1
5.671875000E3,9.296280479E-2
5.673339844E3,8.383285864E-2
5.674804688E3,1.641370982E-1
5.676269531E3,1.134892771E-1
5.677734375E3,2.198484091E-1
5.679199219E3,2.245336716E-1
5.680664062E3,4.431354936E-1
5.682128906E3,7.957775175E-2
5.683593750E3,1.481644070E-1
5.685058594E3,2.553667027E-1
5.686523438E3,1.853705585E-1
5.687988281E3,3.692721272E-1
5.689453125E3,2.457404556E-1
5.690917969E3,9.981467841E-3
5.692382812E3,1.973738360E-1
5.693847656E3,1.029200252E-1
5.695312500E3,2.800951063E-1
5.696777344E3,1.882621908E-1
5.698242188E3,1.969412547E-1
5.699707031E3,9.352286462E-2
5.701171875E3,1.847497254E-1
5.702636719E3,3.357807645E-1
5.704101562E3,2.662457671E-1
5.705566406E3,5.374949133E-1
5.707031250E3,3.965331542E-1
5.708496094E3,3.718490403E-1
5.709960938E3,3.181705879E-1
5.711425781E3,7.844736710E-2
5.712890625E3,6.641443906E-2
5.714355469E3,4.299063521E-1
5.715820312E3,1.513006222E-1
5.717285156E3,3.167280883E-1
5.718750000E3,4.738894558E-2
5.720214844E3,4.283974617E-1
5.721679688E3,5.378717151E-1
5.723144531E3,6.060105277E-1
5.724609375E3,1.282488770E-1
5.726074219E3,4.359962624E-1
5.727539062E3,3.734463167E-1
5.729003906E3,6.133443308E-1
5.730468750E3,4.117599567E-1
5.731933594E3,3.146808482E-1
5.733398438E3,1.665531009E-1
5.734863281E3,3.622293449E-1
5.736328125E3,2.984512119E-1
5.737792969E3,3.484314805E-1
5.739257812E3,2.653898948E-1
5.740722656E3,3.845730804E-1
5.742187500E3,8.494961833E-2
5.743652344E3,2.085847945E-1
5.745117188E3,2.071395186E-1
5.746582031E3,2.132994718E-1
5.748046875E3,2.588678753E-1
5.749511719E3,9.820286867E-2
5.750976562E3,7.421227411E-2
5.752441406E3,2.307810440E-1
5.753906250E3,3.457899163E-1
5.755371094E3,3.574197943E-1
5.756835938E3,2.605491468E-1
5.758300781E3,4.071041410E-1
5.759765625E3,2.326935797E-1
5.761230469E3,3.347132411E-1
5.762695312E3,1.836776393E-1
5.764160156E3,2.496359857E-1
5.765625000E3,1.885224858E-1
5.767089844E3,4.357059851E-1
5.768554688E3,4.801564507E-1
5.770019531E3,7.297206357E-1
5.771484375E3,6.022803379E-1
5.772949219E3,7.259172012E-1
5.774414062E3,5.372203925E-1
5.775878906E3,5.571920221E-1
5.777343750E3,5.001743099E-1
5.778808594E3,3.482932054E-1
5.780273438E3,2.957276838E-1
5.781738281E3,3.020157558E-1
5.783203125E3,5.340464299E-1
5.784667969E3,5.495678317E-1
5.786132812E3,3.601993634E-1
5.787597656E3,2.298361587E-1
5.789062500E3,2.385034592E-1
5.790527344E3,2.105168669E-1
5.791992188E3,1.224305503E-1
5.793457031E3,5.099583404E-2
5.794921875E3,1.378894801E-1
5.796386719E3,2.494087025E-1
5.797851562E3,1.867933636E-1
5.799316406E3,6.203233812E-2
5.800781250E3,1.402729345E-1
5.802246094E3,2.986656018E-1
5.803710938E3,5.480979914E-1
5.805175781E3,2.879980719E-1
5.806640625E3,5.914922082E-1
5.808105469E3,2.468663177E-1
5.809570312E3,2.779729770E-1
5.811035156E3,2.213442333E-1
5.812500000E3,2.231834330E-1
5.813964844E3,1.279481237E-1
5.815429688E3,1.310928100E-1
5.816894531E3,6.219758421E-2
5.818359375E3,7.327276718E-2
5.819824219E3,8.485415322E-2
5.821289062E3,2.184454872E-1
5.822753906E3,1.053293675E-1
5.824218750E3,6.700319737E-2
5.825683594E3,4.549131339E-1
5.827148438E3,2.939889239E-1
5.828613281E3,4.605525549E-1
5.830078125E3,4.546210317E-1
5.831542969E3,3.527715976E-1
5.833007812E3,6.391678783E-1
5.834472656E3,3.964105661E-1
5.835937500E3,4.794365705E-1
5.837402344E3,5.045717906E-1
5.838867188E3,1.944330430E-1
5.840332031E3,3.986698524E-1
5.841796875E3,1.829276331E-1
5.843261719E3,3.053239829E-1
5.844726562E3,1.576733571E-1
5.846191406E3,3.740342433E-1
5.847656250E3,4.567415486E-1
5.849121094E3,3.025592832E-1
5.850585938E3,9.748000110E-2
5.852050781E3,3.252064461E-1
5.853515625E3,2.438500828E-1
5.854980469E3,1.703780281E-1
5.856445312E3,3.259586845E-1
5.857910156E3,3.758856944E-1
5.859375000E3,2.588580047E-1
5.860839844E3,7.804537861E-2
5.862304688E3,2.870703492E-1
5.863769531E3,8.152017346E-2
5.865234375E3,4.658648455E-2
5.866699219E3,1.764705323E-1
5.868164062E3,1.269208143E-1
5.869628906E3,5.390765883E-1
5.871093750E3,3.861435413E-1
5.872558594E3,4.098135168E-1
5.874023438E3,3.984136454E-1
5.875488281E3,4.043796262E-1
5.876953125E3,4.099939048E-1
5.878417969E3,4.348163551E-1
5.879882812E3,3.347157939E-1
5.881347656E3,2.750510455E-1
5.882812500E3,3.110304651E-1
5.884277344E3,3.723831179E-1
5.885742188E3,3.260290346E-1
5.887207031E3,3.928651748E-1
5.888671875E3,3.219509716E-1
5.890136719E3,3.044156386E-1
5.891601562E3,4.225805248E-1
5.893066406E3,1.794282701E-1
5.894531250E3,1.339658349E-1
5.895996094E3,2.343467943E-1
5.897460938E3,3.107049283E-1
5.898925781E3,3.672625392E-1
5.900390625E3,1.512161257E-1
5.901855469E3,2.287232832E-1
5.903320312E3,4.848430805E-2
5.904785156E3,2.764143969E-1
5.906250000E3,3.677399246E-1
5.907714844E3,4.605422034E-1
5.909179688E3,1.499509221E-1
5.910644531E3,2.704021183E-1
5.912109375E3,3.889408068E-1
5.913574219E3,3.734381056E-1
5.915039062E3,2.916637214E-1
5.916503906E3,2.008200941E-1
5.917968750E3,2.253784207E-1
5.919433594E3,1.530653476E-1
5.920898438E3,1.580591915E-1
5.922363281E3,3.429056652E-1
5.923828125E3,3.483913106E-1
5.925292969E3,9.423373985E-2
5.926757812E3,1.724956318E-1
5.928222656E3,4.588026906E-1
5.929687500E3,4.310161026E-1
5.931152344E3,5.516116674E-1
5.932617188E3,2.620598888E-1
5.934082031E3,3.123481667E-1
5.935546875E3,2.650252030E-1
5.937011719E3,1.753514560E-1
5.938476562E3,2.091710372E-1
5.939941406E3,5.422907322E-2
5.941406250E3,3.955014928E-1
5.942871094E3,5.577791445E-2
5.944335938E3,4.116531209E-1
5.945800781E3,1.191418285E-1
5.947265625E3,2.626856916E-1
5.948730469E3,2.364051427E-1
5.950195312E3,1.710546832E-1
5.951660156E3,2.158270306E-1
5.953125000E3,2.924843136E-1
5.954589844E3,2.369626669E-1
5.956054688E3,4.536837483E-1
5.957519531E3,3.774088290E-1
5.958984375E3,2.950948945E-1
5.960449219E3,2.824552215E-1
5.961914062E3,3.069790033E-1
5.963378906E3,4.220846661E-1
5.964843750E3,3.711284262E-1
5.966308594E3,3.068608869E-1
5.967773438E3,1.017517735E-1
5.969238281E3,2.500460090E-1
5.970703125E3,1.387695178E-1
5.972167969E3,5.361959222E-1
5.973632812E3,5.506880659E-1
5.975097656E3,5.158012980E-1
5.976562500E3,6.513036508E-1
5.978027344E3,7.429864797E-1
5.979492188E3,5.881951243E-1
5.980957031E3,8.860466916E-1
5.982421875E3,7.579184860E-1
5.983886719E3,4.711548601E-1
5.985351562E3,2.607186020E-1
5.986816406E3,3.429141969E-1
5.988281250E3,3.646974156E-1
5.989746094E3,5.296999301E-1
5.991210938E3,1.002934069E-1
5.992675781E3,4.731204110E-1
5.994140625E3,3.747933809E-1
5.995605469E3,3.258721764E-1
5.997070312E3,2.912163620E-1
5.998535156E3,5.460709872E-1
6.000000000E3,5.082247207E-1
6.001464844E3,5.315816494E-1
6.002929688E3,4.464510592E-1
6.004394531E3,3.206110208E-1
6.005859375E3,5.040187586E-1
6.007324219E3,6.332243676E-1
6.008789062E3,5.693053101E-1
6.010253906E3,4.804945127E-1
6.011718750E3,3.365050478E-1
6.013183594E3,4.282459977E-1
6.014648438E3,3.642593841E-1
6.016113281E3,1.151015087E-1
6.017578125E3,2.472702487E-1
6.019042969E3,1.575701709E-1
6.020507812E3,1.615657982E-1
6.021972656E3,1.715900592E-1
6.023437500E3,8.551411545E-2
6.024902344E3,1.214307125E-1
6.026367188E3,1.832150187E-1
6.027832031E3,2.236890008E-1
6.029296875E3,4.310975338E-1
6.030761719E3,2.277276495E-1
6.032226562E3,4.240656856E-1
6.033691406E3,1.594945305E-1
6.035156250E3,3.789797197E-1
6.036621094E3,2.177988175E-1
6.038085938E3,2.194498863E-1
6.039550781E3,2.770809897E-1
6.041015625E3,9.716462817E-2
6.042480469E3,1.192139143E-1
6.043945312E3,3.658004485E-1
6.045410156E3,1.427362924E-1
6.046875000E3,9.117163818E-2
6.048339844E3,2.122081752E-1
6.049804688E3,1.858594920E-1
6.051269531E3,1.644963443E-1
6.052734375E3,3.878355909E-1
6.054199219E3,1.462732018E-1
6.055664062E3,5.950096829E-1
6.057128906E3,2.786432379E-1
6.058593750E3,1.389967133E-1
6.060058594E3,1.069207999E-1
6.061523438E3,1.409591800E-1
6.062988281E3,1.019885669E-1
6.064453125E3,3.507515431E-1
6.065917969E3,2.423275942E-1
6.067382812E3,2.457110018E-1
6.068847656E3,1.310579360E-1
6.070312500E3,2.258426127E-1
6.071777344E3,2.258253569E-1
6.073242188E3,1.357780089E-1
6.074707031E3,2.790647234E-1
6.076171875E3,1.423411104E-1
6.077636719E3,2.861174995E-1
6.079101562E3,6.012740265E-2
6.080566406E3,1.372851629E-1
6.082031250E3,1.694365721E-1
6.083496094E3,9.701835849E-2
6.084960938E3,1.356949597E-1
6.086425781E3,8.494918249E-2
6.087890625E3,2.480335109E-1
6.089355469E3,4.196703447E-2
6.090820312E3,3.385321704E-1
6.092285156E3,3.434323902E-1
6.093750000E3,2.723507982E-1
6.095214844E3,2.601738394E-1
6.096679688E3,2.547567261E-1
6.098144531E3,3.303905464E-1
6.099609375E3,4.816597052E-1
6.101074219E3,3.307117596E-1
6.102539062E3,2.267822637E-1
6.104003906E3,4.380535070E-1
6.105468750E3,3.039696326E-1
6.106933594E3,3.035942054E-1
6.108398438E3,4.546735074E-1
6.109863281E3,1.894434195E-1
6.111328125E3,2.334821321E-1
6.112792969E3,3.015310979E-1
6.114257812E3,9.797170479E-2
6.115722656E3,2.645821277E-1
6.117187500E3,3.500803214E-1
6.118652344E3,3.152574878E-1
6.120117188E3,3.572457514E-1
6.121582031E3,3.711139373E-1
6.123046875E3,1.351303557E-1
6.124511719E3,3.786957973E-1
6.125976562E3,6.949758165E-1
6.127441406E3,4.927997735E-1
6.128906250E3,5.974848527E-1
6.130371094E3,4.092717607E-1
6.131835938E3,2.119481728E-1
6.133300781E3,4.896532457E-1
6.134765625E3,5.084135533E-1
6.136230469E3,4.017901357E-1
6.137695312E3,4.496691565E-1
6.139160156E3,2.939873103E-1
6.140625000E3,2.464888766E-1
6.142089844E3,4.051988307E-1
6.143554688E3,3.900042627E-1
6.145019531E3,2.434008850E-1
6.146484375E3,4.079176051E-2
6.147949219E3,2.226813169E-1
6.149414062E3,2.015939896E-1
6.150878906E3,7.494307689E-2
6.152343750E3,3.368509925E-1
6.153808594E3,2.757212368E-1
6.155273438E3,1.574166352E-1
6.156738281E3,2.707674057E-1
6.158203125E3,4.218637042E-1
6.159667969E3,1.091556706E-1
6.161132812E3,2.623944987E-1
6.162597656E3,1.150767837E-1
6.164062500E3,2.614792935E-1
6.165527344E3,1.975240901E-1
6.166992188E3,2.348848874E-1
6.168457031E3,3.261125681E-1
6.169921875E3,9.978114401E-2
6.171386719E3,3.044127249E-1
6.172851562E3,3.548353192E-1
6.174316406E3,3.154500897E-1
6.175781250E3,3.661419401E-1
6.177246094E3,2.750327244E-1
6.178710938E3,3.455179466E-1
6.180175781E3,1.564213910E-1
6.181640625E3,1.394453584E-1
6.183105469E3,2.469713441E-1
6.184570312E3,2.591692807E-1
6.186035156E3,1.793604601E-1
6.187500000E3,1.695904621E-1
6.188964844E3,3.472653972E-1
6.190429688E3,1.455174955E-1
6.191894531E3,1.894173930E-1
6.193359375E3,1.347780403E-1
6.194824219E3,2.719450176E-1
6.196289062E3,2.869815208E-1
6.197753906E3,2.429746322E-1
6.199218750E3,2.959958015E-1
6.200683594E3,2.574202442E-1
6.202148438E3,1.899167464E-1
6.203613281E3,2.175209492E-1
6.205078125E3,2.293283682E-2
6.206542969E3,2.663880296E-1
6.208007812E3,7.353174426E-2
6.209472656E3,1.066502602E-1
6.210937500E3,6.760256458E-2
6.212402344E3,2.644907896E-1
6.213867188E3,8.346768496E-2
6.215332031E3,2.162505481E-1
6.216796875E3,2.218656920E-1
6.218261719E3,3.071867983E-1
6.219726562E3,3.182999981E-1
6.221191406E3,2.829472940E-1
6.222656250E3,1.204717211E-1
6.224121094E3,1.043843241E-1
6.225585938E3,2.154506113E-1
6.227050781E3,2.539457010E-1
6.228515625E3,1.715733131E-1
6.229980469E3,2.424901194E-1
6.231445312E3,2.245066675E-1
6.232910156E3,2.986814378E-1
6.234375000E3,2.810223100E-1
6.235839844E3,2.897201258E-1
6.237304688E3,8.047574443E-2
6.238769531E3,1.080780197E-1
6.240234375E3,1.811025703E-1
6.241699219E3,3.704644902E-1
6.243164062E3,2.965199572E-1
6.244628906E3,3.322356828E-1
6.246093750E3,3.643278649E-1
6.247558594E3,2.499929727E-1
6.249023438E3,2.393131344E-1
6.250488281E3,2.253847612E-1
6.251953125E3,1.792223734E-1
6.253417969E3,2.418415567E-1
6.254882812E3,3.277304820E-1
6.256347656E3,1.572413655E-1
6.257812500E3,1.281752773E-1
6.259277344E3,8.383796241E-2
6.260742188E3,3.768800432E-1
6.262207031E3,2.799075325E-1
6.263671875E3,1.434490706E-1
6.265136719E3,5.819525825E-2
6.266601562E3,1.036125199E-1
6.268066406E3,3.072814415E-1
6.269531250E3,2.687819545E-1
6.270996094E3,1.775433176E-1
6.272460938E3,9.676037673E-2
6.273925781E3,2.471958435E-1
6.275390625E3,9.511278565E-2
6.276855469E3,1.443985529E-1
6.278320312E3,1.527227290E-1
6.279785156E3,2.020573858E-1
6.281250000E3,1.006712762E-1
6.282714844E3,5.034193553E-2
6.284179688E3,2.053229764E-1
6.285644531E3,1.660721434E-1
6.287109375E3,1.515659533E-1
6.288574219E3,2.701655000E-1
6.290039062E3,8.077862982E-2
6.291503906E3,7.806450419E-2
6.292968750E3,2.575534121E-1
6.294433594E3,2.946268914E-1
6.295898438E3,2.177961980E-1
6.297363281E3,3.923305357E-2
6.298828125E3,2.422359656E-1
6.300292969E3,1.037188704E-1
6.301757812E3,1.565123149E-1
6.303222656E3,3.735514952E-1
6.304687500E3,3.796299222E-1
6.306152344E3,3.263957045E-1
6.307617188E3,1.964029192E-1
6.309082031E3,1.633648872E-1
6.310546875E3,4.686680210E-1
6.312011719E3,4.810152248E-1
6.313476562E3,5.500942408E-1
6.314941406E3,8.267916824E-2
6.316406250E3,2.835825113E-1
6.317871094E3,3.606078468E-1
6.319335938E3,2.277923091E-1
6.320800781E3,5.282540923E-1
6.322265625E3,1.699725654E-1
6.323730469E3,1.909188756E-1
6.325195312E3,5.196144038E-1
6.326660156E3,3.151628157E-1
6.328125000E3,5.287692695E-1
6.329589844E3,3.062371698E-1
6.331054688E3,5.068264461E-1
6.332519531E3,3.459873441E-1
6.333984375E3,5.668844848E-1
6.335449219E3,3.642624887E-1
6.336914062E3,1.133487952E-1
6.338378906E3,2.800837908E-1
6.339843750E3,2.522332534E-1
6.341308594E3,4.353100669E-1
6.342773438E3,1.816292848E-1
6.344238281E3,4.794815568E-1
6.345703125E3,7.614669508E-2
6.347167969E3,3.810036285E-2
6.348632812E3,2.045865605E-1
6.350097656E3,1.062594521E-1
6.351562500E3,1.728092373E-1
6.353027344E3,2.123027409E-1
6.354492188E3,3.644584993E-1
6.355957031E3,1.631416965E-1
6.357421875E3,4.184144844E-1
6.358886719E3,2.407744912E-1
6.360351562E3,1.555843788E-1
6.361816406E3,8.907316622E-2
6.363281250E3,1.726626419E-1
6.364746094E3,5.050727460E-2
6.366210938E3,3.755051121E-2
6.367675781E3,1.374552780E-1
6.369140625E3,3.934454156E-1
6.370605469E3,4.609881281E-1
6.372070312E3,4.922852662E-1
6.373535156E3,3.544646574E-1
6.375000000E3,2.955439610E-1
6.376464844E3,3.343755125E-1
6.377929688E3,2.592197248E-1
6.379394531E3,2.611397038E-1
6.380859375E3,4.558328155E-1
6.382324219E3,2.841954928E-1
6.383789062E3,2.173129217E-1
6.385253906E3,2.891220127E-1
6.386718750E3,5.244579632E-1
6.388183594E3,5.435082791E-1
6.389648438E3,3.131536980E-1
6.391113281E3,2.870345551E-1
6.392578125E3,2.657597787E-1
6.394042969E3,4.439942856E-1
6.395507812E3,5.471720531E-1
6.396972656E3,6.009237528E-1
6.398437500E3,3.410062228E-1
6.399902344E3,1.665230258E-1
6.401367188E3,2.150184566E-1
6.402832031E3,2.472522214E-1
6.404296875E3,1.588254980E-1
6.405761719E3,4.921108487E-2
6.407226562E3,3.800789666E-1
6.408691406E3,3.236442092E-1
6.410156250E3,3.509653304E-1
6.411621094E3,3.581475865E-1
6.413085938E3,2.316225574E-1
6.414550781E3,3.899249173E-1
6.416015625E3,8.791219129E-2
6.417480469E3,1.665485231E-2
6.418945312E3,2.388003277E-1
6.420410156E3,1.325656317E-1
6.421875000E3,5.423066017E-1
6.423339844E3,9.743641255E-2
6.424804688E3,2.482035313E-1
6.426269531E3,2.409332491E-1
6.427734375E3,2.370607861E-1
6.429199219E3,2.623275179E-1
6.430664062E3,2.156528745E-1
6.432128906E3,1.121837105E-1
6.433593750E3,2.239422792E-1
6.435058594E3,2.578711814E-1
6.436523438E3,3.021035553E-1
6.437988281E3,2.370763422E-1
6.439453125E3,4.517791210E-2
6.440917969E3,3.017400612E-1
6.442382812E3,1.577589070E-1
6.443847656E3,4.791053027E-1
6.445312500E3,5.422382754E-2
6.446777344E3,3.168272047E-1
6.448242188E3,1.874159030E-1
6.449707031E3,1.349855608E-1
6.451171875E3,1.547186520E-1
6.452636719E3,2.358386340E-1
6.454101562E3,3.766130812E-1
6.455566406E3,8.063980259E-2
6.457031250E3,1.861787813E-1
6.458496094E3,2.495122837E-1
6.459960938E3,1.896421059E-2
6.461425781E3,7.022173848E-2
6.462890625E3,1.148491436E-1
6.464355469E3,7.885120960E-2
6.465820312E3,1.981584668E-1
6.467285156E3,1.410087004E-1
6.468750000E3,2.492620723E-1
6.470214844E3,1.541475607E-1
6.471679688E3,1.437628905E-1
6.473144531E3,1.909845526E-1
6.474609375E3,6.447117255E-2
6.476074219E3,1.208549657E-1
6.477539062E3,1.820874098E-1
6.479003906E3,8.587194860E-2
6.480468750E3,9.881704021E-2
6.481933594E3,1.533287321E-1
6.483398438E3,3.240397774E-2
6.484863281E3,4.589713574E-2
6.486328125E3,8.729372456E-2
6.487792969E3,8.102681272E-2
6.489257812E3,1.319884417E-1
6.490722656E3,7.062827901E-2
6.492187500E3,1.690966975E-1
6.493652344E3,1.685936523E-1
6.495117188E3,1.507523145E-1
6.496582031E3,1.529403022E-1
6.498046875E3,2.245957875E-1
6.499511719E3,1.926711097E-1
6.500976562E3,1.220373527E-1
6.502441406E3,1.957580945E-1
6.503906250E3,3.608266575E-1
6.505371094E3,1.268721612E-1
6.506835938E3,1.585208116E-1
6.508300781E3,1.108872647E-1
6.509765625E3,1.030382403E-1
6.511230469E3,2.635478321E-1
6.512695312E3,4.918607967E-2
6.514160156E3,2.199762270E-1
6.515625000E3,5.348753583E-2
6.517089844E3,5.134195501E-2
6.518554688E3,1.430765136E-1
6.520019531E3,3.134993504E-1
6.521484375E3,1.722967239E-1
6.522949219E3,1.389856399E-1
6.524414062E3,5.133537514E-2
6.525878906E3,3.198676176E-1
6.527343750E3,2.919397336E-1
6.528808594E3,1.975160702E-1
6.530273438E3,4.479816838E-1
6.531738281E3,2.346054743E-1
6.533203125E3,2.333162935E-1
6.534667969E3,2.643255154E-1
6.536132812E3,3.775146704E-1
6.537597656E3,2.804677348E-1
6.539062500E3,1.574081130E-1
6.540527344E3,1.726291479E-1
6.541992188E3,1.949122394E-1
6.543457031E3,4.931271190E-1
6.544921875E3,8.748398232E-2
6.546386719E3,3.178803026E-1
6.547851562E3,2.795699980E-1
6.549316406E3,2.747990465E-1
6.550781250E3,3.794501560E-1
6.552246094E3,1.177427892E-1
6.553710938E3,4.150897282E-1
6.555175781E3,2.034036762E-1
6.556640625E3,3.773917831E-1
6.558105469E3,1.021132391E-1
6.559570312E3,9.506136155E-2
6.561035156E3,9.735985417E-2
6.562500000E3,1.062246506E-1
6.563964844E3,3.588552945E-2
6.565429688E3,2.219907957E-1
6.566894531E3,1.398730111E-1
6.568359375E3,1.638732624E-1
6.569824219E3,2.262478436E-1
6.571289062E3,2.269220255E-1
6.572753906E3,1.917197259E-1
6.574218750E3,2.748566969E-1
6.575683594E3,2.079194727E-1
6.577148438E3,1.915806772E-1
6.578613281E3,2.511681966E-1
6.580078125E3,9.321959707E-2
6.581542969E3,7.020061198E-2
6.583007812E3,1.519603858E-1
6.584472656E3,1.801499204E-1
6.585937500E3,2.082148653E-1
6.587402344E3,3.001017336E-1
6.588867188E3,3.147887697E-1
6.590332031E3,3.121647740E-1
6.591796875E3,1.268063601E-1
6.593261719E3,1.935478276E-1
6.594726562E3,3.487484787E-2
6.596191406E3,1.096930088E-1
6.597656250E3,4.312548817E-2
6.599121094E3,2.508990954E-1
6.600585938E3,3.106450156E-1
6.602050781E3,3.322491397E-1
6.603515625E3,1.814975171E-1
6.604980469E3,1.658673022E-1
6.606445312E3,2.397058379E-1
6.607910156E3,2.912251394E-2
6.609375000E3,2.704759155E-1
6.610839844E3,3.426123231E-1
6.612304688E3,3.430780794E-1
6.613769531E3,3.447180013E-1
6.615234375E3,1.418723718E-1
6.616699219E3,1.678321077E-1
6.618164062E3,1.211422463E-1
6.619628906E3,9.715346136E-2
6.621093750E3,2.310477181E-1
6.622558594E3,1.025358548E-1
6.624023438E3,4.327087424E-2
6.625488281E3,7.086232005E-2
6.626953125E3,2.112687840E-1
6.628417969E3,1.288170094E-1
6.629882812E3,8.502116050E-2
6.631347656E3,9.468080301E-2
6.632812500E3,1.394546422E-1
6.634277344E3,3.081767769E-1
6.635742188E3,3.512899677E-1
6.637207031E3,3.688398855E-1
6.638671875E3,2.993422245E-1
6.640136719E3,1.945461330E-1
6.641601562E3,4.105719838E-1
6.643066406E3,2.893045691E-1
6.644531250E3,1.800300582E-1
6.645996094E3,2.226287223E-1
6.647460938E3,1.307937042E-1
6.648925781E3,1.083776152E-1
6.650390625E3,1.438196394E-1
6.651855469E3,8.778139352E-2
6.653320312E3,1.394163717E-1
6.654785156E3,2.839914730E-1
6.656250000E3,1.994470344E-1
6.657714844E3,3.424135533E-1
6.659179688E3,1.531047323E-1
6.660644531E3,3.714035375E-1
6.662109375E3,5.911719949E-2
6.663574219E3,3.358852984E-1
6.665039062E3,1.697211828E-1
6.666503906E3,4.278065927E-1
6.667968750E3,2.376379178E-1
6.669433594E3,1.206957819E-1
6.670898438E3,3.243936727E-1
6.672363281E3,3.766996275E-1
6.673828125E3,2.008911964E-1
6.675292969E3,1.043442562E-1
6.676757812E3,1.318347490E-1
6.678222656E3,1.416377716E-1
6.679687500E3,2.161893969E-1
6.681152344E3,2.383376945E-1
6.682617188E3,4.828172343E-1
6.684082031E3,2.692822501E-1
6.685546875E3,1.145353062E-1
6.687011719E3,4.286630626E-2
6.688476562E3,1.601948110E-1
6.689941406E3,1.684884373E-1
6.691406250E3,2.116412528E-1
6.692871094E3,8.538841828E-2
6.694335938E3,2.169721519E-1
6.695800781E3,2.469607758E-1
6.697265625E3,8.262019977E-2
6.698730469E3,2.138828602E-1
6.700195312E3,2.269189669E-1
6.701660156E3,2.418974118E-1
6.703125000E3,1.993337669E-1
6.704589844E3,2.833241396E-1
6.706054688E3,1.286620957E-1
6.707519531E3,1.918375651E-1
6.708984375E3,1.824632556E-1
6.710449219E3,2.835960784E-1
6.711914062E3,2.014760684E-1
6.713378906E3,2.367663848E-1
6.714843750E3,2.927897946E-1
6.716308594E3,3.031004456E-1
6.717773438E3,4.876891896E-1
6.719238281E3,4.865288054E-1
6.720703125E3,3.962965913E-1
6.722167969E3,3.997633837E-1
6.723632812E3,2.146882067E-1
6.725097656E3,3.602437553E-1
6.726562500E3,3.315784825E-1
6.728027344E3,3.393887343E-1
6.729492188E3,1.455417215E-1
6.730957031E3,1.596289392E-1
6.732421875E3,3.341361132E-1
6.733886719E3,1.420053414E-1
6.735351562E3,3.566087200E-1
6.736816406E3,3.318799493E-1
6.738281250E3,2.260184035E-1
6.739746094E3,2.486386939E-1
6.741210938E3,1.964479510E-1
6.742675781E3,1.191548837E-1
6.744140625E3,2.791256769E-1
6.745605469E3,1.352934268E-1
6.747070312E3,1.849246036E-1
6.748535156E3,7.237070552E-2
6.750000000E3,5.472219716E-2
6.751464844E3,2.119311114E-1
6.752929688E3,5.622885375E-2
6.754394531E3,2.507722015E-1
6.755859375E3,8.429048656E-2
6.757324219E3,2.423008419E-1
6.758789062E3,2.403053119E-1
6.760253906E3,2.239216785E-1
6.761718750E3,3.604030989E-1
6.763183594E3,3.004050777E-1
6.764648438E3,8.524913070E-2
6.766113281E3,1.559068603E-1
6.767578125E3,1.593850330E-1
6.769042969E3,3.862970890E-1
6.770507812E3,1.628918012E-1
6.771972656E3,1.335021696E-1
6.773437500E3,2.800929194E-1
6.774902344E3,2.192290597E-1
6.776367188E3,1.077685076E-1
6.777832031E3,2.427451177E-1
6.779296875E3,2.603097310E-1
6.780761719E3,2.824275093E-1
6.782226562E3,2.560989018E-1
6.783691406E3,1.003201910E-2
6.785156250E3,1.622508680E-1
6.786621094E3,9.645751525E-2
6.788085938E3,5.751928401E-2
6.789550781E3,1.048884236E-1
6.791015625E3,1.739594832E-1
6.792480469E3,2.293374488E-1
6.793945312E3,3.644160288E-1
6.795410156E3,2.275301963E-1
6.796875000E3,1.527807925E-1
6.798339844E3,6.427050493E-2
6.799804688E3,1.576396621E-1
6.801269531E3,2.168846442E-1
6.802734375E3,9.482846565E-2
6.804199219E3,3.499777773E-1
6.805664062E3,3.461023195E-1
6.807128906E3,1.389169537E-1
6.808593750E3,1.430774302E-1
6.810058594E3,3.004119302E-1
6.811523438E3,1.899541503E-1
6.812988281E3,2.752180109E-1
6.814453125E3,1.082025044E-1
6.815917969E3,2.125477988E-1
6.817382812E3,8.597984117E-2
6.818847656E3,6.144487160E-2
6.820312500E3,6.025967088E-2
6.821777344E3,2.891849475E-1
6.823242188E3,2.679174422E-1
6.824707031E3,1.736010787E-1
6.826171875E3,2.400240378E-1
6.827636719E3,3.799874359E-1
6.829101562E3,3.221364193E-1
6.830566406E3,2.563524518E-1
6.832031250E3,3.549821335E-1
6.833496094E3,2.145802172E-1
6.834960938E3,7.705352475E-2
6.836425781E3,8.336333170E-2
6.837890625E3,2.117580486E-1
6.839355469E3,1.846043487E-1
6.840820312E3,2.561988286E-1
6.842285156E3,1.310217136E-1
6.843750000E3,2.477609962E-1
6.845214844E3,1.653102480E-1
6.846679688E3,3.631133279E-1
6.848144531E3,3.147540709E-1
6.849609375E3,1.712156289E-1
6.851074219E3,2.003366971E-1
6.852539062E3,3.637089585E-1
6.854003906E3,3.721043154E-1
6.855468750E3,1.532996104E-1
6.856933594E3,1.477943169E-1
6.858398438E3,8.691471568E-2
6.859863281E3,1.169405353E-1
6.861328125E3,1.322110527E-1
6.862792969E3,4.830034899E-2
6.864257812E3,1.073054445E-1
6.865722656E3,9.103839132E-2
6.867187500E3,1.864622673E-1
6.868652344E3,1.843145161E-1
6.870117188E3,2.908037910E-1
6.871582031E3,1.279319485E-1
6.873046875E3,8.340250095E-2
6.874511719E3,1.803860132E-1
6.875976562E3,1.140499086E-1
6.877441406E3,8.561397367E-2
6.878906250E3,1.434450060E-1
6.880371094E3,2.398768134E-1
6.881835938E3,4.099286751E-1
6.883300781E3,1.893538105E-1
6.884765625E3,4.769885538E-1
6.886230469E3,2.998345253E-1
6.887695312E3,2.434771223E-1
6.889160156E3,1.236039471E-1
6.890625000E3,1.090287146E-1
6.892089844E3,1.693960970E-2
6.893554688E3,1.316380550E-1
6.895019531E3,3.007754398E-1
6.896484375E3,2.239482795E-1
6.897949219E3,1.644301976E-1
6.899414062E3,2.294224176E-1
6.900878906E3,1.872178850E-1
6.902343750E3,1.011900766E-1
6.903808594E3,1.082745973E-1
6.905273438E3,3.705934972E-1
6.906738281E3,1.824271695E-1
6.908203125E3,5.154084986E-1
6.909667969E3,3.195358189E-1
6.911132812E3,1.915806207E-1
6.912597656E3,3.740517543E-1
6.914062500E3,5.012778269E-1
6.915527344E3,3.334503830E-1
6.916992188E3,1.864781046E-1
6.918457031E3,4.650757603E-2
6.919921875E3,2.507171758E-1
6.921386719E3,1.610618960E-1
6.922851562E3,3.275517252E-1
6.924316406E3,5.381845590E-2
6.925781250E3,1.629463641E-1
6.927246094E3,1.156336551E-1
6.928710938E3,1.837731395E-1
6.930175781E3,1.663885097E-1
6.931640625E3,2.818859106E-1
6.933105469E3,2.254193888E-1
6.934570312E3,4.440719950E-1
6.936035156E3,1.992565922E-1
6.937500000E3,3.056601594E-1
6.938964844E3,1.808262803E-1
6.940429688E3,3.587240196E-1
6.941894531E3,2.096037949E-1
6.943359375E3,2.412905720E-1
6.944824219E3,2.357702936E-1
6.946289062E3,1.664486647E-1
6.947753906E3,1.199631649E-1
6.949218750E3,1.243945528E-1
6.950683594E3,1.516141559E-1
6.952148438E3,4.206327858E-2
6.953613281E3,1.760447320E-1
6.955078125E3,3.318441892E-2
6.956542969E3,2.259470349E-1
6.958007812E3,1.427231805E-1
6.959472656E3,1.056874749E-1
6.960937500E3,1.200507001E-1
6.962402344E3,2.130288144E-1
6.963867188E3,2.976965111E-1
6.965332031E3,4.211509422E-1
6.966796875E3,4.917502559E-2
6.968261719E3,2.537272322E-1
6.969726562E3,1.318438845E-1
6.971191406E3,1.738932362E-2
6.972656250E3,1.465025456E-1
6.974121094E3,1.486498970E-1
6.975585938E3,2.125698500E-1
6.977050781E3,7.952001885E-2
6.978515625E3,1.838886335E-1
6.979980469E3,1.658072061E-1
6.981445312E3,2.074293494E-1
6.982910156E3,8.449945186E-2
6.984375000E3,1.784295946E-1
6.985839844E3,2.933781857E-1
6.987304688E3,1.586487656E-1
6.988769531E3,1.483119941E-1
6.990234375E3,2.194271055E-1
6.991699219E3,7.015659345E-2
6.993164062E3,1.539621907E-1
6.994628906E3,2.985863450E-1
6.996093750E3,1.200841582E-1
6.997558594E3,1.753627489E-1
6.999023438E3,1.649637630E-1
7.000488281E3,4.658566609E-2
7.001953125E3,2.124251724E-1
7.003417969E3,4.022206651E-2
7.004882812E3,2.745473722E-1
7.006347656E3,2.073572992E-1
7.007812500E3,3.738488594E-1
7.009277344E3,1.462816515E-1
7.010742188E3,1.257808814E-1
7.012207031E3,2.564602387E-1
7.013671875E3,4.760710026E-1
7.015136719E3,4.251474544E-1
7.016601562E3,3.939024470E-1
7.018066406E3,3.497410529E-1
7.019531250E3,1.585422277E-1
7.020996094E3,1.414994518E-1
7.022460938E3,1.853108262E-1
7.023925781E3,9.462695626E-2
7.025390625E3,6.812832640E-2
7.026855469E3,1.258379217E-1
7.028320312E3,1.040977012E-1
7.029785156E3,7.609406945E-2
7.031250000E3,1.731635768E-1
7.032714844E3,1.434278105E-1
7.034179688E3,1.754883510E-1
7.035644531E3,2.574894345E-1
7.037109375E3,1.777418860E-1
7.038574219E3,4.494545732E-2
7.040039062E3,1.498658585E-1
7.041503906E3,2.730911334E-2
7.042968750E3,2.464404294E-1
7.044433594E3,1.768729431E-1
7.045898438E3,1.016990036E-1
7.047363281E3,2.656311868E-1
7.048828125E3,2.769351709E-1
7.050292969E3,2.049602184E-1
7.051757812E3,3.831697596E-1
7.053222656E3,3.917158178E-2
7.054687500E3,2.469278819E-1
7.056152344E3,2.322995743E-1
7.057617188E3,2.590593190E-1
7.059082031E3,2.181024754E-1
7.060546875E3,1.346238190E-1
7.062011719E3,2.809920296E-1
7.063476562E3,3.279441952E-1
7.064941406E3,1.618403695E-1
7.066406250E3,2.278233610E-1
7.067871094E3,1.906226316E-1
7.069335938E3,3.079562871E-1
7.070800781E3,1.398282185E-1
7.072265625E3,1.515252659E-1
7.073730469E3,1.477693171E-1
7.075195312E3,1.596384678E-1
7.076660156E3,1.827875383E-1
7.078125000E3,1.026289114E-1
7.079589844E3,1.271768508E-1
7.081054688E3,2.002837637E-1
7.082519531E3,2.580160885E-1
7.083984375E3,1.668650001E-1
7.085449219E3,7.272013617E-2
7.086914062E3,1.039097141E-1
7.088378906E3,9.156131417E-2
7.089843750E3,2.670815373E-2
7.091308594E3,1.631933139E-1
7.092773438E3,2.659074025E-1
7.094238281E3,6.905853237E-2
7.095703125E3,1.129221240E-1
7.097167969E3,1.291861113E-1
7.098632812E3,1.184295570E-1
7.100097656E3,1.174720686E-1
7.101562500E3,1.485437731E-1
7.103027344E3,1.163682827E-1
7.104492188E3,1.508193770E-1
7.105957031E3,2.775741993E-1
7.107421875E3,2.723091502E-1
7.108886719E3,1.838176583E-1
7.110351562E3,2.088515866E-1
7.111816406E3,1.888982315E-1
7.113281250E3,2.436254879E-1
7.114746094E3,1.255684483E-1
7.116210938E3,1.429417375E-1
7.117675781E3,1.120908036E-1
7.119140625E3,2.454436141E-1
7.120605469E3,2.240310276E-1
7.122070312E3,1.742750774E-1
7.123535156E3,1.102105025E-1
7.125000000E3,1.697999425E-1
7.126464844E3,8.850709590E-2
7.127929688E3,1.087530178E-1
7.129394531E3,8.832738287E-2
7.130859375E3,1.319082402E-1
7.132324219E3,1.445717534E-1
7.133789062E3,2.731049479E-1
7.135253906E3,3.041293657E-1
7.136718750E3,1.124313710E-1
7.138183594E3,3.298758320E-1
7.139648438E3,6.850755135E-2
7.141113281E3,2.328908062E-1
7.142578125E3,2.347756688E-1
7.144042969E3,1.390450603E-1
7.145507812E3,2.894798871E-1
7.146972656E3,2.894409333E-1
7.148437500E3,2.096814889E-1
7.149902344E3,2.851437947E-1
7.151367188E3,3.290550004E-1
7.152832031E3,2.445650660E-1
7.154296875E3,1.986779207E-1
7.155761719E3,2.509442168E-1
7.157226562E3,2.178246276E-1
7.158691406E3,2.013125824E-1
7.160156250E3,2.457806857E-1
7.161621094E3,1.659150108E-1
7.163085938E3,1.726350318E-1
7.164550781E3,2.447503029E-1
7.166015625E3,1.946072717E-1
7.167480469E3,5.131974164E-1
7.168945312E3,1.897797826E-1
7.170410156E3,2.579204218E-1
7.171875000E3,1.367682525E-1
7.173339844E3,1.824352897E-1
7.174804688E3,5.057056711E-2
7.176269531E3,3.367795224E-1
7.177734375E3,9.012000934E-2
7.179199219E3,2.997563916E-1
7.180664062E3,3.460025639E-1
7.182128906E3,1.697106626E-1
7.183593750E3,4.111748701E-1
7.185058594E3,2.254343098E-1
7.186523438E3,2.706893034E-1
7.187988281E3,2.249937139E-1
7.189453125E3,3.763078454E-2
7.190917969E3,2.214801689E-1
7.192382812E3,1.432527659E-1
7.193847656E3,2.651776254E-1
7.195312500E3,2.365268025E-1
7.196777344E3,5.147673938E-1
7.198242188E3,2.434068473E-1
7.199707031E3,2.515379428E-1
7.201171875E3,2.207557074E-1
7.202636719E3,9.860897191E-2
7.204101562E3,2.130316834E-1
7.205566406E3,1.491657860E-1
7.207031250E3,3.085043331E-1
7.208496094E3,9.487645095E-2
7.209960938E3,8.303578306E-2
7.211425781E3,8.991221461E-2
7.212890625E3,1.688735351E-2
7.214355469E3,1.041496173E-1
7.215820312E3,8.654989998E-2
7.217285156E3,2.075867900E-1
7.218750000E3,3.214641999E-1
7.220214844E3,2.022305898E-1
7.221679688E3,1.926422703E-1
7.223144531E3,7.937463731E-2
7.224609375E3,8.325372730E-2
7.226074219E3,2.152430937E-1
7.227539062E3,2.170383431E-1
7.229003906E3,1.955386609E-1
7.230468750E3,2.605586709E-1
7.231933594E3,1.700124321E-1
7.233398438E3,3.305032049E-1
7.234863281E3,1.653084673E-1
7.236328125E3,2.731201725E-1
7.237792969E3,1.701248700E-1
7.239257812E3,8.333298935E-2
7.240722656E3,8.703333102E-2
7.242187500E3,1.850452137E-1
7.243652344E3,1.461850125E-1
7.245117188E3,9.717165412E-2
7.246582031E3,2.251019660E-1
7.248046875E3,4.394854921E-1
7.249511719E3,1.919778093E-1
7.250976562E3,3.775662351E-1
7.252441406E3,1.561507847E-1
7.253906250E3,3.182091606E-1
7.255371094E3,2.025978713E-1
7.256835938E3,3.869906190E-1
7.258300781E3,1.660507214E-1
7.259765625E3,2.349140919E-1
7.261230469E3,2.454094930E-1
7.262695312E3,4.160479027E-1
7.264160156E3,2.079330246E-1
7.265625000E3,1.765279065E-1
7.267089844E3,1.722510003E-1
7.268554688E3,2.653336187E-1
7.270019531E3,7.804929794E-2
7.271484375E3,2.651408820E-1
7.272949219E3,9.197895595E-2
7.274414062E3,1.537561254E-1
7.275878906E3,1.553692357E-1
7.277343750E3,2.645921811E-1
7.278808594E3,1.878409210E-1
7.280273438E3,4.797837466E-1
7.281738281E3,2.533637640E-1
7.283203125E3,2.928884687E-1
7.284667969E3,1.280242558E-1
7.286132812E3,3.927521514E-1
7.287597656E3,2.498015389E-1
7.289062500E3,4.444678058E-1
7.290527344E3,3.069563396E-1
7.291992188E3,1.372905060E-1
7.293457031E3,6.875665746E-2
7.294921875E3,2.414260038E-1
7.296386719E3,8.613213327E-2
7.297851562E3,5.974367682E-2
7.299316406E3,2.246106294E-1
7.300781250E3,1.404206573E-1
7.302246094E3,7.977643804E-2
7.303710938E3,1.283351497E-1
7.305175781E3,1.107039967E-1
7.306640625E3,6.947287341E-2
7.308105469E3,1.298937360E-1
7.309570312E3,2.189562080E-1
7.311035156E3,2.414462512E-1
7.312500000E3,2.113519075E-1
7.313964844E3,6.669227153E-2
7.315429688E3,2.046550344E-1
7.316894531E3,2.212635171E-1
7.318359375E3,3.415781163E-1
7.319824219E3,1.928249575E-1
7.321289062E3,1.602515149E-1
7.322753906E3,9.164568008E-2
7.324218750E3,2.067844299E-1
7.325683594E3,1.916551624E-1
7.327148438E3,4.310136386E-1
7.328613281E3,1.947557658E-1
7.330078125E3,2.844756841E-1
7.331542969E3,1.646657509E-1
7.333007812E3,1.197017463E-1
7.334472656E3,1.624265725E-1
7.335937500E3,9.331815153E-2
7.337402344E3,6.562217737E-2
7.338867188E3,8.373116824E-2
7.340332031E3,1.521524560E-1
7.341796875E3,9.556310067E-2
7.343261719E3,2.579433859E-1
7.344726562E3,2.487808335E-1
7.346191406E3,2.498432877E-2
7.347656250E3,2.816705428E-1
7.349121094E3,2.420904154E-1
7.350585938E3,4.303492406E-1
7.352050781E3,2.133067840E-1
7.353515625E3,2.908165234E-1
7.354980469E3,1.063176155E-1
7.356445312E3,3.244013260E-1
7.357910156E3,1.363832501E-1
7.359375000E3,1.598070261E-1
7.360839844E3,5.379542405E-2
7.362304688E3,2.335435986E-1
7.363769531E3,1.953431122E-1
7.365234375E3,1.847435969E-1
7.366699219E3,1.836932677E-1
7.368164062E3,5.996312664E-2
7.369628906E3,1.573616292E-1
7.371093750E3,1.864334710E-1
7.372558594E3,1.277182268E-1
7.374023438E3,1.404219774E-1
7.375488281E3,5.932027290E-2
7.376953125E3,1.469392995E-1
7.378417969E3,2.616979448E-1
7.379882812E3,1.869234087E-1
7.381347656E3,1.457734830E-1
7.382812500E3,1.952736131E-1
7.384277344E3,4.054860230E-2
7.385742188E3,9.396542840E-2
7.387207031E3,1.750604527E-2
7.388671875E3,1.279938266E-1
7.390136719E3,8.244231700E-2
7.391601562E3,1.794195731E-1
7.393066406E3,1.951252258E-1
7.394531250E3,6.601685263E-2
7.395996094E3,1.259559844E-1
7.397460938E3,1.950844904E-1
7.398925781E3,2.993321347E-1
7.400390625E3,1.603244797E-1
7.401855469E3,2.579748802E-1
7.403320312E3,2.924056608E-1
7.404785156E3,1.808800593E-1
7.406250000E3,2.365840116E-1
7.407714844E3,4.377183450E-1
7.409179688E3,2.799702940E-1
7.410644531E3,3.490054875E-1
7.412109375E3,1.470300476E-1
7.413574219E3,2.944265363E-1
7.415039062E3,4.318092876E-1
7.416503906E3,1.866269340E-1
7.417968750E3,2.787014784E-1
7.419433594E3,1.111965744E-1
7.420898438E3,1.078157524E-1
7.422363281E3,1.638748948E-1
7.423828125E3,1.461818180E-1
7.425292969E3,3.774495155E-1
7.426757812E3,2.985650210E-1
7.428222656E3,3.842855109E-1
7.429687500E3,4.231395238E-2
7.431152344E3,1.860432282E-1
7.432617188E3,1.337085099E-1
7.434082031E3,2.960001190E-1
7.435546875E3,1.652593716E-1
7.437011719E3,1.800166422E-1
7.438476562E3,1.841985607E-1
7.439941406E3,2.853196788E-1
7.441406250E3,2.170569258E-1
7.442871094E3,3.100829262E-1
7.444335938E3,2.194258820E-1
7.445800781E3,3.157216891E-1
7.447265625E3,1.976975304E-1
7.448730469E3,9.668052549E-2
7.450195312E3,1.932689764E-1
7.451660156E3,1.685425528E-1
7.453125000E3,1.512879342E-1
7.454589844E3,1.232742649E-1
7.456054688E3,4.755644485E-2
7.457519531E3,2.481658428E-1
7.458984375E3,2.089888991E-1
7.460449219E3,3.131997408E-1
7.461914062E3,2.361270309E-1
7.463378906E3,1.554721081E-1
7.464843750E3,7.781790579E-2
7.466308594E3,3.340831250E-2
7.467773438E3,6.972634403E-2
7.469238281E3,2.223351046E-1
7.470703125E3,4.164884236E-2
7.472167969E3,1.397561928E-1
7.473632812E3,9.529666705E-2
7.475097656E3,1.180665363E-1
7.476562500E3,2.048655683E-1
7.478027344E3,1.864585877E-1
7.479492188E3,1.771067880E-1
7.480957031E3,1.101545208E-1
7.482421875E3,1.002435566E-1
7.483886719E3,4.524544908E-1
7.485351562E3,3.022254376E-1
7.486816406E3,4.039729323E-1
7.488281250E3,3.424738223E-1
7.489746094E3,2.094833229E-1
7.491210938E3,8.342706602E-2
7.492675781E3,3.951533934E-1
7.494140625E3,1.340030277E-1
7.495605469E3,2.980767442E-1
7.497070312E3,2.432936810E-1
7.498535156E3,5.824708559E-3
7.500000000E3,1.314861012E-1
7.501464844E3,2.847977480E-1
7.502929688E3,1.963385409E-1
7.504394531E3,5.063615218E-2
7.505859375E3,2.524810725E-1
7.507324219E3,1.209733731E-1
7.508789062E3,1.900001738E-1
7.510253906E3,8.280492161E-2
7.511718750E3,6.484830504E-2
7.513183594E3,8.640309433E-2
7.514648438E3,1.293269162E-1
7.516113281E3,1.657607651E-1
7.517578125E3,9.570322742E-2
7.519042969E3,2.913735237E-1
7.520507812E3,2.186116060E-1
7.521972656E3,2.640797565E-1
7.523437500E3,3.720549300E-1
7.524902344E3,2.316594263E-1
7.526367188E3,2.017586447E-1
7.527832031E3,1.188004762E-1
7.529296875E3,1.015225004E-1
7.530761719E3,2.267878294E-1
7.532226562E3,3.882939188E-1
7.533691406E3,1.765729318E-1
7.535156250E3,3.252758310E-1
7.536621094E3,2.430881959E-1
7.538085938E3,3.255480817E-1
7.539550781E3,4.042303440E-1
7.541015625E3,2.045133881E-1
7.542480469E3,2.437251417E-1
7.543945312E3,2.438390085E-2
7.545410156E3,1.763474383E-1
7.546875000E3,2.397016659E-1
7.548339844E3,1.334126962E-1
7.549804688E3,1.961570829E-1
7.551269531E3,4.818478698E-2
7.552734375E3,1.567732461E-1
7.554199219E3,4.840628322E-2
7.555664062E3,1.671146647E-1
7.557128906E3,2.376551279E-1
7.558593750E3,1.823571184E-1
7.560058594E3,1.206870717E-1
7.561523438E3,1.319094392E-1
7.562988281E3,2.088582120E-1
7.564453125E3,4.084904039E-1
7.565917969E3,3.067647559E-1
7.567382812E3,2.078560501E-1
7.568847656E3,1.340015627E-1
7.570312500E3,1.943758356E-1
7.571777344E3,5.296059553E-2
7.573242188E3,1.170640965E-1
7.574707031E3,1.054731670E-1
7.576171875E3,9.933362546E-2
7.577636719E3,1.403793620E-1
7.579101562E3,1.955872169E-1
7.580566406E3,1.652131756E-1
7.582031250E3,2.155247299E-1
7.583496094E3,1.109314787E-1
7.584960938E3,1.890082968E-1
7.586425781E3,3.033602784E-1
7.587890625E3,2.588696187E-1
7.589355469E3,2.724967076E-1
7.590820312E3,1.800051517E-1
7.592285156E3,2.681229271E-1
7.593750000E3,2.897432459E-1
7.595214844E3,8.779155723E-2
7.596679688E3,2.324882826E-1
7.598144531E3,7.385467358E-2
7.599609375E3,1.867789132E-1
7.601074219E3,2.715859256E-1
7.602539062E3,3.031629654E-1
7.604003906E3,1.786444346E-1
7.605468750E3,7.864911599E-2
7.606933594E3,2.177963318E-1
7.608398438E3,1.592771080E-1
7.609863281E3,2.515468421E-1
7.611328125E3,2.370119607E-1
7.612792969E3,2.602502207E-1
7.614257812E3,2.252667589E-1
7.615722656E3,3.785952583E-1
7.617187500E3,1.210355883E-1
7.618652344E3,2.890065898E-1
7.620117188E3,9.612141755E-2
7.621582031E3,2.089303614E-1
7.623046875E3,2.611436671E-1
7.624511719E3,3.179252096E-1
7.625976562E3,1.755533397E-2
7.627441406E3,1.752703848E-1
7.628906250E3,7.382825139E-2
7.630371094E3,4.478353382E-2
7.631835938E3,1.015210189E-1
7.633300781E3,2.752228230E-1
7.634765625E3,2.144852596E-1
7.636230469E3,1.533517121E-1
7.637695312E3,2.949435942E-1
7.639160156E3,1.933046162E-1
7.640625000E3,3.308477737E-1
7.642089844E3,2.412283560E-1
7.643554688E3,2.411000494E-1
7.645019531E3,2.602644155E-1
7.646484375E3,1.689793000E-1
7.647949219E3,2.358670353E-1
7.649414062E3,2.096290325E-1
7.650878906E3,2.378791269E-1
7.652343750E3,9.714063720E-2
7.653808594E3,3.029894417E-1
7.655273438E3,4.087764529E-2
7.656738281E3,2.717248292E-1
7.658203125E3,3.488818529E-1
7.659667969E3,2.199976351E-1
7.661132812E3,5.465484747E-1
7.662597656E3,2.278124229E-1
7.664062500E3,2.864104152E-1
7.665527344E3,1.494841137E-1
7.666992188E3,1.972329393E-1
7.668457031E3,2.065527105E-1
7.669921875E3,5.026234498E-2
7.671386719E3,2.854266944E-1
7.672851562E3,1.021320662E-1
7.674316406E3,7.977899923E-2
7.675781250E3,3.003589172E-1
7.677246094E3,1.163616456E-1
7.678710938E3,1.861780263E-1
7.680175781E3,1.027220883E-1
7.681640625E3,1.600824133E-1
7.683105469E3,1.403011629E-2
7.684570312E3,2.190110663E-1
7.686035156E3,4.706773833E-2
7.687500000E3,1.464859906E-1
7.688964844E3,2.100226482E-1
7.690429688E3,3.568032368E-1
7.691894531E3,2.757632863E-1
7.693359375E3,4.747514877E-1
7.694824219E3,3.554149508E-1
7.696289062E3,2.355340629E-1
7.697753906E3,2.452188321E-1
7.699218750E3,3.134444174E-1
7.700683594E3,1.659506567E-1
7.702148438E3,1.617645907E-1
7.703613281E3,1.189084266E-1
7.705078125E3,4.603045470E-3
7.706542969E3,2.069347152E-1
7.708007812E3,2.476526338E-1
7.709472656E3,3.149630305E-1
7.710937500E3,2.710044921E-1
7.712402344E3,1.728043363E-1
7.713867188E3,1.368626640E-1
7.715332031E3,1.599987226E-1
7.716796875E3,3.170088821E-1
7.718261719E3,2.513837334E-1
7.719726562E3,1.901734743E-1
7.721191406E3,1.918945484E-1
7.722656250E3,3.114197635E-1
7.724121094E3,2.852106633E-1
7.725585938E3,2.835425030E-1
7.727050781E3,2.995115337E-1
7.728515625E3,2.065806841E-1
7.729980469E3,1.143564514E-1
7.731445312E3,2.824621004E-1
7.732910156E3,2.047588152E-1
7.734375000E3,1.594854717E-1
7.735839844E3,4.826490801E-2
7.737304688E3,1.471588991E-1
7.738769531E3,1.578041864E-1
7.740234375E3,1.853455618E-2
7.741699219E3,2.437777878E-1
7.743164062E3,1.504622470E-1
7.744628906E3,2.533111769E-1
7.746093750E3,1.279814489E-1
7.747558594E3,4.630982208E-1
7.749023438E3,2.350031845E-1
7.750488281E3,3.123444416E-1
7.751953125E3,1.692266928E-1
7.753417969E3,2.026772868E-1
7.754882812E3,2.594549927E-1
7.756347656E3,2.922951383E-1
7.757812500E3,1.869788813E-1
7.759277344E3,1.563084716E-1
7.760742188E3,1.719330597E-1
7.762207031E3,1.845307362E-1
7.763671875E3,3.468289753E-1
7.765136719E3,3.289566607E-1
7.766601562E3,1.249089699E-1
7.768066406E3,5.857473466E-2
7.769531250E3,1.393548412E-1
7.770996094E3,7.729911539E-2
7.772460938E3,2.401974148E-1
7.773925781E3,1.386864464E-1
7.775390625E3,1.048721577E-1
7.776855469E3,2.337246319E-1
7.778320312E3,1.629622252E-1
7.779785156E3,7.172299636E-2
7.781250000E3,6.608345210E-2
7.782714844E3,2.878296321E-1
7.784179688E3,8.440679849E-2
7.785644531E3,2.965351359E-1
7.787109375E3,7.899152128E-2
7.788574219E3,1.162739333E-1
7.790039062E3,6.133954435E-2
7.791503906E3,7.091433082E-2
7.792968750E3,1.614457886E-1
7.794433594E3,2.016439696E-1
7.795898438E3,2.433021016E-1
7.797363281E3,3.024611754E-1
7.798828125E3,1.242567827E-1
7.800292969E3,8.949088844E-2
7.801757812E3,6.016711824E-2
7.803222656E3,2.508470297E-1
7.804687500E3,1.136803195E-1
7.806152344E3,1.395954351E-1
7.807617188E3,3.081856800E-1
7.809082031E3,2.288719558E-1
7.810546875E3,9.408329224E-2
7.812011719E3,2.159686367E-1
7.813476562E3,1.611975577E-1
7.814941406E3,2.187816317E-1
7.816406250E3,1.239560691E-1
7.817871094E3,1.593390246E-1
7.819335938E3,1.592841049E-1
7.820800781E3,1.358763874E-1
7.822265625E3,2.945038681E-1
7.823730469E3,8.752744635E-2
7.825195312E3,1.472122542E-1
7.826660156E3,1.284566357E-1
7.828125000E3,1.266979682E-1
7.829589844E3,1.416753506E-1
7.831054688E3,1.995834452E-1
7.832519531E3,1.924046545E-1
7.833984375E3,5.523815652E-2
7.835449219E3,1.151510762E-1
7.836914062E3,1.838867714E-1
7.838378906E3,9.963609728E-2
7.839843750E3,4.905347250E-2
7.841308594E3,9.599336607E-2
7.842773438E3,6.961840096E-2
7.844238281E3,7.009216921E-2
7.845703125E3,1.400832530E-1
7.847167969E3,7.855381623E-2
7.848632812E3,3.893287812E-2
7.850097656E3,1.999879073E-1
7.851562500E3,7.643727853E-2
7.853027344E3,1.090469541E-1
7.854492188E3,2.700237450E-1
7.855957031E3,2.816315750E-1
7.857421875E3,1.821500231E-1
7.858886719E3,2.326436094E-1
7.860351562E3,2.791368817E-2
7.861816406E3,2.583085976E-1
7.863281250E3,2.173745513E-2
7.864746094E3,8.305215000E-2
7.866210938E3,1.678272739E-1
7.867675781E3,4.046624560E-2
7.869140625E3,4.450515558E-2
7.870605469E3,1.006493780E-1
7.872070312E3,1.045721276E-1
7.873535156E3,1.178359733E-1
7.875000000E3,2.067401296E-1
7.876464844E3,6.448847812E-2
7.877929688E3,4.673044591E-2
7.879394531E3,1.133168784E-2
7.880859375E3,2.462494971E-1
7.882324219E3,1.702132389E-1
7.883789062E3,1.439779413E-1
7.885253906E3,2.660370963E-1
7.886718750E3,3.951572615E-1
7.888183594E3,3.793032214E-1
7.889648438E3,2.212719309E-1
7.891113281E3,6.013211166E-2
7.892578125E3,1.513713806E-1
7.894042969E3,1.292380420E-1
7.895507812E3,1.876895860E-1
7.896972656E3,7.478704487E-2
7.898437500E3,2.693040683E-1
7.899902344E3,5.502961685E-2
7.901367188E3,2.325680470E-1
7.902832031E3,1.183710752E-1
7.904296875E3,8.564607552E-2
7.905761719E3,7.192281203E-2
7.907226562E3,8.057952749E-2
7.908691406E3,1.913807370E-1
7.910156250E3,1.983112205E-1
7.911621094E3,2.339957165E-1
7.913085938E3,1.031099871E-1
7.914550781E3,1.516343626E-1
7.916015625E3,2.607199719E-1
7.917480469E3,1.483829449E-1
7.918945312E3,1.008361634E-1
7.920410156E3,1.831030373E-1
7.921875000E3,1.564116864E-1
7.923339844E3,1.762035872E-1
7.924804688E3,2.244493933E-1
7.926269531E3,1.935083262E-1
7.927734375E3,1.330192413E-1
7.929199219E3,1.417751503E-1
7.930664062E3,6.867077115E-2
7.932128906E3,2.457260917E-1
7.933593750E3,1.563982158E-1
7.935058594E3,1.965436052E-1
7.936523438E3,1.524805603E-1
7.937988281E3,6.813671586E-2
7.939453125E3,2.014945152E-1
7.940917969E3,2.165358809E-1
7.942382812E3,1.830933001E-1
7.943847656E3,9.184756127E-2
7.945312500E3,1.475356751E-1
7.946777344E3,5.746106183E-2
7.948242188E3,8.280702158E-2
7.949707031E3,2.002459967E-1
7.951171875E3,3.080426298E-1
7.952636719E3,7.147711615E-2
7.954101562E3,1.019765670E-1
7.955566406E3,7.652550709E-2
7.957031250E3,1.615454938E-1
7.958496094E3,4.002649318E-2
7.959960938E3,1.187357911E-1
7.961425781E3,6.444519673E-2
7.962890625E3,1.001123837E-1
7.964355469E3,1.510641686E-2
7.965820312E3,9.970505044E-2
7.967285156E3,2.081953869E-1
7.968750000E3,1.487972196E-1
7.970214844E3,1.851691769E-1
7.971679688E3,3.147218866E-1
7.973144531E3,1.436295182E-1
7.974609375E3,1.606248791E-1
7.976074219E3,1.397737103E-1
7.977539062E3,1.208687655E-1
7.979003906E3,7.713349466E-2
7.980468750E3,1.557981277E-1
7.981933594E3,2.824678759E-1
7.983398438E3,2.842751132E-1
7.984863281E3,1.518632177E-1
7.986328125E3,1.181126037E-1
7.987792969E3,9.617462336E-2
7.989257812E3,1.969413994E-1
7.990722656E3,1.390261961E-1
7.992187500E3,6.720339767E-2
7.993652344E3,1.064587698E-1
7.995117188E3,1.485684535E-1
7.996582031E3,1.898216170E-1
7.998046875E3,1.499301694E-1
7.999511719E3,3.441052044E-1
8.000976562E3,1.279924881E-1
8.002441406E3,1.708557942E-1
8.003906250E3,2.009785431E-1
8.005371094E3,1.683988541E-1
8.006835938E3,1.833442430E-1
8.008300781E3,2.103306620E-1
8.009765625E3,2.676794024E-1
8.011230469E3,7.864032317E-2
8.012695312E3,3.708062358E-1
8.014160156E3,1.987572496E-2
8.015625000E3,1.720720341E-1
8.017089844E3,1.532435279E-1
8.018554688E3,7.872081492E-2
8.020019531E3,1.934694127E-1
8.021484375E3,1.060257795E-1
8.022949219E3,9.104390145E-2
8.024414062E3,7.182663878E-2
8.025878906E3,1.594397534E-1
8.027343750E3,1.159282048E-1
8.028808594E3,6.746037629E-2
8.030273438E3,9.698339337E-2
8.031738281E3,1.254630386E-1
8.033203125E3,1.414890767E-1
8.034667969E3,1.331878286E-1
8.036132812E3,4.988858178E-2
8.037597656E3,4.533871452E-2
8.039062500E3,1.885780948E-2
8.040527344E3,3.109961183E-2
8.041992188E3,2.045455502E-1
8.043457031E3,2.712180654E-1
8.044921875E3,9.099863346E-2
8.046386719E3,2.644528262E-1
8.047851562E3,1.112779211E-1
8.049316406E3,2.474378064E-2
8.050781250E3,1.310392902E-1
8.052246094E3,1.404265395E-1
8.053710938E3,2.659828753E-1
8.055175781E3,4.920095015E-2
8.056640625E3,2.951857768E-1
8.058105469E3,1.981668460E-1
8.059570312E3,8.774254979E-2
8.061035156E3,3.308547751E-2
8.062500000E3,1.646285092E-1
8.063964844E3,4.146351092E-2
8.065429688E3,2.415666652E-1
8.066894531E3,1.478626272E-1
8.068359375E3,1.673774983E-1
8.069824219E3,1.382114973E-1
8.071289062E3,1.023924829E-1
8.072753906E3,5.046931317E-2
8.074218750E3,2.077724597E-1
8.075683594E3,9.924399863E-2
8.077148438E3,1.688582909E-1
8.078613281E3,1.666089480E-1
8.080078125E3,6.097506701E-2
8.081542969E3,1.610005867E-1
8.083007812E3,1.384993674E-1
8.084472656E3,1.457772425E-1
8.085937500E3,5.753316353E-2
8.087402344E3,6.417596017E-2
8.088867188E3,2.663417486E-1
8.090332031E3,7.340963373E-2
8.091796875E3,7.091103014E-2
8.093261719E3,2.103889296E-1
8.094726562E3,1.415049205E-1
8.096191406E3,1.157654566E-1
8.097656250E3,3.443280275E-2
8.099121094E3,7.958081704E-2
8.100585938E3,1.171299231E-1
8.102050781E3,8.548033711E-2
8.103515625E3,1.261137795E-1
8.104980469E3,2.468716465E-1
8.106445312E3,1.753244543E-1
8.107910156E3,1.624438185E-1
8.109375000E3,2.453371692E-1
8.110839844E3,1.414033686E-1
8.112304688E3,1.678108920E-1
8.113769531E3,1.401215441E-1
8.115234375E3,2.172954810E-1
8.116699219E3,2.441115180E-1
8.118164062E3,9.607226364E-2
8.119628906E3,1.540015914E-1
8.121093750E3,2.509118187E-1
8.122558594E3,2.342595432E-1
8.124023438E3,9.196946110E-2
8.125488281E3,4.382791541E-2
8.126953125E3,1.290178997E-1
8.128417969E3,2.099414321E-1
8.129882812E3,1.996321618E-1
8.131347656E3,2.089386191E-1
8.132812500E3,2.529073212E-1
8.134277344E3,3.211526962E-1
8.135742188E3,4.257913280E-1
8.137207031E3,3.009707579E-1
8.138671875E3,2.269466156E-1
8.140136719E3,2.771489163E-1
8.141601562E3,9.245049953E-2
8.143066406E3,1.143692920E-1
8.144531250E3,6.072630967E-2
8.145996094E3,2.327946570E-1
8.147460938E3,2.221866831E-2
8.148925781E3,9.481860479E-2
8.150390625E3,1.114582236E-1
8.151855469E3,1.259468586E-1
8.153320312E3,1.118231919E-1
8.154785156E3,1.386488710E-1
8.156250000E3,1.584387089E-1
8.157714844E3,1.507128965E-1
8.159179688E3,1.212264581E-2
8.160644531E3,1.060338587E-1
8.162109375E3,1.123318715E-1
8.163574219E3,2.065829620E-1
8.165039062E3,5.082519062E-2
8.166503906E3,8.773627525E-2
8.167968750E3,1.406566582E-1
8.169433594E3,9.872489558E-2
8.170898438E3,1.417559160E-1
8.172363281E3,1.941602926E-1
8.173828125E3,4.182874722E-2
8.175292969E3,1.257346702E-1
8.176757812E3,1.562332763E-1
8.178222656E3,1.184666821E-1
8.179687500E3,9.736908511E-2
8.181152344E3,4.254964470E-2
8.182617188E3,2.348065461E-1
8.184082031E3,1.749583952E-1
8.185546875E3,5.595162747E-2
8.187011719E3,1.206881761E-1
8.188476562E3,1.031224733E-1
8.189941406E3,5.955936140E-2
8.191406250E3,2.048012268E-1
8.192871094E3,1.048803720E-1
8.194335938E3,1.168160113E-1
8.195800781E3,1.731288916E-1
8.197265625E3,1.087765520E-1
8.198730469E3,1.623355209E-1
8.200195312E3,1.399132056E-1
8.201660156E3,1.885877175E-1
8.203125000E3,8.324057669E-2
8.204589844E3,2.077122363E-1
8.206054688E3,1.943567765E-1
8.207519531E3,1.685839294E-1
8.208984375E3,1.766633659E-1
8.210449219E3,1.259564876E-1
8.211914062E3,1.883779918E-1
8.213378906E3,1.503218248E-1
8.214843750E3,1.786786877E-1
8.216308594E3,2.551921806E-1
8.217773438E3,9.397656593E-2
8.219238281E3,9.942881238E-2
8.220703125E3,1.109472164E-1
8.222167969E3,1.910615251E-2
8.223632812E3,9.317480688E-2
8.225097656E3,8.730434069E-2
8.226562500E3,1.237718511E-1
8.228027344E3,1.530236681E-1
8.229492188E3,2.896041900E-1
8.230957031E3,1.427416323E-1
8.232421875E3,1.898701403E-1
8.233886719E3,2.310761162E-1
8.235351562E3,9.819718233E-2
8.236816406E3,1.838056538E-1
8.238281250E3,1.277648354E-1
8.239746094E3,6.269896757E-2
8.241210938E3,7.081609556E-2
8.242675781E3,8.808053501E-2
8.244140625E3,1.026098991E-1
8.245605469E3,3.876550546E-2
8.247070312E3,2.175820835E-1
8.248535156E3,1.715523985E-1
8.250000000E3,1.577647463E-1
8.251464844E3,8.879731627E-2
8.252929688E3,2.918192564E-1
8.254394531E3,2.942890144E-1
8.255859375E3,3.670368491E-1
8.257324219E3,1.552910751E-1
8.258789062E3,2.516720036E-2
8.260253906E3,1.640986274E-1
8.261718750E3,7.484576223E-2
8.263183594E3,2.687474191E-1
8.264648438E3,9.079886186E-2
8.266113281E3,1.411820236E-1
8.267578125E3,1.160944992E-1
8.269042969E3,1.627668185E-1
8.270507812E3,7.490244495E-2
8.271972656E3,9.157317071E-2
8.273437500E3,1.742729885E-1
8.274902344E3,1.219637380E-1
8.276367188E3,1.014010317E-1
8.277832031E3,1.477686140E-2
8.279296875E3,1.194680441E-1
8.280761719E3,5.863592889E-2
8.282226562E3,1.422945204E-1
8.283691406E3,1.321918628E-1
8.285156250E3,1.622965422E-1
8.286621094E3,9.265109583E-2
8.288085938E3,1.103599048E-1
8.289550781E3,8.452182229E-2
8.291015625E3,1.293913855E-1
8.292480469E3,7.026756935E-2
8.293945312E3,1.481465644E-1
8.295410156E3,1.316482807E-1
8.296875000E3,1.154539279E-1
8.298339844E3,1.689972145E-1
8.299804688E3,2.003386715E-1
8.301269531E3,1.743808441E-1
8.302734375E3,7.911916917E-2
8.304199219E3,1.030138217E-1
8.305664062E3,4.054521759E-2
8.307128906E3,2.020660736E-1
8.308593750E3,1.697186232E-1
8.310058594E3,1.361287026E-1
8.311523438E3,1.830514381E-1
8.312988281E3,7.587092461E-2
8.314453125E3,2.717735935E-1
8.315917969E3,8.626910942E-2
8.317382812E3,1.766976924E-1
8.318847656E3,8.246473406E-2
8.320312500E3,1.990481506E-1
8.321777344E3,8.813627816E-2
8.323242188E3,6.646614252E-2
8.324707031E3,7.266566022E-2
8.326171875E3,1.158817515E-1
8.327636719E3,9.777041401E-2
8.329101562E3,1.828768431E-1
8.330566406E3,1.507385298E-1
8.332031250E3,7.322686193E-2
8.333496094E3,1.604301410E-1
8.334960938E3,1.303199171E-1
8.336425781E3,1.460565027E-1
8.337890625E3,1.542369583E-1
8.339355469E3,2.847540752E-1
8.340820312E3,9.385200120E-2
8.342285156E3,3.304393075E-1
8.343750000E3,7.239346245E-2
8.345214844E3,6.334301940E-2
8.346679688E3,1.490419127E-1
8.348144531E3,1.244159834E-1
8.349609375E3,6.972004468E-2
8.351074219E3,1.648580762E-1
8.352539062E3,2.164326544E-1
8.354003906E3,2.309526053E-1
8.355468750E3,6.003799527E-2
8.356933594E3,1.070817116E-1
8.358398438E3,2.039882741E-2
8.359863281E3,2.155011016E-2
8.361328125E3,1.606831075E-1
8.362792969E3,9.543755422E-2
8.364257812E3,1.566900882E-1
8.365722656E3,1.983059359E-1
8.367187500E3,3.766436415E-2
8.368652344E3,2.491094353E-1
8.370117188E3,7.018450344E-2
8.371582031E3,1.631785355E-1
8.373046875E3,8.655117820E-2
8.374511719E3,1.554380471E-1
8.375976562E3,1.846187568E-1
8.377441406E3,1.160774668E-1
8.378906250E3,1.368833929E-1
8.380371094E3,1.987845233E-1
8.381835938E3,1.803052482E-1
8.383300781E3,1.540310467E-1
8.384765625E3,4.981339561E-2
8.386230469E3,1.298763490E-1
8.387695312E3,4.788075746E-2
8.389160156E3,1.136664332E-1
8.390625000E3,1.144587298E-1
8.392089844E3,4.395056306E-1
8.393554688E3,2.291155321E-2
8.395019531E3,1.998975405E-1
8.396484375E3,9.316521658E-2
8.397949219E3,3.896788098E-2
8.399414062E3,1.333413488E-1
8.400878906E3,2.367958473E-1
8.402343750E3,3.828897264E-1
8.403808594E3,2.306149732E-1
8.405273438E3,1.242013969E-1
8.406738281E3,1.041765183E-1
8.408203125E3,2.169303388E-1
8.409667969E3,8.851563616E-2
8.411132812E3,2.679939612E-1
8.412597656E3,1.003110025E-1
8.414062500E3,1.318017295E-1
8.415527344E3,1.296683946E-1
8.416992188E3,1.404905963E-1
8.418457031E3,5.759866374E-2
8.419921875E3,1.364505763E-1
8.421386719E3,4.249824110E-2
8.422851562E3,2.644286743E-1
8.424316406E3,2.132883870E-1
8.425781250E3,1.655202554E-1
8.427246094E3,1.785315639E-1
8.428710938E3,6.547151253E-2
8.430175781E3,2.088572250E-1
8.431640625E3,1.562733667E-1
8.433105469E3,1.956699886E-1
8.434570312E3,1.378782976E-1
8.436035156E3,2.090892851E-2
8.437500000E3,7.048445999E-2
8.438964844E3,2.195880346E-1
8.440429688E3,1.131129053E-1
8.441894531E3,1.960958162E-1
8.443359375E3,1.704727567E-1
8.444824219E3,1.530944806E-1
8.446289062E3,5.968855113E-2
8.447753906E3,4.195653986E-1
8.449218750E3,2.536291257E-1
8.450683594E3,2.397520754E-1
8.452148438E3,6.478271662E-2
8.453613281E3,1.020561526E-1
8.455078125E3,1.671372673E-1
8.456542969E3,2.036031530E-1
8.458007812E3,1.076648730E-1
8.459472656E3,8.627635104E-2
8.460937500E3,7.632922553E-2
8.462402344E3,2.237236177E-1
8.463867188E3,1.938145582E-1
8.465332031E3,2.264272047E-1
8.466796875E3,4.069396307E-2
8.468261719E3,1.398045668E-1
8.469726562E3,5.701225609E-2
8.471191406E3,2.139231317E-1
8.472656250E3,3.481375326E-2
8.474121094E3,2.000870248E-1
8.475585938E3,2.047052896E-1
8.477050781E3,1.620371072E-1
8.478515625E3,6.496560991E-2
8.479980469E3,3.133193854E-1
8.481445312E3,1.789261668E-1
8.482910156E3,9.593714725E-2
8.484375000E3,6.390220701E-2
8.485839844E3,2.193299324E-1
8.487304688E3,1.140831952E-1
8.488769531E3,7.527648880E-2
8.490234375E3,1.105487223E-1
8.491699219E3,2.136222039E-1
8.493164062E3,1.011252247E-1
8.494628906E3,1.267891671E-1
8.496093750E3,1.977144082E-1
8.497558594E3,2.372939766E-1
8.499023438E3,2.572360005E-1
8.500488281E3,1.158480321E-1
8.501953125E3,1.233866216E-2
8.503417969E3,6.907163734E-2
8.504882812E3,8.299788463E-2
8.506347656E3,1.229013572E-1
8.507812500E3,1.073704904E-1
8.509277344E3,1.447857260E-1
8.510742188E3,1.186480823E-1
8.512207031E3,4.266896412E-2
8.513671875E3,8.909690242E-2
8.515136719E3,6.517010055E-2
8.516601562E3,1.045751820E-1
8.518066406E3,5.866108232E-2
8.519531250E3,1.158461325E-1
8.520996094E3,9.326579751E-2
8.522460938E3,8.857993631E-2
8.523925781E3,1.600771710E-1
8.525390625E3,1.526358967E-1
8.526855469E3,1.897134728E-1
8.528320312E3,8.163312625E-2
8.529785156E3,2.432677790E-1
8.531250000E3,1.200722163E-1
8.532714844E3,1.798735754E-1
8.534179688E3,8.050658090E-2
8.535644531E3,9.543464951E-2
8.537109375E3,7.509180621E-2
8.538574219E3,1.959778393E-1
8.540039062E3,9.174851154E-2
8.541503906E3,1.277037753E-1
8.542968750E3,8.829412737E-2
8.544433594E3,5.192620394E-2
8.545898438E3,1.451777069E-1
8.547363281E3,1.532482977E-1
8.548828125E3,2.403722213E-1
8.550292969E3,1.419215676E-1
8.551757812E3,7.903637112E-2
8.553222656E3,1.174031867E-1
8.554687500E3,9.488127047E-2
8.556152344E3,4.154734543E-2
8.557617188E3,9.885052724E-2
8.559082031E3,1.755242721E-1
8.560546875E3,4.858803012E-2
8.562011719E3,1.190229783E-1
8.563476562E3,1.606708455E-1
8.564941406E3,1.087913913E-1
8.566406250E3,6.031385642E-2
8.567871094E3,1.483423615E-1
8.569335938E3,3.127473312E-1
8.570800781E3,9.775933087E-2
8.572265625E3,7.202309855E-2
8.573730469E3,1.222990805E-1
8.575195312E3,1.223587169E-1
8.576660156E3,1.979400184E-1
8.578125000E3,2.367223464E-1
8.579589844E3,1.392384655E-1
8.581054688E3,2.028247544E-1
8.582519531E3,2.259556134E-1
8.583984375E3,3.483330919E-1
8.585449219E3,7.738347502E-2
8.586914062E3,1.762593137E-1
8.588378906E3,1.267493060E-1
8.589843750E3,1.668047483E-1
8.591308594E3,9.979582126E-2
8.592773438E3,1.511332180E-1
8.594238281E3,1.170769689E-1
8.595703125E3,8.270590724E-2
8.597167969E3,7.176456118E-2
8.598632812E3,1.524734754E-1
8.600097656E3,2.374704893E-2
8.601562500E3,1.561120818E-1
8.603027344E3,1.277595877E-1
8.604492188E3,9.013164543E-2
8.605957031E3,1.486166071E-1
8.607421875E3,1.990543459E-1
8.608886719E3,1.892894206E-1
8.610351562E3,1.438424441E-1
8.611816406E3,6.391604672E-2
8.613281250E3,2.511883028E-1
8.614746094E3,1.517802689E-1
8.616210938E3,5.472284139E-2
8.617675781E3,1.213320379E-1
8.619140625E3,5.028983282E-2
8.620605469E3,8.549900120E-2
8.622070312E3,4.231331469E-2
8.623535156E3,2.052527547E-1
8.625000000E3,2.131303657E-1
8.626464844E3,1.719691663E-1
8.627929688E3,1.195359226E-1
8.629394531E3,8.582158832E-2
8.630859375E3,1.239244759E-1
8.632324219E3,8.840331398E-2
8.633789062E3,3.115404505E-2
8.635253906E3,8.805936655E-2
8.636718750E3,7.756889147E-2
8.638183594E3,1.109266341E-1
8.639648438E3,2.188578243E-1
8.641113281E3,4.878694500E-2
8.642578125E3,1.449042455E-1
8.644042969E3,9.826536298E-2
8.645507812E3,1.606855951E-1
8.646972656E3,8.758720128E-2
8.648437500E3,6.969987242E-2
8.649902344E3,7.216601417E-2
8.651367188E3,6.630863264E-2
8.652832031E3,1.416141857E-1
8.654296875E3,1.408503076E-1
8.655761719E3,4.263070999E-2
8.657226562E3,5.476699571E-2
8.658691406E3,2.365273024E-1
8.660156250E3,1.172928338E-1
8.661621094E3,1.513953567E-1
8.663085938E3,7.763648739E-3
8.664550781E3,1.449542074E-1
8.666015625E3,1.639331029E-1
8.667480469E3,2.287617205E-1
8.668945312E3,1.208090179E-1
8.670410156E3,1.478558421E-1
8.671875000E3,1.002623358E-1
8.673339844E3,7.848399498E-2
8.674804688E3,5.715253436E-2
8.676269531E3,1.161834971E-1
8.677734375E3,1.129640837E-1
8.679199219E3,1.444605744E-1
8.680664062E3,5.739768372E-2
8.682128906E3,1.194204256E-1
8.683593750E3,1.378436238E-1
8.685058594E3,2.713781963E-1
8.686523438E3,1.220641552E-1
8.687988281E3,3.637344956E-2
8.689453125E3,1.009922500E-1
8.690917969E3,2.802009247E-1
8.692382812E3,1.263793160E-1
8.693847656E3,1.157418660E-1
8.695312500E3,1.238176964E-1
8.696777344E3,1.473825124E-1
8.698242188E3,1.003269363E-1
8.699707031E3,1.395790122E-1
8.701171875E3,2.184671394E-1
8.702636719E3,6.513401060E-2
8.704101562E3,1.010424901E-1
8.705566406E3,1.535832904E-1
8.707031250E3,1.017025722E-1
8.708496094E3,1.687933687E-1
8.709960938E3,1.237313732E-1
8.711425781E3,1.199676621E-1
8.712890625E3,1.060411303E-1
8.714355469E3,5.268512626E-2
8.715820312E3,7.303971448E-2
8.717285156E3,1.383056131E-1
8.718750000E3,4.407734011E-2
8.720214844E3,2.274759640E-1
8.721679688E3,1.658714540E-1
8.723144531E3,5.359499976E-2
8.724609375E3,2.469715761E-1
8.726074219E3,1.367942993E-1
8.727539062E3,1.188439017E-1
8.729003906E3,1.134444358E-1
8.730468750E3,5.352551698E-2
8.731933594E3,5.630534999E-2
8.733398438E3,1.004398933E-1
8.734863281E3,1.465130611E-1
8.736328125E3,8.158176304E-2
8.737792969E3,1.769158110E-1
8.739257812E3,7.084391453E-3
8.740722656E3,8.869182128E-2
8.742187500E3,9.442755904E-2
8.743652344E3,2.269996500E-1
8.745117188E3,1.386868545E-1
8.746582031E3,8.604952162E-2
8.748046875E3,1.490675710E-1
8.749511719E3,1.305970973E-1
8.750976562E3,4.049069257E-2
8.752441406E3,1.207250103E-1
8.753906250E3,5.890804009E-2
8.755371094E3,3.000146661E-2
8.756835938E3,1.102477893E-1
8.758300781E3,1.686450922E-1
8.759765625E3,4.416840217E-2
8.761230469E3,9.526716556E-2
8.762695312E3,1.579043754E-1
8.764160156E3,7.337966750E-2
8.765625000E3,1.258807084E-1
8.767089844E3,2.388443907E-1
8.768554688E3,6.946828982E-2
8.770019531E3,1.004120182E-1
8.771484375E3,1.054530999E-1
8.772949219E3,2.154229697E-2
8.774414062E3,8.595839957E-2
8.775878906E3,8.714657226E-2
8.777343750E3,2.817595347E-2
8.778808594E3,1.528284553E-1
8.780273438E3,1.028367592E-1
8.781738281E3,1.457049260E-1
8.783203125E3,2.284880339E-1
8.784667969E3,1.957141158E-1
8.786132812E3,1.345133537E-1
8.787597656E3,5.128850277E-2
8.789062500E3,8.506708761E-2
8.790527344E3,1.086568218E-1
8.791992188E3,1.421521017E-1
8.793457031E3,8.937020626E-2
8.794921875E3,1.138742657E-1
8.796386719E3,1.346404722E-1
8.797851562E3,1.722149687E-1
8.799316406E3,5.940553209E-2
8.800781250E3,1.122614353E-1
8.802246094E3,8.666469598E-2
8.803710938E3,1.133079901E-1
8.805175781E3,7.197474015E-2
8.806640625E3,1.207618415E-1
8.808105469E3,1.292355415E-1
8.809570312E3,1.010092390E-1
8.811035156E3,9.931419691E-2
8.812500000E3,1.366411207E-1
8.813964844E3,8.841627192E-2
8.815429688E3,1.237896521E-1
8.816894531E3,1.131312933E-1
8.818359375E3,9.335389749E-2
8.819824219E3,2.046780755E-2
8.821289062E3,1.350292532E-1
8.822753906E3,8.742141838E-2
8.824218750E3,5.103395538E-2
8.825683594E3,1.707587980E-1
8.827148438E3,8.076145375E-2
8.828613281E3,8.482923055E-3
8.830078125E3,1.064508479E-1
8.831542969E3,1.057733845E-1
8.833007812E3,6.403360394E-2
8.834472656E3,1.530440133E-1
8.835937500E3,1.928931730E-1
8.837402344E3,1.579267899E-1
8.838867188E3,1.962288564E-1
8.840332031E3,1.073664586E-1
8.841796875E3,5.193289361E-2
8.843261719E3,1.074616299E-1
8.844726562E3,8.249345941E-2
8.846191406E3,1.022843061E-1
8.847656250E3,5.976310664E-2
8.849121094E3,4.636965050E-2
8.850585938E3,1.622660987E-1
8.852050781E3,1.109387509E-1
8.853515625E3,1.330158460E-1
8.854980469E3,5.056309837E-2
8.856445312E3,8.374386822E-2
8.857910156E3,7.735082300E-2
8.859375000E3,9.041273532E-2
8.860839844E3,1.122506074E-1
8.862304688E3,9.664774904E-2
8.863769531E3,7.870078372E-2
8.865234375E3,4.946450072E-2
8.866699219E3,1.744888675E-1
8.868164062E3,8.270277661E-2
8.869628906E3,1.505167574E-1
8.871093750E3,1.112508874E-1
8.872558594E3,1.573918337E-1
8.874023438E3,1.043195372E-1
8.875488281E3,6.695331111E-2
8.876953125E3,7.212834288E-2
8.878417969E3,9.667761627E-2
8.879882812E3,5.678991388E-2
8.881347656E3,8.863567729E-2
8.882812500E3,9.434351030E-2
8.884277344E3,6.534472797E-2
8.885742188E3,1.505121050E-1
8.887207031E3,5.621053186E-3
8.888671875E3,1.182955345E-1
8.890136719E3,2.923662195E-2
8.891601562E3,3.929610421E-2
8.893066406E3,7.249919849E-2
8.894531250E3,8.587797709E-2
8.895996094E3,2.269793964E-1
8.897460938E3,1.139122305E-1
8.898925781E3,1.749267333E-1
8.900390625E3,2.208388530E-2
8.901855469E3,2.608573786E-1
8.903320312E3,7.316951652E-2
8.904785156E3,1.119070464E-1
8.906250000E3,4.409559970E-2
8.907714844E3,9.369569488E-2
8.909179688E3,1.048492904E-1
8.910644531E3,1.167987990E-1
8.912109375E3,3.371322046E-2
8.913574219E3,1.306371952E-1
8.915039062E3,4.254630106E-2
8.916503906E3,1.427660003E-1
8.917968750E3,1.478895447E-1
8.919433594E3,4.073260257E-2
8.920898438E3,2.009005969E-1
8.922363281E3,1.141738637E-1
8.923828125E3,6.949081865E-2
8.925292969E3,6.659579986E-2
8.926757812E3,1.230240799E-1
8.928222656E3,1.109976574E-1
8.929687500E3,9.624958116E-2
8.931152344E3,9.256284572E-2
8.932617188E3,6.162529384E-2
8.934082031E3,7.816592048E-2
8.935546875E3,9.421951331E-2
8.937011719E3,9.925765203E-2
8.938476562E3,4.442091854E-2
8.939941406E3,1.231975538E-1
8.941406250E3,4.176585137E-2
8.942871094E3,1.502139806E-1
8.944335938E3,9.001135815E-2
8.945800781E3,8.349145335E-2
8.947265625E3,1.516190774E-1
8.948730469E3,9.042393646E-2
8.950195312E3,1.171948899E-1
8.951660156E3,1.048926285E-1
8.953125000E3,1.015011005E-1
8.954589844E3,1.877164659E-1
8.956054688E3,6.993535251E-2
8.957519531E3,4.106575076E-2
8.958984375E3,1.255224867E-1
8.960449219E3,1.014856087E-1
8.961914062E3,7.541821005E-2
8.963378906E3,2.928421766E-2
8.964843750E3,1.578607511E-1
8.966308594E3,4.209115021E-2
8.967773438E3,1.347767650E-1
8.969238281E3,2.349780767E-2
8.970703125E3,6.689028627E-2
8.972167969E3,8.877481414E-2
8.973632812E3,4.605982507E-2
8.975097656E3,5.573502172E-2
8.976562500E3,6.449766359E-2
8.978027344E3,3.903072538E-2
8.979492188E3,1.148086573E-1
8.980957031E3,8.613772040E-2
8.982421875E3,4.056167896E-2
8.983886719E3,2.127237859E-1
8.985351562E3,1.341449761E-1
8.986816406E3,7.404520147E-2
8.988281250E3,5.908496907E-2
8.989746094E3,1.071896949E-1
8.991210938E3,2.851971065E-2
8.992675781E3,1.497450609E-1
8.994140625E3,1.116907006E-1
8.995605469E3,1.287933565E-1
8.997070312E3,1.061524827E-1
8.998535156E3,3.520421066E-2
9.000000000E3,1.796363169E-1
9.001464844E3,1.226923931E-1
9.002929688E3,9.263914287E-2
9.004394531E3,7.866880335E-2
9.005859375E3,8.105192652E-2
9.007324219E3,1.871869482E-2
9.008789062E3,1.550157047E-1
9.010253906E3,7.004426870E-2
9.011718750E3,1.056991997E-1
9.013183594E3,5.338459693E-2
9.014648438E3,1.603712000E-1
9.016113281E3,2.577416123E-2
9.017578125E3,2.015246348E-1
9.019042969E3,1.137882075E-1
9.020507812E3,1.034770398E-1
9.021972656E3,7.390310802E-2
9.023437500E3,2.699828614E-2
9.024902344E3,6.734215181E-3
9.026367188E3,1.198233525E-1
9.027832031E3,9.172524701E-2
9.029296875E3,1.188322716E-1
9.030761719E3,8.976787005E-2
9.032226562E3,7.972630386E-2
9.033691406E3,2.143945631E-2
9.035156250E3,6.887043454E-2
9.036621094E3,6.487190055E-2
9.038085938E3,7.088420511E-2
9.039550781E3,1.082017910E-2
9.041015625E3,7.598639688E-2
9.042480469E3,8.120044599E-2
9.043945312E3,1.249444587E-1
9.045410156E3,6.635374804E-2
9.046875000E3,6.503183117E-2
9.048339844E3,1.718879445E-1
9.049804688E3,9.121313024E-2
9.051269531E3,1.632710656E-1
9.052734375E3,9.716266503E-2
9.054199219E3,7.666573841E-2
9.055664062E3,1.404034779E-1
9.057128906E3,1.156410970E-1
9.058593750E3,8.596113618E-2
9.060058594E3,6.361964905E-2
9.061523438E3,7.068187683E-2
9.062988281E3,4.697150727E-2
9.064453125E3,3.433386441E-2
9.065917969E3,3.934428561E-3
9.067382812E3,7.430075202E-2
9.068847656E3,8.823197623E-2
9.070312500E3,4.551478504E-2
9.071777344E3,6.894159741E-2
9.073242188E3,8.362645775E-2
9.074707031E3,1.670894390E-1
9.076171875E3,3.905395752E-2
9.077636719E3,8.428988363E-2
9.079101562E3,9.478365851E-2
9.080566406E3,1.447517534E-1
9.082031250E3,1.153669410E-1
9.083496094E3,1.569387233E-1
9.084960938E3,1.146534194E-1
9.086425781E3,1.167987088E-1
9.087890625E3,1.055299474E-1
9.089355469E3,6.028932666E-2
9.090820312E3,9.509274655E-2
9.092285156E3,1.173066294E-2
9.093750000E3,9.070713098E-2
9.095214844E3,1.589368654E-1
9.096679688E3,9.487126886E-2
9.098144531E3,6.895633752E-2
9.099609375E3,1.130125230E-1
9.101074219E3,1.331110891E-1
9.102539062E3,2.138312823E-2
9.104003906E3,1.193528296E-1
9.105468750E3,8.100305819E-2
9.106933594E3,1.212852581E-1
9.108398438E3,1.710474087E-1
9.109863281E3,4.029544318E-2
9.111328125E3,1.145304630E-1
9.112792969E3,1.543519872E-1
9.114257812E3,9.439926260E-2
9.115722656E3,1.276031559E-1
9.117187500E3,1.079627494E-1
9.118652344E3,1.026857996E-1
9.120117188E3,5.445759474E-2
9.121582031E3,1.040764027E-1
9.123046875E3,5.610958081E-2
9.124511719E3,9.039500221E-2
9.125976562E3,1.497927267E-1
9.127441406E3,5.003151981E-2
9.128906250E3,9.469496614E-2
9.130371094E3,8.772811839E-2
9.131835938E3,2.171313382E-2
9.133300781E3,1.162356202E-1
9.134765625E3,6.856371342E-2
9.136230469E3,1.375154053E-1
9.137695312E3,1.424819119E-2
9.139160156E3,1.139104612E-1
9.140625000E3,9.631578619E-2
9.142089844E3,1.312676098E-1
9.143554688E3,5.067630245E-2
9.145019531E3,7.355796302E-2
9.146484375E3,1.248145078E-1
9.147949219E3,9.575665651E-2
9.149414062E3,5.223519300E-2
9.150878906E3,8.146520803E-2
9.152343750E3,5.000620554E-2
9.153808594E3,1.698320150E-1
9.155273438E3,1.046486240E-1
9.156738281E3,9.533716850E-2
9.158203125E3,8.534069165E-2
9.159667969E3,8.740878269E-2
9.161132812E3,9.446034328E-2
9.162597656E3,1.200126957E-1
9.164062500E3,1.491702423E-2
9.165527344E3,2.422613772E-2
9.166992188E3,9.156626263E-2
9.168457031E3,1.258248344E-1
9.169921875E3,4.295671195E-2
9.171386719E3,9.331316336E-2
9.172851562E3,5.666623179E-2
9.174316406E3,9.753305353E-2
9.175781250E3,9.255739533E-2
9.177246094E3,4.889927773E-2
9.178710938E3,1.137655452E-1
9.180175781E3,4.976292394E-2
9.181640625E3,1.487005618E-1
9.183105469E3,6.472071695E-2
9.184570312E3,1.309395083E-1
9.186035156E3,1.208202286E-1
9.187500000E3,1.146298153E-1
9.188964844E3,1.138700463E-1
9.190429688E3,6.829728339E-2
9.191894531E3,1.720615312E-1
9.193359375E3,9.007226514E-2
9.194824219E3,6.662548447E-2
9.196289062E3,8.280811003E-2
9.197753906E3,9.013665834E-2
9.199218750E3,2.808120438E-2
9.200683594E3,4.229798576E-2
9.202148438E3,6.250895264E-2
9.203613281E3,1.489015659E-1
9.205078125E3,1.228617118E-2
9.206542969E3,1.232246417E-1
9.208007812E3,9.542202609E-2
9.209472656E3,5.096920367E-2
9.210937500E3,1.216637621E-1
9.212402344E3,5.395884731E-2
9.213867188E3,5.255289960E-2
9.215332031E3,5.781155464E-2
9.216796875E3,1.629299247E-1
9.218261719E3,7.699175424E-2
9.219726562E3,7.566367648E-2
9.221191406E3,1.611176256E-2
9.222656250E3,1.458135775E-1
9.224121094E3,1.686715226E-1
9.225585938E3,2.239217949E-1
9.227050781E3,1.476131205E-1
9.228515625E3,1.845900748E-1
9.229980469E3,1.560005314E-1
9.231445312E3,3.527527594E-2
9.232910156E3,1.151203415E-1
9.234375000E3,1.072745400E-1
9.235839844E3,5.154467877E-2
9.237304688E3,1.081271133E-1
9.238769531E3,6.120955617E-2
9.240234375E3,1.117033020E-1
9.241699219E3,5.519669247E-2
9.243164062E3,3.614800035E-2
9.244628906E3,7.846773624E-2
9.246093750E3,9.993374530E-2
9.247558594E3,1.060741151E-1
9.249023438E3,8.361440163E-2
9.250488281E3,3.974305253E-2
9.251953125E3,3.164691963E-2
9.253417969E3,1.273541604E-1
9.254882812E3,2.795386057E-2
9.256347656E3,8.568258779E-2
9.257812500E3,1.001041193E-1
9.259277344E3,1.550060398E-1
9.260742188E3,4.635703823E-2
9.262207031E3,1.110053887E-1
9.263671875E3,4.135915502E-2
9.265136719E3,6.587182041E-2
9.266601562E3,5.127918294E-2
9.268066406E3,3.405173271E-2
9.269531250E3,1.216783492E-1
9.270996094E3,7.478200037E-2
9.272460938E3,9.182452811E-2
9.273925781E3,1.355024532E-1
9.275390625E3,5.323558739E-2
9.276855469E3,1.777941088E-1
9.278320312E3,1.423323832E-1
9.279785156E3,1.894849611E-1
9.281250000E3,1.109042078E-1
9.282714844E3,1.162554627E-1
9.284179688E3,1.061558841E-1
9.285644531E3,1.004638107E-1
9.287109375E3,1.089997471E-1
9.288574219E3,1.610008754E-1
9.290039062E3,1.021825313E-1
9.291503906E3,1.373606781E-1
9.292968750E3,6.385629308E-2
9.294433594E3,9.431742503E-2
9.295898438E3,3.625430044E-2
9.297363281E3,7.610311800E-2
9.298828125E3,9.740844363E-2
9.300292969E3,1.012509697E-1
9.301757812E3,9.509260558E-2
9.303222656E3,1.212051486E-1
9.304687500E3,1.347268978E-1
9.306152344E3,9.294408535E-2
9.307617188E3,1.991310620E-1
9.309082031E3,8.319315353E-2
9.310546875E3,1.641073699E-1
9.312011719E3,1.560172933E-1
9.313476562E3,1.015240440E-1
9.314941406E3,1.688336500E-1
9.316406250E3,1.171791697E-1
9.317871094E3,1.731790823E-1
9.319335938E3,7.473069395E-2
9.320800781E3,1.676225381E-1
9.322265625E3,1.401195395E-1
9.323730469E3,4.396204707E-2
9.325195312E3,7.245169345E-2
9.326660156E3,7.294043479E-2
9.328125000E3,8.788398332E-2
9.329589844E3,6.866990985E-2
9.331054688E3,1.597250002E-1
9.332519531E3,4.178136759E-2
9.333984375E3,1.309291276E-1
9.335449219E3,8.178742786E-2
9.336914062E3,1.273531201E-1
9.338378906E3,1.097360475E-1
9.339843750E3,1.203599459E-1
9.341308594E3,5.958415263E-2
9.342773438E3,8.656532566E-2
9.344238281E3,4.435305839E-2
9.345703125E3,1.113448537E-1
9.347167969E3,6.117750812E-2
9.348632812E3,1.463491327E-1
9.350097656E3,1.414501081E-1
9.351562500E3,1.415770309E-1
9.353027344E3,1.410526894E-1
9.354492188E3,6.129112872E-2
9.355957031E3,1.091302003E-1
9.357421875E3,3.092894157E-2
9.358886719E3,1.209782876E-1
9.360351562E3,5.804439472E-2
9.361816406E3,5.571299318E-2
9.363281250E3,6.450573066E-2
9.364746094E3,5.336907857E-2
9.366210938E3,1.287319416E-1
9.367675781E3,1.516817864E-1
9.369140625E3,5.416010991E-2
9.370605469E3,8.517340105E-2
9.372070312E3,3.322249077E-2
9.373535156E3,4.415467169E-2
9.375000000E3,4.496629423E-2
9.376464844E3,3.277064154E-2
9.377929688E3,4.720970658E-2
9.379394531E3,5.760687819E-2
9.380859375E3,7.951023396E-2
9.382324219E3,4.947853242E-2
9.383789062E3,6.451991337E-2
9.385253906E3,1.333049191E-1
9.386718750E3,3.628309202E-2
9.388183594E3,3.826562530E-2
9.389648438E3,5.728716992E-2
9.391113281E3,2.310359316E-2
9.392578125E3,4.448169345E-2
9.394042969E3,4.724251863E-2
9.395507812E3,1.674395812E-1
9.396972656E3,6.459535288E-2
9.398437500E3,9.497146525E-2
9.399902344E3,8.029542724E-2
9.401367188E3,2.104260538E-2
9.402832031E3,4.169832491E-2
9.404296875E3,6.489532356E-2
9.405761719E3,3.722015598E-2
9.407226562E3,4.142754214E-2
9.408691406E3,7.064580707E-2
9.410156250E3,4.969991061E-2
9.411621094E3,5.464438804E-2
9.413085938E3,8.574253725E-2
9.414550781E3,6.447854103E-2
9.416015625E3,1.266998716E-1
9.417480469E3,8.294442115E-2
9.418945312E3,9.085774696E-2
9.420410156E3,7.641360179E-2
9.421875000E3,3.114219538E-2
9.423339844E3,1.721904841E-1
9.424804688E3,2.550861358E-2
9.426269531E3,1.422586072E-1
9.427734375E3,7.510099626E-2
9.429199219E3,3.078079072E-2
9.430664062E3,6.600371194E-2
9.432128906E3,1.688550587E-2
9.433593750E3,1.008545882E-1
9.435058594E3,7.284014003E-2
9.436523438E3,1.117247315E-1
9.437988281E3,1.173415118E-1
9.439453125E3,6.290711631E-2
9.440917969E3,1.821900170E-2
9.442382812E3,3.584947044E-2
9.443847656E3,7.263948492E-2
9.445312500E3,4.234190638E-2
9.446777344E3,1.251905315E-1
9.448242188E3,7.104704035E-2
9.449707031E3,3.009740006E-2
9.451171875E3,6.936767330E-2
9.452636719E3,6.543557794E-3
9.454101562E3,4.456900354E-2
9.455566406E3,9.033106155E-2
9.457031250E3,3.496288805E-2
9.458496094E3,5.553694635E-2
9.459960938E3,8.385707673E-2
9.461425781E3,1.065394084E-1
9.462890625E3,8.203109377E-2
9.464355469E3,1.498282635E-1
9.465820312E3,4.675254570E-2
9.467285156E3,4.156065033E-2
9.468750000E3,6.157537816E-2
9.470214844E3,3.958472372E-2
9.471679688E3,7.925687894E-2
9.473144531E3,1.428948476E-1
9.474609375E3,5.140800584E-2
9.476074219E3,1.139098595E-1
9.477539062E3,4.601654337E-2
9.479003906E3,9.604058347E-2
9.480468750E3,1.067342469E-1
9.481933594E3,1.580113506E-1
9.483398438E3,1.334605781E-1
9.484863281E3,8.725148647E-2
9.486328125E3,1.503822316E-1
9.487792969E3,1.400515600E-1
9.489257812E3,5.521427569E-2
9.490722656E3,4.213052159E-2
9.492187500E3,9.819550440E-2
9.493652344E3,2.886992686E-2
9.495117188E3,1.179595539E-1
9.496582031E3,6.616052200E-2
9.498046875E3,9.770085238E-2
9.499511719E3,6.978486148E-2
9.500976562E3,1.166796977E-1
9.502441406E3,1.260711887E-1
9.503906250E3,5.816443360E-2
9.505371094E3,1.383056617E-1
9.506835938E3,1.596557000E-1
9.508300781E3,2.719023913E-2
9.509765625E3,7.159424718E-2
9.511230469E3,4.951794145E-2
9.512695312E3,6.375287071E-2
9.514160156E3,1.261422259E-1
9.515625000E3,2.101922864E-2
9.517089844E3,3.462665769E-2
9.518554688E3,1.117063514E-1
9.520019531E3,4.830177519E-2
9.521484375E3,8.259270285E-2
9.522949219E3,1.116995453E-1
9.524414062E3,1.717996271E-2
9.525878906E3,7.082904559E-2
9.527343750E3,7.882049905E-2
9.528808594E3,8.381384946E-2
9.530273438E3,5.545948426E-2
9.531738281E3,2.118552647E-2
9.533203125E3,9.236678541E-2
9.534667969E3,5.139083077E-2
9.536132812E3,5.837122732E-2
9.537597656E3,9.794359688E-2
9.539062500E3,2.717816170E-2
9.540527344E3,1.143619875E-1
9.541992188E3,8.838233258E-2
9.543457031E3,3.910810554E-2
9.544921875E3,5.339626718E-2
9.546386719E3,4.661595798E-2
9.547851562E3,6.992468853E-2
9.549316406E3,5.242461488E-2
9.550781250E3,1.188092702E-1
9.552246094E3,1.579545435E-1
9.553710938E3,1.062920081E-1
9.555175781E3,7.972316631E-2
9.556640625E3,9.533625560E-2
9.558105469E3,5.243435531E-2
9.559570312E3,4.252748219E-2
9.561035156E3,6.565932433E-2
9.562500000E3,7.798626735E-2
9.563964844E3,1.667776191E-2
9.565429688E3,5.458334025E-2
9.566894531E3,7.513705310E-2
9.568359375E3,4.963435046E-2
9.569824219E3,8.707849892E-2
9.571289062E3,1.203603400E-1
9.572753906E3,7.604591676E-2
9.574218750E3,5.342224098E-2
9.575683594E3,1.162236366E-1
9.577148438E3,1.138807636E-1
9.578613281E3,1.634986365E-1
9.580078125E3,2.101230124E-2
9.581542969E3,4.268002270E-2
9.583007812E3,1.004626203E-1
9.584472656E3,3.794572491E-2
9.585937500E3,1.549383158E-1
9.587402344E3,9.342230992E-2
9.588867188E3,1.434456423E-1
9.590332031E3,1.595815245E-1
9.591796875E3,6.750961634E-2
9.593261719E3,5.323132293E-2
9.594726562E3,8.866376924E-2
9.596191406E3,1.234813414E-1
9.597656250E3,6.890841546E-2
9.599121094E3,8.520504352E-2
9.600585938E3,1.223515174E-1
9.602050781E3,8.974846954E-2
9.603515625E3,9.857506505E-2
9.604980469E3,7.751932813E-2
9.606445312E3,1.111636047E-1
9.607910156E3,5.104518772E-2
9.609375000E3,8.880431064E-2
9.610839844E3,8.942815234E-2
9.612304688E3,5.630756626E-2
9.613769531E3,1.078056930E-1
9.615234375E3,7.095923664E-2
9.616699219E3,3.963124479E-2
9.618164062E3,1.754755046E-2
9.619628906E3,3.221991516E-2
9.621093750E3,7.164439572E-2
9.622558594E3,7.404983643E-2
9.624023438E3,1.201096783E-1
9.625488281E3,6.682125308E-2
9.626953125E3,1.046509632E-1
9.628417969E3,5.480987503E-2
9.629882812E3,7.991634130E-2
9.631347656E3,3.392345308E-2
9.632812500E3,1.195933356E-1
9.634277344E3,2.430970579E-2
9.635742188E3,4.733762335E-2
9.637207031E3,3.749928760E-2
9.638671875E3,1.372544083E-1
9.640136719E3,5.451702635E-2
9.641601562E3,3.845623011E-2
9.643066406E3,9.546925959E-3
9.644531250E3,6.276494922E-2
9.645996094E3,8.122325948E-2
9.647460938E3,9.683987069E-2
9.648925781E3,1.372327882E-1
9.650390625E3,4.225359333E-2
9.651855469E3,1.919201504E-1
9.653320312E3,3.803144471E-2
9.654785156E3,7.324621427E-2
9.656250000E3,1.060813467E-2
9.657714844E3,8.546364251E-2
9.659179688E3,7.084180299E-2
9.660644531E3,3.196218990E-2
9.662109375E3,3.071853810E-2
9.663574219E3,2.902333341E-2
9.665039062E3,2.470821377E-2
9.666503906E3,3.127480855E-2
9.667968750E3,1.668115389E-1
9.669433594E3,3.536656416E-2
9.670898438E3,1.108986861E-1
9.672363281E3,7.944480889E-2
9.673828125E3,3.454759363E-2
9.675292969E3,1.486957585E-1
9.676757812E3,1.147792379E-1
9.678222656E3,8.585390276E-2
9.679687500E3,2.690745343E-2
9.681152344E3,1.211362779E-2
9.682617188E3,4.209959680E-2
9.684082031E3,6.484963201E-2
9.685546875E3,4.397534749E-2
9.687011719E3,1.113046825E-1
9.688476562E3,1.109450097E-1
9.689941406E3,1.305797051E-1
9.691406250E3,7.414370051E-2
9.692871094E3,7.436142864E-2
9.694335938E3,4.834426105E-2
9.695800781E3,1.367477389E-1
9.697265625E3,4.334717677E-2
9.698730469E3,7.521681527E-2
9.700195312E3,5.667512100E-2
9.701660156E3,6.509162170E-2
9.703125000E3,4.354154057E-2
9.704589844E3,1.591996705E-1
9.706054688E3,6.078104163E-2
9.707519531E3,8.468442989E-2
9.708984375E3,7.932123278E-2
9.710449219E3,4.979959461E-2
9.711914062E3,9.315967275E-2
9.713378906E3,7.768584162E-2
9.714843750E3,3.850301223E-2
9.716308594E3,4.758452767E-2
9.717773438E3,8.819648330E-2
9.719238281E3,5.915046780E-2
9.720703125E3,6.912482611E-2
9.722167969E3,7.005011826E-2
9.723632812E3,4.335541127E-2
9.725097656E3,2.538164867E-2
9.726562500E3,7.845800912E-2
9.728027344E3,4.751123173E-2
9.729492188E3,1.508223891E-2
9.730957031E3,9.895022702E-2
9.732421875E3,6.765578798E-2
9.733886719E3,8.728925917E-2
9.735351562E3,1.308851822E-1
9.736816406E3,1.323565739E-1
9.738281250E3,7.827373713E-2
9.739746094E3,1.309161540E-1
9.741210938E3,9.893032156E-2
9.742675781E3,5.231703598E-2
9.744140625E3,1.079735863E-1
9.745605469E3,5.230340207E-2
9.747070312E3,6.524842505E-2
9.748535156E3,1.035815506E-1
9.750000000E3,1.233484222E-1
9.751464844E3,6.957746577E-2
9.752929688E3,7.475799214E-2
9.754394531E3,1.525244311E-1
9.755859375E3,7.268936535E-2
9.757324219E3,1.276234862E-1
9.758789062E3,5.194290904E-2
9.760253906E3,9.321588106E-2
9.761718750E3,4.533938317E-2
9.763183594E3,2.093091494E-2
9.764648438E3,1.188495745E-1
9.766113281E3,8.707911636E-2
9.767578125E3,2.921312171E-2
9.769042969E3,1.697032069E-1
9.770507812E3,7.067727911E-2
9.771972656E3,3.912963436E-2
9.773437500E3,7.480599457E-2
9.774902344E3,7.276847646E-2
9.776367188E3,6.884674913E-2
9.777832031E3,9.841959334E-2
9.779296875E3,7.621793354E-2
9.780761719E3,1.136895241E-1
9.782226562E3,7.820812100E-2
9.783691406E3,6.331719335E-2
9.785156250E3,8.831728268E-2
9.786621094E3,2.543833351E-2
9.788085938E3,5.638243531E-2
9.789550781E3,7.991285625E-2
9.791015625E3,5.459329269E-2
9.792480469E3,3.083284650E-2
9.793945312E3,6.755380440E-2
9.795410156E3,7.953338934E-2
9.796875000E3,6.303956665E-2
9.798339844E3,6.245042132E-2
9.799804688E3,4.521750301E-2
9.801269531E3,9.715150030E-2
9.802734375E3,7.276972686E-2
9.804199219E3,5.609649007E-2
9.805664062E3,1.175767083E-1
9.807128906E3,9.764867179E-2
9.808593750E3,5.105622481E-3
9.810058594E3,6.321879319E-2
9.811523438E3,7.069875047E-2
9.812988281E3,8.845133640E-2
9.814453125E3,1.020064597E-1
9.815917969E3,6.923797808E-2
9.817382812E3,1.827503314E-1
9.818847656E3,3.398145853E-2
9.820312500E3,6.788920273E-2
9.821777344E3,2.651243966E-2
9.823242188E3,1.059238785E-1
9.824707031E3,4.611480602E-2
9.826171875E3,2.149857739E-2
9.827636719E3,7.040645896E-2
9.829101562E3,9.516714533E-2
9.830566406E3,8.241603973E-2
9.832031250E3,5.219133388E-2
9.833496094E3,2.872737558E-2
9.834960938E3,8.807045608E-2
9.836425781E3,5.742704218E-2
9.837890625E3,7.507250663E-3
9.839355469E3,8.760598082E-3
9.840820312E3,6.880316397E-2
9.842285156E3,7.810579368E-2
9.843750000E3,9.488382471E-2
9.845214844E3,1.662055775E-1
9.846679688E3,3.492876987E-2
9.848144531E3,4.417398759E-2
9.849609375E3,7.373813303E-2
9.851074219E3,7.911528537E-2
9.852539062E3,5.401648395E-2
9.854003906E3,9.650465743E-3
9.855468750E3,2.816363178E-2
9.856933594E3,5.388651473E-2
9.858398438E3,9.071019031E-2
9.859863281E3,4.061402611E-2
9.861328125E3,1.206561815E-1
9.862792969E3,7.571403115E-2
9.864257812E3,7.090876088E-2
9.865722656E3,8.365017154E-2
9.867187500E3,5.899157788E-2
9.868652344E3,2.009161263E-1
9.870117188E3,6.868325101E-2
9.871582031E3,9.021112502E-2
9.873046875E3,4.865641268E-2
9.874511719E3,1.234175427E-1
9.875976562E3,8.963279753E-2
9.877441406E3,1.496068806E-1
9.878906250E3,4.247519595E-2
9.880371094E3,8.605793899E-2
9.881835938E3,2.306992255E-2
9.883300781E3,7.981585044E-2
9.884765625E3,7.789678953E-2
9.886230469E3,4.218119242E-2
9.887695312E3,7.571855019E-2
9.889160156E3,3.333016845E-2
9.890625000E3,5.721168444E-2
9.892089844E3,5.192668889E-2
9.893554688E3,4.089487391E-2
9.895019531E3,1.042424129E-1
9.896484375E3,5.323301634E-2
9.897949219E3,9.638858352E-2
9.899414062E3,1.033611910E-1
9.900878906E3,4.768427751E-2
9.902343750E3,2.953238989E-2
9.903808594E3,7.894177904E-2
9.905273438E3,1.006074823E-1
9.906738281E3,6.677760988E-2
9.908203125E3,3.677401623E-2
9.909667969E3,9.444022246E-2
9.911132812E3,5.679857425E-2
9.912597656E3,5.060606530E-2
9.914062500E3,4.131634016E-2
9.915527344E3,1.070438631E-1
9.916992188E3,1.310164100E-1
9.918457031E3,1.192651866E-2
9.919921875E3,3.472194715E-2
9.921386719E3,2.591028937E-2
9.922851562E3,3.469206472E-2
9.924316406E3,1.880467358E-2
9.925781250E3,6.377614011E-2
9.927246094E3,2.776862975E-2
9.928710938E3,1.530296529E-2
9.930175781E3,4.502894156E-2
9.931640625E3,1.132426664E-1
9.933105469E3,9.649775196E-2
9.934570312E3,9.736054690E-2
9.936035156E3,5.253455302E-2
9.937500000E3,8.241525891E-2
9.938964844E3,8.454535079E-2
9.940429688E3,2.333329730E-2
9.941894531E3,6.942381765E-2
9.943359375E3,8.498340547E-2
9.944824219E3,8.028294474E-2
9.946289062E3,4.460384214E-2
9.947753906E3,6.968902532E-2
9.949218750E3,1.900701941E-2
9.950683594E3,6.486108457E-2
9.952148438E3,2.304437938E-2
9.953613281E3,1.184445115E-1
9.955078125E3,1.057978812E-1
9.956542969E3,3.495389143E-2
9.958007812E3,5.112653222E-2
9.959472656E3,6.357618366E-2
9.960937500E3,4.562867913E-2
9.962402344E3,5.728945277E-2
9.963867188E3,6.645302043E-2
9.965332031E3,5.011852831E-2
9.966796875E3,9.925975812E-3
9.968261719E3,5.000185771E-2
9.969726562E3,2.645140852E-2
9.971191406E3,5.963783194E-2
9.972656250E3,2.164005122E-2
9.974121094E3,6.165698492E-2
9.975585938E3,6.959266143E-2
9.977050781E3,4.043808624E-2
9.978515625E3,4.857451311E-2
9.979980469E3,4.671094816E-2
9.981445312E3,5.429900726E-2
9.982910156E3,8.226289559E-2
9.984375000E3,1.182110896E-1
9.985839844E3,5.876541338E-2
9.987304688E3,1.067143350E-1
9.988769531E3,7.353302703E-2
9.990234375E3,1.059521341E-1
9.991699219E3,1.829389132E-2
9.993164062E3,1.433738105E-1
9.994628906E3,9.294394849E-2
9.996093750E3,1.080537698E-1
9.997558594E3,1.030926766E-1
9.999023438E3,1.314366642E-1
1.000048828E4,1.085888867E-1
1.000195312E4,3.433883747E-2
1.000341797E4,9.776851814E-2
1.000488281E4,6.250137772E-2
1.000634766E4,5.711757763E-2
1.000781250E4,8.974064470E-2
1.000927734E4,1.148354397E-2
1.001074219E4,9.094220452E-2
1.001220703E4,4.374172710E-2
1.001367188E4,1.006657650E-1
1.001513672E4,4.888698081E-2
1.001660156E4,6.799805991E-2
1.001806641E4,1.374906279E-1
1.001953125E4,8.589682215E-2
1.002099609E4,8.215177291E-2
1.002246094E4,1.288590417E-1
1.002392578E4,7.817527534E-2
1.002539062E4,5.587454386E-2
1.002685547E4,7.808996923E-2
1.002832031E4,1.003701458E-1
1.002978516E4,1.106428483E-1
1.003125000E4,3.347404555E-2
1.003271484E4,1.644292433E-1
1.003417969E4,5.009840222E-2
1.003564453E4,3.129790703E-2
1.003710938E4,5.097979778E-2
1.003857422E4,4.480558050E-2
1.004003906E4,6.752335722E-2
1.004150391E4,2.687525665E-2
1.004296875E4,1.223277373E-1
1.004443359E4,7.611577629E-2
1.004589844E4,8.920063873E-2
1.004736328E4,5.607682877E-2
1.004882812E4,4.347877022E-2
1.005029297E4,9.561386386E-2
1.005175781E4,4.104021333E-2
1.005322266E4,1.363001086E-1
1.005468750E4,3.280735902E-2
1.005615234E4,1.121908209E-1
1.005761719E4,4.423086314E-2
1.005908203E4,7.948053099E-2
1.006054688E4,4.914337067E-2
1.006201172E4,7.721089369E-2
1.006347656E4,4.542572126E-2
1.006494141E4,9.462284375E-2
1.006640625E4,1.093213514E-1
1.006787109E4,1.014736015E-1
1.006933594E4,1.079504301E-1
1.007080078E4,3.839904332E-2
1.007226562E4,5.330437545E-2
1.007373047E4,7.527830216E-2
1.007519531E4,7.246583854E-2
1.007666016E4,1.460506764E-1
1.007812500E4,8.487521870E-2
1.007958984E4,2.242059545E-1
1.008105469E4,7.849363179E-2
1.008251953E4,1.830460631E-1
1.008398438E4,1.039807280E-1
1.008544922E4,1.590005573E-1
1.008691406E4,8.078614816E-2
1.008837891E4,1.067207736E-1
1.008984375E4,7.779950236E-2
1.009130859E4,4.619023550E-2
1.009277344E4,1.423469952E-2
1.009423828E4,5.238155493E-2
1.009570312E4,1.228787803E-2
1.009716797E4,9.239564561E-2
1.009863281E4,9.951607564E-2
1.010009766E4,4.680968186E-3
1.010156250E4,1.038719855E-1
1.010302734E4,4.707312147E-2
1.010449219E4,1.319848118E-2
1.010595703E4,4.519627777E-2
1.010742188E4,8.572488492E-2
1.010888672E4,5.115494283E-2
1.011035156E4,6.659458335E-2
1.011181641E4,1.121660144E-1
1.011328125E4,1.076352119E-1
1.011474609E4,2.096675147E-1
1.011621094E4,1.136192123E-1
1.011767578E4,9.221072766E-2
1.011914062E4,1.431503972E-1
1.012060547E4,1.486369810E-1
1.012207031E4,6.482075706E-2
1.012353516E4,1.376623065E-1
1.012500000E4,1.003147042E-1
1.012646484E4,1.334578090E-1
1.012792969E4,9.309501690E-2
1.012939453E4,7.676877935E-2
1.013085938E4,4.743894614E-2
1.013232422E4,5.767053786E-2
1.013378906E4,7.013714146E-2
1.013525391E4,1.706478871E-1
1.013671875E4,9.518178968E-2
1.013818359E4,1.114305511E-1
1.013964844E4,8.525132641E-2
1.014111328E4,5.803451234E-2
1.014257812E4,8.204877548E-2
1.014404297E4,3.665990374E-2
1.014550781E4,8.764042285E-2
1.014697266E4,3.359073045E-2
1.014843750E4,1.007499995E-1
1.014990234E4,7.112002764E-2
1.015136719E4,7.968196286E-2
1.015283203E4,1.584044519E-1
1.015429688E4,4.016434930E-2
1.015576172E4,1.340078884E-1
1.015722656E4,1.216678095E-1
1.015869141E4,3.663814387E-2
1.016015625E4,1.143571753E-1
1.016162109E4,1.712944555E-1
1.016308594E4,4.666373546E-2
1.016455078E4,6.022895924E-2
1.016601562E4,7.386657123E-2
1.016748047E4,7.211934257E-3
1.016894531E4,6.890372357E-2
1.017041016E4,1.052533026E-1
1.017187500E4,6.744715290E-2
1.017333984E4,7.440077714E-2
1.017480469E4,1.788666880E-1
1.017626953E4,5.416141333E-2
1.017773438E4,5.907598683E-2
1.017919922E4,1.233793079E-1
1.018066406E4,4.271959389E-2
1.018212891E4,1.047836522E-1
1.018359375E4,1.733846694E-2
1.018505859E4,9.557918945E-2
1.018652344E4,5.871487639E-2
1.018798828E4,7.432864123E-2
1.018945312E4,1.122251537E-1
1.019091797E4,1.548592290E-1
1.019238281E4,8.318676381E-2
1.019384766E4,6.641852520E-2
1.019531250E4,1.444621787E-2
1.019677734E4,5.187751059E-2
1.019824219E4,5.945689253E-3
1.019970703E4,3.438023366E-2
1.020117188E4,6.825187475E-2
1.020263672E4,8.212392051E-2
1.020410156E4,4.390411937E-2
1.020556641E4,2.936467546E-2
1.020703125E4,5.443469548E-2
1.020849609E4,4.243814761E-2
1.020996094E4,3.995719347E-2
1.021142578E4,5.523356023E-2
1.021289062E4,3.127654159E-2
1.021435547E4,1.298258398E-1
1.021582031E4,6.199421813E-2
1.021728516E4,8.776383554E-2
1.021875000E4,6.183733809E-2
1.022021484E4,1.105815807E-1
1.022167969E4,9.124446676E-2
1.022314453E4,6.689971682E-2
1.022460938E4,5.246850133E-2
1.022607422E4,1.638592463E-1
1.022753906E4,2.176403352E-2
1.022900391E4,8.367504801E-2
1.023046875E4,8.005551134E-2
1.023193359E4,5.844470979E-2
1.023339844E4,3.449129802E-2
1.023486328E4,1.597384089E-1
1.023632812E4,5.196379001E-2
1.023779297E4,7.124153785E-2
1.023925781E4,5.848932558E-2
1.024072266E4,7.006759836E-2
1.024218750E4,9.250088146E-2
1.024365234E4,5.017131320E-2
1.024511719E4,2.692879239E-2
1.024658203E4,5.461530529E-2
1.024804688E4,5.061691895E-2
1.024951172E4,9.616511982E-2
1.025097656E4,5.383261019E-2
1.025244141E4,7.556199499E-2
1.025390625E4,5.263330123E-2
1.025537109E4,1.199852187E-1
1.025683594E4,5.360912403E-2
1.025830078E4,8.975941059E-2
1.025976562E4,6.418495821E-2
1.026123047E4,6.092078809E-2
1.026269531E4,4.440802083E-2
1.026416016E4,3.920099432E-2
1.026562500E4,4.562629184E-2
1.026708984E4,1.058760999E-1
1.026855469E4,1.185903435E-1
1.027001953E4,1.435833674E-2
1.027148438E4,1.040129890E-1
1.027294922E4,7.235293179E-2
1.027441406E4,1.021731977E-1
1.027587891E4,1.222389938E-1
1.027734375E4,5.748913569E-2
1.027880859E4,1.413804634E-1
1.028027344E4,1.890175159E-2
1.028173828E4,5.783982689E-2
1.028320312E4,9.237251182E-2
1.028466797E4,1.343416989E-1
1.028613281E4,8.207335173E-2
1.028759766E4,1.715854559E-1
1.028906250E4,7.237582088E-2
1.029052734E4,1.552361558E-1
1.029199219E4,1.656882600E-2
1.029345703E4,6.481278286E-2
1.029492188E4,3.088396140E-2
1.029638672E4,1.230466460E-1
1.029785156E4,1.600920808E-1
1.029931641E4,1.183469396E-1
1.030078125E4,1.948172868E-1
1.030224609E4,1.522675931E-1
1.030371094E4,2.290717846E-1
1.030517578E4,1.753843233E-1
1.030664062E4,1.921284778E-1
1.030810547E4,9.309592695E-2
1.030957031E4,1.215829087E-1
1.031103516E4,7.180151343E-2
1.031250000E4,7.527148183E-2
1.031396484E4,7.047822662E-2
1.031542969E4,4.221812802E-2
1.031689453E4,5.767714905E-2
1.031835938E4,7.031364801E-2
1.031982422E4,7.875376226E-2
1.032128906E4,8.393145335E-2
1.032275391E4,1.144531916E-1
1.032421875E4,7.418024184E-2
1.032568359E4,9.458046347E-2
1.032714844E4,5.100010059E-2
1.032861328E4,5.445403163E-2
1.033007812E4,3.587693813E-2
1.033154297E4,3.935008149E-2
1.033300781E4,3.773225124E-2
1.033447266E4,4.412853957E-2
1.033593750E4,5.294645857E-2
1.033740234E4,7.482863584E-2
1.033886719E4,5.891137912E-2
1.034033203E4,9.241622228E-2
1.034179688E4,1.967146068E-2
1.034326172E4,1.723523081E-1
1.034472656E4,8.086351401E-2
1.034619141E4,1.164840313E-1
1.034765625E4,2.685974276E-2
1.034912109E4,1.499215970E-1
1.035058594E4,5.999539895E-2
1.035205078E4,6.019560775E-2
1.035351562E4,5.439951146E-2
1.035498047E4,3.807133619E-2
1.035644531E4,5.243417791E-2
1.035791016E4,9.220767954E-2
1.035937500E4,7.663040659E-2
1.036083984E4,1.134244542E-1
1.036230469E4,1.683327462E-2
1.036376953E4,6.184310397E-2
1.036523438E4,1.623933386E-2
1.036669922E4,8.833461403E-2
1.036816406E4,9.180727292E-2
1.036962891E4,6.308579866E-2
1.037109375E4,4.464950775E-2
1.037255859E4,3.811780982E-2
1.037402344E4,1.100285219E-1
1.037548828E4,4.632402708E-2
1.037695312E4,5.937973077E-2
1.037841797E4,8.330043256E-2
1.037988281E4,6.020574171E-2
1.038134766E4,6.116040701E-2
1.038281250E4,5.401327168E-2
1.038427734E4,3.737040359E-2
1.038574219E4,5.159123285E-2
1.038720703E4,6.408345975E-2
1.038867188E4,5.042601999E-2
1.039013672E4,6.924138230E-2
1.039160156E4,4.996904246E-2
1.039306641E4,3.946388428E-2
1.039453125E4,3.096538409E-2
1.039599609E4,4.933154276E-2
1.039746094E4,2.690449167E-2
1.039892578E4,8.789395027E-2
1.040039062E4,8.106103300E-2
1.040185547E4,7.500494293E-2
1.040332031E4,1.296913195E-1
1.040478516E4,1.207853429E-1
1.040625000E4,9.944775349E-2
1.040771484E4,9.853348652E-2
1.040917969E4,4.888425469E-2
1.041064453E4,4.437093338E-2
1.041210938E4,7.909903379E-2
1.041357422E4,4.571336306E-2
1.041503906E4,3.647840537E-2
1.041650391E4,8.603835281E-2
1.041796875E4,7.347307423E-2
1.041943359E4,8.157677031E-2
1.042089844E4,1.213864728E-1
1.042236328E4,7.931038139E-2
1.042382812E4,7.949025549E-2
1.042529297E4,5.801721035E-2
1.042675781E4,5.770603128E-2
1.042822266E4,1.421808769E-1
1.042968750E4,1.028303681E-1
1.043115234E4,5.329205817E-2
1.043261719E4,6.948066080E-2
1.043408203E4,3.033406147E-2
1.043554688E4,4.455727500E-2
1.043701172E4,5.435707893E-2
1.043847656E4,1.202596979E-1
1.043994141E4,1.078227289E-1
1.044140625E4,1.110919433E-1
1.044287109E4,1.195298963E-1
1.044433594E4,1.971075123E-1
1.044580078E4,7.892516243E-2
1.044726562E4,4.382406039E-2
1.044873047E4,3.755565698E-2
1.045019531E4,7.746132649E-2
1.045166016E4,1.651615635E-2
1.045312500E4,8.454319980E-2
1.045458984E4,5.629384562E-2
1.045605469E4,4.991356846E-2
1.045751953E4,5.205306389E-2
1.045898438E4,9.139142807E-2
1.046044922E4,1.244125917E-1
1.046191406E4,1.533700995E-1
1.046337891E4,4.859142488E-2
1.046484375E4,3.484565959E-2
1.046630859E4,8.556601903E-3
1.046777344E4,1.061065755E-1
1.046923828E4,5.253995550E-2
1.047070312E4,9.917805336E-2
1.047216797E4,1.364366165E-2
1.047363281E4,7.673120925E-2
1.047509766E4,7.350153241E-2
1.047656250E4,7.625833321E-2
1.047802734E4,8.007905499E-2
1.047949219E4,1.015194992E-1
1.048095703E4,1.379819706E-1
1.048242188E4,1.681070600E-1
1.048388672E4,5.533796045E-2
1.048535156E4,1.358649704E-1
1.048681641E4,3.084810970E-2
1.048828125E4,1.409914389E-1
1.048974609E4,1.082579597E-1
1.049121094E4,8.829635301E-2
1.049267578E4,5.844047958E-2
1.049414062E4,8.950956255E-2
1.049560547E4,8.138156653E-2
1.049707031E4,1.736652882E-2
1.049853516E4,2.152483020E-3
1.050000000E4,1.091086998E-1
1.050146484E4,5.011274147E-2
1.050292969E4,7.756560552E-2
1.050439453E4,6.747974475E-2
1.050585938E4,8.243307609E-2
1.050732422E4,3.582106337E-2
1.050878906E4,3.380699719E-2
1.051025391E4,7.756856836E-3
1.051171875E4,9.914994696E-2
1.051318359E4,7.938052815E-2
1.051464844E4,8.235927537E-2
1.051611328E4,1.370582558E-1
1.051757812E4,6.816265252E-2
1.051904297E4,5.670284996E-2
1.052050781E4,9.775679219E-2
1.052197266E4,1.421800262E-1
1.052343750E4,8.387691148E-2
1.052490234E4,1.284021778E-1
1.052636719E4,1.343449425E-1
1.052783203E4,1.506746562E-1
1.052929688E4,1.845317513E-1
1.053076172E4,1.388685137E-1
1.053222656E4,3.397268502E-2
1.053369141E4,5.998173927E-2
1.053515625E4,1.276931492E-1
1.053662109E4,9.197055356E-2
1.053808594E4,1.659887318E-1
1.053955078E4,1.365234535E-1
1.054101562E4,9.902254732E-2
1.054248047E4,1.798963795E-1
1.054394531E4,1.259586447E-1
1.054541016E4,1.538265571E-2
1.054687500E4,1.151234282E-1
1.054833984E4,5.886489647E-2
1.054980469E4,4.291003801E-2
1.055126953E4,1.162544655E-1
1.055273438E4,9.796832367E-2
1.055419922E4,4.081606322E-2
1.055566406E4,7.320075181E-2
1.055712891E4,8.677975165E-2
1.055859375E4,5.208585580E-2
1.056005859E4,5.811285528E-2
1.056152344E4,2.105750438E-2
1.056298828E4,4.530694908E-2
1.056445312E4,5.539011651E-2
1.056591797E4,1.009257964E-1
1.056738281E4,1.336964298E-1
1.056884766E4,1.362641236E-1
1.057031250E4,1.921197384E-1
1.057177734E4,7.236981614E-2
1.057324219E4,8.769221567E-2
1.057470703E4,1.149655312E-1
1.057617188E4,7.966213923E-2
1.057763672E4,1.397204620E-1
1.057910156E4,1.425214236E-1
1.058056641E4,8.513949345E-2
1.058203125E4,8.356950041E-2
1.058349609E4,6.556192674E-2
1.058496094E4,6.350350355E-2
1.058642578E4,2.940053888E-2
1.058789062E4,5.431274326E-2
1.058935547E4,5.566966418E-2
1.059082031E4,7.099373925E-2
1.059228516E4,3.536775065E-2
1.059375000E4,5.692903563E-2
1.059521484E4,2.268551932E-2
1.059667969E4,9.688510405E-2
1.059814453E4,7.245651205E-2
1.059960938E4,1.265480549E-1
1.060107422E4,9.064425432E-2
1.060253906E4,4.400338652E-2
1.060400391E4,1.468819355E-1
1.060546875E4,7.926300238E-2
1.060693359E4,1.365761488E-1
1.060839844E4,9.137963284E-2
1.060986328E4,1.542265473E-1
1.061132812E4,1.399823082E-1
1.061279297E4,9.322489558E-2
1.061425781E4,2.453917999E-2
1.061572266E4,1.241952473E-1
1.061718750E4,5.777605371E-2
1.061865234E4,6.104415988E-2
1.062011719E4,7.593254354E-2
1.062158203E4,5.636297828E-2
1.062304688E4,6.742258840E-2
1.062451172E4,4.389809262E-2
1.062597656E4,3.056585177E-2
1.062744141E4,3.682058479E-2
1.062890625E4,5.731261942E-2
1.063037109E4,2.798542188E-2
1.063183594E4,4.352589439E-2
1.063330078E4,9.647481625E-2
1.063476562E4,4.541799283E-2
1.063623047E4,7.674204441E-2
1.063769531E4,4.619961513E-2
1.063916016E4,1.781496681E-1
1.064062500E4,7.611536103E-2
1.064208984E4,1.138636321E-1
1.064355469E4,6.965718552E-2
1.064501953E4,7.990631695E-2
1.064648438E4,8.051213800E-2
1.064794922E4,6.531017617E-2
1.064941406E4,1.001094671E-1
1.065087891E4,5.375223514E-2
1.065234375E4,1.087700043E-1
1.065380859E4,2.325254146E-2
1.065527344E4,2.059315361E-1
1.065673828E4,8.859405577E-2
1.065820312E4,9.920460052E-2
1.065966797E4,5.067897238E-2
1.066113281E4,8.800884631E-2
1.066259766E4,9.334609398E-2
1.066406250E4,4.884571042E-2
1.066552734E4,1.080220811E-1
1.066699219E4,8.220880156E-2
1.066845703E4,7.331018044E-2
1.066992188E4,1.112542790E-1
1.067138672E4,8.348811396E-2
1.067285156E4,1.494314900E-1
1.067431641E4,7.325541629E-2
1.067578125E4,9.819188508E-2
1.067724609E4,7.956154320E-2
1.067871094E4,8.453821398E-2
1.068017578E4,3.621988268E-2
1.068164062E4,1.396693104E-1
1.068310547E4,2.176688825E-2
1.068457031E4,1.460803907E-1
1.068603516E4,1.389784776E-1
1.068750000E4,1.599930579E-1
1.068896484E4,6.368583193E-2
1.069042969E4,5.971954882E-2
1.069189453E4,1.223218381E-1
1.069335938E4,7.520764944E-2
1.069482422E4,1.753870888E-1
1.069628906E4,1.403289254E-1
1.069775391E4,1.673865567E-1
1.069921875E4,5.437343433E-2
1.070068359E4,1.667856160E-1
1.070214844E4,8.768118641E-2
1.070361328E4,1.441367782E-1
1.070507812E4,1.138555796E-1
1.070654297E4,1.608688148E-1
1.070800781E4,9.261335632E-2
1.070947266E4,1.672652624E-1
1.071093750E4,5.581438362E-2
1.071240234E4,8.019197435E-2
1.071386719E4,6.602145096E-2
1.071533203E4,4.136502428E-2
1.071679688E4,1.415938373E-1
1.071826172E4,2.407980353E-2
1.071972656E4,6.375939080E-2
1.072119141E4,1.860691026E-2
1.072265625E4,8.046907103E-2
1.072412109E4,1.768744152E-1
1.072558594E4,1.728759181E-1
1.072705078E4,8.278803568E-2
1.072851562E4,7.446234125E-2
1.072998047E4,1.285203541E-1
1.073144531E4,8.105293072E-2
1.073291016E4,1.382505668E-1
1.073437500E4,6.399212162E-2
1.073583984E4,7.398606958E-2
1.073730469E4,1.080165851E-1
1.073876953E4,1.290901914E-1
1.074023438E4,2.032901880E-1
1.074169922E4,3.566395122E-2
1.074316406E4,1.958004558E-1
1.074462891E4,1.022334792E-1
1.074609375E4,5.763096907E-2
1.074755859E4,1.998227593E-1
1.074902344E4,1.539278438E-1
1.075048828E4,2.001954804E-1
1.075195312E4,8.873962869E-2
1.075341797E4,7.802773662E-2
1.075488281E4,9.318435488E-2
1.075634766E4,1.224121065E-1
1.075781250E4,1.377162475E-1
1.075927734E4,8.648916287E-2
1.076074219E4,1.319996844E-1
1.076220703E4,8.030757403E-2
1.076367188E4,3.805233769E-2
1.076513672E4,1.044462198E-1
1.076660156E4,1.048843628E-1
1.076806641E4,1.229456610E-1
1.076953125E4,4.356749284E-2
1.077099609E4,1.165827401E-1
1.077246094E4,9.016594843E-2
1.077392578E4,4.388956371E-2
1.077539062E4,3.811381535E-2
1.077685547E4,8.849819773E-2
1.077832031E4,1.331076307E-1
1.077978516E4,5.821920162E-2
1.078125000E4,1.179985003E-2
1.078271484E4,7.951989511E-2
1.078417969E4,9.500835565E-2
1.078564453E4,1.661471149E-2
1.078710938E4,1.086633940E-1
1.078857422E4,7.606252029E-2
1.079003906E4,7.309725763E-2
1.079150391E4,4.972051867E-2
1.079296875E4,1.188021471E-1
1.079443359E4,9.346505329E-2
1.079589844E4,1.117989470E-1
1.079736328E4,3.918820250E-2
1.079882812E4,1.018800576E-1
1.080029297E4,1.317746689E-1
1.080175781E4,1.468717259E-1
1.080322266E4,7.464102084E-2
1.080468750E4,7.929423386E-2
1.080615234E4,8.446741886E-2
1.080761719E4,1.487087703E-1
1.080908203E4,9.538237763E-2
1.081054688E4,1.163931477E-1
1.081201172E4,1.382250454E-2
1.081347656E4,1.458376109E-1
1.081494141E4,6.255277906E-2
1.081640625E4,5.934732202E-2
1.081787109E4,1.444668658E-1
1.081933594E4,4.584365135E-2
1.082080078E4,1.628940439E-1
1.082226562E4,8.555716622E-2
1.082373047E4,9.539276029E-2
1.082519531E4,8.139451729E-2
1.082666016E4,4.496824678E-2
1.082812500E4,3.803429249E-2
1.082958984E4,4.045510205E-2
1.083105469E4,1.422002858E-1
1.083251953E4,7.528881392E-2
1.083398438E4,5.879076841E-2
1.083544922E4,1.557343308E-1
1.083691406E4,1.209156934E-1
1.083837891E4,1.083507317E-1
1.083984375E4,9.022780515E-2
1.084130859E4,8.092493665E-2
1.084277344E4,4.401126680E-2
1.084423828E4,1.103376314E-1
1.084570312E4,7.710031145E-2
1.084716797E4,9.859947855E-2
1.084863281E4,7.119411481E-2
1.085009766E4,9.422783737E-2
1.085156250E4,9.931854661E-2
1.085302734E4,7.807587705E-2
1.085449219E4,7.356684251E-2
1.085595703E4,6.008784891E-2
1.085742188E4,2.588606108E-2
1.085888672E4,6.024010968E-2
1.086035156E4,6.592891748E-2
1.086181641E4,8.156786909E-2
1.086328125E4,6.807875860E-2
1.086474609E4,4.481761818E-2
1.086621094E4,1.219125457E-1
1.086767578E4,3.945712170E-2
1.086914062E4,4.084194957E-2
1.087060547E4,8.886386474E-2
1.087207031E4,7.981490836E-2
1.087353516E4,8.533467550E-2
1.087500000E4,6.066109423E-2
1.087646484E4,7.850964765E-2
1.087792969E4,7.232917213E-2
1.087939453E4,6.177166990E-2
1.088085938E4,6.588430848E-2
1.088232422E4,4.872118484E-2
1.088378906E4,8.032508720E-3
1.088525391E4,1.124537684E-2
1.088671875E4,6.186791531E-2
1.088818359E4,3.113576478E-2
1.088964844E4,5.398052012E-2
1.089111328E4,1.095603968E-1
1.089257812E4,6.478257826E-2
1.089404297E4,3.380465517E-2
1.089550781E4,7.426773479E-2
1.089697266E4,3.213991305E-2
1.089843750E4,2.665516290E-2
1.089990234E4,4.776720368E-2
1.090136719E4,5.038125508E-2
1.090283203E4,1.311877175E-1
1.090429688E4,4.038906219E-2
1.090576172E4,2.357123045E-1
1.090722656E4,3.132319278E-2
1.090869141E4,6.466873153E-2
1.091015625E4,9.450897901E-2
1.091162109E4,2.096835495E-1
1.091308594E4,3.716850559E-2
1.091455078E4,5.613594597E-2
1.091601562E4,5.747051488E-2
1.091748047E4,8.689162469E-2
1.091894531E4,8.957800594E-2
1.092041016E4,4.916176488E-2
1.092187500E4,1.268724755E-2
1.092333984E4,2.806661593E-2
1.092480469E4,9.867538710E-2
1.092626953E4,9.605070156E-2
1.092773438E4,6.097409347E-2
1.092919922E4,2.624179319E-2
1.093066406E4,4.785656438E-2
1.093212891E4,1.458113796E-1
1.093359375E4,1.932830098E-1
1.093505859E4,1.071273059E-1
1.093652344E4,1.057588031E-1
1.093798828E4,7.366638308E-2
1.093945312E4,5.641575711E-2
1.094091797E4,1.361660155E-1
1.094238281E4,1.183728230E-1
1.094384766E4,9.887554222E-2
1.094531250E4,7.555999496E-2
1.094677734E4,1.783407526E-1
1.094824219E4,1.070066597E-1
1.094970703E4,2.108955860E-1
1.095117188E4,1.096059754E-1
1.095263672E4,2.049876734E-1
1.095410156E4,9.693436217E-2
1.095556641E4,1.069489160E-1
1.095703125E4,4.205484236E-2
1.095849609E4,8.331010722E-2
1.095996094E4,6.954137614E-2
1.096142578E4,1.492046191E-1
1.096289062E4,4.005042227E-2
1.096435547E4,8.526060289E-2
1.096582031E4,1.433540556E-1
1.096728516E4,9.658841448E-2
1.096875000E4,1.010039434E-1
1.097021484E4,1.188447896E-1
1.097167969E4,7.498687964E-2
1.097314453E4,3.260615201E-2
1.097460938E4,5.695754592E-2
1.097607422E4,7.220644038E-2
1.097753906E4,9.920532234E-3
1.097900391E4,1.033295667E-1
1.098046875E4,3.063474397E-2
1.098193359E4,1.356301251E-2
1.098339844E4,1.006049240E-1
1.098486328E4,4.976153352E-2
1.098632812E4,6.800518022E-2
1.098779297E4,1.872144233E-1
1.098925781E4,1.147156252E-1
1.099072266E4,1.183110290E-1
1.099218750E4,1.213710565E-1
1.099365234E4,8.047659891E-2
1.099511719E4,9.761610456E-2
1.099658203E4,9.997693364E-2
1.099804688E4,9.150672815E-2
1.099951172E4,3.002864741E-2
1.100097656E4,1.591831969E-1
1.100244141E4,4.282194373E-2
1.100390625E4,6.172357852E-2
1.100537109E4,1.858575063E-2
1.100683594E4,6.204203609E-2
1.100830078E4,3.208816966E-2
1.100976562E4,2.546226636E-2
1.101123047E4,5.040375078E-2
1.101269531E4,8.794032047E-2
1.101416016E4,1.498772193E-1
1.101562500E4,8.197463438E-2
1.101708984E4,1.284938037E-1
1.101855469E4,3.114756388E-2
1.102001953E4,1.678326519E-1
1.102148438E4,4.611290088E-2
1.102294922E4,2.229755974E-1
1.102441406E4,3.931469886E-2
1.102587891E4,1.263596617E-1
1.102734375E4,7.542938627E-2
1.102880859E4,1.592397298E-1
1.103027344E4,6.068238353E-2
1.103173828E4,9.585811395E-2
1.103320312E4,4.471106694E-2
1.103466797E4,4.511167963E-2
1.103613281E4,1.259473942E-1
1.103759766E4,3.739896466E-2
1.103906250E4,1.529428423E-1
1.104052734E4,9.438820466E-2
1.104199219E4,1.658027609E-1
1.104345703E4,1.978115888E-1
1.104492188E4,2.002088598E-1
1.104638672E4,1.519228886E-1
1.104785156E4,1.034137758E-1
1.104931641E4,7.547133806E-2
1.105078125E4,1.042189020E-1
1.105224609E4,2.850177068E-2
1.105371094E4,2.064820209E-1
1.105517578E4,1.018566366E-1
1.105664062E4,1.268181740E-1
1.105810547E4,9.006423111E-2
1.105957031E4,4.443965340E-2
1.106103516E4,1.871212937E-1
1.106250000E4,2.740023225E-2
1.106396484E4,7.593483935E-2
1.106542969E4,8.442463664E-2
1.106689453E4,5.166533573E-2
1.106835938E4,1.079370815E-1
1.106982422E4,9.566684961E-2
1.107128906E4,1.500736018E-1
1.107275391E4,9.643420855E-2
1.107421875E4,1.542606541E-1
1.107568359E4,5.157469289E-2
1.107714844E4,1.207919863E-1
1.107861328E4,1.432204841E-1
1.108007812E4,7.035472122E-2
1.108154297E4,1.393557542E-1
1.108300781E4,7.144774722E-2
1.108447266E4,1.840056126E-1
1.108593750E4,7.875405149E-2
1.108740234E4,6.381229555E-2
1.108886719E4,4.840746176E-2
1.109033203E4,3.763821641E-2
1.109179688E4,2.254095492E-2
1.109326172E4,1.047571122E-1
1.109472656E4,1.189631487E-1
1.109619141E4,1.013511381E-1
1.109765625E4,9.381046297E-2
1.109912109E4,1.096343752E-1
1.110058594E4,4.935030596E-2
1.110205078E4,3.880890082E-2
1.110351562E4,9.655264801E-2
1.110498047E4,1.214453655E-1
1.110644531E4,3.775273239E-2
1.110791016E4,2.024266103E-2
1.110937500E4,9.423607586E-2
1.111083984E4,1.760040299E-1
1.111230469E4,5.797817149E-2
1.111376953E4,1.490344943E-1
1.111523438E4,1.274974820E-1
1.111669922E4,1.851573283E-1
1.111816406E4,1.892867209E-1
1.111962891E4,8.163405293E-2
1.112109375E4,1.557710123E-1
1.112255859E4,9.860133147E-2
1.112402344E4,2.050736226E-1
1.112548828E4,7.981260961E-2
1.112695312E4,6.325746882E-2
1.112841797E4,1.433630749E-1
1.112988281E4,5.910919396E-2
1.113134766E4,5.281665764E-2
1.113281250E4,7.573372886E-2
1.113427734E4,5.872816691E-2
1.113574219E4,3.724027160E-2
1.113720703E4,2.319483688E-2
1.113867188E4,2.910565302E-2
1.114013672E4,8.910355061E-2
1.114160156E4,5.247835291E-2
1.114306641E4,3.605408563E-2
1.114453125E4,2.562063981E-2
1.114599609E4,6.458465021E-2
1.114746094E4,5.546803161E-2
1.114892578E4,4.810408489E-2
1.115039062E4,1.109051566E-1
1.115185547E4,3.166365957E-2
1.115332031E4,1.032232334E-1
1.115478516E4,7.151970385E-2
1.115625000E4,3.253299191E-2
1.115771484E4,1.866070724E-1
1.115917969E4,9.799670515E-2
1.116064453E4,5.184548734E-2
1.116210938E4,1.194028642E-1
1.116357422E4,1.247884583E-1
1.116503906E4,6.932028596E-2
1.116650391E4,7.559883707E-2
1.116796875E4,1.366282849E-2
1.116943359E4,1.848035837E-1
1.117089844E4,5.893183909E-2
1.117236328E4,1.095755428E-1
1.117382812E4,3.483227241E-2
1.117529297E4,3.553201527E-2
1.117675781E4,2.083719335E-2
1.117822266E4,7.126504665E-2
1.117968750E4,1.358372063E-1
1.118115234E4,1.234078332E-1
1.118261719E4,9.552045393E-2
1.118408203E4,4.209887917E-2
1.118554688E4,9.777337136E-2
1.118701172E4,8.625736292E-2
1.118847656E4,1.036652181E-1
1.118994141E4,1.142593634E-1
1.119140625E4,7.625600988E-2
1.119287109E4,1.732178265E-1
1.119433594E4,8.757965470E-2
1.119580078E4,7.463829556E-3
1.119726562E4,1.258331281E-1
1.119873047E4,5.152089762E-2
1.120019531E4,5.730135375E-2
1.120166016E4,8.658562188E-2
1.120312500E4,6.719475066E-2
1.120458984E4,1.484782256E-1
1.120605469E4,2.037785814E-2
1.120751953E4,5.083133053E-2
1.120898438E4,8.073877990E-2
1.121044922E4,4.451627127E-2
1.121191406E4,1.407126834E-1
1.121337891E4,3.925878237E-2
1.121484375E4,1.537593064E-1
1.121630859E4,8.455397550E-2
1.121777344E4,8.262571059E-3
1.121923828E4,2.587752342E-2
1.122070312E4,2.972305249E-2
1.122216797E4,7.191131166E-2
1.122363281E4,4.936162848E-2
1.122509766E4,2.141514575E-1
1.122656250E4,1.683187338E-1
1.122802734E4,1.339077286E-1
1.122949219E4,2.004091334E-1
1.123095703E4,9.313974883E-2
1.123242188E4,2.245373046E-1
1.123388672E4,1.733847604E-1
1.123535156E4,2.592308376E-1
1.123681641E4,4.494973015E-2
1.123828125E4,1.011115054E-1
1.123974609E4,5.342296462E-2
1.124121094E4,9.815692604E-3
1.124267578E4,4.539034353E-2
1.124414062E4,6.378109977E-2
1.124560547E4,7.524392747E-2
1.124707031E4,4.932298959E-2
1.124853516E4,1.260665613E-1
1.125000000E4,3.686935778E-2
1.125146484E4,1.805480339E-1
1.125292969E4,1.390190412E-2
1.125439453E4,1.544324220E-1
1.125585938E4,1.336879495E-1
1.125732422E4,9.992611314E-2
1.125878906E4,1.342112423E-1
1.126025391E4,1.257336153E-1
1.126171875E4,1.298430631E-1
1.126318359E4,1.440667856E-1
1.126464844E4,1.352008179E-1
1.126611328E4,1.500362217E-1
1.126757812E4,4.945716553E-2
1.126904297E4,1.133755258E-1
1.127050781E4,5.216006574E-2
1.127197266E4,2.704891827E-2
1.127343750E4,5.186265327E-2
1.127490234E4,1.353811378E-1
1.127636719E4,1.416846003E-1
1.127783203E4,3.669280301E-2
1.127929688E4,2.679255545E-2
1.128076172E4,1.080718757E-1
1.128222656E4,5.404940306E-2
1.128369141E4,7.510208634E-2
1.128515625E4,1.395980353E-1
1.128662109E4,1.373966734E-1
1.128808594E4,1.385782699E-1
1.128955078E4,2.132073895E-2
1.129101562E4,5.387375872E-2
1.129248047E4,1.909019530E-1
1.129394531E4,3.270143177E-2
1.129541016E4,4.986580518E-2
1.129687500E4,8.871007375E-2
1.129833984E4,1.048901313E-1
1.129980469E4,1.042115830E-1
1.130126953E4,8.234876681E-2
1.130273438E4,1.161102976E-1
1.130419922E4,3.939306806E-2
1.130566406E4,1.646215030E-1
1.130712891E4,7.752820684E-2
1.130859375E4,1.031108883E-1
1.131005859E4,1.891809422E-1
1.131152344E4,4.039078177E-2
1.131298828E4,1.515519430E-2
1.131445312E4,9.375019768E-2
1.131591797E4,5.772655856E-2
1.131738281E4,1.027579343E-1
1.131884766E4,8.209076805E-2
1.132031250E4,7.272633410E-2
1.132177734E4,5.906436592E-2
1.132324219E4,1.088832152E-1
1.132470703E4,8.112956891E-2
1.132617188E4,1.235912792E-1
1.132763672E4,7.873840961E-2
1.132910156E4,6.572861810E-2
1.133056641E4,1.221238275E-1
1.133203125E4,1.832035845E-1
1.133349609E4,4.102277178E-2
1.133496094E4,6.373067539E-2
1.133642578E4,9.821463036E-2
1.133789062E4,1.373674370E-1
1.133935547E4,1.041089592E-1
1.134082031E4,1.350933629E-1
1.134228516E4,1.258263946E-1
1.134375000E4,7.808411907E-2
1.134521484E4,1.136896821E-1
1.134667969E4,1.076957040E-1
1.134814453E4,7.539271059E-2
1.134960938E4,4.939070305E-2
1.135107422E4,7.076740831E-2
1.135253906E4,3.518281782E-2
1.135400391E4,5.884433306E-2
1.135546875E4,4.366455203E-2
1.135693359E4,6.517854896E-2
1.135839844E4,5.222843486E-2
1.135986328E4,1.138343871E-1
1.136132812E4,2.102532418E-1
1.136279297E4,1.340690468E-1
1.136425781E4,8.133124734E-2
1.136572266E4,1.195216337E-1
1.136718750E4,2.306720363E-1
1.136865234E4,1.760417312E-1
1.137011719E4,1.889244402E-1
1.137158203E4,8.483380809E-2
1.137304688E4,1.025207605E-1
1.137451172E4,3.082634266E-2
1.137597656E4,1.726345544E-1
1.137744141E4,7.607989691E-2
1.137890625E4,1.011175011E-1
1.138037109E4,9.963082443E-2
1.138183594E4,1.588582828E-1
1.138330078E4,8.376306726E-2
1.138476562E4,9.139645440E-2
1.138623047E4,1.028035293E-1
1.138769531E4,1.937200300E-2
1.138916016E4,8.726314615E-2
1.139062500E4,3.314989588E-2
1.139208984E4,9.564170882E-2
1.139355469E4,2.148182463E-2
1.139501953E4,1.060385983E-1
1.139648438E4,7.889372864E-2
1.139794922E4,9.454786414E-2
1.139941406E4,1.464790357E-1
1.140087891E4,1.152786455E-1
1.140234375E4,7.925529087E-2
1.140380859E4,6.826375300E-2
1.140527344E4,1.192706367E-1
1.140673828E4,1.282748475E-1
1.140820312E4,2.010045721E-2
1.140966797E4,1.146443695E-1
1.141113281E4,7.822130874E-2
1.141259766E4,9.305595585E-2
1.141406250E4,6.179568857E-2
1.141552734E4,5.908882290E-2
1.141699219E4,7.727939448E-2
1.141845703E4,1.117437978E-1
1.141992188E4,9.358515989E-2
1.142138672E4,9.839057690E-2
1.142285156E4,2.890669955E-2
1.142431641E4,3.253254028E-2
1.142578125E4,4.264363177E-2
1.142724609E4,3.704999717E-2
1.142871094E4,1.908649886E-2
1.143017578E4,9.849891514E-2
1.143164062E4,1.087860645E-1
1.143310547E4,1.598295146E-1
1.143457031E4,9.335271878E-2
1.143603516E4,7.276230465E-2
1.143750000E4,8.330155173E-2
1.143896484E4,2.747255606E-2
1.144042969E4,1.549620778E-2
1.144189453E4,1.303516085E-1
1.144335938E4,1.108684110E-1
1.144482422E4,1.170908622E-1
1.144628906E4,3.597961299E-2
1.144775391E4,9.949164805E-2
1.144921875E4,5.642354946E-2
1.145068359E4,1.462048611E-1
1.145214844E4,1.579033721E-2
1.145361328E4,8.215373545E-2
1.145507812E4,4.502467964E-2
1.145654297E4,1.060805387E-1
1.145800781E4,3.731090137E-2
1.145947266E4,3.194540886E-2
1.146093750E4,1.750555168E-2
1.146240234E4,6.513086644E-2
1.146386719E4,1.231019513E-1
1.146533203E4,2.235896971E-1
1.146679688E4,1.695301772E-1
1.146826172E4,2.370997230E-1
1.146972656E4,1.491526400E-1
1.147119141E4,9.628423587E-2
1.147265625E4,1.766794329E-1
1.147412109E4,8.038623155E-2
1.147558594E4,8.221406785E-2
1.147705078E4,9.363277426E-2
1.147851562E4,8.771534459E-2
1.147998047E4,1.179890266E-1
1.148144531E4,2.067183088E-1
1.148291016E4,1.480627703E-1
1.148437500E4,1.588359933E-1
1.148583984E4,7.190154539E-2
1.148730469E4,8.515222374E-2
1.148876953E4,1.352643261E-1
1.149023438E4,7.209154731E-2
1.149169922E4,8.234640227E-2
1.149316406E4,1.296690622E-1
1.149462891E4,1.362081081E-1
1.149609375E4,1.563266871E-1
1.149755859E4,1.140803578E-1
1.149902344E4,1.022786554E-1
1.150048828E4,5.987217948E-2
1.150195312E4,1.875098156E-1
1.150341797E4,1.850770260E-1
1.150488281E4,1.027988961E-1
1.150634766E4,8.740334239E-3
1.150781250E4,9.613911611E-2
1.150927734E4,8.014936796E-2
1.151074219E4,9.361133308E-2
1.151220703E4,4.458388150E-2
1.151367188E4,6.295790411E-2
1.151513672E4,8.755247422E-2
1.151660156E4,7.411538379E-2
1.151806641E4,8.234354504E-2
1.151953125E4,4.459087406E-2
1.152099609E4,1.655361562E-1
1.152246094E4,3.489065457E-2
1.152392578E4,5.054558047E-2
1.152539062E4,1.651387069E-1
1.152685547E4,2.675208702E-2
1.152832031E4,8.469723723E-2
1.152978516E4,1.222249806E-1
1.153125000E4,8.760560240E-2
1.153271484E4,8.138542978E-2
1.153417969E4,2.109662245E-2
1.153564453E4,9.090683128E-2
1.153710938E4,8.277939487E-2
1.153857422E4,5.864378724E-2
1.154003906E4,1.442836765E-3
1.154150391E4,3.263916864E-2
1.154296875E4,1.904779697E-2
1.154443359E4,4.803875939E-2
1.154589844E4,8.920794964E-2
1.154736328E4,1.345052330E-1
1.154882812E4,8.062286621E-2
1.155029297E4,4.471495309E-2
1.155175781E4,9.181428582E-2
1.155322266E4,3.864856714E-2
1.155468750E4,8.860039985E-2
1.155615234E4,1.523227693E-1
1.155761719E4,8.743737335E-2
1.155908203E4,1.175593135E-1
1.156054688E4,1.961743616E-2
1.156201172E4,1.061513840E-1
1.156347656E4,7.479386519E-2
1.156494141E4,1.365664352E-1
1.156640625E4,1.202832214E-1
1.156787109E4,7.872872298E-2
1.156933594E4,1.211364858E-1
1.157080078E4,7.236792763E-2
1.157226562E4,5.051600128E-2
1.157373047E4,1.060808918E-1
1.157519531E4,1.432095940E-1
1.157666016E4,1.597034220E-1
1.157812500E4,3.816655418E-2
1.157958984E4,5.880190632E-2
1.158105469E4,7.082059602E-2
1.158251953E4,1.708899148E-2
1.158398438E4,2.504338172E-2
1.158544922E4,1.081119196E-1
1.158691406E4,5.538044978E-2
1.158837891E4,6.505380606E-2
1.158984375E4,6.335643537E-2
1.159130859E4,1.385129618E-1
1.159277344E4,1.286367164E-1
1.159423828E4,1.091349575E-1
1.159570312E4,6.958042003E-2
1.159716797E4,1.343917216E-1
1.159863281E4,3.869025333E-2
1.160009766E4,1.067387038E-1
1.160156250E4,5.018590283E-2
1.160302734E4,2.875304865E-2
1.160449219E4,8.974107082E-2
1.160595703E4,7.259145838E-2
1.160742188E4,7.027550218E-2
1.160888672E4,3.083277246E-2
1.161035156E4,1.499561436E-1
1.161181641E4,6.589533689E-2
1.161328125E4,4.213043608E-2
1.161474609E4,1.363010807E-1
1.161621094E4,5.740817272E-2
1.161767578E4,5.048843869E-2
1.161914062E4,1.298695973E-2
1.162060547E4,1.029949122E-1
1.162207031E4,7.525458975E-2
1.162353516E4,1.227034568E-1
1.162500000E4,9.062972218E-2
1.162646484E4,6.470569467E-2
1.162792969E4,1.061634843E-1
1.162939453E4,7.595229005E-2
1.163085938E4,1.844760386E-2
1.163232422E4,3.160830405E-2
1.163378906E4,1.935290922E-2
1.163525391E4,1.099173630E-1
1.163671875E4,4.721021159E-2
1.163818359E4,8.148927060E-2
1.163964844E4,8.670190514E-2
1.164111328E4,1.044234525E-1
1.164257812E4,5.909024061E-2
1.164404297E4,1.296605665E-1
1.164550781E4,6.704827100E-2
1.164697266E4,8.152881475E-2
1.164843750E4,9.543516622E-2
1.164990234E4,3.442609015E-2
1.165136719E4,1.583138324E-1
1.165283203E4,8.220841782E-2
1.165429688E4,2.782733604E-2
1.165576172E4,5.585678874E-2
1.165722656E4,2.361708724E-2
1.165869141E4,8.698894321E-2
1.166015625E4,6.842279712E-2
1.166162109E4,9.160542144E-2
1.166308594E4,5.320322695E-2
1.166455078E4,6.467142271E-2
1.166601562E4,6.302248495E-2
1.166748047E4,2.520258088E-2
1.166894531E4,1.186421912E-1
1.167041016E4,6.533363408E-2
1.167187500E4,5.064052116E-2
1.167333984E4,1.932119326E-2
1.167480469E4,2.732700610E-2
1.167626953E4,8.934141120E-2
1.167773438E4,4.085375961E-2
1.167919922E4,5.272001336E-2
1.168066406E4,7.070956069E-2
1.168212891E4,7.177770218E-2
1.168359375E4,7.237666050E-2
1.168505859E4,1.352814577E-1
1.168652344E4,5.061659544E-2
1.168798828E4,4.685124624E-2
1.168945312E4,1.149728862E-1
1.169091797E4,5.809561369E-2
1.169238281E4,8.344018076E-2
1.169384766E4,7.173956869E-2
1.169531250E4,4.502207495E-2
1.169677734E4,2.277800931E-2
1.169824219E4,3.161662558E-2
1.169970703E4,9.224370206E-2
1.170117188E4,4.033556524E-2
1.170263672E4,1.312807726E-1
1.170410156E4,8.309974425E-2
1.170556641E4,4.920040118E-2
1.170703125E4,3.845196789E-2
1.170849609E4,7.423737617E-2
1.170996094E4,7.384763082E-2
1.171142578E4,5.794081439E-2
1.171289062E4,1.434168217E-1
1.171435547E4,1.363893709E-1
1.171582031E4,1.387114213E-1
1.171728516E4,9.324002492E-2
1.171875000E4,1.082262251E-1
1.172021484E4,1.225582808E-1
1.172167969E4,6.835995099E-2
1.172314453E4,1.491882450E-1
1.172460938E4,1.929206622E-2
1.172607422E4,9.294692947E-2
1.172753906E4,1.058733414E-1
1.172900391E4,1.099612202E-1
1.173046875E4,8.540017679E-2
1.173193359E4,2.113199286E-2
1.173339844E4,4.927568891E-2
1.173486328E4,1.245928507E-1
1.173632812E4,1.025849334E-1
1.173779297E4,8.791094835E-2
1.173925781E4,4.168178196E-2
1.174072266E4,3.265103933E-2
1.174218750E4,4.455299679E-2
1.174365234E4,1.106986629E-1
1.174511719E4,1.453660086E-1
1.174658203E4,9.065578047E-2
1.174804688E4,1.154884595E-1
1.174951172E4,6.903992478E-2
1.175097656E4,1.381518313E-1
1.175244141E4,8.002983420E-2
1.175390625E4,7.995127709E-2
1.175537109E4,1.230337439E-1
1.175683594E4,6.593352695E-2
1.175830078E4,1.696028241E-1
1.175976562E4,5.135430378E-2
1.176123047E4,1.140321578E-1
1.176269531E4,4.489961055E-2
1.176416016E4,1.475768851E-1
1.176562500E4,6.730919825E-2
1.176708984E4,1.160542382E-2
1.176855469E4,8.425688110E-2
1.177001953E4,5.965748133E-2
1.177148438E4,1.007069868E-1
1.177294922E4,1.476551052E-1
1.177441406E4,5.432972744E-2
1.177587891E4,1.263142953E-1
1.177734375E4,1.180436716E-1
1.177880859E4,1.132222449E-1
1.178027344E4,3.512709754E-2
1.178173828E4,1.259481849E-2
1.178320312E4,3.736918884E-2
1.178466797E4,1.315358727E-1
1.178613281E4,4.277696467E-2
1.178759766E4,1.196185993E-1
1.178906250E4,1.042177542E-1
1.179052734E4,1.479759039E-1
1.179199219E4,1.773539804E-1
1.179345703E4,1.049005039E-1
1.179492188E4,1.838611593E-2
1.179638672E4,9.800645991E-2
1.179785156E4,9.255622312E-2
1.179931641E4,2.593800079E-2
1.180078125E4,1.079950183E-1
1.180224609E4,1.860186153E-2
1.180371094E4,8.469208492E-2
1.180517578E4,5.647471686E-2
1.180664062E4,1.793250589E-1
1.180810547E4,1.105869734E-1
1.180957031E4,5.844170932E-2
1.181103516E4,4.904379550E-2
1.181250000E4,9.480201383E-2
1.181396484E4,9.999204472E-2
1.181542969E4,8.781839773E-2
1.181689453E4,6.779075583E-2
1.181835938E4,2.212371979E-2
1.181982422E4,7.249167828E-2
1.182128906E4,4.627985034E-2
1.182275391E4,8.142502644E-2
1.182421875E4,4.339713308E-2
1.182568359E4,7.611975927E-2
1.182714844E4,1.179019017E-2
1.182861328E4,1.332152320E-1
1.183007812E4,1.239966500E-1
1.183154297E4,1.643274938E-1
1.183300781E4,1.262401455E-1
1.183447266E4,2.489523930E-1
1.183593750E4,1.160938073E-1
1.183740234E4,6.658506159E-2
1.183886719E4,4.260592302E-2
1.184033203E4,5.353820202E-2
1.184179688E4,3.206411931E-2
1.184326172E4,5.873021103E-2
1.184472656E4,5.332196593E-2
1.184619141E4,1.583737552E-1
1.184765625E4,3.789341159E-2
1.184912109E4,1.385498385E-1
1.185058594E4,8.028631400E-2
1.185205078E4,3.104803131E-2
1.185351562E4,8.230859139E-2
1.185498047E4,1.313762103E-1
1.185644531E4,4.435793508E-2
1.185791016E4,1.750568832E-1
1.185937500E4,3.920487186E-2
1.186083984E4,1.364914201E-1
1.186230469E4,1.560908203E-1
1.186376953E4,4.935181457E-2
1.186523438E4,1.421166303E-2
1.186669922E4,3.105830104E-2
1.186816406E4,7.721342886E-2
1.186962891E4,3.319273837E-2
1.187109375E4,1.210640855E-1
1.187255859E4,1.022753064E-1
1.187402344E4,8.218392441E-2
1.187548828E4,6.160415602E-2
1.187695312E4,3.357820616E-2
1.187841797E4,3.423167883E-2
1.187988281E4,6.112966491E-2
1.188134766E4,1.100006839E-1
1.188281250E4,4.452228089E-2
1.188427734E4,1.458441471E-1
1.188574219E4,1.068202714E-1
1.188720703E4,9.713153159E-2
1.188867188E4,7.697858787E-2
1.189013672E4,3.249623188E-2
1.189160156E4,6.756132681E-2
1.189306641E4,1.032614709E-1
1.189453125E4,1.115000385E-1
1.189599609E4,1.385526986E-1
1.189746094E4,1.260297921E-1
1.189892578E4,5.295682318E-2
1.190039062E4,6.971789461E-2
1.190185547E4,5.934348810E-2
1.190332031E4,8.606009173E-2
1.190478516E4,8.883235336E-2
1.190625000E4,6.941153080E-2
1.190771484E4,8.038953348E-2
1.190917969E4,1.112782431E-1
1.191064453E4,1.462779701E-1
1.191210938E4,9.680174252E-2
1.191357422E4,7.532906688E-2
1.191503906E4,2.749214750E-2
1.191650391E4,5.705996168E-2
1.191796875E4,1.016106870E-1
1.191943359E4,7.202722049E-2
1.192089844E4,1.496218318E-1
1.192236328E4,5.382931299E-2
1.192382812E4,1.460575255E-1
1.192529297E4,1.336707404E-1
1.192675781E4,1.575064628E-1
1.192822266E4,5.496703352E-2
1.192968750E4,6.150618252E-2
1.193115234E4,4.848881586E-2
1.193261719E4,5.607490809E-2
1.193408203E4,7.937719172E-2
1.193554688E4,2.028081875E-1
1.193701172E4,1.052194898E-1
1.193847656E4,1.105635625E-1
1.193994141E4,1.295646973E-1
1.194140625E4,1.171427279E-1
1.194287109E4,2.404238059E-1
1.194433594E4,1.636363194E-1
1.194580078E4,1.321701888E-1
1.194726562E4,2.083401670E-1
1.194873047E4,1.463051803E-1
1.195019531E4,1.445725241E-1
1.195166016E4,1.498645081E-1
1.195312500E4,3.098245076E-2
1.195458984E4,5.765930174E-2
1.195605469E4,1.443007693E-1
1.195751953E4,9.128956624E-2
1.195898438E4,1.227492176E-1
1.196044922E4,1.554591421E-1
1.196191406E4,8.987603853E-2
1.196337891E4,7.616972607E-2
1.196484375E4,4.485943044E-2
1.196630859E4,9.631392706E-2
1.196777344E4,6.487743911E-2
1.196923828E4,1.154137613E-1
1.197070312E4,1.702379967E-1
1.197216797E4,2.448112965E-1
1.197363281E4,1.935383943E-1
1.197509766E4,2.251688649E-1
1.197656250E4,1.858029324E-1
1.197802734E4,1.004630133E-1
1.197949219E4,3.059324218E-2
1.198095703E4,7.865162725E-2
1.198242188E4,5.498913625E-2
1.198388672E4,5.080144434E-2
1.198535156E4,5.009842147E-2
1.198681641E4,1.205498716E-1
1.198828125E4,7.282455529E-2
1.198974609E4,6.657156968E-2
1.199121094E4,9.971200228E-2
1.199267578E4,4.722741695E-2
1.199414062E4,9.184306598E-2
1.199560547E4,8.483802596E-2
1.199707031E4,9.432330315E-2
1.199853516E4,1.041069099E-1
1.200000000E4,5.093492583E-2
1.200146484E4,6.496232092E-2
1.200292969E4,1.719435423E-1
1.200439453E4,6.751288247E-2
1.200585938E4,7.791919576E-2
1.200732422E4,5.126632644E-2
1.200878906E4,9.745955525E-2
1.201025391E4,7.452017291E-2
1.201171875E4,1.934798335E-1
1.201318359E4,8.314078646E-2
1.201464844E4,1.335769605E-1
1.201611328E4,7.059859163E-2
1.201757812E4,9.228843440E-2
1.201904297E4,5.695167020E-2
1.202050781E4,5.437035967E-2
1.202197266E4,5.740819430E-2
1.202343750E4,5.163800482E-2
1.202490234E4,8.751043354E-2
1.202636719E4,5.096110010E-2
1.202783203E4,6.015198392E-2
1.202929688E4,8.154797359E-2
1.203076172E4,7.426926627E-2
1.203222656E4,4.606765629E-2
1.203369141E4,9.015329238E-2
1.203515625E4,1.275651756E-1
1.203662109E4,1.675854330E-2
1.203808594E4,1.140344267E-1
1.203955078E4,4.367239129E-2
1.204101562E4,8.383987697E-2
1.204248047E4,2.585411463E-2
1.204394531E4,4.619384608E-2
1.204541016E4,4.994627051E-2
1.204687500E4,4.013074475E-2
1.204833984E4,1.192906505E-1
1.204980469E4,3.310944786E-2
1.205126953E4,9.977457063E-2
1.205273438E4,1.097443047E-1
1.205419922E4,9.380504756E-2
1.205566406E4,8.776819279E-2
1.205712891E4,6.694577429E-2
1.205859375E4,3.887343077E-2
1.206005859E4,8.279014933E-2
1.206152344E4,1.564598019E-1
1.206298828E4,7.298495471E-2
1.206445312E4,1.462816789E-1
1.206591797E4,1.702655619E-1
1.206738281E4,3.434520639E-2
1.206884766E4,1.401438913E-1
1.207031250E4,7.630131693E-2
1.207177734E4,1.402367057E-1
1.207324219E4,1.533466822E-2
1.207470703E4,3.067643659E-2
1.207617188E4,7.690863962E-2
1.207763672E4,5.553088329E-2
1.207910156E4,5.882922220E-2
1.208056641E4,3.901408033E-2
1.208203125E4,6.740464365E-2
1.208349609E4,5.107316418E-2
1.208496094E4,4.949681137E-2
1.208642578E4,3.874239985E-2
1.208789062E4,1.987567529E-1
1.208935547E4,5.493100999E-2
1.209082031E4,1.815885884E-1
1.209228516E4,5.941982984E-2
1.209375000E4,3.707004959E-2
1.209521484E4,7.707256670E-2
1.209667969E4,5.386869570E-2
1.209814453E4,1.389298525E-1
1.209960938E4,1.141670091E-1
1.210107422E4,1.246045517E-1
1.210253906E4,1.532379953E-1
1.210400391E4,1.706274393E-1
1.210546875E4,3.942458853E-2
1.210693359E4,1.380731368E-1
1.210839844E4,9.894550421E-2
1.210986328E4,1.239244717E-1
1.211132812E4,1.187064785E-1
1.211279297E4,2.682332981E-2
1.211425781E4,1.400949995E-1
1.211572266E4,6.119992345E-2
1.211718750E4,4.867599858E-2
1.211865234E4,2.734839496E-2
1.212011719E4,4.131733238E-2
1.212158203E4,1.693114851E-1
1.212304688E4,9.552221812E-2
1.212451172E4,1.558718739E-1
1.212597656E4,7.162317324E-2
1.212744141E4,1.255822858E-1
1.212890625E4,8.049000772E-2
1.213037109E4,8.819776089E-2
1.213183594E4,8.469401247E-2
1.213330078E4,7.571482720E-2
1.213476562E4,7.104978603E-2
1.213623047E4,1.460300245E-1
1.213769531E4,2.724837731E-2
1.213916016E4,9.771907293E-2
1.214062500E4,6.784230854E-2
1.214208984E4,1.035310765E-1
1.214355469E4,4.982355890E-2
1.214501953E4,1.768666802E-2
1.214648438E4,4.360127338E-2
1.214794922E4,1.261242837E-1
1.214941406E4,2.449826190E-2
1.215087891E4,1.309341852E-1
1.215234375E4,1.063555213E-1
1.215380859E4,1.081766250E-1
1.215527344E4,2.659279707E-2
1.215673828E4,4.679823775E-2
1.215820312E4,6.745688626E-2
1.215966797E4,7.322769235E-2
1.216113281E4,6.536517445E-2
1.216259766E4,7.608856802E-2
1.216406250E4,3.635960315E-2
1.216552734E4,1.674990891E-1
1.216699219E4,8.484207541E-2
1.216845703E4,7.177212703E-2
1.216992188E4,1.103903309E-1
1.217138672E4,3.159521048E-2
1.217285156E4,8.913584060E-2
1.217431641E4,4.386765937E-2
1.217578125E4,1.602555003E-2
1.217724609E4,4.028009205E-2
1.217871094E4,5.017425003E-2
1.218017578E4,1.022665781E-1
1.218164062E4,7.214789104E-2
1.218310547E4,1.545852380E-1
1.218457031E4,1.292054998E-1
1.218603516E4,1.714133746E-1
1.218750000E4,9.819260783E-2
1.218896484E4,1.403975225E-1
1.219042969E4,1.458487447E-2
1.219189453E4,5.680304543E-2
1.219335938E4,3.162171991E-2
1.219482422E4,1.305684686E-1
1.219628906E4,1.014794657E-1
1.219775391E4,4.632327485E-2
1.219921875E4,1.115201996E-1
1.220068359E4,1.742007958E-1
1.220214844E4,1.703330257E-1
1.220361328E4,2.427598108E-1
1.220507812E4,2.795718136E-1
1.220654297E4,2.423869828E-1
1.220800781E4,1.439621002E-1
1.220947266E4,1.234075738E-1
1.221093750E4,5.725088308E-2
1.221240234E4,4.277567921E-2
1.221386719E4,9.161895292E-2
1.221533203E4,1.793987820E-1
1.221679688E4,6.811507490E-2
1.221826172E4,1.965975264E-1
1.221972656E4,4.771351232E-2
1.222119141E4,8.431099860E-2
1.222265625E4,9.480960895E-2
1.222412109E4,6.578978911E-2
1.222558594E4,1.819617685E-1
1.222705078E4,1.810823563E-1
1.222851562E4,7.396105916E-2
1.222998047E4,1.573140595E-1
1.223144531E4,1.286504307E-1
1.223291016E4,1.339277136E-1
1.223437500E4,2.454325886E-1
1.223583984E4,6.184130834E-2
1.223730469E4,2.204400674E-1
1.223876953E4,3.453503476E-2
1.224023438E4,1.014494909E-1
1.224169922E4,1.076101728E-1
1.224316406E4,8.930909419E-2
1.224462891E4,7.451468978E-2
1.224609375E4,8.515430394E-2
1.224755859E4,8.411053441E-2
1.224902344E4,1.311752821E-1
1.225048828E4,3.633747979E-2
1.225195312E4,5.797045167E-2
1.225341797E4,1.241511970E-1
1.225488281E4,1.912065184E-1
1.225634766E4,2.167074778E-1
1.225781250E4,2.096237815E-1
1.225927734E4,1.522700025E-1
1.226074219E4,1.473256907E-1
1.226220703E4,1.154393199E-1
1.226367188E4,5.458738023E-2
1.226513672E4,7.280602849E-2
1.226660156E4,1.037066588E-1
1.226806641E4,9.986831724E-2
1.226953125E4,1.176747750E-1
1.227099609E4,1.386712669E-1
1.227246094E4,1.090281083E-1
1.227392578E4,8.392981623E-2
1.227539062E4,1.323599254E-1
1.227685547E4,1.173565592E-1
1.227832031E4,9.025811450E-2
1.227978516E4,2.338014185E-2
1.228125000E4,9.883811347E-2
1.228271484E4,1.730638703E-1
1.228417969E4,1.342680973E-1
1.228564453E4,1.272165785E-1
1.228710938E4,9.041534995E-2
1.228857422E4,1.082969570E-1
1.229003906E4,1.371193845E-1
1.229150391E4,8.254179228E-2
1.229296875E4,1.010857381E-1
1.229443359E4,1.868326384E-1
1.229589844E4,1.570349498E-1
1.229736328E4,9.600773140E-2
1.229882812E4,1.270472231E-1
1.230029297E4,5.489156912E-2
1.230175781E4,7.296185443E-2
1.230322266E4,4.364538547E-2
1.230468750E4,4.584392254E-2
1.230615234E4,1.153553313E-1
1.230761719E4,1.010350791E-1
1.230908203E4,3.318214283E-2
1.231054688E4,2.933932966E-2
1.231201172E4,1.182194685E-1
1.231347656E4,5.487573323E-3
1.231494141E4,5.936426377E-2
1.231640625E4,3.339105359E-2
1.231787109E4,1.382896363E-1
1.231933594E4,2.200288373E-2
1.232080078E4,1.465955474E-1
1.232226562E4,6.237788443E-2
1.232373047E4,1.382651232E-1
1.232519531E4,1.112186911E-1
1.232666016E4,2.941236401E-2
1.232812500E4,1.590362017E-3
1.232958984E4,8.734939859E-2
1.233105469E4,2.824665226E-2
1.233251953E4,2.938260398E-2
1.233398438E4,2.086727330E-2
1.233544922E4,1.501045930E-1
1.233691406E4,7.056074699E-2
1.233837891E4,1.974821715E-1
1.233984375E4,1.151870719E-1
1.234130859E4,1.681847513E-1
1.234277344E4,9.527493930E-2
1.234423828E4,5.658105494E-2
1.234570312E4,1.042379702E-1
1.234716797E4,8.377575418E-2
1.234863281E4,2.725134978E-2
1.235009766E4,9.513077100E-2
1.235156250E4,7.623278596E-2
1.235302734E4,1.176560196E-1
1.235449219E4,1.060492939E-1
1.235595703E4,2.213350130E-1
1.235742188E4,1.257711959E-1
1.235888672E4,1.972952974E-1
1.236035156E4,1.269513855E-1
1.236181641E4,7.238060005E-2
1.236328125E4,7.516636618E-2
1.236474609E4,7.524132339E-2
1.236621094E4,5.561442700E-2
1.236767578E4,1.165868433E-1
1.236914062E4,1.307481105E-1
1.237060547E4,1.125712120E-1
1.237207031E4,1.373405591E-1
1.237353516E4,1.168704309E-1
1.237500000E4,1.035024243E-1
1.237646484E4,5.235529468E-2
1.237792969E4,1.147018054E-2
1.237939453E4,3.609984075E-2
1.238085938E4,4.025616058E-2
1.238232422E4,2.934287434E-2
1.238378906E4,1.330073886E-1
1.238525391E4,8.141444880E-2
1.238671875E4,1.640468086E-1
1.238818359E4,9.559774439E-2
1.238964844E4,1.374474518E-1
1.239111328E4,6.728917748E-2
1.239257812E4,1.023255162E-1
1.239404297E4,1.244556690E-2
1.239550781E4,8.900473165E-2
1.239697266E4,1.597243191E-1
1.239843750E4,1.081919959E-1
1.239990234E4,1.879413937E-1
1.240136719E4,1.629433565E-1
1.240283203E4,3.063071638E-1
1.240429688E4,2.745113462E-1
1.240576172E4,2.950364086E-1
1.240722656E4,2.085180808E-1
1.240869141E4,1.073501752E-1
1.241015625E4,1.195325701E-1
1.241162109E4,9.471793410E-2
1.241308594E4,1.096089340E-1
1.241455078E4,1.002843057E-1
1.241601562E4,9.213118366E-2
1.241748047E4,9.318552447E-2
1.241894531E4,6.165405806E-2
1.242041016E4,1.679247017E-1
1.242187500E4,5.018825591E-2
1.242333984E4,4.495368782E-2
1.242480469E4,4.932516481E-2
1.242626953E4,1.927825776E-2
1.242773438E4,6.601186503E-2
1.242919922E4,2.142379348E-1
1.243066406E4,1.538864947E-1
1.243212891E4,1.720099654E-1
1.243359375E4,1.428774778E-1
1.243505859E4,1.730075600E-1
1.243652344E4,1.774906331E-1
1.243798828E4,1.623341308E-1
1.243945312E4,1.538581493E-1
1.244091797E4,2.686367913E-1
1.244238281E4,1.425178769E-1
1.244384766E4,1.750230757E-1
1.244531250E4,1.361730246E-1
1.244677734E4,1.501947295E-1
1.244824219E4,2.079889570E-1
1.244970703E4,8.942724781E-2
1.245117188E4,8.928559420E-2
1.245263672E4,1.718634992E-1
1.245410156E4,1.115906164E-1
1.245556641E4,1.148394843E-1
1.245703125E4,8.950658639E-2
1.245849609E4,2.310029783E-2
1.245996094E4,3.078230731E-2
1.246142578E4,7.960961893E-2
1.246289062E4,5.735048191E-2
1.246435547E4,4.009467327E-2
1.246582031E4,7.363702965E-2
1.246728516E4,1.641587078E-2
1.246875000E4,1.057903094E-1
1.247021484E4,1.029160439E-1
1.247167969E4,9.114942056E-2
1.247314453E4,6.476957474E-2
1.247460938E4,6.438333889E-2
1.247607422E4,4.638227922E-2
1.247753906E4,2.995531823E-2
1.247900391E4,1.380828414E-1
1.248046875E4,1.559979464E-1
1.248193359E4,1.297742417E-1
1.248339844E4,1.219902937E-1
1.248486328E4,1.121726912E-1
1.248632812E4,2.112834178E-2
1.248779297E4,1.740416951E-1
1.248925781E4,3.890609133E-2
1.249072266E4,8.275007070E-2
1.249218750E4,9.987943138E-2
1.249365234E4,6.364922306E-2
1.249511719E4,1.301199430E-1
1.249658203E4,1.076514500E-1
1.249804688E4,6.769954248E-2
1.249951172E4,9.592560630E-2
1.250097656E4,4.201296585E-2
1.250244141E4,8.085355091E-2
1.250390625E4,1.753496711E-2
1.250537109E4,9.522970763E-2
1.250683594E4,7.394515836E-2
1.250830078E4,2.281919661E-2
1.250976562E4,6.525044815E-2
1.251123047E4,9.587173201E-2
1.251269531E4,6.970243794E-2
1.251416016E4,9.092798361E-2
1.251562500E4,4.256243595E-2
1.251708984E4,1.071656072E-1
1.251855469E4,7.452063131E-2
1.252001953E4,6.695018230E-2
1.252148438E4,8.839374909E-2
1.252294922E4,7.705413835E-2
1.252441406E4,6.708697498E-2
1.252587891E4,3.572756966E-2
1.252734375E4,8.949071061E-2
1.252880859E4,7.356469951E-2
1.253027344E4,6.178073970E-2
1.253173828E4,1.527728760E-1
1.253320312E4,5.051707683E-2
1.253466797E4,1.069476351E-1
1.253613281E4,6.382670533E-2
1.253759766E4,9.368265458E-2
1.253906250E4,1.063989139E-1
1.254052734E4,1.300041050E-1
1.254199219E4,1.254025253E-1
1.254345703E4,5.513169926E-2
1.254492188E4,6.410944016E-2
1.254638672E4,8.101784134E-2
1.254785156E4,4.630081959E-2
1.254931641E4,5.411464264E-2
1.255078125E4,7.343242379E-2
1.255224609E4,9.420909579E-2
1.255371094E4,2.870741285E-2
1.255517578E4,1.090415004E-1
1.255664062E4,6.254074144E-2
1.255810547E4,6.287371797E-2
1.255957031E4,1.713969422E-2
1.256103516E4,7.536208820E-2
1.256250000E4,5.033295373E-2
1.256396484E4,5.859264783E-2
1.256542969E4,1.139559768E-1
1.256689453E4,1.532560511E-1
1.256835938E4,1.251896655E-1
1.256982422E4,3.613828945E-2
1.257128906E4,5.640169616E-2
1.257275391E4,6.999969949E-2
1.257421875E4,7.549720342E-2
1.257568359E4,5.473388164E-2
1.257714844E4,1.396163509E-1
1.257861328E4,1.768999343E-1
1.258007812E4,1.210494283E-1
1.258154297E4,2.771240251E-1
1.258300781E4,1.548083684E-1
1.258447266E4,1.337441448E-1
1.258593750E4,1.541165987E-1
1.258740234E4,1.263378369E-1
1.258886719E4,7.928570664E-2
1.259033203E4,1.039176680E-1
1.259179688E4,6.442222745E-2
1.259326172E4,1.151175651E-1
1.259472656E4,8.055862763E-2
1.259619141E4,1.366052881E-1
1.259765625E4,1.876104463E-1
1.259912109E4,2.561821921E-1
1.260058594E4,2.248951792E-1
1.260205078E4,1.618092151E-1
1.260351562E4,1.262400181E-1
1.260498047E4,2.097215162E-1
1.260644531E4,1.700818681E-1
1.260791016E4,1.652096611E-1
1.260937500E4,7.528281455E-2
1.261083984E4,9.049954070E-2
1.261230469E4,1.664124635E-1
1.261376953E4,1.768255051E-1
1.261523438E4,2.458694066E-1
1.261669922E4,2.704621943E-1
1.261816406E4,1.727791606E-1
1.261962891E4,1.697868604E-1
1.262109375E4,9.279272466E-2
1.262255859E4,2.375993013E-2
1.262402344E4,1.165201566E-1
1.262548828E4,9.347187798E-2
1.262695312E4,7.301503286E-2
1.262841797E4,2.197148778E-1
1.262988281E4,1.653419927E-1
1.263134766E4,1.470353054E-1
1.263281250E4,9.852658235E-2
1.263427734E4,3.564980658E-2
1.263574219E4,7.189172697E-2
1.263720703E4,1.330531370E-1
1.263867188E4,1.606076290E-1
1.264013672E4,2.428049011E-1
1.264160156E4,1.073972316E-1
1.264306641E4,1.294010580E-1
1.264453125E4,1.199155279E-1
1.264599609E4,5.027124873E-2
1.264746094E4,9.724512613E-2
1.264892578E4,4.161353389E-2
1.265039062E4,4.827492536E-2
1.265185547E4,3.039725680E-2
1.265332031E4,1.071850648E-1
1.265478516E4,1.558818513E-1
1.265625000E4,1.670035834E-1
1.265771484E4,7.824211557E-2
1.265917969E4,1.140619759E-1
1.266064453E4,4.737972341E-2
1.266210938E4,3.035900655E-2
1.266357422E4,1.847836256E-2
1.266503906E4,4.179031569E-2
1.266650391E4,6.586074113E-2
1.266796875E4,5.342292580E-2
1.266943359E4,5.742110806E-2
1.267089844E4,3.407792060E-2
1.267236328E4,1.413484225E-1
1.267382812E4,5.085924504E-2
1.267529297E4,1.101155630E-1
1.267675781E4,2.097122443E-2
1.267822266E4,2.323731674E-2
1.267968750E4,6.034795198E-2
1.268115234E4,9.816729389E-2
1.268261719E4,4.419685067E-2
1.268408203E4,2.297223401E-2
1.268554688E4,3.116844672E-2
1.268701172E4,3.829001736E-2
1.268847656E4,3.789659187E-2
1.268994141E4,3.583199628E-2
1.269140625E4,4.386986559E-2
1.269287109E4,4.664024698E-2
1.269433594E4,1.001758279E-1
1.269580078E4,5.667198635E-2
1.269726562E4,1.347142058E-2
1.269873047E4,8.199026399E-2
1.270019531E4,8.822212666E-2
1.270166016E4,1.412882314E-1
1.270312500E4,5.605690179E-2
1.270458984E4,6.115026551E-2
1.270605469E4,6.367148547E-2
1.270751953E4,6.339080809E-2
1.270898438E4,4.627141577E-2
1.271044922E4,6.664126234E-2
1.271191406E4,7.288032457E-2
1.271337891E4,7.674784356E-2
1.271484375E4,4.981688209E-2
1.271630859E4,7.987846241E-2
1.271777344E4,4.890028502E-2
1.271923828E4,6.368752774E-2
1.272070312E4,8.348248460E-2
1.272216797E4,3.079601078E-2
1.272363281E4,5.916039744E-2
1.272509766E4,7.662701680E-3
1.272656250E4,8.016459228E-2
1.272802734E4,4.190954112E-2
1.272949219E4,1.245523106E-1
1.273095703E4,2.329512589E-2
1.273242188E4,5.724282249E-2
1.273388672E4,6.260200705E-2
1.273535156E4,8.566723816E-2
1.273681641E4,6.894379410E-2
1.273828125E4,8.219165072E-2
1.273974609E4,1.240259373E-1
1.274121094E4,1.853896303E-2
1.274267578E4,7.134419829E-2
1.274414062E4,1.642691706E-2
1.274560547E4,1.177288888E-2
1.274707031E4,4.678933409E-2
1.274853516E4,1.339344663E-1
1.275000000E4,1.306873194E-1
1.275146484E4,1.858329979E-1
1.275292969E4,1.176929419E-1
1.275439453E4,7.224616394E-2
1.275585938E4,9.987214514E-2
1.275732422E4,7.110460389E-2
1.275878906E4,1.473591275E-1
1.276025391E4,3.182667941E-2
1.276171875E4,8.461248104E-2
1.276318359E4,1.377182517E-1
1.276464844E4,2.992458120E-2
1.276611328E4,6.976326567E-2
1.276757812E4,2.890870192E-2
1.276904297E4,3.316127269E-2
1.277050781E4,3.935717532E-2
1.277197266E4,1.014688743E-1
1.277343750E4,8.145014578E-2
1.277490234E4,1.785818546E-1
1.277636719E4,1.772840191E-1
1.277783203E4,3.349537508E-2
1.277929688E4,1.502847313E-1
1.278076172E4,4.500765700E-2
1.278222656E4,8.940403606E-2
1.278369141E4,1.323310454E-1
1.278515625E4,1.368451119E-1
1.278662109E4,2.346081925E-2
1.278808594E4,1.115227340E-1
1.278955078E4,4.955113695E-2
1.279101562E4,9.383757203E-2
1.279248047E4,6.281409434E-2
1.279394531E4,1.030668982E-1
1.279541016E4,6.346570134E-2
1.279687500E4,6.210069028E-2
1.279833984E4,9.760554281E-2
1.279980469E4,6.275007706E-2
1.280126953E4,2.146501603E-2
1.280273438E4,1.242415116E-2
1.280419922E4,3.499196025E-2
1.280566406E4,4.779822382E-2
1.280712891E4,1.245448159E-2
1.280859375E4,5.084060993E-2
1.281005859E4,1.359268438E-1
1.281152344E4,2.766127544E-2
1.281298828E4,1.777313019E-2
1.281445312E4,9.432491524E-2
1.281591797E4,2.555005012E-2
1.281738281E4,6.483911006E-2
1.281884766E4,1.196062550E-1
1.282031250E4,1.208956417E-1
1.282177734E4,1.396322917E-1
1.282324219E4,1.424426457E-1
1.282470703E4,1.446490181E-1
1.282617188E4,2.186756044E-1
1.282763672E4,2.827470752E-2
1.282910156E4,5.031505238E-2
1.283056641E4,4.887831973E-2
1.283203125E4,1.075865455E-1
1.283349609E4,8.371287570E-2
1.283496094E4,1.376691474E-1
1.283642578E4,9.339462486E-2
1.283789062E4,1.007165529E-1
1.283935547E4,1.504889317E-1
1.284082031E4,1.594913845E-1
1.284228516E4,1.992381816E-1
1.284375000E4,1.635345478E-1
1.284521484E4,1.632384608E-1
1.284667969E4,1.052420224E-1
1.284814453E4,6.761807394E-3
1.284960938E4,2.543063560E-2
1.285107422E4,3.822387372E-2
1.285253906E4,8.430649259E-2
1.285400391E4,9.051458637E-2
1.285546875E4,1.353377913E-1
1.285693359E4,5.181623742E-2
1.285839844E4,7.290888596E-2
1.285986328E4,6.811018628E-2
1.286132812E4,7.477868735E-2
1.286279297E4,1.541768539E-1
1.286425781E4,1.141094534E-1
1.286572266E4,2.716653429E-1
1.286718750E4,2.092261865E-1
1.286865234E4,2.571362379E-1
1.287011719E4,1.760686314E-1
1.287158203E4,2.172437403E-1
1.287304688E4,1.785488457E-1
1.287451172E4,1.689638076E-1
1.287597656E4,4.392116280E-2
1.287744141E4,1.021571074E-1
1.287890625E4,5.571336974E-2
1.288037109E4,9.958627255E-2
1.288183594E4,9.742658433E-2
1.288330078E4,1.636633884E-1
1.288476562E4,8.130443581E-2
1.288623047E4,3.367942282E-2
1.288769531E4,7.105563257E-2
1.288916016E4,3.180915107E-2
1.289062500E4,3.950459660E-2
1.289208984E4,4.451076099E-2
1.289355469E4,7.712699172E-2
1.289501953E4,1.134877366E-1
1.289648438E4,1.597962765E-2
1.289794922E4,1.129235318E-1
1.289941406E4,1.043467426E-1
1.290087891E4,1.072248709E-2
1.290234375E4,9.342355400E-2
1.290380859E4,1.161452403E-1
1.290527344E4,8.892728375E-2
1.290673828E4,4.800312142E-2
1.290820312E4,6.146957027E-2
1.290966797E4,1.224384989E-1
1.291113281E4,6.432275367E-2
1.291259766E4,9.918381358E-2
1.291406250E4,2.185720792E-1
1.291552734E4,1.816756804E-1
1.291699219E4,1.474430174E-1
1.291845703E4,1.397214272E-1
1.291992188E4,1.703391680E-1
1.292138672E4,2.548085565E-1
1.292285156E4,1.305735887E-1
1.292431641E4,1.368601614E-1
1.292578125E4,1.846893812E-1
1.292724609E4,8.848599217E-2
1.292871094E4,1.156432930E-1
1.293017578E4,1.342507196E-1
1.293164062E4,1.475037693E-1
1.293310547E4,2.045711465E-1
1.293457031E4,1.057850088E-1
1.293603516E4,9.997530681E-2
1.293750000E4,1.378173304E-1
1.293896484E4,6.395644992E-2
1.294042969E4,3.684889734E-2
1.294189453E4,2.427279823E-2
1.294335938E4,1.090973433E-1
1.294482422E4,5.957050486E-2
1.294628906E4,2.569985744E-1
1.294775391E4,1.737142722E-1
1.294921875E4,1.301969942E-1
1.295068359E4,2.256245588E-1
1.295214844E4,2.959635865E-1
1.295361328E4,1.154564946E-1
1.295507812E4,1.064926046E-1
1.295654297E4,7.781531301E-2
1.295800781E4,1.358795188E-2
1.295947266E4,7.949188165E-2
1.296093750E4,7.482892699E-2
1.296240234E4,5.258273492E-2
1.296386719E4,3.668876950E-2
1.296533203E4,7.189749303E-2
1.296679688E4,1.021684409E-1
1.296826172E4,1.275322507E-1
1.296972656E4,1.027006543E-2
1.297119141E4,6.864183687E-2
1.297265625E4,8.336325393E-2
1.297412109E4,4.476005595E-2
1.297558594E4,3.931702787E-2
1.297705078E4,9.314544988E-2
1.297851562E4,8.746237731E-2
1.297998047E4,1.310952215E-1
1.298144531E4,8.002718122E-2
1.298291016E4,6.459101768E-2
1.298437500E4,1.089326451E-1
1.298583984E4,5.663905642E-2
1.298730469E4,3.993098970E-2
1.298876953E4,1.297756317E-1
1.299023438E4,5.871763631E-2
1.299169922E4,5.892984049E-2
1.299316406E4,1.346550609E-1
1.299462891E4,9.015441890E-2
1.299609375E4,1.136769199E-1
1.299755859E4,1.753505280E-1
1.299902344E4,1.207193871E-1
1.300048828E4,1.591753626E-1
1.300195312E4,4.454249882E-2
1.300341797E4,1.752113952E-1
1.300488281E4,4.515809866E-2
1.300634766E4,3.773702800E-2
1.300781250E4,1.573693014E-1
1.300927734E4,2.127069468E-1
1.301074219E4,1.135396420E-1
1.301220703E4,1.442824061E-1
1.301367188E4,2.023841543E-1
1.301513672E4,1.127797316E-1
1.301660156E4,2.292181343E-1
1.301806641E4,1.694942357E-1
1.301953125E4,1.156935145E-1
1.302099609E4,6.706690454E-2
1.302246094E4,4.903678674E-2
1.302392578E4,4.832783485E-2
1.302539062E4,5.577402996E-2
1.302685547E4,1.432389726E-1
1.302832031E4,1.012212656E-1
1.302978516E4,8.211983343E-2
1.303125000E4,1.668176654E-1
1.303271484E4,1.343578183E-1
1.303417969E4,1.268883100E-1
1.303564453E4,2.697820958E-2
1.303710938E4,7.034052109E-2
1.303857422E4,6.676073589E-2
1.304003906E4,1.128012106E-1
1.304150391E4,3.376988135E-2
1.304296875E4,1.143741622E-1
1.304443359E4,3.916710414E-3
1.304589844E4,8.856230471E-2
1.304736328E4,9.272452962E-2
1.304882812E4,3.099992890E-2
1.305029297E4,1.690888978E-1
1.305175781E4,6.919633765E-3
1.305322266E4,2.434489389E-1
1.305468750E4,1.138879621E-1
1.305615234E4,1.843052065E-1
1.305761719E4,1.244274574E-1
1.305908203E4,9.470760409E-2
1.306054688E4,2.184800874E-1
1.306201172E4,1.178219433E-1
1.306347656E4,7.113565491E-2
1.306494141E4,1.797325209E-1
1.306640625E4,1.410750800E-1
1.306787109E4,1.223781648E-1
1.306933594E4,1.620319190E-1
1.307080078E4,1.594907962E-1
1.307226562E4,5.523316928E-2
1.307373047E4,1.981130803E-1
1.307519531E4,1.207221637E-1
1.307666016E4,1.883471546E-1
1.307812500E4,1.644640797E-1
1.307958984E4,1.844073643E-1
1.308105469E4,2.084119518E-1
1.308251953E4,2.377648386E-1
1.308398438E4,2.069133940E-1
1.308544922E4,1.535047419E-1
1.308691406E4,1.639908937E-1
1.308837891E4,1.541058028E-1
1.308984375E4,1.363483128E-1
1.309130859E4,6.987847916E-2
1.309277344E4,1.336406098E-1
1.309423828E4,1.349155668E-1
1.309570312E4,1.246226875E-1
1.309716797E4,1.446569160E-1
1.309863281E4,1.290814566E-1
1.310009766E4,1.255378364E-1
1.310156250E4,6.348953141E-2
1.310302734E4,4.052234355E-2
1.310449219E4,1.709670651E-2
1.310595703E4,8.841798067E-2
1.310742188E4,5.594454289E-2
1.310888672E4,8.575425225E-2
1.311035156E4,1.206555999E-1
1.311181641E4,2.243736484E-2
1.311328125E4,8.636142513E-2
1.311474609E4,6.538508655E-2
1.311621094E4,4.735246912E-2
1.311767578E4,8.308424799E-2
1.311914062E4,2.555645594E-2
1.312060547E4,6.068457079E-2
1.312207031E4,8.169613249E-2
1.312353516E4,8.161428343E-2
1.312500000E4,7.898108651E-2
1.312646484E4,5.089354127E-2
1.312792969E4,1.663723061E-1
1.312939453E4,8.955913853E-2
1.313085938E4,4.178320840E-2
1.313232422E4,5.991495561E-2
1.313378906E4,4.895692790E-2
1.313525391E4,1.009402354E-1
1.313671875E4,2.248483824E-2
1.313818359E4,6.037373865E-2
1.313964844E4,7.656855906E-2
1.314111328E4,6.766233343E-2
1.314257812E4,8.742490414E-2
1.314404297E4,1.941607005E-1
1.314550781E4,1.447274871E-1
1.314697266E4,1.600730542E-1
1.314843750E4,1.244715638E-1
1.314990234E4,4.358096452E-2
1.315136719E4,1.162314034E-1
1.315283203E4,4.947296677E-2
1.315429688E4,8.605087745E-2
1.315576172E4,8.899021277E-2
1.315722656E4,4.020756360E-2
1.315869141E4,1.276164670E-1
1.316015625E4,1.001077839E-1
1.316162109E4,1.645999814E-1
1.316308594E4,1.615437951E-1
1.316455078E4,2.129895797E-1
1.316601562E4,8.779584157E-2
1.316748047E4,1.280716782E-1
1.316894531E4,7.710063626E-2
1.317041016E4,6.994036579E-2
1.317187500E4,5.200939550E-2
1.317333984E4,1.321187929E-1
1.317480469E4,3.225658137E-2
1.317626953E4,9.399320224E-2
1.317773438E4,6.760020663E-2
1.317919922E4,6.668570185E-2
1.318066406E4,1.435781634E-1
1.318212891E4,7.063436328E-2
1.318359375E4,3.703179117E-2
1.318505859E4,6.252881145E-2
1.318652344E4,2.016005841E-2
1.318798828E4,1.998374883E-2
1.318945312E4,6.116993400E-2
1.319091797E4,4.351906790E-2
1.319238281E4,5.846538125E-2
1.319384766E4,7.345438425E-2
1.319531250E4,7.830780483E-2
1.319677734E4,7.241670927E-2
1.319824219E4,1.285465827E-1
1.319970703E4,5.774916742E-2
1.320117188E4,5.271652868E-2
1.320263672E4,1.294799289E-1
1.320410156E4,1.631742408E-1
1.320556641E4,1.364490525E-1
1.320703125E4,1.731547010E-1
1.320849609E4,4.756469067E-2
1.320996094E4,1.008275923E-1
1.321142578E4,2.282668805E-2
1.321289062E4,3.757251035E-2
1.321435547E4,3.517028485E-2
1.321582031E4,8.260772766E-2
1.321728516E4,6.662295396E-2
1.321875000E4,2.833422228E-2
1.322021484E4,1.267459399E-1
1.322167969E4,1.085467491E-1
1.322314453E4,6.148311887E-2
1.322460938E4,1.370117531E-1
1.322607422E4,7.206602042E-2
1.322753906E4,8.062241696E-2
1.322900391E4,1.408240675E-1
1.323046875E4,5.263871014E-2
1.323193359E4,3.218965139E-2
1.323339844E4,8.545953184E-2
1.323486328E4,3.980791587E-2
1.323632812E4,5.713506055E-2
1.323779297E4,4.989040628E-2
1.323925781E4,1.294121318E-1
1.324072266E4,1.570330397E-1
1.324218750E4,9.599268494E-2
1.324365234E4,5.345794903E-2
1.324511719E4,8.439273336E-2
1.324658203E4,1.696258525E-1
1.324804688E4,1.282059387E-1
1.324951172E4,1.495928846E-1
1.325097656E4,1.461230561E-1
1.325244141E4,1.551019660E-1
1.325390625E4,1.265916401E-1
1.325537109E4,1.771220448E-1
1.325683594E4,1.256689641E-1
1.325830078E4,1.197958719E-1
1.325976562E4,1.757178637E-1
1.326123047E4,1.186699465E-1
1.326269531E4,1.506909592E-1
1.326416016E4,6.158810325E-2
1.326562500E4,9.052685026E-2
1.326708984E4,3.710535888E-2
1.326855469E4,1.597254290E-2
1.327001953E4,3.495002607E-2
1.327148438E4,6.861515125E-2
1.327294922E4,6.612452841E-2
1.327441406E4,6.271846343E-2
1.327587891E4,5.760930939E-2
1.327734375E4,1.281925655E-1
1.327880859E4,1.581712939E-1
1.328027344E4,6.770814763E-2
1.328173828E4,9.776573511E-2
1.328320312E4,1.028296604E-1
1.328466797E4,1.636614993E-1
1.328613281E4,1.654709301E-2
1.328759766E4,1.410317070E-1
1.328906250E4,1.268373609E-1
1.329052734E4,1.331754351E-1
1.329199219E4,1.055509293E-1
1.329345703E4,1.117601736E-1
1.329492188E4,1.312482854E-1
1.329638672E4,3.765546045E-2
1.329785156E4,7.833403299E-3
1.329931641E4,1.045963449E-1
1.330078125E4,9.203875612E-2
1.330224609E4,1.240229224E-1
1.330371094E4,1.338030918E-1
1.330517578E4,1.983705011E-1
1.330664062E4,1.023779747E-1
1.330810547E4,2.768846347E-1
1.330957031E4,9.979490409E-2
1.331103516E4,1.224476050E-1
1.331250000E4,1.083352735E-1
1.331396484E4,8.327638996E-2
1.331542969E4,1.383972244E-1
1.331689453E4,1.762649131E-1
1.331835938E4,9.796440645E-2
1.331982422E4,2.121479423E-1
1.332128906E4,7.362269303E-2
1.332275391E4,1.381590317E-1
1.332421875E4,9.409898022E-2
1.332568359E4,1.614071231E-1
1.332714844E4,9.293890466E-2
1.332861328E4,1.746149953E-1
1.333007812E4,1.248878283E-1
1.333154297E4,1.792283455E-1
1.333300781E4,7.373099507E-2
1.333447266E4,1.279980564E-1
1.333593750E4,8.857819030E-2
1.333740234E4,5.252751436E-2
1.333886719E4,1.082578021E-1
1.334033203E4,8.338589525E-2
1.334179688E4,1.777011015E-1
1.334326172E4,1.678547014E-1
1.334472656E4,1.256523848E-1
1.334619141E4,1.215712382E-1
1.334765625E4,1.149593570E-1
1.334912109E4,7.492725499E-2
1.335058594E4,1.057836173E-1
1.335205078E4,8.170550307E-2
1.335351562E4,9.912508573E-2
1.335498047E4,1.497169212E-1
1.335644531E4,1.156510319E-1
1.335791016E4,1.246189568E-1
1.335937500E4,1.023044412E-1
1.336083984E4,1.228576150E-1
1.336230469E4,1.247361848E-1
1.336376953E4,6.036538708E-2
1.336523438E4,1.285803923E-1
1.336669922E4,1.375120211E-1
1.336816406E4,5.686909356E-2
1.336962891E4,1.178339760E-1
1.337109375E4,1.004648718E-1
1.337255859E4,1.154783842E-1
1.337402344E4,1.459214773E-1
1.337548828E4,5.709917734E-2
1.337695312E4,1.027435447E-1
1.337841797E4,5.325431266E-2
1.337988281E4,2.897317441E-2
1.338134766E4,6.965578182E-2
1.338281250E4,1.777933101E-2
1.338427734E4,2.512387010E-2
1.338574219E4,9.689369378E-2
1.338720703E4,3.932697099E-2
1.338867188E4,1.098204073E-1
1.339013672E4,6.418830041E-2
1.339160156E4,1.365275403E-1
1.339306641E4,1.398576038E-1
1.339453125E4,3.961418930E-2
1.339599609E4,1.787452239E-1
1.339746094E4,8.966174713E-2
1.339892578E4,9.887147019E-2
1.340039062E4,8.678572354E-2
1.340185547E4,6.494091402E-2
1.340332031E4,1.911041589E-1
1.340478516E4,1.065417511E-1
1.340625000E4,5.357411191E-2
1.340771484E4,1.677026588E-1
1.340917969E4,1.330236718E-1
1.341064453E4,1.399621569E-1
1.341210938E4,1.858277465E-1
1.341357422E4,8.733119147E-2
1.341503906E4,1.658421828E-1
1.341650391E4,1.542198085E-1
1.341796875E4,1.380406044E-1
1.341943359E4,1.277749851E-1
1.342089844E4,6.758112069E-2
1.342236328E4,8.928849849E-2
1.342382812E4,7.915692610E-2
1.342529297E4,7.354163859E-2
1.342675781E4,1.146433767E-1
1.342822266E4,8.032030416E-2
1.342968750E4,1.664164404E-1
1.343115234E4,1.249189143E-1
1.343261719E4,3.970679470E-2
1.343408203E4,1.622268221E-1
1.343554688E4,5.732464524E-2
1.343701172E4,7.587252570E-2
1.343847656E4,7.228425372E-2
1.343994141E4,3.097680783E-2
1.344140625E4,6.008326357E-2
1.344287109E4,1.121416604E-1
1.344433594E4,9.831377760E-2
1.344580078E4,7.824231241E-2
1.344726562E4,4.151959424E-2
1.344873047E4,9.047134551E-2
1.345019531E4,4.918826529E-2
1.345166016E4,2.394006105E-2
1.345312500E4,1.355672107E-1
1.345458984E4,1.259393255E-2
1.345605469E4,1.045133856E-1
1.345751953E4,1.087062243E-1
1.345898438E4,1.861013197E-1
1.346044922E4,6.128927674E-2
1.346191406E4,6.486270455E-2
1.346337891E4,2.511756572E-2
1.346484375E4,7.129831179E-2
1.346630859E4,8.224034658E-2
1.346777344E4,5.141467855E-2
1.346923828E4,1.394853663E-1
1.347070312E4,9.964612090E-2
1.347216797E4,1.531836704E-1
1.347363281E4,1.514824838E-1
1.347509766E4,7.946416306E-2
1.347656250E4,8.669372533E-2
1.347802734E4,2.450018297E-1
1.347949219E4,1.526200264E-1
1.348095703E4,2.319777103E-1
1.348242188E4,1.840471643E-1
1.348388672E4,1.127661536E-1
1.348535156E4,5.687378512E-2
1.348681641E4,3.392623849E-2
1.348828125E4,1.091628746E-1
1.348974609E4,2.456773178E-1
1.349121094E4,2.321776437E-1
1.349267578E4,2.408383563E-1
1.349414062E4,2.359721576E-1
1.349560547E4,1.340200846E-1
1.349707031E4,1.118643268E-1
1.349853516E4,3.698262087E-2
1.350000000E4,5.951169862E-2
1.350146484E4,1.089521790E-1
1.350292969E4,9.194159320E-2
1.350439453E4,1.451005994E-1
1.350585938E4,7.103499115E-2
1.350732422E4,1.024402847E-1
1.350878906E4,9.438104720E-2
1.351025391E4,9.908322262E-2
1.351171875E4,1.609760522E-1
1.351318359E4,6.915318715E-2
1.351464844E4,8.409911215E-2
1.351611328E4,1.393164021E-1
1.351757812E4,7.091712880E-2
1.351904297E4,5.638566789E-2
1.352050781E4,1.360583177E-1
1.352197266E4,1.307646072E-1
1.352343750E4,1.007006325E-1
1.352490234E4,9.712609138E-2
1.352636719E4,1.720488111E-1
1.352783203E4,1.652847503E-1
1.352929688E4,4.075321858E-2
1.353076172E4,8.188714379E-2
1.353222656E4,7.385874417E-2
1.353369141E4,1.091040838E-1
1.353515625E4,5.729924595E-2
1.353662109E4,1.205387203E-1
1.353808594E4,7.888540515E-2
1.353955078E4,9.374079778E-2
1.354101562E4,4.149776019E-2
1.354248047E4,1.068641270E-1
1.354394531E4,1.308644881E-1
1.354541016E4,9.698946035E-2
1.354687500E4,7.129921666E-2
1.354833984E4,5.512139039E-2
1.354980469E4,1.104084075E-1
1.355126953E4,5.096217066E-2
1.355273438E4,2.124594368E-1
1.355419922E4,1.107439686E-1
1.355566406E4,1.756385904E-1
1.355712891E4,4.215552657E-2
1.355859375E4,1.161087427E-1
1.356005859E4,5.472532090E-2
1.356152344E4,6.070619237E-2
1.356298828E4,6.449716150E-2
1.356445312E4,8.056839787E-2
1.356591797E4,5.363531387E-2
1.356738281E4,1.107047570E-1
1.356884766E4,7.643518605E-2
1.357031250E4,4.234727781E-2
1.357177734E4,1.315549857E-1
1.357324219E4,1.060507489E-1
1.357470703E4,5.819290131E-2
1.357617188E4,1.307891551E-1
1.357763672E4,2.539663995E-2
1.357910156E4,8.475288077E-2
1.358056641E4,4.113360347E-2
1.358203125E4,8.133473883E-2
1.358349609E4,1.627949718E-1
1.358496094E4,6.400101353E-2
1.358642578E4,1.667479630E-2
1.358789062E4,8.734092342E-2
1.358935547E4,7.614563720E-2
1.359082031E4,9.470468914E-2
1.359228516E4,4.707914308E-2
1.359375000E4,3.422830705E-2
1.359521484E4,7.303678242E-2
1.359667969E4,6.513908491E-2
1.359814453E4,1.509266280E-1
1.359960938E4,1.428193890E-1
1.360107422E4,1.968443435E-1
1.360253906E4,1.295332939E-1
1.360400391E4,1.430243480E-1
1.360546875E4,1.518987353E-1
1.360693359E4,1.497050020E-1
1.360839844E4,1.683777158E-1
1.360986328E4,2.316449789E-1
1.361132812E4,2.381457753E-1
1.361279297E4,1.919246453E-1
1.361425781E4,1.509478949E-1
1.361572266E4,1.701279909E-1
1.361718750E4,2.688703795E-2
1.361865234E4,2.947568866E-2
1.362011719E4,1.025897900E-1
1.362158203E4,1.632653503E-1
1.362304688E4,8.776120515E-2
1.362451172E4,1.476961314E-1
1.362597656E4,1.194504740E-1
1.362744141E4,1.643532521E-1
1.362890625E4,1.161528492E-1
1.363037109E4,1.451829906E-1
1.363183594E4,1.681588000E-1
1.363330078E4,1.214773162E-1
1.363476562E4,1.218291994E-1
1.363623047E4,9.430963544E-2
1.363769531E4,1.263550904E-1
1.363916016E4,8.270934361E-2
1.364062500E4,6.047527632E-2
1.364208984E4,8.703110789E-2
1.364355469E4,1.235963412E-1
1.364501953E4,1.237116949E-1
1.364648438E4,1.076185260E-1
1.364794922E4,1.506736339E-1
1.364941406E4,1.854485065E-1
1.365087891E4,1.362673042E-1
1.365234375E4,2.535744402E-1
1.365380859E4,1.393389907E-1
1.365527344E4,7.375959030E-2
1.365673828E4,1.807017695E-1
1.365820312E4,6.534104715E-2
1.365966797E4,6.763383857E-2
1.366113281E4,4.176834783E-2
1.366259766E4,1.050753755E-1
1.366406250E4,7.269039129E-2
1.366552734E4,5.361621593E-2
1.366699219E4,3.517621197E-2
1.366845703E4,4.703536605E-2
1.366992188E4,7.754064265E-2
1.367138672E4,9.334582311E-2
1.367285156E4,1.853759582E-1
1.367431641E4,9.723531639E-2
1.367578125E4,1.533052415E-1
1.367724609E4,1.117817547E-1
1.367871094E4,9.647722380E-2
1.368017578E4,1.881795507E-1
1.368164062E4,1.348791951E-1
1.368310547E4,1.805542658E-1
1.368457031E4,1.545055592E-1
1.368603516E4,6.751949598E-2
1.368750000E4,1.601007834E-1
1.368896484E4,1.558123256E-1
1.369042969E4,5.319979454E-2
1.369189453E4,1.055219093E-1
1.369335938E4,1.058669113E-1
1.369482422E4,1.927890906E-1
1.369628906E4,6.772985781E-2
1.369775391E4,7.089441268E-2
1.369921875E4,6.015952396E-2
1.370068359E4,4.723475867E-3
1.370214844E4,8.111307191E-2
1.370361328E4,1.323806363E-1
1.370507812E4,1.269065407E-1
1.370654297E4,1.753761739E-1
1.370800781E4,2.225506344E-2
1.370947266E4,1.182999074E-1
1.371093750E4,6.140705520E-2
1.371240234E4,6.832258123E-2
1.371386719E4,1.417591832E-1
1.371533203E4,5.671167018E-2
1.371679688E4,7.433481278E-2
1.371826172E4,8.125507900E-2
1.371972656E4,6.080564602E-2
1.372119141E4,5.144142996E-2
1.372265625E4,1.344274973E-3
1.372412109E4,8.429119631E-2
1.372558594E4,1.295308216E-1
1.372705078E4,1.006282294E-1
1.372851562E4,1.392035606E-1
1.372998047E4,6.383258946E-2
1.373144531E4,1.000265760E-1
1.373291016E4,3.822825363E-2
1.373437500E4,2.758076546E-2
1.373583984E4,6.337433828E-2
1.373730469E4,1.227056652E-1
1.373876953E4,3.868494882E-2
1.374023438E4,1.044861007E-1
1.374169922E4,2.687879056E-2
1.374316406E4,1.179341839E-1
1.374462891E4,4.611552476E-2
1.374609375E4,1.913919555E-1
1.374755859E4,4.213716437E-2
1.374902344E4,7.501910500E-2
1.375048828E4,8.967394033E-2
1.375195312E4,1.779895704E-2
1.375341797E4,1.339536554E-1
1.375488281E4,2.216557287E-2
1.375634766E4,6.450880065E-2
1.375781250E4,8.746692589E-2
1.375927734E4,1.316186611E-1
1.376074219E4,1.088137087E-1
1.376220703E4,2.139004527E-1
1.376367188E4,7.252692598E-2
1.376513672E4,2.064590188E-1
1.376660156E4,6.572219190E-2
1.376806641E4,8.070781657E-2
1.376953125E4,7.723792999E-2
1.377099609E4,3.302574843E-2
1.377246094E4,7.051519601E-2
1.377392578E4,7.168658221E-2
1.377539062E4,5.232139889E-2
1.377685547E4,1.539719775E-1
1.377832031E4,1.046344595E-1
1.377978516E4,8.139241860E-2
1.378125000E4,1.435156898E-1
1.378271484E4,1.511079311E-2
1.378417969E4,8.416946714E-2
1.378564453E4,9.785929789E-2
1.378710938E4,3.663114840E-2
1.378857422E4,1.244713043E-1
1.379003906E4,1.095642767E-1
1.379150391E4,1.005061752E-1
1.379296875E4,1.017956099E-1
1.379443359E4,1.456851898E-1
1.379589844E4,8.785540492E-2
1.379736328E4,2.297592239E-2
1.379882812E4,1.498281517E-2
1.380029297E4,8.754692312E-2
1.380175781E4,1.611306461E-2
1.380322266E4,1.370085471E-1
1.380468750E4,7.293956269E-2
1.380615234E4,5.160426410E-2
1.380761719E4,3.858303923E-2
1.380908203E4,1.167604700E-1
1.381054688E4,9.825395238E-3
1.381201172E4,1.285993084E-1
1.381347656E4,9.594891682E-2
1.381494141E4,2.676426145E-2
1.381640625E4,8.654650337E-2
1.381787109E4,1.079165977E-1
1.381933594E4,3.601427799E-2
1.382080078E4,9.788457043E-2
1.382226562E4,2.622294003E-2
1.382373047E4,1.376666557E-1
1.382519531E4,5.160441804E-2
1.382666016E4,6.631768990E-2
1.382812500E4,7.213639277E-2
1.382958984E4,1.126292711E-1
1.383105469E4,1.099816506E-1
1.383251953E4,6.934834585E-2
1.383398438E4,7.467309417E-2
1.383544922E4,7.273216425E-2
1.383691406E4,8.210118102E-2
1.383837891E4,1.091734383E-1
1.383984375E4,1.249122702E-1
1.384130859E4,7.167288618E-2
1.384277344E4,1.056558365E-1
1.384423828E4,2.445342509E-2
1.384570312E4,4.737209252E-2
1.384716797E4,2.915570350E-2
1.384863281E4,7.510069513E-2
1.385009766E4,1.456990102E-1
1.385156250E4,9.847541890E-2
1.385302734E4,7.906104963E-2
1.385449219E4,1.014113168E-1
1.385595703E4,5.343128960E-2
1.385742188E4,1.040218720E-1
1.385888672E4,4.579895091E-2
1.386035156E4,1.145359054E-1
1.386181641E4,4.328431135E-2
1.386328125E4,1.136262862E-2
1.386474609E4,7.610250380E-2
1.386621094E4,4.896436621E-2
1.386767578E4,6.086305457E-2
1.386914062E4,5.352787716E-2
1.387060547E4,6.810076335E-2
1.387207031E4,5.166611597E-2
1.387353516E4,3.615258967E-2
1.387500000E4,1.496440400E-2
1.387646484E4,7.231206662E-2
1.387792969E4,1.186473550E-1
1.387939453E4,8.093973979E-2
1.388085938E4,1.038411931E-1
1.388232422E4,1.314076674E-2
1.388378906E4,4.566616514E-2
1.388525391E4,7.314050235E-2
1.388671875E4,1.263596393E-1
1.388818359E4,1.687640382E-1
1.388964844E4,1.188439483E-1
1.389111328E4,1.553668011E-1
1.389257812E4,1.070915268E-1
1.389404297E4,7.617523395E-2
1.389550781E4,1.167516661E-1
1.389697266E4,8.827450743E-2
1.389843750E4,9.393101068E-2
1.389990234E4,7.186492040E-2
1.390136719E4,4.225920639E-2
1.390283203E4,1.004334602E-1
1.390429688E4,2.765803560E-2
1.390576172E4,8.161263991E-2
1.390722656E4,1.385338355E-1
1.390869141E4,1.053882477E-1
1.391015625E4,2.098080419E-1
1.391162109E4,1.627461938E-1
1.391308594E4,1.615430313E-1
1.391455078E4,1.362779126E-1
1.391601562E4,1.329640356E-1
1.391748047E4,7.386908748E-2
1.391894531E4,9.459100799E-2
1.392041016E4,1.209987302E-1
1.392187500E4,1.279033228E-1
1.392333984E4,1.749020099E-1
1.392480469E4,1.044236598E-1
1.392626953E4,1.043238496E-1
1.392773438E4,1.131781995E-1
1.392919922E4,3.398836006E-3
1.393066406E4,5.007303701E-2
1.393212891E4,1.784218559E-1
1.393359375E4,1.702523968E-1
1.393505859E4,1.505995174E-1
1.393652344E4,2.039370393E-1
1.393798828E4,1.162644420E-1
1.393945312E4,1.507854888E-1
1.394091797E4,1.030660988E-1
1.394238281E4,1.169637026E-1
1.394384766E4,1.561927854E-1
1.394531250E4,1.883503650E-1
1.394677734E4,1.494857266E-1
1.394824219E4,1.037095491E-1
1.394970703E4,1.389993353E-1
1.395117188E4,7.293665539E-2
1.395263672E4,1.507208254E-1
1.395410156E4,1.261187486E-1
1.395556641E4,7.572514455E-2
1.395703125E4,4.501387190E-2
1.395849609E4,1.273438126E-1
1.395996094E4,1.462153068E-1
1.396142578E4,1.318137751E-1
1.396289062E4,9.053172801E-2
1.396435547E4,9.301876671E-2
1.396582031E4,4.850187378E-2
1.396728516E4,1.448376091E-1
1.396875000E4,6.814608202E-2
1.397021484E4,1.350890774E-1
1.397167969E4,2.243565475E-1
1.397314453E4,1.274534730E-1
1.397460938E4,1.543810153E-1
1.397607422E4,9.736942129E-2
1.397753906E4,7.814086744E-2
1.397900391E4,1.234441896E-1
1.398046875E4,1.129924218E-1
1.398193359E4,1.444133152E-1
1.398339844E4,1.585220299E-1
1.398486328E4,1.601884463E-1
1.398632812E4,1.485644787E-1
1.398779297E4,1.290686053E-1
1.398925781E4,2.499014960E-2
1.399072266E4,7.695067938E-2
1.399218750E4,6.824768513E-2
1.399365234E4,7.414235133E-2
1.399511719E4,9.699608976E-2
1.399658203E4,8.646014046E-2
1.399804688E4,8.353458884E-2
1.399951172E4,1.769455946E-1
1.400097656E4,1.137449372E-1
1.400244141E4,7.457537655E-2
1.400390625E4,1.057925013E-1
1.400537109E4,5.518619160E-2
1.400683594E4,2.353478123E-2
1.400830078E4,7.379001548E-2
1.400976562E4,1.037549103E-1
1.401123047E4,1.585216286E-1
1.401269531E4,1.082568555E-1
1.401416016E4,1.599445078E-1
1.401562500E4,1.324094790E-1
1.401708984E4,2.042792277E-1
1.401855469E4,4.130121524E-2
1.402001953E4,1.685886596E-1
1.402148438E4,3.881603211E-2
1.402294922E4,1.413781773E-1
1.402441406E4,1.062375246E-1
1.402587891E4,7.132122291E-2
1.402734375E4,1.100470176E-1
1.402880859E4,9.721702603E-2
1.403027344E4,6.193874104E-2
1.403173828E4,5.962499344E-2
1.403320312E4,3.906824072E-2
1.403466797E4,4.465585464E-2
1.403613281E4,2.635027989E-2
1.403759766E4,1.275416790E-1
1.403906250E4,6.510183816E-2
1.404052734E4,1.782568896E-1
1.404199219E4,7.790774114E-2
1.404345703E4,8.234793527E-2
1.404492188E4,1.062837387E-1
1.404638672E4,1.630999101E-1
1.404785156E4,7.908162431E-2
1.404931641E4,6.006125174E-2
1.405078125E4,6.410853038E-2
1.405224609E4,8.466924489E-2
1.405371094E4,1.621211954E-1
1.405517578E4,9.933332159E-2
1.405664062E4,1.191817992E-1
1.405810547E4,2.200528582E-1
1.405957031E4,3.971092168E-2
1.406103516E4,4.681568860E-2
1.406250000E4,3.600536589E-2
1.406396484E4,2.251703346E-3
1.406542969E4,1.146672590E-1
1.406689453E4,1.192684104E-1
1.406835938E4,7.049351789E-2
1.406982422E4,3.135673174E-2
1.407128906E4,3.765950737E-2
1.407275391E4,8.891146000E-2
1.407421875E4,6.466700981E-2
1.407568359E4,1.090978102E-1
1.407714844E4,5.645452539E-2
1.407861328E4,1.191931123E-1
1.408007812E4,9.418770450E-2
1.408154297E4,9.143659266E-2
1.408300781E4,6.908632432E-2
1.408447266E4,6.229045376E-2
1.408593750E4,4.481316675E-2
1.408740234E4,1.163593435E-1
1.408886719E4,2.217309774E-2
1.409033203E4,5.440056894E-2
1.409179688E4,1.414197790E-1
1.409326172E4,1.104044034E-1
1.409472656E4,8.602888033E-2
1.409619141E4,1.696152863E-1
1.409765625E4,1.282237141E-1
1.409912109E4,1.165959587E-1
1.410058594E4,3.773394707E-2
1.410205078E4,5.705895179E-2
1.410351562E4,4.118962234E-2
1.410498047E4,4.892873568E-2
1.410644531E4,6.453908277E-2
1.410791016E4,2.815234179E-2
1.410937500E4,7.800226546E-2
1.411083984E4,1.035083311E-1
1.411230469E4,1.934739087E-1
1.411376953E4,1.093089606E-1
1.411523438E4,1.451220847E-1
1.411669922E4,1.445327498E-1
1.411816406E4,1.428190141E-1
1.411962891E4,1.845908588E-1
1.412109375E4,9.515834441E-2
1.412255859E4,1.413562764E-1
1.412402344E4,5.769752363E-2
1.412548828E4,2.920783541E-2
1.412695312E4,1.711342773E-1
1.412841797E4,1.205996276E-2
1.412988281E4,1.721585404E-1
1.413134766E4,6.368853204E-2
1.413281250E4,4.281590240E-2
1.413427734E4,1.656219818E-2
1.413574219E4,4.338064581E-2
1.413720703E4,3.945507723E-2
1.413867188E4,4.583707988E-2
1.414013672E4,5.303614475E-2
1.414160156E4,3.421931155E-2
1.414306641E4,8.816225029E-2
1.414453125E4,9.461096585E-2
1.414599609E4,5.802880523E-2
1.414746094E4,7.460710676E-2
1.414892578E4,2.937502293E-2
1.415039062E4,1.819186632E-2
1.415185547E4,4.042371132E-2
1.415332031E4,4.968150467E-2
1.415478516E4,4.593591469E-2
1.415625000E4,1.010740257E-1
1.415771484E4,3.205596190E-2
1.415917969E4,5.494803654E-2
1.416064453E4,5.499673200E-2
1.416210938E4,6.761446956E-2
1.416357422E4,8.594597132E-2
1.416503906E4,6.160302738E-2
1.416650391E4,7.283750421E-2
1.416796875E4,2.487574560E-2
1.416943359E4,9.990351963E-2
1.417089844E4,7.876220810E-2
1.417236328E4,6.124850772E-2
1.417382812E4,5.766376722E-2
1.417529297E4,1.486058591E-1
1.417675781E4,5.577356221E-2
1.417822266E4,1.501096563E-1
1.417968750E4,8.089691911E-2
1.418115234E4,9.410679420E-2
1.418261719E4,1.111627340E-1
1.418408203E4,8.371893381E-2
1.418554688E4,1.265241809E-1
1.418701172E4,8.409534210E-2
1.418847656E4,6.182731701E-2
1.418994141E4,3.004490262E-2
1.419140625E4,8.146652237E-2
1.419287109E4,2.289046469E-2
1.419433594E4,9.493394798E-2
1.419580078E4,1.616223557E-1
1.419726562E4,6.698980209E-2
1.419873047E4,4.691653214E-2
1.420019531E4,8.866370065E-2
1.420166016E4,9.102075858E-2
1.420312500E4,7.986762210E-2
1.420458984E4,1.169071191E-1
1.420605469E4,1.262018741E-2
1.420751953E4,3.897652341E-2
1.420898438E4,1.069271472E-1
1.421044922E4,4.519427763E-2
1.421191406E4,4.669357096E-2
1.421337891E4,1.273614607E-1
1.421484375E4,5.339425872E-2
1.421630859E4,6.625370856E-2
1.421777344E4,6.927297869E-2
1.421923828E4,1.293139795E-2
1.422070312E4,1.052708559E-1
1.422216797E4,1.316680149E-3
1.422363281E4,1.132048332E-1
1.422509766E4,4.330310794E-2
1.422656250E4,1.486458751E-1
1.422802734E4,1.128480881E-1
1.422949219E4,5.732048250E-2
1.423095703E4,5.278617037E-2
1.423242188E4,5.405155458E-2
1.423388672E4,2.698341065E-2
1.423535156E4,9.888673965E-2
1.423681641E4,4.408941729E-2
1.423828125E4,9.977436304E-2
1.423974609E4,2.356680934E-2
1.424121094E4,1.298438985E-1
1.424267578E4,8.627297511E-2
1.424414062E4,1.877540150E-2
1.424560547E4,6.433789345E-2
1.424707031E4,6.798414610E-2
1.424853516E4,2.975144467E-2
1.425000000E4,4.747955431E-2
1.425146484E4,1.950612731E-1
1.425292969E4,4.821097697E-2
1.425439453E4,1.780435402E-1
1.425585938E4,8.522483985E-2
1.425732422E4,1.263587990E-1
1.425878906E4,8.571827265E-2
1.426025391E4,1.145696254E-1
1.426171875E4,1.268637921E-1
1.426318359E4,1.428091638E-1
1.426464844E4,8.680195797E-2
1.426611328E4,8.672444637E-2
1.426757812E4,7.924196674E-2
1.426904297E4,6.002367856E-2
1.427050781E4,1.114357531E-1
1.427197266E4,9.086062459E-2
1.427343750E4,1.142313747E-1
1.427490234E4,7.782079686E-2
1.427636719E4,1.134678331E-1
1.427783203E4,7.319185928E-2
1.427929688E4,9.107554979E-2
1.428076172E4,5.656099830E-2
1.428222656E4,4.038992119E-2
1.428369141E4,1.068689945E-2
1.428515625E4,7.133516240E-2
1.428662109E4,9.856522209E-2
1.428808594E4,1.476263148E-1
1.428955078E4,7.899000190E-2
1.429101562E4,1.255483598E-1
1.429248047E4,2.432289171E-2
1.429394531E4,8.383686177E-2
1.429541016E4,8.453277722E-2
1.429687500E4,8.149304977E-2
1.429833984E4,3.251741812E-2
1.429980469E4,1.207988846E-1
1.430126953E4,9.447666055E-2
1.430273438E4,1.260562343E-1
1.430419922E4,1.131312326E-1
1.430566406E4,2.698338518E-2
1.430712891E4,6.683923107E-2
1.430859375E4,3.822339139E-2
1.431005859E4,1.018729951E-1
1.431152344E4,4.543697410E-2
1.431298828E4,9.840184293E-2
1.431445312E4,6.991443784E-2
1.431591797E4,1.859831773E-1
1.431738281E4,1.393099208E-2
1.431884766E4,1.001747652E-1
1.432031250E4,8.458266544E-2
1.432177734E4,1.088904553E-1
1.432324219E4,1.333617622E-1
1.432470703E4,7.575388707E-2
1.432617188E4,2.333649149E-1
1.432763672E4,8.403839039E-2
1.432910156E4,9.407427254E-2
1.433056641E4,7.820330603E-2
1.433203125E4,5.880489643E-2
1.433349609E4,4.960124443E-2
1.433496094E4,1.149949096E-1
1.433642578E4,8.192915274E-2
1.433789062E4,8.909924554E-2
1.433935547E4,4.825430187E-2
1.434082031E4,9.706611498E-2
1.434228516E4,8.440747170E-2
1.434375000E4,1.152490966E-1
1.434521484E4,4.017312093E-2
1.434667969E4,9.426259352E-2
1.434814453E4,9.156043550E-2
1.434960938E4,1.377876931E-1
1.435107422E4,7.970736000E-2
1.435253906E4,1.271922056E-1
1.435400391E4,1.132844535E-1
1.435546875E4,1.072140841E-1
1.435693359E4,1.628396974E-1
1.435839844E4,6.047938536E-2
1.435986328E4,1.065116287E-1
1.436132812E4,2.463544347E-2
1.436279297E4,1.817825507E-1
1.436425781E4,1.021956593E-1
1.436572266E4,8.478791483E-2
1.436718750E4,7.912689154E-2
1.436865234E4,1.340244796E-1
1.437011719E4,9.273548541E-2
1.437158203E4,1.094594154E-1
1.437304688E4,1.238874211E-1
1.437451172E4,1.109491667E-1
1.437597656E4,8.710856854E-2
1.437744141E4,9.971097944E-2
1.437890625E4,9.740548286E-2
1.438037109E4,8.983509110E-2
1.438183594E4,7.126587305E-2
1.438330078E4,1.354275081E-2
1.438476562E4,1.041111671E-1
1.438623047E4,1.592749633E-1
1.438769531E4,1.553722358E-1
1.438916016E4,1.180009042E-1
1.439062500E4,7.605531621E-2
1.439208984E4,5.984833472E-2
1.439355469E4,9.822694347E-2
1.439501953E4,3.293391633E-2
1.439648438E4,6.344734604E-2
1.439794922E4,1.597944454E-1
1.439941406E4,8.243195229E-2
1.440087891E4,1.216163818E-1
1.440234375E4,3.030947667E-2
1.440380859E4,1.436310174E-1
1.440527344E4,2.087094405E-2
1.440673828E4,9.035754041E-2
1.440820312E4,9.612433982E-2
1.440966797E4,9.996363794E-2
1.441113281E4,8.018592485E-2
1.441259766E4,8.331464644E-2
1.441406250E4,2.032982243E-2
1.441552734E4,4.352175686E-2
1.441699219E4,1.339512575E-1
1.441845703E4,1.018103865E-1
1.441992188E4,5.830934871E-2
1.442138672E4,1.000528854E-1
1.442285156E4,8.618783624E-2
1.442431641E4,6.010047071E-2
1.442578125E4,3.992954225E-2
1.442724609E4,8.230397474E-2
1.442871094E4,2.486407564E-2
1.443017578E4,6.445851866E-2
1.443164062E4,1.147742916E-1
1.443310547E4,8.019376077E-2
1.443457031E4,5.259527020E-2
1.443603516E4,1.049422734E-1
1.443750000E4,9.844214789E-2
1.443896484E4,2.223779924E-1
1.444042969E4,8.714625466E-2
1.444189453E4,2.164096461E-1
1.444335938E4,1.705177568E-1
1.444482422E4,1.718193611E-1
1.444628906E4,1.469240195E-1
1.444775391E4,9.108475738E-2
1.444921875E4,9.669689302E-2
1.445068359E4,7.817808616E-2
1.445214844E4,6.989513212E-2
1.445361328E4,8.634183158E-2
1.445507812E4,1.906848898E-2
1.445654297E4,1.661183942E-1
1.445800781E4,1.436500490E-1
1.445947266E4,1.321672439E-1
1.446093750E4,6.575445238E-2
1.446240234E4,4.881568298E-2
1.446386719E4,4.004852806E-2
1.446533203E4,7.349314426E-2
1.446679688E4,1.434298223E-1
1.446826172E4,1.112193365E-1
1.446972656E4,2.114884050E-1
1.447119141E4,1.646058300E-1
1.447265625E4,1.096490528E-1
1.447412109E4,1.543392139E-1
1.447558594E4,8.280882701E-3
1.447705078E4,1.252891335E-1
1.447851562E4,9.741667133E-3
1.447998047E4,1.449126753E-1
1.448144531E4,1.111181883E-1
1.448291016E4,4.259844081E-2
1.448437500E4,5.699335045E-2
1.448583984E4,6.517717606E-2
1.448730469E4,9.907276375E-2
1.448876953E4,3.899021878E-2
1.449023438E4,5.037511080E-2
1.449169922E4,1.165278300E-1
1.449316406E4,2.136567620E-2
1.449462891E4,9.887446197E-2
1.449609375E4,7.345881496E-2
1.449755859E4,4.064117498E-2
1.449902344E4,1.130560304E-1
1.450048828E4,3.787131988E-2
1.450195312E4,4.234055695E-2
1.450341797E4,9.263360427E-2
1.450488281E4,8.736559451E-2
1.450634766E4,3.575325406E-2
1.450781250E4,1.350890307E-1
1.450927734E4,1.133850176E-1
1.451074219E4,5.847478201E-2
1.451220703E4,1.033428769E-1
1.451367188E4,8.774808100E-2
1.451513672E4,1.018340479E-1
1.451660156E4,9.255992563E-2
1.451806641E4,5.329632198E-2
1.451953125E4,4.835284092E-2
1.452099609E4,5.357064271E-2
1.452246094E4,6.716321406E-2
1.452392578E4,5.829451764E-2
1.452539062E4,3.314551390E-2
1.452685547E4,5.914370302E-2
1.452832031E4,8.425772617E-2
1.452978516E4,1.161738359E-1
1.453125000E4,1.938931909E-1
1.453271484E4,1.311297386E-1
1.453417969E4,1.516955998E-1
1.453564453E4,1.364656797E-1
1.453710938E4,4.101904086E-2
1.453857422E4,1.239524875E-1
1.454003906E4,1.298962360E-1
1.454150391E4,1.339394062E-1
1.454296875E4,9.142190614E-2
1.454443359E4,1.121505803E-1
1.454589844E4,7.560819125E-2
1.454736328E4,7.315060340E-2
1.454882812E4,4.672254627E-2
1.455029297E4,1.244669991E-1
1.455175781E4,3.438594118E-2
1.455322266E4,9.167363499E-2
1.455468750E4,7.504125194E-2
1.455615234E4,1.236396439E-1
1.455761719E4,1.064913797E-1
1.455908203E4,1.597319536E-1
1.456054688E4,2.465360307E-2
1.456201172E4,2.038592994E-1
1.456347656E4,1.549242332E-2
1.456494141E4,1.275261665E-2
1.456640625E4,4.924120048E-2
1.456787109E4,1.708781929E-1
1.456933594E4,6.594078312E-2
1.457080078E4,5.127714976E-2
1.457226562E4,7.789858374E-2
1.457373047E4,1.617675110E-2
1.457519531E4,4.579438503E-2
1.457666016E4,3.490375137E-3
1.457812500E4,7.216678695E-2
1.457958984E4,5.230164642E-2
1.458105469E4,8.750629446E-2
1.458251953E4,3.924010413E-2
1.458398438E4,5.399129740E-2
1.458544922E4,1.017799426E-1
1.458691406E4,6.177997523E-2
1.458837891E4,7.477845264E-2
1.458984375E4,3.250133810E-2
1.459130859E4,9.841566183E-2
1.459277344E4,1.180522483E-1
1.459423828E4,1.089496159E-1
1.459570312E4,9.753430347E-2
1.459716797E4,1.788552715E-1
1.459863281E4,1.657015290E-1
1.460009766E4,1.917818537E-1
1.460156250E4,1.432242209E-1
1.460302734E4,2.069110928E-1
1.460449219E4,1.087795717E-1
1.460595703E4,1.414434815E-1
1.460742188E4,4.590385768E-2
1.460888672E4,6.031679043E-2
1.461035156E4,1.501717685E-1
1.461181641E4,1.469432623E-2
1.461328125E4,7.003949376E-2
1.461474609E4,8.075383763E-2
1.461621094E4,4.665720233E-2
1.461767578E4,5.758276056E-2
1.461914062E4,1.729248760E-1
1.462060547E4,1.114905211E-1
1.462207031E4,3.742947021E-2
1.462353516E4,3.396472522E-2
1.462500000E4,1.042523546E-1
1.462646484E4,6.595727091E-2
1.462792969E4,3.767967050E-2
1.462939453E4,4.668254170E-2
1.463085938E4,1.034645029E-1
1.463232422E4,1.599507817E-1
1.463378906E4,4.526965035E-2
1.463525391E4,3.068722572E-2
1.463671875E4,7.452877251E-2
1.463818359E4,7.956613779E-2
1.463964844E4,1.079531962E-1
1.464111328E4,1.429476680E-1
1.464257812E4,1.555361602E-1
1.464404297E4,1.859283956E-1
1.464550781E4,1.461946633E-1
1.464697266E4,9.757000661E-2
1.464843750E4,1.546637319E-1
1.464990234E4,3.396780478E-2
1.465136719E4,1.521599733E-1
1.465283203E4,6.015391587E-2
1.465429688E4,7.428270751E-2
1.465576172E4,1.040699068E-1
1.465722656E4,8.974602674E-2
1.465869141E4,5.787641699E-2
1.466015625E4,2.791644317E-2
1.466162109E4,6.333757528E-2
1.466308594E4,9.819852328E-2
1.466455078E4,7.923968256E-2
1.466601562E4,3.043890305E-2
1.466748047E4,4.019387649E-2
1.466894531E4,1.185528783E-1
1.467041016E4,6.711128225E-2
1.467187500E4,4.343524920E-2
1.467333984E4,3.523029363E-2
1.467480469E4,9.819772417E-2
1.467626953E4,7.306368494E-2
1.467773438E4,9.543285226E-2
1.467919922E4,1.267230444E-1
1.468066406E4,7.064342720E-2
1.468212891E4,8.554329317E-2
1.468359375E4,7.402586595E-2
1.468505859E4,8.183346236E-2
1.468652344E4,1.193727155E-1
1.468798828E4,7.629893308E-2
1.468945312E4,1.223650609E-1
1.469091797E4,1.387503894E-1
1.469238281E4,6.540195038E-2
1.469384766E4,4.457619448E-2
1.469531250E4,5.015449084E-2
1.469677734E4,1.422581964E-1
1.469824219E4,4.374570298E-2
1.469970703E4,5.275873992E-2
1.470117188E4,3.531702681E-2
1.470263672E4,8.549537208E-2
1.470410156E4,5.313957228E-2
1.470556641E4,4.158187137E-2
1.470703125E4,5.402597705E-2
1.470849609E4,2.456122502E-2
1.470996094E4,6.761995454E-2
1.471142578E4,1.145387982E-1
1.471289062E4,1.237841557E-1
1.471435547E4,1.074801666E-1
1.471582031E4,5.332984417E-2
1.471728516E4,1.495950506E-1
1.471875000E4,8.461524400E-2
1.472021484E4,6.433392821E-2
1.472167969E4,6.170288572E-2
1.472314453E4,3.013172096E-2
1.472460938E4,1.565068725E-1
1.472607422E4,1.388952403E-2
1.472753906E4,1.226162830E-1
1.472900391E4,7.411520369E-2
1.473046875E4,9.927177175E-2
1.473193359E4,9.799913437E-2
1.473339844E4,1.856037366E-1
1.473486328E4,1.832299388E-1
1.473632812E4,1.093470069E-1
1.473779297E4,2.134614212E-1
1.473925781E4,8.262829671E-2
1.474072266E4,1.024153376E-1
1.474218750E4,1.734725719E-1
1.474365234E4,1.118028371E-1
1.474511719E4,9.533433106E-2
1.474658203E4,1.602264279E-1
1.474804688E4,1.511762074E-1
1.474951172E4,5.414839015E-2
1.475097656E4,6.472968614E-2
1.475244141E4,9.284387081E-2
1.475390625E4,7.093603686E-2
1.475537109E4,1.076735371E-1
1.475683594E4,8.875012046E-2
1.475830078E4,4.567661517E-2
1.475976562E4,1.912720161E-1
1.476123047E4,9.754000794E-2
1.476269531E4,2.084466842E-1
1.476416016E4,1.572889995E-1
1.476562500E4,1.268106054E-1
1.476708984E4,1.554712964E-1
1.476855469E4,8.749948385E-2
1.477001953E4,1.152776613E-1
1.477148438E4,1.085168944E-1
1.477294922E4,1.404771104E-1
1.477441406E4,2.088628710E-1
1.477587891E4,1.113957731E-1
1.477734375E4,3.299755103E-2
1.477880859E4,1.183618338E-1
1.478027344E4,1.230638610E-1
1.478173828E4,2.043374342E-1
1.478320312E4,1.411942885E-1
1.478466797E4,1.122444574E-1
1.478613281E4,1.721987913E-1
1.478759766E4,6.317289860E-2
1.478906250E4,9.408409848E-2
1.479052734E4,1.993182046E-1
1.479199219E4,2.429558439E-1
1.479345703E4,2.461100488E-1
1.479492188E4,1.730785431E-1
1.479638672E4,1.398537346E-1
1.479785156E4,1.936662445E-1
1.479931641E4,2.527994412E-1
1.480078125E4,1.746527749E-1
1.480224609E4,1.406020423E-1
1.480371094E4,1.295234947E-1
1.480517578E4,7.427222122E-2
1.480664062E4,8.450455722E-2
1.480810547E4,1.353512857E-1
1.480957031E4,1.569179280E-1
1.481103516E4,9.444879769E-2
1.481250000E4,1.526191774E-1
1.481396484E4,1.567134094E-1
1.481542969E4,8.133562946E-2
1.481689453E4,1.074235198E-1
1.481835938E4,1.096149383E-1
1.481982422E4,1.307810945E-1
1.482128906E4,1.574064751E-1
1.482275391E4,1.317974845E-1
1.482421875E4,1.356714905E-1
1.482568359E4,1.783294477E-1
1.482714844E4,1.442230171E-1
1.482861328E4,9.377176518E-2
1.483007812E4,9.776119096E-2
1.483154297E4,1.080870350E-1
1.483300781E4,6.974963974E-2
1.483447266E4,4.621235583E-2
1.483593750E4,8.584577521E-2
1.483740234E4,4.474806882E-2
1.483886719E4,1.362053969E-1
1.484033203E4,6.697955103E-2
1.484179688E4,2.271203493E-2
1.484326172E4,1.026574902E-1
1.484472656E4,5.325144761E-2
1.484619141E4,3.443509947E-2
1.484765625E4,1.250575003E-1
1.484912109E4,8.606650193E-2
1.485058594E4,1.404918369E-1
1.485205078E4,3.850563452E-2
1.485351562E4,1.070914821E-1
1.485498047E4,8.552140793E-2
1.485644531E4,7.949578086E-2
1.485791016E4,1.465015931E-1
1.485937500E4,1.394444293E-1
1.486083984E4,2.415226084E-1
1.486230469E4,6.804786485E-2
1.486376953E4,1.471252693E-1
1.486523438E4,9.467335773E-2
1.486669922E4,1.557175975E-1
1.486816406E4,7.592360737E-2
1.486962891E4,5.075302735E-2
1.487109375E4,1.156235606E-1
1.487255859E4,8.592023555E-2
1.487402344E4,1.660852341E-1
1.487548828E4,8.821125992E-2
1.487695312E4,1.062024621E-1
1.487841797E4,1.838824939E-1
1.487988281E4,8.768034278E-2
1.488134766E4,1.936832193E-1
1.488281250E4,9.394364150E-2
1.488427734E4,9.640889707E-2
1.488574219E4,7.246817131E-2
1.488720703E4,8.606458889E-2
1.488867188E4,2.692144744E-2
1.489013672E4,4.877267449E-2
1.489160156E4,8.892823412E-2
1.489306641E4,5.286551227E-2
1.489453125E4,5.006550962E-2
1.489599609E4,5.293494721E-2
1.489746094E4,1.313782816E-1
1.489892578E4,1.733758792E-1
1.490039062E4,1.596889092E-1
1.490185547E4,1.766963040E-1
1.490332031E4,1.949687004E-1
1.490478516E4,1.849006050E-1
1.490625000E4,1.800130307E-1
1.490771484E4,1.997141040E-1
1.490917969E4,2.137419006E-1
1.491064453E4,1.166768635E-1
1.491210938E4,9.458600029E-2
1.491357422E4,1.257957312E-1
1.491503906E4,1.245078211E-1
1.491650391E4,1.168854337E-1
1.491796875E4,1.336747987E-1
1.491943359E4,9.418668638E-2
1.492089844E4,2.046597000E-1
1.492236328E4,1.136369483E-1
1.492382812E4,8.746403746E-2
1.492529297E4,1.359052102E-1
1.492675781E4,7.955687951E-2
1.492822266E4,1.084975639E-1
1.492968750E4,1.044514324E-1
1.493115234E4,8.373689436E-2
1.493261719E4,8.485310311E-2
1.493408203E4,1.634034263E-1
1.493554688E4,1.717485502E-1
1.493701172E4,4.213479469E-2
1.493847656E4,1.258492799E-1
1.493994141E4,1.036251159E-1
1.494140625E4,1.215802730E-1
1.494287109E4,1.799458721E-1
1.494433594E4,1.255275794E-1
1.494580078E4,1.583234791E-1
1.494726562E4,1.481151937E-1
1.494873047E4,1.330187216E-1
1.495019531E4,6.358438875E-2
1.495166016E4,7.273576071E-2
1.495312500E4,6.518532331E-2
1.495458984E4,5.014404491E-2
1.495605469E4,1.217092666E-1
1.495751953E4,1.101006483E-1
1.495898438E4,1.168538605E-1
1.496044922E4,1.318712505E-1
1.496191406E4,4.331659993E-2
1.496337891E4,9.312260767E-2
1.496484375E4,8.517724099E-2
1.496630859E4,1.349349879E-1
1.496777344E4,1.123304265E-1
1.496923828E4,1.155415421E-1
1.497070312E4,1.346169033E-1
1.497216797E4,4.697111591E-2
1.497363281E4,1.000576346E-1
1.497509766E4,1.506989522E-1
1.497656250E4,8.718665522E-2
1.497802734E4,4.849088314E-2
1.497949219E4,8.292837929E-2
1.498095703E4,6.726616833E-2
1.498242188E4,1.776390056E-1
1.498388672E4,1.475921050E-1
1.498535156E4,1.224737465E-1
1.498681641E4,7.762406969E-2
1.498828125E4,9.458577019E-2
1.498974609E4,1.046401257E-1
1.499121094E4,1.255154235E-1
1.499267578E4,1.731173374E-1
1.499414062E4,1.757085126E-1
1.499560547E4,2.148073666E-1
1.499707031E4,3.329810086E-1
1.499853516E4,2.017086397E-1
1.500000000E4,2.728314648E-1
1.500146484E4,2.016083035E-1
1.500292969E4,2.101971927E-1
1.500439453E4,1.855467697E-1
1.500585938E4,1.058659576E-1
1.500732422E4,7.286472259E-2
1.500878906E4,6.941357668E-2
1.501025391E4,4.091644980E-2
1.501171875E4,1.878111321E-1
1.501318359E4,5.605654060E-2
1.501464844E4,8.068144901E-2
1.501611328E4,6.961397788E-2
1.501757812E4,1.226426888E-1
1.501904297E4,4.403911240E-2
1.502050781E4,1.640832724E-1
1.502197266E4,1.068057336E-1
1.502343750E4,1.098238084E-1
1.502490234E4,8.994471129E-2
1.502636719E4,1.600089993E-1
1.502783203E4,9.989761615E-2
1.502929688E4,9.803215334E-2
1.503076172E4,1.682008667E-1
1.503222656E4,9.324921594E-2
1.503369141E4,1.868444511E-1
1.503515625E4,1.941997934E-1
1.503662109E4,4.733965415E-2
1.503808594E4,2.094534067E-1
1.503955078E4,8.228792915E-2
1.504101562E4,1.028119029E-1
1.504248047E4,6.037834664E-2
1.504394531E4,5.172614934E-2
1.504541016E4,3.437264271E-2
1.504687500E4,6.041305679E-2
1.504833984E4,6.179265002E-3
1.504980469E4,5.991468572E-2
1.505126953E4,1.533354384E-1
1.505273438E4,1.713421278E-1
1.505419922E4,1.608158657E-1
1.505566406E4,2.037228459E-1
1.505712891E4,1.543087899E-1
1.505859375E4,1.366204447E-1
1.506005859E4,1.064611709E-1
1.506152344E4,9.803122949E-2
1.506298828E4,1.167515035E-1
1.506445312E4,1.149557315E-1
1.506591797E4,1.759269151E-1
1.506738281E4,1.439904096E-1
1.506884766E4,2.279443932E-1
1.507031250E4,1.639351732E-1
1.507177734E4,1.678579728E-1
1.507324219E4,1.300552349E-1
1.507470703E4,2.569472563E-2
1.507617188E4,3.457060340E-2
1.507763672E4,3.028206270E-2
1.507910156E4,3.854728956E-2
1.508056641E4,1.072926404E-1
1.508203125E4,2.303231846E-2
1.508349609E4,1.899158464E-1
1.508496094E4,5.471373113E-2
1.508642578E4,6.103839066E-2
1.508789062E4,1.620760931E-1
1.508935547E4,1.360194045E-1
1.509082031E4,6.239782175E-2
1.509228516E4,1.167003622E-1
1.509375000E4,1.384955989E-1
1.509521484E4,7.747474865E-2
1.509667969E4,1.428394975E-1
1.509814453E4,9.856504007E-2
1.509960938E4,1.027726032E-1
1.510107422E4,1.051403649E-1
1.510253906E4,5.268164687E-2
1.510400391E4,1.459017919E-1
1.510546875E4,9.136104190E-2
1.510693359E4,1.262570017E-1
1.510839844E4,2.948717009E-2
1.510986328E4,3.105625104E-2
1.511132812E4,4.947521610E-2
1.511279297E4,5.436431924E-2
1.511425781E4,1.372428564E-1
1.511572266E4,7.264687959E-2
1.511718750E4,1.541918789E-1
1.511865234E4,1.341755710E-1
1.512011719E4,1.599585336E-1
1.512158203E4,1.110743565E-1
1.512304688E4,9.365697299E-2
1.512451172E4,9.508308894E-3
1.512597656E4,1.045357640E-1
1.512744141E4,4.253308566E-2
1.512890625E4,1.033756143E-1
1.513037109E4,1.009239986E-1
1.513183594E4,1.275941721E-2
1.513330078E4,4.340848847E-2
1.513476562E4,2.142490675E-1
1.513623047E4,1.203677840E-1
1.513769531E4,1.880605792E-1
1.513916016E4,1.174371962E-1
1.514062500E4,1.495436076E-1
1.514208984E4,6.619336802E-2
1.514355469E4,1.502685680E-1
1.514501953E4,1.323090159E-1
1.514648438E4,1.769723587E-1
1.514794922E4,1.489435343E-1
1.514941406E4,8.129470710E-2
1.515087891E4,8.510492821E-2
1.515234375E4,1.694467848E-1
1.515380859E4,3.070341944E-2
1.515527344E4,1.009113286E-1
1.515673828E4,1.136575592E-1
1.515820312E4,7.968489630E-2
1.515966797E4,2.036195756E-1
1.516113281E4,1.538946243E-1
1.516259766E4,1.783158279E-1
1.516406250E4,1.409375633E-1
1.516552734E4,1.356893771E-1
1.516699219E4,9.695098598E-2
1.516845703E4,4.892939213E-2
1.516992188E4,9.088405135E-2
1.517138672E4,1.510871024E-1
1.517285156E4,1.035957633E-1
1.517431641E4,4.610877961E-2
1.517578125E4,1.764455217E-1
1.517724609E4,1.247811692E-1
1.517871094E4,7.427380425E-2
1.518017578E4,2.524189528E-2
1.518164062E4,1.091814130E-1
1.518310547E4,3.857649314E-2
1.518457031E4,9.441920021E-2
1.518603516E4,7.435066040E-2
1.518750000E4,5.744330620E-2
1.518896484E4,8.906180632E-2
1.519042969E4,4.532449405E-2
1.519189453E4,3.785719355E-2
1.519335938E4,2.164753612E-2
1.519482422E4,5.095272087E-2
1.519628906E4,3.363621109E-2
1.519775391E4,1.313808368E-1
1.519921875E4,1.104894942E-1
1.520068359E4,1.709625327E-1
1.520214844E4,1.237137944E-1
1.520361328E4,1.523640631E-1
1.520507812E4,1.692641719E-1
1.520654297E4,1.983606564E-1
1.520800781E4,2.010549464E-1
1.520947266E4,2.154353404E-1
1.521093750E4,1.950348928E-1
1.521240234E4,2.393863387E-1
1.521386719E4,1.095915325E-1
1.521533203E4,1.635096545E-1
1.521679688E4,1.668383893E-1
1.521826172E4,2.498775630E-1
1.521972656E4,1.799645858E-1
1.522119141E4,1.722599370E-1
1.522265625E4,1.474469044E-1
1.522412109E4,6.194300756E-2
1.522558594E4,2.403166317E-2
1.522705078E4,7.852813666E-2
1.522851562E4,1.446544033E-1
1.522998047E4,5.120215478E-2
1.523144531E4,7.414917716E-2
1.523291016E4,8.087618425E-2
1.523437500E4,1.318705588E-1
1.523583984E4,5.736172543E-2
1.523730469E4,8.449138942E-2
1.523876953E4,4.270483512E-2
1.524023438E4,4.808911880E-2
1.524169922E4,1.068489671E-1
1.524316406E4,4.170291345E-2
1.524462891E4,7.792785213E-2
1.524609375E4,6.802500048E-2
1.524755859E4,3.925422552E-2
1.524902344E4,5.936565819E-2
1.525048828E4,9.284467606E-2
1.525195312E4,1.609091274E-1
1.525341797E4,1.772707836E-1
1.525488281E4,1.278605139E-1
1.525634766E4,1.143673931E-1
1.525781250E4,2.497909508E-1
1.525927734E4,1.644282816E-1
1.526074219E4,1.250834293E-1
1.526220703E4,6.704148747E-2
1.526367188E4,1.493330029E-1
1.526513672E4,7.034334683E-2
1.526660156E4,6.981075105E-2
1.526806641E4,8.755426400E-2
1.526953125E4,1.118081415E-1
1.527099609E4,1.246810636E-1
1.527246094E4,9.079691048E-2
1.527392578E4,1.062800203E-1
1.527539062E4,8.642368466E-2
1.527685547E4,1.474400221E-1
1.527832031E4,7.094128138E-2
1.527978516E4,5.643149236E-2
1.528125000E4,6.679184061E-2
1.528271484E4,5.298199926E-2
1.528417969E4,7.212468212E-2
1.528564453E4,5.315447828E-2
1.528710938E4,1.079161228E-1
1.528857422E4,1.810119349E-1
1.529003906E4,1.160113252E-1
1.529150391E4,4.655554995E-2
1.529296875E4,5.307212634E-2
1.529443359E4,8.391082679E-2
1.529589844E4,3.061105747E-2
1.529736328E4,3.856562194E-2
1.529882812E4,6.090526741E-2
1.530029297E4,4.492641935E-2
1.530175781E4,9.348954988E-2
1.530322266E4,2.063453041E-1
1.530468750E4,2.286215121E-1
1.530615234E4,1.726336940E-1
1.530761719E4,3.076676703E-1
1.530908203E4,2.312116735E-1
1.531054688E4,2.081640029E-1
1.531201172E4,1.165026143E-1
1.531347656E4,2.538985293E-1
1.531494141E4,1.429125774E-1
1.531640625E4,1.213846265E-1
1.531787109E4,1.136133117E-1
1.531933594E4,1.541490064E-1
1.532080078E4,9.285747958E-2
1.532226562E4,9.641724849E-2
1.532373047E4,9.728824545E-2
1.532519531E4,1.223420665E-1
1.532666016E4,1.137134447E-1
1.532812500E4,3.073153099E-2
1.532958984E4,8.225024181E-2
1.533105469E4,9.497650325E-2
1.533251953E4,1.463002542E-2
1.533398438E4,8.474607927E-3
1.533544922E4,2.158656877E-1
1.533691406E4,8.801430424E-2
1.533837891E4,1.370455993E-1
1.533984375E4,1.241908193E-1
1.534130859E4,1.103903194E-1
1.534277344E4,1.517248832E-1
1.534423828E4,4.841452322E-2
1.534570312E4,1.933665212E-1
1.534716797E4,8.121482210E-2
1.534863281E4,1.811960242E-1
1.535009766E4,4.871679028E-2
1.535156250E4,1.397440956E-1
1.535302734E4,9.524608372E-2
1.535449219E4,5.525244794E-2
1.535595703E4,1.125162654E-1
1.535742188E4,3.790894069E-2
1.535888672E4,3.568937448E-2
1.536035156E4,6.285750500E-2
1.536181641E4,7.516565574E-2
1.536328125E4,4.104772989E-2
1.536474609E4,1.631507781E-1
1.536621094E4,3.906944247E-2
1.536767578E4,1.036983064E-1
1.536914062E4,5.657782706E-2
1.537060547E4,4.989773389E-2
1.537207031E4,7.419071093E-2
1.537353516E4,9.754460733E-2
1.537500000E4,7.970824865E-2
1.537646484E4,6.884354109E-2
1.537792969E4,1.090002838E-1
1.537939453E4,1.363077410E-1
1.538085938E4,1.182664354E-1
1.538232422E4,1.527993808E-1
1.538378906E4,2.087682633E-1
1.538525391E4,2.318643864E-1
1.538671875E4,1.261003602E-1
1.538818359E4,1.865542374E-1
1.538964844E4,1.140209553E-1
1.539111328E4,6.997533647E-2
1.539257812E4,9.009125696E-2
1.539404297E4,2.031084732E-1
1.539550781E4,1.530493509E-1
1.539697266E4,1.447404522E-1
1.539843750E4,1.674042076E-1
1.539990234E4,8.272547769E-2
1.540136719E4,1.774528155E-1
1.540283203E4,3.525526139E-2
1.540429688E4,5.238881563E-2
1.540576172E4,1.524685382E-1
1.540722656E4,8.913472122E-2
1.540869141E4,1.208171414E-1
1.541015625E4,1.543181994E-1
1.541162109E4,1.162788515E-1
1.541308594E4,1.489556501E-1
1.541455078E4,1.033831866E-1
1.541601562E4,8.580577334E-2
1.541748047E4,1.830912358E-2
1.541894531E4,1.129642019E-1
1.542041016E4,1.534830256E-1
1.542187500E4,8.165084941E-2
1.542333984E4,1.154540117E-1
1.542480469E4,1.397298752E-1
1.542626953E4,2.093917285E-1
1.542773438E4,1.909152829E-1
1.542919922E4,1.707575642E-1
1.543066406E4,9.772712736E-2
1.543212891E4,1.769964713E-1
1.543359375E4,1.114761570E-1
1.543505859E4,7.017930246E-2
1.543652344E4,1.825892387E-1
1.543798828E4,6.044837596E-2
1.543945312E4,1.732276264E-1
1.544091797E4,2.148090897E-1
1.544238281E4,2.155037165E-1
1.544384766E4,1.133861433E-1
1.544531250E4,1.294500211E-1
1.544677734E4,7.143624340E-2
1.544824219E4,1.101533216E-1
1.544970703E4,1.030078661E-1
1.545117188E4,3.402305608E-2
1.545263672E4,7.114609415E-2
1.545410156E4,8.377979825E-2
1.545556641E4,3.784019777E-2
1.545703125E4,1.424112314E-1
1.545849609E4,9.356373310E-2
1.545996094E4,1.648032978E-1
1.546142578E4,1.134654228E-1
1.546289062E4,1.791234277E-1
1.546435547E4,6.361178361E-2
1.546582031E4,1.335338840E-1
1.546728516E4,1.907276903E-1
1.546875000E4,1.499148033E-1
1.547021484E4,2.498659233E-1
1.547167969E4,7.518668914E-2
1.547314453E4,1.297448545E-1
1.547460938E4,2.670801558E-1
1.547607422E4,2.403237268E-1
1.547753906E4,1.899522150E-1
1.547900391E4,1.762847230E-1
1.548046875E4,1.596011224E-1
1.548193359E4,2.304806323E-1
1.548339844E4,1.292613716E-1
1.548486328E4,1.423974342E-1
1.548632812E4,1.282262097E-1
1.548779297E4,8.533480690E-2
1.548925781E4,1.154350032E-1
1.549072266E4,7.362468377E-3
1.549218750E4,1.315564384E-1
1.549365234E4,1.158579044E-1
1.549511719E4,1.058365627E-1
1.549658203E4,9.753914967E-2
1.549804688E4,8.509256640E-2
1.549951172E4,4.993247849E-2
1.550097656E4,8.570319412E-2
1.550244141E4,4.999542897E-2
1.550390625E4,6.738665436E-2
1.550537109E4,2.479718469E-2
1.550683594E4,5.668352838E-2
1.550830078E4,1.491593284E-1
1.550976562E4,1.673266635E-1
1.551123047E4,4.915638049E-2
1.551269531E4,1.928590490E-1
1.551416016E4,1.988492939E-1
1.551562500E4,9.399645752E-2
1.551708984E4,1.600519493E-1
1.551855469E4,4.056912885E-2
1.552001953E4,8.627548824E-2
1.552148438E4,4.561454800E-2
1.552294922E4,1.085976519E-1
1.552441406E4,1.980391674E-2
1.552587891E4,1.506028350E-1
1.552734375E4,1.141608023E-1
1.552880859E4,1.735688188E-1
1.553027344E4,2.057388209E-1
1.553173828E4,1.388543477E-1
1.553320312E4,1.840869606E-1
1.553466797E4,1.545275941E-1
1.553613281E4,2.562065421E-1
1.553759766E4,1.551492470E-1
1.553906250E4,1.482796189E-1
1.554052734E4,6.669478625E-2
1.554199219E4,5.922240672E-2
1.554345703E4,2.415445457E-2
1.554492188E4,8.499634448E-2
1.554638672E4,5.996222868E-2
1.554785156E4,7.984390654E-2
1.554931641E4,6.393321273E-2
1.555078125E4,1.801946207E-1
1.555224609E4,1.319417401E-1
1.555371094E4,2.018905320E-1
1.555517578E4,1.215333635E-1
1.555664062E4,1.930534139E-1
1.555810547E4,1.009854158E-1
1.555957031E4,1.315361135E-1
1.556103516E4,1.304746847E-1
1.556250000E4,4.017133720E-2
1.556396484E4,3.935119935E-2
1.556542969E4,6.045496799E-2
1.556689453E4,7.005455633E-2
1.556835938E4,1.579337862E-1
1.556982422E4,1.600238277E-1
1.557128906E4,1.328272579E-1
1.557275391E4,2.011509528E-1
1.557421875E4,1.687553913E-1
1.557568359E4,9.385850871E-2
1.557714844E4,1.895977355E-1
1.557861328E4,8.732047272E-2
1.558007812E4,9.745790188E-2
1.558154297E4,4.597208373E-2
1.558300781E4,9.981988681E-2
1.558447266E4,8.304400573E-2
1.558593750E4,5.484137010E-2
1.558740234E4,1.947610410E-1
1.558886719E4,2.292432891E-1
1.559033203E4,2.300538496E-1
1.559179688E4,3.051561278E-1
1.559326172E4,1.731235065E-1
1.559472656E4,1.813090597E-1
1.559619141E4,8.993990604E-2
1.559765625E4,8.638099715E-2
1.559912109E4,5.280073676E-2
1.560058594E4,1.382084262E-1
1.560205078E4,6.306843126E-2
1.560351562E4,1.793517223E-1
1.560498047E4,1.392430446E-1
1.560644531E4,1.119984243E-1
1.560791016E4,6.831505306E-2
1.560937500E4,6.388255353E-2
1.561083984E4,1.142819224E-1
1.561230469E4,2.039453348E-1
1.561376953E4,1.409737212E-1
1.561523438E4,2.223140707E-1
1.561669922E4,1.567290858E-1
1.561816406E4,2.078935286E-1
1.561962891E4,2.001472058E-1
1.562109375E4,1.407928122E-1
1.562255859E4,1.489955828E-1
1.562402344E4,6.589012071E-2
1.562548828E4,4.247578797E-2
1.562695312E4,1.806121231E-2
1.562841797E4,7.015348437E-2
1.562988281E4,1.447504940E-1
1.563134766E4,1.325319009E-1
1.563281250E4,1.331202840E-1
1.563427734E4,1.226874004E-1
1.563574219E4,7.369634056E-3
1.563720703E4,8.073711692E-2
1.563867188E4,1.257286254E-1
1.564013672E4,7.537999607E-2
1.564160156E4,8.880405615E-2
1.564306641E4,8.579015555E-2
1.564453125E4,4.390007003E-3
1.564599609E4,7.119525409E-2
1.564746094E4,5.619108352E-2
1.564892578E4,1.635812613E-1
1.565039062E4,9.644873982E-2
1.565185547E4,1.600876831E-1
1.565332031E4,8.964476632E-2
1.565478516E4,1.979845991E-1
1.565625000E4,1.364253077E-1
1.565771484E4,1.465920152E-1
1.565917969E4,2.353009838E-2
1.566064453E4,4.282393422E-2
1.566210938E4,6.871350317E-2
1.566357422E4,9.817723381E-2
1.566503906E4,7.864409482E-2
1.566650391E4,2.391509057E-1
1.566796875E4,2.539954800E-1
1.566943359E4,2.518424418E-1
1.567089844E4,2.379397178E-1
1.567236328E4,2.128589923E-1
1.567382812E4,1.420202675E-1
1.567529297E4,1.493407197E-1
1.567675781E4,3.674074180E-2
1.567822266E4,1.331446880E-1
1.567968750E4,1.887968816E-1
1.568115234E4,2.057093621E-1
1.568261719E4,1.799092156E-1
1.568408203E4,1.658659360E-1
1.568554688E4,9.801865065E-2
1.568701172E4,1.701184176E-1
1.568847656E4,1.369068483E-1
1.568994141E4,1.652048583E-1
1.569140625E4,2.431291214E-1
1.569287109E4,1.496403713E-1
1.569433594E4,1.580690573E-1
1.569580078E4,8.367084507E-2
1.569726562E4,8.098888837E-2
1.569873047E4,5.034364124E-2
1.570019531E4,6.954669816E-2
1.570166016E4,1.623545099E-1
1.570312500E4,1.281112925E-1
1.570458984E4,1.420623418E-1
1.570605469E4,1.421205305E-1
1.570751953E4,5.612267483E-2
1.570898438E4,1.489010809E-1
1.571044922E4,1.383664614E-1
1.571191406E4,1.500617255E-1
1.571337891E4,1.976590036E-1
1.571484375E4,2.031646081E-1
1.571630859E4,2.034823348E-1
1.571777344E4,2.259017987E-1
1.571923828E4,2.170684326E-1
1.572070312E4,1.890238764E-1
1.572216797E4,1.025406000E-1
1.572363281E4,6.350763844E-2
1.572509766E4,6.251741395E-2
1.572656250E4,7.281502914E-2
1.572802734E4,4.262744035E-2
1.572949219E4,1.336478260E-1
1.573095703E4,1.202657374E-1
1.573242188E4,1.142833388E-1
1.573388672E4,9.336189919E-2
1.573535156E4,7.891879195E-2
1.573681641E4,1.573738778E-2
1.573828125E4,4.761200878E-2
1.573974609E4,1.555868391E-1
1.574121094E4,6.836366555E-2
1.574267578E4,6.419325687E-2
1.574414062E4,8.112764953E-2
1.574560547E4,1.900980300E-2
1.574707031E4,1.418544530E-1
1.574853516E4,6.875771014E-2
1.575000000E4,7.427016914E-2
1.575146484E4,3.494838469E-2
1.575292969E4,1.751270176E-1
1.575439453E4,1.024659584E-1
1.575585938E4,1.044447393E-1
1.575732422E4,7.920747833E-2
1.575878906E4,6.865216849E-2
1.576025391E4,5.378702025E-2
1.576171875E4,1.222414463E-1
1.576318359E4,1.061305396E-1
1.576464844E4,1.434533567E-1
1.576611328E4,8.430652706E-2
1.576757812E4,1.250811471E-1
1.576904297E4,1.842727707E-1
1.577050781E4,1.374983109E-1
1.577197266E4,9.547635034E-3
1.577343750E4,7.408332566E-2
1.577490234E4,9.038194319E-2
1.577636719E4,5.968386505E-2
1.577783203E4,2.106018875E-2
1.577929688E4,1.870804574E-1
1.578076172E4,1.300105234E-1
1.578222656E4,7.060530457E-2
1.578369141E4,1.568666899E-1
1.578515625E4,9.665546037E-2
1.578662109E4,1.431091879E-1
1.578808594E4,1.398844198E-1
1.578955078E4,1.155888834E-1
1.579101562E4,1.297468562E-1
1.579248047E4,2.109784326E-2
1.579394531E4,1.442550053E-1
1.579541016E4,4.011598455E-2
1.579687500E4,4.512150962E-2
1.579833984E4,1.169226523E-1
1.579980469E4,1.794316078E-2
1.580126953E4,1.514804114E-1
1.580273438E4,1.459907875E-1
1.580419922E4,5.037047799E-2
1.580566406E4,1.252569815E-1
1.580712891E4,4.100576220E-2
1.580859375E4,5.204493293E-2
1.581005859E4,6.669932663E-2
1.581152344E4,1.091182520E-1
1.581298828E4,6.043944645E-2
1.581445312E4,9.156610587E-2
1.581591797E4,9.872080597E-2
1.581738281E4,1.201916747E-1
1.581884766E4,8.078709521E-2
1.582031250E4,1.563760495E-1
1.582177734E4,1.736895340E-1
1.582324219E4,1.094916401E-1
1.582470703E4,1.823858466E-1
1.582617188E4,2.807753537E-1
1.582763672E4,2.723327967E-1
1.582910156E4,1.233816754E-1
1.583056641E4,1.331976224E-1
1.583203125E4,8.560945237E-2
1.583349609E4,4.266276852E-2
1.583496094E4,1.550947880E-1
1.583642578E4,2.862674610E-2
1.583789062E4,8.845146497E-2
1.583935547E4,7.373737273E-2
1.584082031E4,8.958632228E-2
1.584228516E4,1.969707957E-1
1.584375000E4,1.725360424E-1
1.584521484E4,1.758347510E-1
1.584667969E4,3.181895541E-1
1.584814453E4,1.387405297E-1
1.584960938E4,2.060377857E-1
1.585107422E4,1.747937176E-1
1.585253906E4,9.648509198E-2
1.585400391E4,1.185970876E-1
1.585546875E4,8.756049234E-2
1.585693359E4,5.918296404E-2
1.585839844E4,2.648950512E-2
1.585986328E4,1.258422892E-1
1.586132812E4,5.077175495E-2
1.586279297E4,1.632928556E-1
1.586425781E4,2.036676676E-1
1.586572266E4,1.206901074E-1
1.586718750E4,1.485260697E-1
1.586865234E4,2.636615401E-2
1.587011719E4,1.111636592E-1
1.587158203E4,5.252165914E-2
1.587304688E4,9.842929691E-2
1.587451172E4,4.593579315E-3
1.587597656E4,9.255987970E-2
1.587744141E4,4.402237915E-2
1.587890625E4,8.565572305E-2
1.588037109E4,5.579539488E-2
1.588183594E4,3.964146628E-2
1.588330078E4,6.162228678E-2
1.588476562E4,4.421901626E-2
1.588623047E4,1.287735538E-1
1.588769531E4,9.639509913E-2
1.588916016E4,2.253943092E-2
1.589062500E4,1.164922084E-1
1.589208984E4,7.638955760E-2
1.589355469E4,1.074304836E-1
1.589501953E4,1.012561447E-1
1.589648438E4,1.237787816E-1
1.589794922E4,1.268644978E-1
1.589941406E4,9.654185874E-2
1.590087891E4,6.739489206E-2
1.590234375E4,4.179239698E-2
1.590380859E4,7.940980331E-2
1.590527344E4,8.766520273E-2
1.590673828E4,1.631519731E-1
1.590820312E4,3.068118056E-2
1.590966797E4,1.351684342E-1
1.591113281E4,1.155463991E-1
1.591259766E4,1.721638913E-1
1.591406250E4,1.576602286E-1
1.591552734E4,9.746641296E-2
1.591699219E4,6.606734131E-3
1.591845703E4,3.168236144E-2
1.591992188E4,1.173579510E-1
1.592138672E4,1.287213104E-1
1.592285156E4,8.858374008E-2
1.592431641E4,2.738677520E-2
1.592578125E4,4.652588325E-2
1.592724609E4,6.914852237E-2
1.592871094E4,9.907898510E-2
1.593017578E4,2.171408253E-2
1.593164062E4,7.167072570E-2
1.593310547E4,9.489213816E-2
1.593457031E4,5.689947321E-2
1.593603516E4,1.275058399E-1
1.593750000E4,7.853455738E-2
1.593896484E4,3.945391839E-2
1.594042969E4,2.499758090E-4
1.594189453E4,1.559460965E-1
1.594335938E4,8.950524647E-2
1.594482422E4,5.901819582E-2
1.594628906E4,3.213224260E-2
1.594775391E4,1.024112090E-1
1.594921875E4,1.380963368E-2
1.595068359E4,6.458854636E-2
1.595214844E4,1.178712440E-1
1.595361328E4,9.012123611E-2
1.595507812E4,1.297079690E-1
1.595654297E4,8.861334742E-2
1.595800781E4,1.611379738E-1
1.595947266E4,6.998576584E-2
1.596093750E4,8.933812812E-2
1.596240234E4,6.769849041E-2
1.596386719E4,7.569256864E-2
1.596533203E4,1.799745968E-1
1.596679688E4,9.443013762E-2
1.596826172E4,2.016561986E-1
1.596972656E4,1.443056726E-1
1.597119141E4,1.167367945E-1
1.597265625E4,1.498112541E-1
1.597412109E4,1.238092447E-1
1.597558594E4,1.129090376E-1
1.597705078E4,5.517950638E-2
1.597851562E4,1.144917596E-1
1.597998047E4,5.032468488E-2
1.598144531E4,7.331333582E-2
1.598291016E4,1.122981080E-1
1.598437500E4,7.645319501E-2
1.598583984E4,8.861546735E-2
1.598730469E4,1.003537775E-1
1.598876953E4,5.765278329E-2
1.599023438E4,8.896173246E-2
1.599169922E4,4.830804522E-2
1.599316406E4,5.637611214E-2
1.599462891E4,6.607634851E-2
1.599609375E4,5.358493288E-2
1.599755859E4,6.250702486E-2
1.599902344E4,9.856823119E-2
1.600048828E4,1.569943695E-2
1.600195312E4,8.970005787E-2
1.600341797E4,1.891630106E-1
1.600488281E4,8.967748306E-2
1.600634766E4,1.555531577E-1
1.600781250E4,4.923580546E-2
1.600927734E4,1.173014464E-1
1.601074219E4,6.602797860E-2
1.601220703E4,8.426991528E-2
1.601367188E4,1.019714886E-1
1.601513672E4,1.080933863E-1
1.601660156E4,8.898416052E-2
1.601806641E4,1.327603891E-1
1.601953125E4,7.013766074E-2
1.602099609E4,1.025428986E-1
1.602246094E4,6.409679106E-2
1.602392578E4,1.147200420E-1
1.602539062E4,7.089671488E-2
1.602685547E4,3.309041358E-2
1.602832031E4,1.557803394E-1
1.602978516E4,7.439911923E-2
1.603125000E4,6.024505525E-2
1.603271484E4,4.549128329E-2
1.603417969E4,3.201195220E-2
1.603564453E4,3.324396281E-2
1.603710938E4,5.682381020E-3
1.603857422E4,7.930411600E-2
1.604003906E4,4.434127483E-2
1.604150391E4,7.678888530E-2
1.604296875E4,6.263910839E-2
1.604443359E4,8.088556455E-2
1.604589844E4,1.643867532E-2
1.604736328E4,3.792924177E-2
1.604882812E4,4.211948537E-2
1.605029297E4,4.771727377E-2
1.605175781E4,6.715008044E-2
1.605322266E4,4.526148866E-2
1.605468750E4,4.051150559E-2
1.605615234E4,4.773663293E-2
1.605761719E4,1.345373436E-2
1.605908203E4,1.811338489E-1
1.606054688E4,9.306730354E-2
1.606201172E4,1.146677648E-1
1.606347656E4,1.399725641E-1
1.606494141E4,1.242366287E-1
1.606640625E4,9.849187810E-2
1.606787109E4,8.041163518E-2
1.606933594E4,7.917336523E-2
1.607080078E4,6.958399659E-2
1.607226562E4,7.886155717E-2
1.607373047E4,5.334402852E-2
1.607519531E4,2.976927004E-2
1.607666016E4,4.367355751E-2
1.607812500E4,1.181550374E-1
1.607958984E4,1.037351363E-1
1.608105469E4,1.759092442E-1
1.608251953E4,1.207980346E-1
1.608398438E4,1.343222369E-1
1.608544922E4,1.075599733E-1
1.608691406E4,7.934237073E-2
1.608837891E4,8.566283121E-2
1.608984375E4,3.045772497E-2
1.609130859E4,1.224887881E-1
1.609277344E4,2.056073282E-2
1.609423828E4,9.162887684E-3
1.609570312E4,1.251753842E-1
1.609716797E4,1.573630637E-1
1.609863281E4,1.317028301E-1
1.610009766E4,9.407277163E-2
1.610156250E4,1.370967491E-1
1.610302734E4,4.377869055E-2
1.610449219E4,4.331299331E-2
1.610595703E4,6.922872351E-2
1.610742188E4,8.414596031E-2
1.610888672E4,1.634129875E-1
1.611035156E4,1.824507542E-1
1.611181641E4,1.368493906E-1
1.611328125E4,8.500002579E-2
1.611474609E4,1.615393671E-1
1.611621094E4,8.281528121E-2
1.611767578E4,1.390968004E-1
1.611914062E4,1.733641255E-1
1.612060547E4,8.297317221E-2
1.612207031E4,6.589836239E-2
1.612353516E4,1.096653104E-1
1.612500000E4,1.398712156E-1
1.612646484E4,8.031590684E-2
1.612792969E4,1.477079254E-1
1.612939453E4,1.420650385E-1
1.613085938E4,4.126292913E-2
1.613232422E4,1.082432844E-1
1.613378906E4,3.925839669E-2
1.613525391E4,4.470120821E-2
1.613671875E4,1.062733756E-1
1.613818359E4,1.304432877E-1
1.613964844E4,1.352104130E-1
1.614111328E4,1.154094102E-1
1.614257812E4,2.115488733E-1
1.614404297E4,1.601789347E-1
1.614550781E4,4.816930289E-2
1.614697266E4,1.485640991E-1
1.614843750E4,7.317780354E-2
1.614990234E4,1.248195876E-1
1.615136719E4,1.421117258E-1
1.615283203E4,6.881726739E-2
1.615429688E4,2.347085969E-1
1.615576172E4,1.954892996E-1
1.615722656E4,1.307211083E-1
1.615869141E4,2.196694097E-1
1.616015625E4,1.916438090E-1
1.616162109E4,1.687431444E-1
1.616308594E4,1.095566724E-1
1.616455078E4,1.077708679E-1
1.616601562E4,1.495917988E-1
1.616748047E4,4.664257947E-2
1.616894531E4,9.959551881E-2
1.617041016E4,9.388458891E-2
1.617187500E4,1.100641486E-1
1.617333984E4,2.203202517E-1
1.617480469E4,1.377899648E-1
1.617626953E4,1.449912261E-1
1.617773438E4,2.343688654E-1
1.617919922E4,1.221913059E-1
1.618066406E4,7.153812089E-2
1.618212891E4,9.637905817E-2
1.618359375E4,1.001542253E-1
1.618505859E4,5.142894162E-2
1.618652344E4,6.323582700E-2
1.618798828E4,4.299259054E-2
1.618945312E4,3.684499114E-2
1.619091797E4,4.647338893E-2
1.619238281E4,8.806303635E-2
1.619384766E4,1.811112230E-1
1.619531250E4,1.504084651E-1
1.619677734E4,6.413147558E-2
1.619824219E4,1.629457932E-1
1.619970703E4,1.456049175E-1
1.620117188E4,3.782185229E-2
1.620263672E4,8.956243724E-2
1.620410156E4,9.958423597E-2
1.620556641E4,1.751257909E-2
1.620703125E4,7.664655190E-2
1.620849609E4,1.645153157E-2
1.620996094E4,6.685571572E-2
1.621142578E4,1.068132444E-1
1.621289062E4,1.216711948E-1
1.621435547E4,4.943764126E-2
1.621582031E4,1.977670451E-1
1.621728516E4,5.973916884E-2
1.621875000E4,1.088477041E-1
1.622021484E4,6.701223143E-2
1.622167969E4,1.240675882E-1
1.622314453E4,5.442361905E-2
1.622460938E4,2.921354321E-2
1.622607422E4,4.794849217E-2
1.622753906E4,2.870046322E-2
1.622900391E4,1.151180317E-1
1.623046875E4,6.596659518E-2
1.623193359E4,3.905327386E-2
1.623339844E4,1.249263652E-1
1.623486328E4,1.208854193E-1
1.623632812E4,1.080441968E-1
1.623779297E4,1.289545895E-1
1.623925781E4,6.580604893E-2
1.624072266E4,5.723600238E-2
1.624218750E4,1.264802416E-1
1.624365234E4,4.132300336E-2
1.624511719E4,2.156643832E-2
1.624658203E4,3.526769530E-2
1.624804688E4,8.556019750E-2
1.624951172E4,5.479450640E-2
1.625097656E4,2.997884538E-2
1.625244141E4,2.480501692E-2
1.625390625E4,4.571636668E-2
1.625537109E4,1.290977496E-1
1.625683594E4,1.893293423E-1
1.625830078E4,8.896572210E-2
1.625976562E4,2.468901602E-2
1.626123047E4,7.746990456E-2
1.626269531E4,4.162125993E-2
1.626416016E4,8.108101019E-2
1.626562500E4,2.151580810E-2
1.626708984E4,3.205238541E-2
1.626855469E4,1.228433104E-1
1.627001953E4,1.332281461E-1
1.627148438E4,1.522188894E-1
1.627294922E4,1.775100690E-1
1.627441406E4,1.283601013E-1
1.627587891E4,1.216624887E-1
1.627734375E4,2.124167133E-1
1.627880859E4,2.521024824E-1
1.628027344E4,1.470281915E-1
1.628173828E4,1.543857637E-1
1.628320312E4,1.509946540E-1
1.628466797E4,2.090183706E-1
1.628613281E4,1.221620727E-1
1.628759766E4,1.494144387E-1
1.628906250E4,8.004549496E-2
1.629052734E4,1.378222791E-1
1.629199219E4,9.016359382E-2
1.629345703E4,9.670068070E-2
1.629492188E4,2.065920046E-1
1.629638672E4,9.452950766E-2
1.629785156E4,1.668964486E-1
1.629931641E4,1.289997179E-1
1.630078125E4,9.352275975E-2
1.630224609E4,1.159175685E-1
1.630371094E4,3.828328115E-2
1.630517578E4,4.103544069E-2
1.630664062E4,2.621776730E-2
1.630810547E4,3.107129674E-2
1.630957031E4,3.010099085E-2
1.631103516E4,1.799457615E-1
1.631250000E4,8.579780087E-2
1.631396484E4,1.244827937E-1
1.631542969E4,2.318432077E-1
1.631689453E4,1.124944890E-1
1.631835938E4,2.361749391E-1
1.631982422E4,2.467301851E-1
1.632128906E4,1.536675399E-1
1.632275391E4,1.380855059E-1
1.632421875E4,1.190057731E-1
1.632568359E4,1.137058199E-1
1.632714844E4,1.432011326E-1
1.632861328E4,1.269542170E-1
1.633007812E4,3.251783524E-2
1.633154297E4,1.594387424E-1
1.633300781E4,8.371466093E-2
1.633447266E4,4.147448609E-2
1.633593750E4,1.063260064E-1
1.633740234E4,6.342242266E-2
1.633886719E4,1.036547074E-1
1.634033203E4,9.100002821E-2
1.634179688E4,9.209908758E-2
1.634326172E4,6.554937169E-2
1.634472656E4,1.443735911E-1
1.634619141E4,9.920245910E-2
1.634765625E4,1.099437910E-1
1.634912109E4,4.072748019E-2
1.635058594E4,1.047798389E-2
1.635205078E4,6.973399682E-2
1.635351562E4,1.427725817E-1
1.635498047E4,1.746179857E-1
1.635644531E4,1.287457586E-1
1.635791016E4,1.806656515E-1
1.635937500E4,1.786826815E-1
1.636083984E4,1.699671375E-1
1.636230469E4,1.329942056E-1
1.636376953E4,2.225205853E-2
1.636523438E4,4.528558643E-2
1.636669922E4,2.719982214E-2
1.636816406E4,3.528521627E-2
1.636962891E4,1.416110261E-1
1.637109375E4,3.414635612E-2
1.637255859E4,3.927797707E-2
1.637402344E4,8.390111870E-2
1.637548828E4,2.343322508E-2
1.637695312E4,6.140043092E-2
1.637841797E4,4.420520815E-2
1.637988281E4,4.936543194E-2
1.638134766E4,5.208219438E-2
1.638281250E4,9.983270541E-2
1.638427734E4,1.632069838E-2
1.638574219E4,8.726534180E-2
1.638720703E4,4.198063343E-2
1.638867188E4,4.400736348E-2
1.639013672E4,6.413937567E-2
1.639160156E4,7.068181740E-2
1.639306641E4,1.283130002E-1
1.639453125E4,9.831081197E-2
1.639599609E4,9.866066746E-2
1.639746094E4,9.333964225E-2
1.639892578E4,7.390036952E-2
1.640039062E4,1.206899276E-1
1.640185547E4,1.603173561E-1
1.640332031E4,5.457948359E-2
1.640478516E4,3.756122725E-2
1.640625000E4,1.477704458E-1
1.640771484E4,9.318732921E-2
1.640917969E4,1.421886540E-1
1.641064453E4,1.238032010E-1
1.641210938E4,5.313475420E-2
1.641357422E4,9.875314452E-2
1.641503906E4,4.836694828E-2
1.641650391E4,7.326933315E-2
1.641796875E4,6.715510840E-2
1.641943359E4,7.493815366E-2
1.642089844E4,1.573917152E-2
1.642236328E4,4.163797090E-2
1.642382812E4,6.088672773E-2
1.642529297E4,2.579111036E-2
1.642675781E4,4.509891707E-2
1.642822266E4,1.322536380E-1
1.642968750E4,3.144356476E-2
1.643115234E4,5.850100020E-2
1.643261719E4,8.761741395E-2
1.643408203E4,1.251020083E-1
1.643554688E4,1.410615913E-1
1.643701172E4,9.197818628E-2
1.643847656E4,1.726643189E-1
1.643994141E4,1.520918967E-1
1.644140625E4,4.791091372E-2
1.644287109E4,8.668116310E-2
1.644433594E4,3.504823354E-2
1.644580078E4,5.649812683E-2
1.644726562E4,7.374236967E-2
1.644873047E4,9.219708758E-2
1.645019531E4,1.134386931E-1
1.645166016E4,9.065472843E-2
1.645312500E4,6.210903471E-2
1.645458984E4,6.342340746E-2
1.645605469E4,1.165702025E-1
1.645751953E4,9.637878407E-2
1.645898438E4,1.380929522E-1
1.646044922E4,7.151452410E-2
1.646191406E4,3.143825326E-2
1.646337891E4,9.569771099E-2
1.646484375E4,7.312839073E-2
1.646630859E4,9.850146516E-2
1.646777344E4,5.669258026E-2
1.646923828E4,1.913455614E-1
1.647070312E4,1.144444066E-1
1.647216797E4,1.288042937E-1
1.647363281E4,1.720833091E-1
1.647509766E4,1.143525506E-1
1.647656250E4,4.630578018E-2
1.647802734E4,2.278931063E-2
1.647949219E4,4.938981347E-2
1.648095703E4,1.398455622E-1
1.648242188E4,8.735002187E-2
1.648388672E4,1.821948508E-1
1.648535156E4,8.681549625E-2
1.648681641E4,2.002307982E-1
1.648828125E4,3.971819336E-2
1.648974609E4,7.790191722E-2
1.649121094E4,8.756875410E-2
1.649267578E4,1.631642592E-1
1.649414062E4,1.706723553E-1
1.649560547E4,1.357012158E-1
1.649707031E4,1.031966904E-1
1.649853516E4,1.324422039E-1
1.650000000E4,8.408773528E-2
1.650146484E4,9.584238308E-2
1.650292969E4,1.868802566E-1
1.650439453E4,3.002197935E-1
1.650585938E4,2.184068558E-1
1.650732422E4,2.313904753E-1
1.650878906E4,1.244449374E-1
1.651025391E4,1.692329224E-1
1.651171875E4,1.084296718E-1
1.651318359E4,1.689497744E-1
1.651464844E4,1.438383241E-1
1.651611328E4,9.628942874E-2
1.651757812E4,2.258505547E-1
1.651904297E4,1.632793782E-1
1.652050781E4,1.893321066E-1
1.652197266E4,2.595036158E-1
1.652343750E4,2.373888059E-1
1.652490234E4,3.202808599E-1
1.652636719E4,2.388367148E-1
1.652783203E4,2.739801815E-1
1.652929688E4,1.811425359E-1
1.653076172E4,1.636892181E-1
1.653222656E4,1.944813610E-1
1.653369141E4,2.244750452E-1
1.653515625E4,1.830728593E-1
1.653662109E4,2.320236283E-1
1.653808594E4,2.360792030E-1
1.653955078E4,1.927678830E-1
1.654101562E4,2.697301801E-1
1.654248047E4,1.698480170E-1
1.654394531E4,2.682587726E-1
1.654541016E4,1.707735550E-1
1.654687500E4,1.517850262E-1
1.654833984E4,6.750246587E-2
1.654980469E4,1.169773817E-1
1.655126953E4,8.885678114E-2
1.655273438E4,1.104583946E-1
1.655419922E4,8.248328571E-2
1.655566406E4,8.270918384E-2
1.655712891E4,1.120449021E-1
1.655859375E4,1.935472878E-1
1.656005859E4,1.700694277E-1
1.656152344E4,2.029040240E-1
1.656298828E4,1.492255765E-1
1.656445312E4,1.714282658E-1
1.656591797E4,1.347601679E-1
1.656738281E4,1.328703762E-1
1.656884766E4,3.976828902E-2
1.657031250E4,5.701447214E-2
1.657177734E4,1.699227492E-1
1.657324219E4,3.501526176E-2
1.657470703E4,1.393511761E-1
1.657617188E4,1.495290553E-1
1.657763672E4,1.149041139E-1
1.657910156E4,1.348262447E-1
1.658056641E4,8.190171197E-2
1.658203125E4,1.774619162E-1
1.658349609E4,1.302989847E-1
1.658496094E4,7.934165363E-2
1.658642578E4,1.158843632E-1
1.658789062E4,4.140822449E-2
1.658935547E4,1.296530317E-1
1.659082031E4,5.231760529E-2
1.659228516E4,1.501388472E-1
1.659375000E4,1.136423971E-1
1.659521484E4,6.286843136E-2
1.659667969E4,1.025933268E-1
1.659814453E4,8.293489742E-2
1.659960938E4,1.209846243E-1
1.660107422E4,1.486087488E-1
1.660253906E4,4.195213393E-2
1.660400391E4,1.290923366E-1
1.660546875E4,5.338436129E-2
1.660693359E4,5.281918134E-2
1.660839844E4,5.575938155E-2
1.660986328E4,3.707559488E-2
1.661132812E4,6.061035545E-2
1.661279297E4,1.107380520E-1
1.661425781E4,3.581104762E-2
1.661572266E4,6.467894819E-2
1.661718750E4,1.192687748E-2
1.661865234E4,7.354354699E-2
1.662011719E4,2.720018741E-2
1.662158203E4,7.044071232E-2
1.662304688E4,9.845683661E-2
1.662451172E4,1.414023111E-2
1.662597656E4,8.272974189E-2
1.662744141E4,4.062061180E-2
1.662890625E4,6.909579130E-2
1.663037109E4,3.287066485E-2
1.663183594E4,1.113133453E-1
1.663330078E4,1.319695183E-1
1.663476562E4,1.019432990E-1
1.663623047E4,8.913229284E-2
1.663769531E4,1.574909210E-1
1.663916016E4,1.618459025E-1
1.664062500E4,8.175147420E-2
1.664208984E4,1.386264067E-1
1.664355469E4,1.566880840E-1
1.664501953E4,1.580811125E-1
1.664648438E4,2.390296511E-1
1.664794922E4,1.321620014E-1
1.664941406E4,2.876774572E-1
1.665087891E4,1.616802458E-1
1.665234375E4,1.411995468E-1
1.665380859E4,1.848797776E-1
1.665527344E4,1.027009886E-1
1.665673828E4,1.151378202E-1
1.665820312E4,2.166921502E-1
1.665966797E4,1.884080683E-1
1.666113281E4,1.879943746E-1
1.666259766E4,1.813933796E-1
1.666406250E4,1.676037158E-1
1.666552734E4,1.608034690E-1
1.666699219E4,1.041395906E-1
1.666845703E4,9.225707789E-2
1.666992188E4,4.149529879E-2
1.667138672E4,1.265432798E-1
1.667285156E4,7.874317537E-2
1.667431641E4,3.286106073E-2
1.667578125E4,4.288175888E-2
1.667724609E4,2.782068483E-2
1.667871094E4,1.640202062E-2
1.668017578E4,6.071639118E-2
1.668164062E4,1.129513591E-1
1.668310547E4,6.664298995E-2
1.668457031E4,1.107155516E-1
1.668603516E4,2.228206708E-1
1.668750000E4,1.471369857E-1
1.668896484E4,1.841014078E-1
1.669042969E4,1.876229797E-1
1.669189453E4,1.863228028E-1
1.669335938E4,1.368749960E-1
1.669482422E4,1.211513699E-1
1.669628906E4,5.506821827E-2
1.669775391E4,5.763134461E-2
1.669921875E4,1.427015711E-1
1.670068359E4,1.470551238E-1
1.670214844E4,1.178524518E-1
1.670361328E4,2.043170368E-1
1.670507812E4,2.477979721E-1
1.670654297E4,1.793356631E-1
1.670800781E4,1.479954127E-1
1.670947266E4,2.309053882E-1
1.671093750E4,1.765189548E-1
1.671240234E4,1.266709997E-1
1.671386719E4,2.028298560E-1
1.671533203E4,1.264984675E-1
1.671679688E4,1.441386903E-1
1.671826172E4,2.001877617E-1
1.671972656E4,8.068961966E-2
1.672119141E4,1.133546746E-1
1.672265625E4,1.328488482E-1
1.672412109E4,7.966172237E-2
1.672558594E4,1.582469320E-1
1.672705078E4,7.803448114E-2
1.672851562E4,1.808203292E-2
1.672998047E4,4.405556446E-2
1.673144531E4,5.787487140E-2
1.673291016E4,6.702371029E-2
1.673437500E4,1.347030584E-1
1.673583984E4,1.353340573E-1
1.673730469E4,1.551191178E-1
1.673876953E4,1.851332775E-1
1.674023438E4,1.559636636E-1
1.674169922E4,1.786028903E-1
1.674316406E4,1.396252685E-1
1.674462891E4,1.114850232E-1
1.674609375E4,2.192859425E-1
1.674755859E4,2.146158029E-1
1.674902344E4,1.329294065E-1
1.675048828E4,1.527412465E-1
1.675195312E4,1.381732621E-1
1.675341797E4,3.366022684E-2
1.675488281E4,9.992959230E-2
1.675634766E4,5.648674143E-2
1.675781250E4,9.146577045E-2
1.675927734E4,6.923043280E-2
1.676074219E4,6.121078656E-2
1.676220703E4,4.951018790E-2
1.676367188E4,1.827557052E-2
1.676513672E4,1.547343437E-2
1.676660156E4,7.920988292E-2
1.676806641E4,1.378738971E-1
1.676953125E4,7.271077864E-2
1.677099609E4,1.219960949E-1
1.677246094E4,2.106514855E-1
1.677392578E4,1.963942597E-1
1.677539062E4,2.208576157E-1
1.677685547E4,1.800976699E-1
1.677832031E4,1.477106843E-1
1.677978516E4,1.334384627E-1
1.678125000E4,8.342652182E-2
1.678271484E4,7.357615387E-2
1.678417969E4,2.338791440E-2
1.678564453E4,1.147452546E-1
1.678710938E4,9.113354899E-2
1.678857422E4,9.176875588E-2
1.679003906E4,6.854063782E-2
1.679150391E4,1.883279113E-1
1.679296875E4,1.035156559E-1
1.679443359E4,8.970358681E-2
1.679589844E4,8.839459066E-2
1.679736328E4,1.038192643E-1
1.679882812E4,7.893746373E-2
1.680029297E4,8.641610727E-2
1.680175781E4,4.631095319E-2
1.680322266E4,7.787485024E-2
1.680468750E4,1.046469520E-1
1.680615234E4,1.461806324E-1
1.680761719E4,1.853815118E-1
1.680908203E4,1.347719242E-1
1.681054688E4,2.244894954E-1
1.681201172E4,1.979118331E-1
1.681347656E4,1.834747782E-1
1.681494141E4,1.443821947E-1
1.681640625E4,1.836781414E-1
1.681787109E4,1.922340996E-1
1.681933594E4,2.101200152E-1
1.682080078E4,1.310707105E-1
1.682226562E4,1.289198106E-1
1.682373047E4,1.038498490E-1
1.682519531E4,6.138505407E-2
1.682666016E4,4.617795546E-2
1.682812500E4,1.559592182E-1
1.682958984E4,1.387206962E-1
1.683105469E4,1.654002321E-1
1.683251953E4,1.161917129E-1
1.683398438E4,1.416221323E-1
1.683544922E4,9.436804423E-2
1.683691406E4,1.182422375E-1
1.683837891E4,6.591692791E-2
1.683984375E4,9.696391812E-2
1.684130859E4,1.180786752E-1
1.684277344E4,1.175852648E-1
1.684423828E4,9.053786760E-2
1.684570312E4,1.301343198E-1
1.684716797E4,4.269410548E-2
1.684863281E4,8.749175112E-2
1.685009766E4,1.901492760E-2
1.685156250E4,4.235483114E-2
1.685302734E4,7.983499224E-2
1.685449219E4,5.391220597E-2
1.685595703E4,1.401092858E-1
1.685742188E4,1.448922192E-1
1.685888672E4,2.025858347E-1
1.686035156E4,1.386307198E-1
1.686181641E4,7.835851634E-2
1.686328125E4,1.707354984E-1
1.686474609E4,1.261389416E-1
1.686621094E4,9.250167612E-2
1.686767578E4,5.909807021E-2
1.686914062E4,8.637877183E-2
1.687060547E4,1.378015790E-1
1.687207031E4,1.600056031E-1
1.687353516E4,8.674968112E-2
1.687500000E4,3.645951110E-2
1.687646484E4,7.565003283E-2
1.687792969E4,5.136403209E-2
1.687939453E4,1.293933649E-1
1.688085938E4,3.752226034E-2
1.688232422E4,1.039989427E-1
1.688378906E4,2.476809555E-2
1.688525391E4,9.470838555E-2
1.688671875E4,4.510358963E-2
1.688818359E4,8.770139964E-2
1.688964844E4,1.026719041E-1
1.689111328E4,7.766580757E-2
1.689257812E4,9.692154771E-2
1.689404297E4,9.118469867E-2
1.689550781E4,2.387380009E-2
1.689697266E4,1.058199917E-1
1.689843750E4,1.022482329E-1
1.689990234E4,1.024354751E-1
1.690136719E4,1.521931073E-1
1.690283203E4,8.267422800E-2
1.690429688E4,1.141869707E-1
1.690576172E4,6.688598436E-2
1.690722656E4,5.060758396E-2
1.690869141E4,1.338975198E-1
1.691015625E4,5.573591495E-2
1.691162109E4,9.638713475E-2
1.691308594E4,6.806843756E-2
1.691455078E4,1.489643274E-2
1.691601562E4,1.036537293E-1
1.691748047E4,6.667765200E-2
1.691894531E4,1.679531035E-1
1.692041016E4,2.044713370E-2
1.692187500E4,1.792721569E-1
1.692333984E4,1.061733522E-1
1.692480469E4,7.588338786E-2
1.692626953E4,5.703310118E-2
1.692773438E4,5.796504405E-2
1.692919922E4,5.919558139E-2
1.693066406E4,1.483917607E-1
1.693212891E4,3.648785542E-2
1.693359375E4,4.252181650E-2
1.693505859E4,7.567263407E-2
1.693652344E4,5.491625998E-2
1.693798828E4,1.535311756E-1
1.693945312E4,1.123657255E-1
1.694091797E4,6.859837969E-2
1.694238281E4,1.598418967E-2
1.694384766E4,4.540890247E-2
1.694531250E4,5.751007845E-2
1.694677734E4,6.150871537E-2
1.694824219E4,1.318110100E-1
1.694970703E4,5.141311029E-2
1.695117188E4,9.434410272E-2
1.695263672E4,7.002875276E-2
1.695410156E4,6.673796710E-2
1.695556641E4,3.806023004E-2
1.695703125E4,1.413431642E-1
1.695849609E4,1.662679146E-1
1.695996094E4,6.967428528E-2
1.696142578E4,5.857451127E-2
1.696289062E4,3.049295527E-2
1.696435547E4,1.502114415E-1
1.696582031E4,1.314437457E-1
1.696728516E4,4.559184717E-2
1.696875000E4,7.372261696E-2
1.697021484E4,8.186538974E-2
1.697167969E4,1.016914728E-1
1.697314453E4,7.551037944E-2
1.697460938E4,7.860261239E-2
1.697607422E4,5.845105994E-2
1.697753906E4,1.337892889E-1
1.697900391E4,7.270433211E-2
1.698046875E4,9.079108379E-2
1.698193359E4,1.522223486E-1
1.698339844E4,1.287870838E-1
1.698486328E4,7.207498190E-2
1.698632812E4,1.459797947E-1
1.698779297E4,8.450442204E-2
1.698925781E4,4.257321730E-3
1.699072266E4,6.637874693E-2
1.699218750E4,1.185455815E-1
1.699365234E4,7.097325927E-2
1.699511719E4,2.345227358E-1
1.699658203E4,1.371100049E-1
1.699804688E4,1.316285302E-1
1.699951172E4,1.779176735E-1
1.700097656E4,8.444328899E-2
1.700244141E4,7.529042630E-2
1.700390625E4,1.521888940E-1
1.700537109E4,2.025903331E-1
1.700683594E4,1.399844539E-1
1.700830078E4,2.150476728E-1
1.700976562E4,2.357477273E-1
1.701123047E4,2.772687678E-1
1.701269531E4,1.660951490E-1
1.701416016E4,1.504202555E-1
1.701562500E4,1.517928073E-1
1.701708984E4,1.025419780E-1
1.701855469E4,1.989212147E-1
1.702001953E4,1.553714984E-1
1.702148438E4,9.392196795E-2
1.702294922E4,1.342338433E-1
1.702441406E4,1.422996863E-1
1.702587891E4,1.092127411E-1
1.702734375E4,5.961318635E-2
1.702880859E4,2.724037612E-2
1.703027344E4,3.432570640E-2
1.703173828E4,1.111329965E-1
1.703320312E4,2.603857102E-2
1.703466797E4,1.096370805E-1
1.703613281E4,8.783881477E-2
1.703759766E4,8.506217386E-2
1.703906250E4,1.408420428E-1
1.704052734E4,1.187246437E-1
1.704199219E4,1.231769727E-1
1.704345703E4,7.427268377E-2
1.704492188E4,2.894501441E-2
1.704638672E4,3.057654032E-2
1.704785156E4,5.333943184E-2
1.704931641E4,6.888836827E-2
1.705078125E4,5.014316935E-2
1.705224609E4,1.314128376E-1
1.705371094E4,7.553713202E-2
1.705517578E4,1.092278575E-1
1.705664062E4,9.739340672E-2
1.705810547E4,3.551518559E-2
1.705957031E4,1.302116292E-1
1.706103516E4,1.202420437E-1
1.706250000E4,4.824450150E-2
1.706396484E4,6.471598069E-2
1.706542969E4,7.085081649E-2
1.706689453E4,9.782582897E-2
1.706835938E4,5.091198693E-3
1.706982422E4,5.426404553E-2
1.707128906E4,3.859018801E-2
1.707275391E4,1.585702154E-1
1.707421875E4,7.532539627E-2
1.707568359E4,1.189794952E-1
1.707714844E4,6.134924581E-2
1.707861328E4,9.810125648E-2
1.708007812E4,9.762192168E-2
1.708154297E4,5.965927995E-2
1.708300781E4,2.026194293E-2
1.708447266E4,1.005394478E-1
1.708593750E4,4.144919971E-2
1.708740234E4,6.661495140E-2
1.708886719E4,7.734007673E-2
1.709033203E4,4.429638375E-2
1.709179688E4,6.179015744E-2
1.709326172E4,4.303966342E-2
1.709472656E4,5.832418588E-2
1.709619141E4,3.608319148E-2
1.709765625E4,9.504196700E-2
1.709912109E4,1.034968214E-1
1.710058594E4,7.858980370E-2
1.710205078E4,9.222191841E-2
1.710351562E4,5.506204610E-2
1.710498047E4,6.789427924E-2
1.710644531E4,6.762481516E-2
1.710791016E4,9.958407072E-2
1.710937500E4,1.167400381E-1
1.711083984E4,1.762817850E-2
1.711230469E4,9.741069073E-2
1.711376953E4,1.187251205E-2
1.711523438E4,9.957774190E-2
1.711669922E4,1.167567952E-2
1.711816406E4,2.466132451E-2
1.711962891E4,7.589520436E-2
1.712109375E4,3.737204245E-2
1.712255859E4,1.155305695E-1
1.712402344E4,1.662965686E-1
1.712548828E4,1.353381785E-1
1.712695312E4,1.404127276E-1
1.712841797E4,1.203339570E-1
1.712988281E4,1.706807034E-1
1.713134766E4,7.490139304E-2
1.713281250E4,9.598534991E-2
1.713427734E4,1.792137088E-1
1.713574219E4,9.197265783E-3
1.713720703E4,1.183994381E-1
1.713867188E4,7.055584824E-2
1.714013672E4,1.246368157E-1
1.714160156E4,5.743153569E-2
1.714306641E4,8.253136210E-2
1.714453125E4,6.442946186E-2
1.714599609E4,5.538264380E-2
1.714746094E4,1.629544060E-1
1.714892578E4,1.642349702E-1
1.715039062E4,1.612404996E-1
1.715185547E4,1.328242521E-1
1.715332031E4,1.374514315E-1
1.715478516E4,7.509104896E-2
1.715625000E4,1.275869397E-1
1.715771484E4,1.890532368E-1
1.715917969E4,1.629097594E-1
1.716064453E4,1.475978542E-1
1.716210938E4,6.985102549E-2
1.716357422E4,5.908013283E-2
1.716503906E4,4.532458711E-2
1.716650391E4,6.155909375E-2
1.716796875E4,5.404671405E-2
1.716943359E4,1.124786854E-1
1.717089844E4,1.026972608E-1
1.717236328E4,5.885763027E-2
1.717382812E4,3.794171020E-2
1.717529297E4,3.055864434E-2
1.717675781E4,3.706406572E-2
1.717822266E4,6.733373640E-2
1.717968750E4,7.206520044E-2
1.718115234E4,5.488113642E-2
1.718261719E4,9.841015502E-2
1.718408203E4,2.345801136E-2
1.718554688E4,9.941216523E-2
1.718701172E4,1.801232822E-2
1.718847656E4,4.190321820E-2
1.718994141E4,2.165664899E-2
1.719140625E4,7.243109354E-2
1.719287109E4,1.201208343E-1
1.719433594E4,1.116361267E-1
1.719580078E4,1.851377894E-1
1.719726562E4,1.586286164E-1
1.719873047E4,1.964826253E-1
1.720019531E4,1.562206273E-1
1.720166016E4,6.354330372E-2
1.720312500E4,1.447888402E-1
1.720458984E4,8.844378192E-2
1.720605469E4,1.131230742E-1
1.720751953E4,3.975438378E-2
1.720898438E4,1.302375211E-1
1.721044922E4,5.394891614E-2
1.721191406E4,1.549571540E-2
1.721337891E4,5.149538465E-2
1.721484375E4,5.836795123E-2
1.721630859E4,9.454640197E-2
1.721777344E4,5.739128195E-2
1.721923828E4,1.107932867E-1
1.722070312E4,1.385028614E-1
1.722216797E4,1.556611537E-1
1.722363281E4,1.707733841E-1
1.722509766E4,1.051883114E-1
1.722656250E4,1.808015521E-1
1.722802734E4,1.825960479E-1
1.722949219E4,1.128645694E-1
1.723095703E4,1.202162015E-1
1.723242188E4,5.829819712E-2
1.723388672E4,4.791269007E-2
1.723535156E4,8.922947518E-2
1.723681641E4,9.990880592E-2
1.723828125E4,1.553706175E-1
1.723974609E4,6.764161820E-2
1.724121094E4,7.982087329E-2
1.724267578E4,6.849362971E-2
1.724414062E4,3.347991894E-2
1.724560547E4,5.388327426E-2
1.724707031E4,7.516491357E-2
1.724853516E4,1.176075939E-1
1.725000000E4,8.434530853E-2
1.725146484E4,1.620797251E-1
1.725292969E4,1.114754724E-1
1.725439453E4,6.070413512E-2
1.725585938E4,5.258339104E-2
1.725732422E4,6.189775438E-2
1.725878906E4,1.683353306E-1
1.726025391E4,1.080933642E-1
1.726171875E4,7.846512347E-2
1.726318359E4,1.580667762E-1
1.726464844E4,6.984537260E-2
1.726611328E4,1.066316687E-1
1.726757812E4,6.495470510E-2
1.726904297E4,3.924047952E-2
1.727050781E4,7.633686019E-2
1.727197266E4,5.550162736E-2
1.727343750E4,2.080013550E-2
1.727490234E4,3.095410740E-2
1.727636719E4,4.872364810E-2
1.727783203E4,4.944584779E-2
1.727929688E4,7.340531140E-2
1.728076172E4,3.823594943E-2
1.728222656E4,6.221249672E-2
1.728369141E4,3.253780868E-2
1.728515625E4,4.055803368E-2
1.728662109E4,9.618438784E-2
1.728808594E4,9.213460626E-2
1.728955078E4,8.351194724E-2
1.729101562E4,4.618975472E-2
1.729248047E4,1.308688333E-1
1.729394531E4,7.246932725E-2
1.729541016E4,4.104326062E-2
1.729687500E4,2.995095204E-2
1.729833984E4,7.312296843E-3
1.729980469E4,7.376222858E-2
1.730126953E4,3.218414629E-2
1.730273438E4,4.628540046E-2
1.730419922E4,1.085066385E-1
1.730566406E4,7.047352776E-2
1.730712891E4,1.070444940E-1
1.730859375E4,1.280806430E-1
1.731005859E4,1.944107669E-1
1.731152344E4,2.208387418E-1
1.731298828E4,1.440074889E-1
1.731445312E4,1.547839753E-1
1.731591797E4,1.392275906E-1
1.731738281E4,8.189999233E-2
1.731884766E4,9.791556729E-2
1.732031250E4,1.463507340E-1
1.732177734E4,1.619691521E-1
1.732324219E4,2.147155850E-1
1.732470703E4,1.843509208E-1
1.732617188E4,1.351526179E-1
1.732763672E4,1.168667262E-1
1.732910156E4,9.147016354E-2
1.733056641E4,6.371711435E-2
1.733203125E4,1.395528659E-1
1.733349609E4,1.958270695E-1
1.733496094E4,2.130765882E-1
1.733642578E4,2.166145646E-1
1.733789062E4,9.257298548E-2
1.733935547E4,1.420737131E-1
1.734082031E4,5.979923593E-2
1.734228516E4,1.455807676E-1
1.734375000E4,1.247854574E-1
1.734521484E4,1.043796247E-1
1.734667969E4,5.496748067E-2
1.734814453E4,1.193128697E-1
1.734960938E4,8.602354406E-2
1.735107422E4,5.904101741E-2
1.735253906E4,5.475895760E-2
1.735400391E4,7.697902569E-2
1.735546875E4,1.638649888E-1
1.735693359E4,3.152764924E-1
1.735839844E4,2.829550260E-1
1.735986328E4,2.982708793E-1
1.736132812E4,3.577491934E-1
1.736279297E4,2.480260157E-1
1.736425781E4,2.036974069E-1
1.736572266E4,1.945966282E-1
1.736718750E4,7.644115112E-2
1.736865234E4,8.328213141E-2
1.737011719E4,1.421672902E-1
1.737158203E4,1.433825220E-1
1.737304688E4,2.028806376E-1
1.737451172E4,1.956138135E-1
1.737597656E4,1.877492472E-1
1.737744141E4,1.372674887E-1
1.737890625E4,2.215414567E-1
1.738037109E4,1.190834971E-2
1.738183594E4,2.006134749E-1
1.738330078E4,1.851506879E-1
1.738476562E4,1.984171623E-1
1.738623047E4,1.793296798E-1
1.738769531E4,1.581394503E-1
1.738916016E4,1.633982882E-1
1.739062500E4,4.783255575E-2
1.739208984E4,1.993782938E-1
1.739355469E4,1.754586817E-1
1.739501953E4,1.058125547E-1
1.739648438E4,1.504667872E-1
1.739794922E4,7.824167265E-2
1.739941406E4,1.129966863E-1
1.740087891E4,4.355405234E-2
1.740234375E4,1.415082311E-1
1.740380859E4,1.410192702E-1
1.740527344E4,2.037713134E-1
1.740673828E4,8.812003961E-2
1.740820312E4,1.248363806E-1
1.740966797E4,1.144238344E-1
1.741113281E4,1.606124927E-1
1.741259766E4,1.207493274E-1
1.741406250E4,1.033339181E-1
1.741552734E4,1.069819517E-1
1.741699219E4,7.825132631E-2
1.741845703E4,2.136550751E-1
1.741992188E4,1.768533978E-1
1.742138672E4,1.659645857E-1
1.742285156E4,1.995962261E-1
1.742431641E4,1.347049841E-1
1.742578125E4,1.373044506E-1
1.742724609E4,1.473952552E-1
1.742871094E4,2.812826365E-2
1.743017578E4,4.263709543E-2
1.743164062E4,3.323453417E-2
1.743310547E4,9.717419328E-2
1.743457031E4,9.178022805E-2
1.743603516E4,5.525676411E-2
1.743750000E4,8.493568894E-2
1.743896484E4,7.434502643E-2
1.744042969E4,1.650128626E-1
1.744189453E4,1.750448218E-1
1.744335938E4,1.785371122E-1
1.744482422E4,2.305009482E-1
1.744628906E4,3.745818835E-1
1.744775391E4,2.134619448E-1
1.744921875E4,2.490679021E-1
1.745068359E4,2.333080664E-1
1.745214844E4,2.106452553E-1
1.745361328E4,1.652490335E-1
1.745507812E4,5.875472535E-2
1.745654297E4,4.626677853E-2
1.745800781E4,7.703309143E-2
1.745947266E4,3.796500200E-2
1.746093750E4,6.051093074E-2
1.746240234E4,8.787331630E-2
1.746386719E4,1.087469632E-1
1.746533203E4,1.357842634E-1
1.746679688E4,4.752440725E-2
1.746826172E4,1.623078377E-1
1.746972656E4,1.005995233E-1
1.747119141E4,1.242315107E-1
1.747265625E4,7.143721760E-2
1.747412109E4,8.531796813E-2
1.747558594E4,5.847726334E-2
1.747705078E4,5.855055126E-2
1.747851562E4,3.129653969E-2
1.747998047E4,4.628529301E-2
1.748144531E4,5.482214717E-2
1.748291016E4,5.405701627E-2
1.748437500E4,7.816540640E-2
1.748583984E4,1.294197449E-1
1.748730469E4,1.070306064E-1
1.748876953E4,1.252245325E-1
1.749023438E4,7.869719431E-2
1.749169922E4,3.222483980E-2
1.749316406E4,3.607984069E-2
1.749462891E4,3.446561652E-2
1.749609375E4,9.410725891E-2
1.749755859E4,1.780636428E-1
1.749902344E4,1.377038563E-1
1.750048828E4,1.343704093E-1
1.750195312E4,1.112883428E-1
1.750341797E4,1.023783836E-1
1.750488281E4,1.494145872E-1
1.750634766E4,5.426415868E-2
1.750781250E4,5.918507031E-2
1.750927734E4,1.662207404E-2
1.751074219E4,1.361062349E-1
1.751220703E4,6.199376953E-2
1.751367188E4,6.150172156E-2
1.751513672E4,1.163227490E-1
1.751660156E4,5.656250466E-2
1.751806641E4,1.364515398E-1
1.751953125E4,1.539987548E-1
1.752099609E4,2.927039623E-2
1.752246094E4,9.030176294E-2
1.752392578E4,5.981319306E-2
1.752539062E4,1.145877951E-1
1.752685547E4,3.684638204E-2
1.752832031E4,1.486267278E-1
1.752978516E4,9.184667906E-2
1.753125000E4,2.991457980E-2
1.753271484E4,3.350825331E-2
1.753417969E4,3.928576448E-2
1.753564453E4,1.819879626E-2
1.753710938E4,2.848118255E-2
1.753857422E4,2.511965147E-2
1.754003906E4,7.353569031E-2
1.754150391E4,4.535751431E-2
1.754296875E4,9.194031513E-2
1.754443359E4,1.125361366E-1
1.754589844E4,4.305565776E-2
1.754736328E4,1.016497054E-1
1.754882812E4,8.292006747E-2
1.755029297E4,1.393738971E-1
1.755175781E4,9.374956957E-2
1.755322266E4,6.479502815E-2
1.755468750E4,2.168612819E-1
1.755615234E4,1.245798905E-1
1.755761719E4,2.512905834E-1
1.755908203E4,1.802003003E-1
1.756054688E4,9.951458640E-2
1.756201172E4,1.721896824E-1
1.756347656E4,1.278247287E-1
1.756494141E4,7.497967137E-2
1.756640625E4,6.770637467E-2
1.756787109E4,7.201341330E-2
1.756933594E4,6.365451401E-3
1.757080078E4,7.001151020E-2
1.757226562E4,5.601589138E-2
1.757373047E4,6.327981376E-2
1.757519531E4,2.216977753E-2
1.757666016E4,4.211091701E-2
1.757812500E4,3.914342860E-2
1.757958984E4,1.275219270E-1
1.758105469E4,3.103880639E-2
1.758251953E4,8.607603435E-2
1.758398438E4,6.514475925E-2
1.758544922E4,9.803778219E-2
1.758691406E4,1.437359495E-1
1.758837891E4,2.185063193E-1
1.758984375E4,2.214299135E-1
1.759130859E4,2.134666498E-1
1.759277344E4,1.193077662E-1
1.759423828E4,1.698569283E-1
1.759570312E4,1.324899480E-1
1.759716797E4,1.013833734E-1
1.759863281E4,1.008994011E-1
1.760009766E4,1.318501377E-1
1.760156250E4,1.092035176E-1
1.760302734E4,2.403868155E-1
1.760449219E4,2.386252938E-1
1.760595703E4,1.773352679E-1
1.760742188E4,2.453610177E-1
1.760888672E4,1.122370110E-1
1.761035156E4,1.544707642E-1
1.761181641E4,1.030576739E-1
1.761328125E4,9.495629548E-2
1.761474609E4,1.811416571E-1
1.761621094E4,2.077103176E-1
1.761767578E4,5.706385844E-2
1.761914062E4,1.221804657E-1
1.762060547E4,1.267672615E-1
1.762207031E4,1.951525323E-1
1.762353516E4,1.582170235E-1
1.762500000E4,1.536053966E-1
1.762646484E4,1.686635049E-1
1.762792969E4,4.897720062E-2
1.762939453E4,5.968913070E-2
1.763085938E4,8.097732851E-2
1.763232422E4,9.110759172E-2
1.763378906E4,7.036377240E-2
1.763525391E4,6.555293159E-2
1.763671875E4,6.553409408E-2
1.763818359E4,1.034090395E-1
1.763964844E4,9.687561428E-2
1.764111328E4,1.388568284E-1
1.764257812E4,6.554444482E-2
1.764404297E4,9.957422109E-2
1.764550781E4,9.326443594E-2
1.764697266E4,8.556683448E-2
1.764843750E4,6.179638079E-2
1.764990234E4,1.457644696E-1
1.765136719E4,4.745533594E-2
1.765283203E4,1.669458350E-1
1.765429688E4,1.450792836E-1
1.765576172E4,1.419201754E-1
1.765722656E4,1.046132884E-1
1.765869141E4,7.190579800E-2
1.766015625E4,1.494245564E-1
1.766162109E4,4.991093849E-2
1.766308594E4,7.557526423E-2
1.766455078E4,1.255155387E-1
1.766601562E4,4.041151342E-2
1.766748047E4,8.367979953E-2
1.766894531E4,2.658598991E-2
1.767041016E4,4.614572917E-2
1.767187500E4,1.576832063E-1
1.767333984E4,6.051247935E-2
1.767480469E4,2.074582333E-1
1.767626953E4,2.534672365E-1
1.767773438E4,1.194417111E-1
1.767919922E4,1.050876092E-1
1.768066406E4,1.061927991E-1
1.768212891E4,8.651964763E-2
1.768359375E4,6.663371819E-2
1.768505859E4,1.119671959E-1
1.768652344E4,4.578639641E-2
1.768798828E4,1.019051558E-1
1.768945312E4,9.436737573E-2
1.769091797E4,1.435333859E-1
1.769238281E4,7.080562036E-2
1.769384766E4,2.519457543E-2
1.769531250E4,9.292442756E-2
1.769677734E4,5.385509573E-2
1.769824219E4,1.714942863E-1
1.769970703E4,1.209379453E-1
1.770117188E4,1.786868285E-1
1.770263672E4,2.457074763E-1
1.770410156E4,1.914732016E-1
1.770556641E4,8.212632238E-2
1.770703125E4,1.072296658E-1
1.770849609E4,7.524220921E-2
1.770996094E4,6.257978322E-2
1.771142578E4,8.669949926E-2
1.771289062E4,1.802667398E-1
1.771435547E4,9.606680695E-2
1.771582031E4,1.669274328E-1
1.771728516E4,1.008557587E-1
1.771875000E4,1.063381825E-1
1.772021484E4,1.654831123E-1
1.772167969E4,9.814043003E-2
1.772314453E4,1.516908981E-1
1.772460938E4,1.778405954E-1
1.772607422E4,9.447359381E-2
1.772753906E4,2.224283668E-1
1.772900391E4,1.194599330E-1
1.773046875E4,1.982313644E-1
1.773193359E4,1.002009227E-1
1.773339844E4,1.170760457E-1
1.773486328E4,1.341935506E-1
1.773632812E4,1.305694352E-1
1.773779297E4,6.392232231E-2
1.773925781E4,4.773993113E-2
1.774072266E4,3.557262766E-2
1.774218750E4,1.287716140E-1
1.774365234E4,1.280557562E-1
1.774511719E4,1.309072040E-1
1.774658203E4,1.964929006E-1
1.774804688E4,2.250155094E-1
1.774951172E4,2.092992997E-1
1.775097656E4,2.888896060E-1
1.775244141E4,2.088161915E-1
1.775390625E4,2.325825351E-1
1.775537109E4,2.856569704E-1
1.775683594E4,1.936381529E-1
1.775830078E4,1.546310730E-1
1.775976562E4,1.083054496E-1
1.776123047E4,9.737837585E-2
1.776269531E4,1.076841133E-1
1.776416016E4,1.370362686E-1
1.776562500E4,2.038486755E-1
1.776708984E4,1.986047040E-1
1.776855469E4,1.826366916E-1
1.777001953E4,9.686771372E-2
1.777148438E4,3.924259425E-2
1.777294922E4,5.114782976E-2
1.777441406E4,1.251802670E-1
1.777587891E4,1.099714978E-1
1.777734375E4,1.342395804E-1
1.777880859E4,2.361883229E-1
1.778027344E4,2.052046037E-1
1.778173828E4,2.070096220E-1
1.778320312E4,1.582262790E-1
1.778466797E4,1.327749313E-1
1.778613281E4,9.127054410E-2
1.778759766E4,2.945120236E-2
1.778906250E4,9.972968001E-2
1.779052734E4,9.966572793E-2
1.779199219E4,9.127710724E-2
1.779345703E4,1.300627510E-1
1.779492188E4,1.070759633E-1
1.779638672E4,1.325850852E-1
1.779785156E4,1.401857532E-1
1.779931641E4,1.484606661E-1
1.780078125E4,1.279160686E-1
1.780224609E4,1.455483388E-1
1.780371094E4,6.496014994E-2
1.780517578E4,9.086080479E-2
1.780664062E4,8.186021075E-2
1.780810547E4,1.258373443E-1
1.780957031E4,7.027826262E-2
1.781103516E4,1.491787416E-1
1.781250000E4,9.459489255E-2
1.781396484E4,1.122213571E-1
1.781542969E4,1.496265432E-1
1.781689453E4,1.014508563E-1
1.781835938E4,2.415421496E-2
1.781982422E4,4.354814173E-2
1.782128906E4,1.010552788E-1
1.782275391E4,5.015298407E-2
1.782421875E4,5.568377556E-2
1.782568359E4,1.992554836E-2
1.782714844E4,3.481798314E-2
1.782861328E4,4.829837892E-2
1.783007812E4,9.682348923E-2
1.783154297E4,1.220839150E-1
1.783300781E4,7.917130527E-2
1.783447266E4,1.107872063E-1
1.783593750E4,5.039393030E-2
1.783740234E4,1.213680417E-1
1.783886719E4,8.144771769E-2
1.784033203E4,1.914280575E-1
1.784179688E4,1.338920748E-1
1.784326172E4,2.286368474E-1
1.784472656E4,2.032178880E-1
1.784619141E4,1.398758441E-1
1.784765625E4,1.496739098E-1
1.784912109E4,1.501378170E-1
1.785058594E4,1.983504533E-1
1.785205078E4,1.971991507E-1
1.785351562E4,1.641429966E-1
1.785498047E4,9.931346219E-2
1.785644531E4,1.112881176E-1
1.785791016E4,1.298959465E-1
1.785937500E4,1.416814272E-1
1.786083984E4,1.523854608E-1
1.786230469E4,1.625758679E-1
1.786376953E4,1.252672840E-1
1.786523438E4,4.062973326E-2
1.786669922E4,9.900962182E-2
1.786816406E4,1.594138843E-1
1.786962891E4,1.057399693E-1
1.787109375E4,1.542779747E-1
1.787255859E4,2.110626147E-1
1.787402344E4,5.407068182E-2
1.787548828E4,1.341995364E-1
1.787695312E4,7.596711622E-2
1.787841797E4,6.409776302E-2
1.787988281E4,9.602644078E-2
1.788134766E4,6.763011268E-2
1.788281250E4,1.179765335E-1
1.788427734E4,5.499591462E-2
1.788574219E4,4.374078376E-2
1.788720703E4,7.530698101E-2
1.788867188E4,1.657594468E-1
1.789013672E4,1.170540891E-1
1.789160156E4,1.201686624E-1
1.789306641E4,2.084037080E-1
1.789453125E4,1.776372818E-1
1.789599609E4,1.096919677E-1
1.789746094E4,1.168178854E-1
1.789892578E4,1.022198056E-1
1.790039062E4,8.781203107E-2
1.790185547E4,7.394331974E-2
1.790332031E4,2.427933187E-1
1.790478516E4,1.937626134E-1
1.790625000E4,1.903463017E-1
1.790771484E4,1.808442959E-1
1.790917969E4,1.196447235E-1
1.791064453E4,4.980824975E-2
1.791210938E4,7.113177130E-2
1.791357422E4,5.541365793E-2
1.791503906E4,1.098108572E-1
1.791650391E4,1.743638770E-1
1.791796875E4,5.989858772E-2
1.791943359E4,1.134117412E-1
1.792089844E4,2.027717173E-1
1.792236328E4,1.379031832E-1
1.792382812E4,2.153431784E-1
1.792529297E4,1.899029808E-1
1.792675781E4,1.128585493E-1
1.792822266E4,1.088361499E-1
1.792968750E4,6.731066485E-2
1.793115234E4,2.678388851E-2
1.793261719E4,1.433466042E-1
1.793408203E4,1.584986512E-1
1.793554688E4,1.372583332E-1
1.793701172E4,5.806294761E-2
1.793847656E4,1.014511804E-1
1.793994141E4,2.212583912E-1
1.794140625E4,1.370244564E-1
1.794287109E4,9.389628557E-2
1.794433594E4,3.330714545E-2
1.794580078E4,4.528747492E-2
1.794726562E4,6.738441452E-2
1.794873047E4,4.011616962E-2
1.795019531E4,7.095451431E-2
1.795166016E4,8.801670510E-2
1.795312500E4,5.461725186E-2
1.795458984E4,7.764056542E-2
1.795605469E4,6.022795317E-2
1.795751953E4,8.576355317E-2
1.795898438E4,2.029206863E-1
1.796044922E4,7.431324345E-2
1.796191406E4,2.044271821E-1
1.796337891E4,4.603464120E-2
1.796484375E4,7.792642060E-2
1.796630859E4,3.425796634E-2
1.796777344E4,7.456897970E-2
1.796923828E4,1.016670334E-1
1.797070312E4,1.222993674E-1
1.797216797E4,9.137912918E-2
1.797363281E4,1.397547525E-1
1.797509766E4,9.757612115E-2
1.797656250E4,6.795112157E-2
1.797802734E4,9.456652597E-2
1.797949219E4,8.600506446E-3
1.798095703E4,2.044336065E-1
1.798242188E4,1.001128197E-1
1.798388672E4,9.424089215E-2
1.798535156E4,8.988999566E-2
1.798681641E4,1.039400533E-1
1.798828125E4,1.128343691E-1
1.798974609E4,1.753323131E-1
1.799121094E4,7.194166647E-2
1.799267578E4,1.851556637E-1
1.799414062E4,2.028883718E-2
1.799560547E4,1.212459617E-1
1.799707031E4,5.620468109E-2
1.799853516E4,1.960881823E-1
1.800000000E4,1.123793187E-1
1.800146484E4,1.035071926E-1
1.800292969E4,9.532179481E-2
1.800439453E4,1.012546313E-1
1.800585938E4,1.811384205E-1
1.800732422E4,1.558570178E-1
1.800878906E4,2.376997638E-1
1.801025391E4,2.088378832E-1
1.801171875E4,1.083228963E-1
1.801318359E4,2.709658655E-1
1.801464844E4,2.185636279E-1
1.801611328E4,2.268371782E-1
1.801757812E4,2.743196922E-1
1.801904297E4,3.265990250E-1
1.802050781E4,1.404302753E-1
1.802197266E4,3.638529891E-2
1.802343750E4,7.832088010E-2
1.802490234E4,1.746744957E-1
1.802636719E4,1.126402252E-1
1.802783203E4,1.988158476E-1
1.802929688E4,1.376720254E-1
1.803076172E4,1.290340829E-1
1.803222656E4,2.113896877E-2
1.803369141E4,1.915187203E-1
1.803515625E4,1.325653855E-1
1.803662109E4,1.263079068E-1
1.803808594E4,3.187962662E-1
1.803955078E4,2.574445598E-2
1.804101562E4,1.286837502E-1
1.804248047E4,9.445359017E-2
1.804394531E4,8.646657526E-2
1.804541016E4,5.185863032E-3
1.804687500E4,1.443301341E-1
1.804833984E4,8.007326210E-2
1.804980469E4,9.546742955E-2
1.805126953E4,1.084478182E-1
1.805273438E4,1.946600388E-1
1.805419922E4,5.877617793E-2
1.805566406E4,2.076676931E-1
1.805712891E4,1.510739503E-1
1.805859375E4,2.628454351E-1
1.806005859E4,9.862962840E-2
1.806152344E4,1.771717422E-1
1.806298828E4,1.128355514E-1
1.806445312E4,1.195314430E-1
1.806591797E4,2.582015721E-1
1.806738281E4,1.308428984E-1
1.806884766E4,3.223900306E-1
1.807031250E4,8.284066041E-2
1.807177734E4,1.352755378E-1
1.807324219E4,9.619943690E-2
1.807470703E4,1.064404486E-1
1.807617188E4,1.489712619E-1
1.807763672E4,2.573256970E-2
1.807910156E4,9.121680976E-2
1.808056641E4,8.708308222E-2
1.808203125E4,6.989698794E-2
1.808349609E4,4.035551493E-2
1.808496094E4,7.433388911E-2
1.808642578E4,2.488038830E-2
1.808789062E4,1.677152689E-1
1.808935547E4,4.637143513E-2
1.809082031E4,9.196477462E-2
1.809228516E4,1.346758322E-1
1.809375000E4,1.104884846E-1
1.809521484E4,1.462152905E-1
1.809667969E4,1.034867433E-1
1.809814453E4,7.245001247E-2
1.809960938E4,1.452449076E-1
1.810107422E4,1.699372323E-1
1.810253906E4,1.725933654E-1
1.810400391E4,1.141284834E-1
1.810546875E4,1.889211025E-2
1.810693359E4,2.274534595E-1
1.810839844E4,4.752232316E-2
1.810986328E4,6.962706378E-2
1.811132812E4,2.026103842E-1
1.811279297E4,1.047632961E-1
1.811425781E4,1.696059997E-1
1.811572266E4,1.043023385E-1
1.811718750E4,1.173040527E-1
1.811865234E4,1.220341687E-1
1.812011719E4,7.005636219E-2
1.812158203E4,7.662207514E-2
1.812304688E4,1.073470894E-1
1.812451172E4,3.925721598E-2
1.812597656E4,9.679486403E-2
1.812744141E4,1.034591695E-1
1.812890625E4,1.472398093E-1
1.813037109E4,1.795229926E-1
1.813183594E4,1.731604602E-1
1.813330078E4,2.403773076E-1
1.813476562E4,1.698851172E-1
1.813623047E4,1.598529568E-1
1.813769531E4,2.024401467E-1
1.813916016E4,1.622038250E-1
1.814062500E4,1.177540786E-1
1.814208984E4,5.342862578E-2
1.814355469E4,8.022596815E-2
1.814501953E4,1.025438655E-1
1.814648438E4,7.377580250E-2
1.814794922E4,7.462828782E-2
1.814941406E4,2.036613484E-1
1.815087891E4,1.062141898E-1
1.815234375E4,1.173406164E-1
1.815380859E4,6.097196392E-2
1.815527344E4,6.703097822E-2
1.815673828E4,1.567721703E-1
1.815820312E4,1.429815462E-1
1.815966797E4,9.656474707E-2
1.816113281E4,2.751597758E-1
1.816259766E4,2.025603918E-1
1.816406250E4,1.913428997E-1
1.816552734E4,1.170094821E-1
1.816699219E4,1.203743495E-1
1.816845703E4,6.275623851E-2
1.816992188E4,6.453876665E-2
1.817138672E4,1.311549318E-1
1.817285156E4,1.722699983E-1
1.817431641E4,2.444007644E-1
1.817578125E4,7.624554198E-2
1.817724609E4,1.407001287E-1
1.817871094E4,1.837285051E-1
1.818017578E4,1.519063286E-2
1.818164062E4,8.860367148E-2
1.818310547E4,1.154906211E-1
1.818457031E4,9.010556877E-2
1.818603516E4,9.380058230E-2
1.818750000E4,1.287852191E-1
1.818896484E4,6.071577273E-2
1.819042969E4,7.083449875E-2
1.819189453E4,1.100217789E-1
1.819335938E4,1.878392463E-1
1.819482422E4,3.000393163E-2
1.819628906E4,3.071805327E-2
1.819775391E4,1.462680940E-1
1.819921875E4,2.936113662E-2
1.820068359E4,8.267517490E-2
1.820214844E4,1.690954576E-1
1.820361328E4,2.400556095E-1
1.820507812E4,2.530096636E-1
1.820654297E4,2.415924585E-1
1.820800781E4,4.031862021E-1
1.820947266E4,2.700190182E-1
1.821093750E4,2.627047175E-1
1.821240234E4,9.991056507E-2
1.821386719E4,1.320393581E-1
1.821533203E4,3.966176896E-2
1.821679688E4,7.217166487E-2
1.821826172E4,1.425360728E-1
1.821972656E4,7.423616754E-2
1.822119141E4,6.759236909E-2
1.822265625E4,5.590725947E-2
1.822412109E4,6.193840519E-2
1.822558594E4,1.421815994E-1
1.822705078E4,9.618749413E-2
1.822851562E4,1.083568446E-1
1.822998047E4,9.357304444E-2
1.823144531E4,1.366873080E-1
1.823291016E4,1.091531249E-1
1.823437500E4,5.136072444E-2
1.823583984E4,1.313922760E-2
1.823730469E4,9.406856688E-2
1.823876953E4,6.041621602E-2
1.824023438E4,5.030480398E-2
1.824169922E4,1.746025793E-1
1.824316406E4,2.151218090E-1
1.824462891E4,3.717720389E-1
1.824609375E4,2.219685099E-1
1.824755859E4,3.913733341E-1
1.824902344E4,3.499462730E-1
1.825048828E4,2.539501560E-1
1.825195312E4,3.075031245E-1
1.825341797E4,1.774269613E-1
1.825488281E4,5.458953306E-2
1.825634766E4,9.787890523E-2
1.825781250E4,7.311583121E-2
1.825927734E4,2.103562988E-1
1.826074219E4,1.558649722E-1
1.826220703E4,1.609656163E-1
1.826367188E4,2.880260400E-1
1.826513672E4,3.781598067E-1
1.826660156E4,9.568938343E-2
1.826806641E4,1.315255345E-1
1.826953125E4,1.390133314E-1
1.827099609E4,1.035067970E-1
1.827246094E4,5.289101171E-2
1.827392578E4,1.722940152E-1
1.827539062E4,1.549071125E-1
1.827685547E4,1.703513443E-1
1.827832031E4,4.392431982E-2
1.827978516E4,1.750208991E-1
1.828125000E4,1.136826402E-1
1.828271484E4,1.118018243E-1
1.828417969E4,9.184423534E-2
1.828564453E4,7.973544970E-2
1.828710938E4,1.583917356E-1
1.828857422E4,1.199608254E-3
1.829003906E4,4.822997534E-2
1.829150391E4,1.556957586E-1
1.829296875E4,1.064163851E-1
1.829443359E4,8.550814860E-2
1.829589844E4,8.142214424E-2
1.829736328E4,1.740979820E-1
1.829882812E4,1.956130839E-1
1.830029297E4,2.480703155E-1
1.830175781E4,1.256742469E-1
1.830322266E4,1.888061128E-1
1.830468750E4,8.415514132E-2
1.830615234E4,1.197207691E-1
1.830761719E4,1.530285130E-1
1.830908203E4,1.275272130E-1
1.831054688E4,2.405215535E-1
1.831201172E4,2.928538107E-1
1.831347656E4,2.722914968E-1
1.831494141E4,3.432824575E-1
1.831640625E4,3.448407191E-1
1.831787109E4,2.016991385E-1
1.831933594E4,2.203495825E-1
1.832080078E4,2.637370833E-1
1.832226562E4,1.650404605E-1
1.832373047E4,1.960492242E-1
1.832519531E4,1.921543222E-1
1.832666016E4,2.339232914E-1
1.832812500E4,2.381692924E-1
1.832958984E4,2.584018939E-1
1.833105469E4,2.037166002E-2
1.833251953E4,9.058197103E-2
1.833398438E4,2.041758479E-1
1.833544922E4,2.585082478E-1
1.833691406E4,1.827714154E-1
1.833837891E4,1.570002810E-1
1.833984375E4,1.007929266E-1
1.834130859E4,8.088986982E-2
1.834277344E4,5.648110600E-2
1.834423828E4,7.195177139E-2
1.834570312E4,8.460591877E-2
1.834716797E4,3.650056459E-2
1.834863281E4,1.114676495E-1
1.835009766E4,1.410700662E-1
1.835156250E4,1.055058255E-1
1.835302734E4,6.452178281E-2
1.835449219E4,2.188432598E-1
1.835595703E4,1.429061132E-1
1.835742188E4,2.279809029E-1
1.835888672E4,1.029595562E-1
1.836035156E4,2.606740600E-1
1.836181641E4,2.037021622E-1
1.836328125E4,2.228778049E-1
1.836474609E4,1.768064837E-1
1.836621094E4,1.945846775E-1
1.836767578E4,2.655723034E-1
1.836914062E4,3.163201240E-1
1.837060547E4,4.178875286E-2
1.837207031E4,1.821152208E-1
1.837353516E4,2.724456471E-1
1.837500000E4,1.190700195E-1
1.837646484E4,3.792327109E-2
1.837792969E4,1.195262699E-1
1.837939453E4,5.424804454E-2
1.838085938E4,2.498154768E-1
1.838232422E4,6.933842337E-2
1.838378906E4,7.146933545E-2
1.838525391E4,6.426167056E-2
1.838671875E4,1.177052857E-1
1.838818359E4,2.410332335E-1
1.838964844E4,1.159489184E-1
1.839111328E4,2.439628760E-1
1.839257812E4,5.061793431E-2
1.839404297E4,1.193968628E-1
1.839550781E4,2.116622556E-1
1.839697266E4,1.860415521E-1
1.839843750E4,1.378912985E-1
1.839990234E4,8.483274628E-2
1.840136719E4,5.333112095E-2
1.840283203E4,2.182873835E-1
1.840429688E4,6.073874743E-2
1.840576172E4,2.651727943E-1
1.840722656E4,5.376666224E-2
1.840869141E4,1.843448416E-2
1.841015625E4,4.143169221E-2
1.841162109E4,7.397963730E-2
1.841308594E4,1.915832997E-1
1.841455078E4,7.034701516E-2
1.841601562E4,1.052128841E-1
1.841748047E4,9.911239356E-2
1.841894531E4,2.485320461E-1
1.842041016E4,1.477550355E-1
1.842187500E4,1.184067756E-1
1.842333984E4,1.138443726E-1
1.842480469E4,1.882757152E-1
1.842626953E4,2.419312239E-1
1.842773438E4,1.660805224E-1
1.842919922E4,2.749509775E-1
1.843066406E4,1.661995628E-1
1.843212891E4,1.780033655E-1
1.843359375E4,2.046139478E-1
1.843505859E4,2.434100882E-1
1.843652344E4,9.620125792E-2
1.843798828E4,1.243402394E-1
1.843945312E4,1.885545680E-1
1.844091797E4,1.725639864E-1
1.844238281E4,1.720168742E-1
1.844384766E4,2.487188960E-1
1.844531250E4,2.588720174E-1
1.844677734E4,2.330282139E-1
1.844824219E4,1.456744017E-1
1.844970703E4,1.170560469E-1
1.845117188E4,1.665376033E-1
1.845263672E4,3.167488676E-2
1.845410156E4,6.753072757E-2
1.845556641E4,1.313821587E-1
1.845703125E4,5.098628448E-2
1.845849609E4,1.182632919E-1
1.845996094E4,2.331955571E-1
1.846142578E4,8.066254855E-2
1.846289062E4,2.671212762E-1
1.846435547E4,3.420722660E-1
1.846582031E4,1.999688923E-1
1.846728516E4,2.220099278E-1
1.846875000E4,2.586367573E-1
1.847021484E4,1.750713729E-1
1.847167969E4,1.948330260E-1
1.847314453E4,3.098904100E-2
1.847460938E4,8.314961837E-2
1.847607422E4,1.610740515E-1
1.847753906E4,1.173333021E-1
1.847900391E4,1.618953728E-1
1.848046875E4,2.183139846E-1
1.848193359E4,9.488342561E-2
1.848339844E4,3.145748321E-1
1.848486328E4,1.818155210E-1
1.848632812E4,3.114117478E-1
1.848779297E4,1.940496935E-1
1.848925781E4,2.559699132E-1
1.849072266E4,2.170955772E-1
1.849218750E4,1.596793207E-1
1.849365234E4,3.137108042E-1
1.849511719E4,3.569771411E-1
1.849658203E4,2.627124182E-1
1.849804688E4,2.727027682E-1
1.849951172E4,1.947498775E-1
1.850097656E4,1.867594007E-1
1.850244141E4,5.046903080E-2
1.850390625E4,1.128006481E-1
1.850537109E4,2.612342577E-1
1.850683594E4,1.596951294E-1
1.850830078E4,3.198241208E-1
1.850976562E4,1.772541371E-1
1.851123047E4,2.680508921E-1
1.851269531E4,8.111234869E-2
1.851416016E4,1.442829303E-1
1.851562500E4,1.697509415E-1
1.851708984E4,1.238723006E-1
1.851855469E4,2.786502020E-1
1.852001953E4,1.910696541E-1
1.852148438E4,1.149573809E-1
1.852294922E4,1.277941351E-1
1.852441406E4,1.154608550E-1
1.852587891E4,1.613949922E-1
1.852734375E4,1.690515200E-1
1.852880859E4,9.596201782E-2
1.853027344E4,2.282185199E-1
1.853173828E4,3.638007666E-1
1.853320312E4,1.424250415E-1
1.853466797E4,8.199000622E-2
1.853613281E4,2.613598643E-2
1.853759766E4,4.665017706E-2
1.853906250E4,2.194792522E-1
1.854052734E4,1.872302405E-1
1.854199219E4,1.217053223E-1
1.854345703E4,2.119941518E-1
1.854492188E4,4.298889317E-2
1.854638672E4,1.439545026E-1
1.854785156E4,1.063803477E-1
1.854931641E4,2.173116151E-1
1.855078125E4,3.291475378E-1
1.855224609E4,3.804208935E-1
1.855371094E4,4.550914232E-1
1.855517578E4,3.698351552E-1
1.855664062E4,2.735239841E-1
1.855810547E4,3.822358847E-1
1.855957031E4,1.778100201E-1
1.856103516E4,2.213420096E-1
1.856250000E4,2.372482520E-1
1.856396484E4,3.114191836E-1
1.856542969E4,2.865543694E-1
1.856689453E4,4.274887129E-1
1.856835938E4,3.728205820E-1
1.856982422E4,3.142918918E-1
1.857128906E4,1.959105710E-1
1.857275391E4,2.179163174E-1
1.857421875E4,1.135921689E-1
1.857568359E4,1.851150996E-1
1.857714844E4,2.427997178E-2
1.857861328E4,7.088259272E-2
1.858007812E4,4.754569635E-2
1.858154297E4,1.291015793E-1
1.858300781E4,1.885091926E-1
1.858447266E4,1.895620847E-1
1.858593750E4,3.751370798E-2
1.858740234E4,1.443351088E-1
1.858886719E4,9.818995015E-2
1.859033203E4,8.508438890E-2
1.859179688E4,1.293103228E-1
1.859326172E4,1.928533878E-1
1.859472656E4,3.379426061E-2
1.859619141E4,9.604336598E-2
1.859765625E4,2.256609913E-1
1.859912109E4,2.394788063E-2
1.860058594E4,5.524909142E-2
1.860205078E4,1.579056504E-1
1.860351562E4,8.636315220E-2
1.860498047E4,1.345610893E-1
1.860644531E4,1.181611926E-1
1.860791016E4,1.003218573E-1
1.860937500E4,2.907498210E-1
1.861083984E4,1.291121347E-1
1.861230469E4,1.138257277E-1
1.861376953E4,1.114412756E-1
1.861523438E4,9.468856925E-2
1.861669922E4,1.033954262E-1
1.861816406E4,4.566151323E-2
1.861962891E4,1.329103822E-1
1.862109375E4,1.091771787E-1
1.862255859E4,1.093506779E-1
1.862402344E4,2.064926614E-1
1.862548828E4,2.691361177E-2
1.862695312E4,1.205846032E-1
1.862841797E4,1.648375237E-1
1.862988281E4,7.365002537E-2
1.863134766E4,1.648846439E-1
1.863281250E4,1.333157222E-1
1.863427734E4,1.139520106E-1
1.863574219E4,1.515244873E-1
1.863720703E4,2.089563380E-1
1.863867188E4,1.375535853E-1
1.864013672E4,3.961138582E-2
1.864160156E4,1.621257759E-1
1.864306641E4,1.470904756E-1
1.864453125E4,1.261440993E-1
1.864599609E4,1.260491422E-1
1.864746094E4,2.062309409E-1
1.864892578E4,1.751951784E-1
1.865039062E4,2.012677116E-1
1.865185547E4,5.734527604E-2
1.865332031E4,1.001977743E-1
1.865478516E4,2.130954683E-1
1.865625000E4,1.546558474E-1
1.865771484E4,2.542073924E-2
1.865917969E4,5.335317468E-2
1.866064453E4,2.682417421E-1
1.866210938E4,1.582772765E-1
1.866357422E4,1.916305076E-2
1.866503906E4,1.765549199E-1
1.866650391E4,1.259361644E-1
1.866796875E4,1.052854048E-1
1.866943359E4,1.042966579E-1
1.867089844E4,1.034623650E-1
1.867236328E4,5.203899838E-2
1.867382812E4,2.022849244E-1
1.867529297E4,7.562792773E-2
1.867675781E4,6.894116391E-2
1.867822266E4,6.032681337E-2
1.867968750E4,1.540060069E-1
1.868115234E4,1.206696795E-1
1.868261719E4,1.104520537E-1
1.868408203E4,1.671068915E-2
1.868554688E4,1.880113726E-1
1.868701172E4,1.853547206E-1
1.868847656E4,1.543490732E-2
1.868994141E4,7.164729375E-2
1.869140625E4,1.455077276E-1
1.869287109E4,1.566133243E-1
1.869433594E4,1.351328484E-1
1.869580078E4,3.639726623E-2
1.869726562E4,1.563590474E-2
1.869873047E4,1.796891563E-1
1.870019531E4,1.562087804E-1
1.870166016E4,2.517893652E-2
1.870312500E4,8.363031993E-2
1.870458984E4,1.111075252E-1
1.870605469E4,1.711182981E-1
1.870751953E4,6.387010700E-2
1.870898438E4,7.943924636E-2
1.871044922E4,5.761116659E-2
1.871191406E4,1.323454915E-1
1.871337891E4,1.139632651E-1
1.871484375E4,2.304387424E-1
1.871630859E4,1.983340102E-1
1.871777344E4,2.625048624E-1
1.871923828E4,1.439660961E-1
1.872070312E4,1.942219025E-1
1.872216797E4,1.449169376E-1
1.872363281E4,2.120399972E-1
1.872509766E4,1.021880095E-1
1.872656250E4,2.401127241E-1
1.872802734E4,7.815342707E-2
1.872949219E4,1.333198543E-1
1.873095703E4,1.457235074E-1
1.873242188E4,1.056967490E-1
1.873388672E4,1.172679584E-1
1.873535156E4,1.811573572E-1
1.873681641E4,2.085316078E-1
1.873828125E4,2.727627992E-1
1.873974609E4,3.205493260E-1
1.874121094E4,2.001234912E-1
1.874267578E4,2.446842732E-1
1.874414062E4,2.960299565E-1
1.874560547E4,3.105853272E-1
1.874707031E4,1.241652869E-1
1.874853516E4,1.978486345E-1
1.875000000E4,4.076719011E-2
1.875146484E4,1.714603591E-1
1.875292969E4,1.043889568E-1
1.875439453E4,1.409509499E-1
1.875585938E4,9.318453524E-2
1.875732422E4,2.767250954E-2
1.875878906E4,7.628721916E-2
1.876025391E4,5.816288596E-2
1.876171875E4,1.103830628E-1
1.876318359E4,1.122463338E-1
1.876464844E4,2.965332796E-1
1.876611328E4,3.032652411E-1
1.876757812E4,8.008111156E-2
1.876904297E4,7.549239779E-2
1.877050781E4,8.244654881E-2
1.877197266E4,9.405909575E-2
1.877343750E4,2.640811210E-2
1.877490234E4,1.746692536E-1
1.877636719E4,1.902234191E-1
1.877783203E4,1.412642600E-1
1.877929688E4,1.740924154E-1
1.878076172E4,2.068372663E-1
1.878222656E4,7.495673875E-2
1.878369141E4,2.231326703E-1
1.878515625E4,3.850697611E-2
1.878662109E4,6.901351106E-2
1.878808594E4,1.791250025E-1
1.878955078E4,4.788723973E-2
1.879101562E4,1.267496249E-1
1.879248047E4,6.397398511E-2
1.879394531E4,1.920168885E-1
1.879541016E4,1.269306861E-1
1.879687500E4,1.875259750E-1
1.879833984E4,3.816853670E-2
1.879980469E4,1.550599157E-1
1.880126953E4,9.361741719E-2
1.880273438E4,2.041411364E-1
1.880419922E4,2.179117611E-1
1.880566406E4,1.870328465E-1
1.880712891E4,1.678009447E-1
1.880859375E4,1.116087953E-1
1.881005859E4,2.123746193E-1
1.881152344E4,4.418305326E-2
1.881298828E4,1.579528067E-1
1.881445312E4,1.108213174E-1
1.881591797E4,4.011764506E-2
1.881738281E4,2.638822047E-1
1.881884766E4,1.981516561E-1
1.882031250E4,1.176778134E-1
1.882177734E4,7.881014557E-2
1.882324219E4,5.305678257E-2
1.882470703E4,4.340766209E-2
1.882617188E4,8.213713157E-2
1.882763672E4,1.434340128E-1
1.882910156E4,6.027170567E-2
1.883056641E4,2.749053640E-2
1.883203125E4,2.085804635E-1
1.883349609E4,1.408111410E-1
1.883496094E4,1.272896421E-1
1.883642578E4,1.806805704E-1
1.883789062E4,1.462411594E-1
1.883935547E4,2.752127571E-1
1.884082031E4,1.568220972E-1
1.884228516E4,2.659902258E-1
1.884375000E4,1.272886679E-1
1.884521484E4,1.333174014E-1
1.884667969E4,2.991897953E-1
1.884814453E4,1.292328712E-1
1.884960938E4,1.273824104E-1
1.885107422E4,1.713603071E-1
1.885253906E4,1.616946098E-1
1.885400391E4,1.011580857E-1
1.885546875E4,8.446418410E-2
1.885693359E4,2.245377103E-1
1.885839844E4,3.512070050E-2
1.885986328E4,1.014432536E-1
1.886132812E4,9.002381463E-2
1.886279297E4,7.282044149E-2
1.886425781E4,1.381015247E-1
1.886572266E4,2.134061066E-1
1.886718750E4,1.595960323E-1
1.886865234E4,1.487265444E-1
1.887011719E4,2.034053818E-1
1.887158203E4,3.569439899E-1
1.887304688E4,2.279192464E-1
1.887451172E4,2.167697247E-1
1.887597656E4,2.561973726E-1
1.887744141E4,1.533954410E-1
1.887890625E4,1.229799343E-1
1.888037109E4,2.050233843E-1
1.888183594E4,1.243688292E-1
1.888330078E4,7.301085294E-2
1.888476562E4,2.007455131E-1
1.888623047E4,2.013547439E-1
1.888769531E4,1.710586550E-1
1.888916016E4,1.595290451E-1
1.889062500E4,2.851834891E-1
1.889208984E4,2.121391470E-1
1.889355469E4,1.143519685E-1
1.889501953E4,1.811870756E-1
1.889648438E4,1.831342363E-1
1.889794922E4,9.645077044E-2
1.889941406E4,9.859316538E-2
1.890087891E4,6.194764909E-2
1.890234375E4,7.985946893E-2
1.890380859E4,5.160363523E-2
1.890527344E4,1.585332556E-1
1.890673828E4,1.995782020E-1
1.890820312E4,1.986845620E-1
1.890966797E4,2.896375490E-2
1.891113281E4,1.614450255E-1
1.891259766E4,1.200146684E-1
1.891406250E4,9.084541270E-2
1.891552734E4,2.150187223E-1
1.891699219E4,2.326833930E-1
1.891845703E4,2.493518368E-1
1.891992188E4,2.411817672E-1
1.892138672E4,1.678317028E-1
1.892285156E4,3.456660967E-1
1.892431641E4,5.493917184E-2
1.892578125E4,1.520953225E-1
1.892724609E4,5.475772950E-2
1.892871094E4,1.283690256E-1
1.893017578E4,1.925315956E-1
1.893164062E4,4.974896562E-2
1.893310547E4,2.007020338E-1
1.893457031E4,7.850563982E-2
1.893603516E4,1.482650621E-1
1.893750000E4,1.291754753E-1
1.893896484E4,8.525312493E-2
1.894042969E4,2.620378106E-1
1.894189453E4,6.468559152E-2
1.894335938E4,2.860865793E-1
1.894482422E4,2.276613553E-1
1.894628906E4,1.124477481E-1
1.894775391E4,1.745776383E-1
1.894921875E4,5.777276817E-2
1.895068359E4,2.034311479E-1
1.895214844E4,2.638967125E-1
1.895361328E4,1.084226200E-1
1.895507812E4,2.439032889E-1
1.895654297E4,2.708822845E-1
1.895800781E4,1.475796792E-1
1.895947266E4,1.758591010E-1
1.896093750E4,1.712525570E-1
1.896240234E4,5.367994572E-2
1.896386719E4,2.922252147E-1
1.896533203E4,1.085855120E-1
1.896679688E4,1.492378516E-1
1.896826172E4,7.590645696E-2
1.896972656E4,8.579782748E-2
1.897119141E4,8.207385895E-2
1.897265625E4,8.763021349E-2
1.897412109E4,2.175902722E-1
1.897558594E4,1.610859781E-1
1.897705078E4,1.896916211E-1
1.897851562E4,3.348079044E-1
1.897998047E4,1.751860409E-1
1.898144531E4,6.441099327E-2
1.898291016E4,1.406163085E-1
1.898437500E4,9.934777873E-2
1.898583984E4,7.201326515E-2
1.898730469E4,1.841029519E-1
1.898876953E4,1.266349766E-1
1.899023438E4,9.565005863E-2
1.899169922E4,1.248144382E-1
1.899316406E4,1.233041577E-1
1.899462891E4,3.009739210E-1
1.899609375E4,1.934283617E-1
1.899755859E4,1.895141838E-1
1.899902344E4,2.143979204E-1
1.900048828E4,3.112539004E-1
1.900195312E4,1.364783566E-1
1.900341797E4,2.442781515E-1
1.900488281E4,3.015693540E-1
1.900634766E4,8.975243401E-2
1.900781250E4,1.281706071E-1
1.900927734E4,9.989588192E-2
1.901074219E4,6.544294152E-2
1.901220703E4,6.405952691E-2
1.901367188E4,2.451632554E-1
1.901513672E4,1.710398941E-1
1.901660156E4,2.416138214E-1
1.901806641E4,2.012310185E-2
1.901953125E4,1.122999491E-1
1.902099609E4,1.894998574E-1
1.902246094E4,2.279456347E-1
1.902392578E4,1.721213635E-1
1.902539062E4,5.428319420E-2
1.902685547E4,1.901553219E-1
1.902832031E4,6.490841497E-2
1.902978516E4,2.203848374E-1
1.903125000E4,1.468047985E-1
1.903271484E4,3.280315016E-1
1.903417969E4,2.386674735E-1
1.903564453E4,4.733014965E-2
1.903710938E4,1.305118035E-1
1.903857422E4,8.795269421E-2
1.904003906E4,1.741327002E-1
1.904150391E4,1.994636868E-1
1.904296875E4,2.249880970E-1
1.904443359E4,2.505683581E-1
1.904589844E4,9.689177232E-2
1.904736328E4,1.315044254E-1
1.904882812E4,1.125072246E-1
1.905029297E4,6.262172230E-2
1.905175781E4,1.180755222E-1
1.905322266E4,4.555217290E-2
1.905468750E4,1.412498596E-1
1.905615234E4,4.390729147E-2
1.905761719E4,3.387571083E-2
1.905908203E4,1.861216133E-1
1.906054688E4,2.855580354E-1
1.906201172E4,1.705783888E-1
1.906347656E4,2.265304022E-1
1.906494141E4,2.474562317E-1
1.906640625E4,1.471209549E-1
1.906787109E4,1.322781161E-1
1.906933594E4,9.264313742E-2
1.907080078E4,1.236755339E-1
1.907226562E4,1.992126532E-1
1.907373047E4,2.065820334E-1
1.907519531E4,1.196355043E-1
1.907666016E4,2.594907392E-1
1.907812500E4,2.198353976E-1
1.907958984E4,1.705050576E-1
1.908105469E4,2.322272535E-1
1.908251953E4,1.175620798E-1
1.908398438E4,1.695156441E-1
1.908544922E4,1.636262447E-1
1.908691406E4,1.480763989E-1
1.908837891E4,4.002549780E-2
1.908984375E4,9.738604258E-2
1.909130859E4,2.788889658E-2
1.909277344E4,1.586323359E-1
1.909423828E4,1.261026149E-1
1.909570312E4,1.572565766E-1
1.909716797E4,1.894154862E-1
1.909863281E4,1.554624333E-1
1.910009766E4,1.327136891E-1
1.910156250E4,3.600765492E-2
1.910302734E4,1.331007919E-1
1.910449219E4,1.478457586E-1
1.910595703E4,2.300144559E-1
1.910742188E4,2.403911290E-1
1.910888672E4,1.276320595E-1
1.911035156E4,1.020986489E-1
1.911181641E4,1.236051309E-1
1.911328125E4,1.156152635E-1
1.911474609E4,3.371003183E-2
1.911621094E4,1.275663572E-1
1.911767578E4,1.383568469E-1
1.911914062E4,5.352104055E-2
1.912060547E4,1.911836959E-1
1.912207031E4,2.613333200E-1
1.912353516E4,1.693990886E-1
1.912500000E4,1.861574061E-1
1.912646484E4,5.083820542E-2
1.912792969E4,2.499789892E-1
1.912939453E4,1.966275621E-2
1.913085938E4,1.009096250E-1
1.913232422E4,8.758151459E-2
1.913378906E4,1.742695459E-1
1.913525391E4,1.882683326E-1
1.913671875E4,1.689571515E-1
1.913818359E4,3.526444038E-1
1.913964844E4,2.314147146E-1
1.914111328E4,2.225562093E-1
1.914257812E4,1.619632422E-1
1.914404297E4,1.823706045E-1
1.914550781E4,7.283135512E-2
1.914697266E4,6.949403921E-2
1.914843750E4,2.314329214E-1
1.914990234E4,2.349337540E-1
1.915136719E4,1.941396464E-1
1.915283203E4,4.430030854E-1
1.915429688E4,2.454117165E-1
1.915576172E4,2.393534818E-1
1.915722656E4,2.025294627E-1
1.915869141E4,1.075105749E-1
1.916015625E4,1.834481763E-1
1.916162109E4,1.211370780E-1
1.916308594E4,2.505626469E-2
1.916455078E4,1.939774126E-1
1.916601562E4,1.949197262E-1
1.916748047E4,3.267986505E-1
1.916894531E4,1.744917126E-1
1.917041016E4,2.533371450E-1
1.917187500E4,1.090114066E-1
1.917333984E4,1.026063872E-1
1.917480469E4,1.595879564E-1
1.917626953E4,1.587294946E-1
1.917773438E4,9.876456909E-2
1.917919922E4,1.691458005E-1
1.918066406E4,2.223703224E-1
1.918212891E4,1.719626003E-1
1.918359375E4,9.511408562E-2
1.918505859E4,7.882199016E-2
1.918652344E4,1.662615453E-1
1.918798828E4,1.490908444E-1
1.918945312E4,8.483591066E-2
1.919091797E4,1.812048265E-1
1.919238281E4,2.400989457E-1
1.919384766E4,1.141550735E-1
1.919531250E4,2.800726871E-1
1.919677734E4,1.648784575E-1
1.919824219E4,5.785632177E-2
1.919970703E4,5.952659937E-2
1.920117188E4,1.319090942E-1
1.920263672E4,2.346349602E-1
1.920410156E4,1.541191262E-1
1.920556641E4,3.512142950E-2
1.920703125E4,1.228965162E-1
1.920849609E4,1.593155116E-1
1.920996094E4,1.021042529E-1
1.921142578E4,8.939182326E-2
1.921289062E4,1.434337362E-1
1.921435547E4,7.476062714E-2
1.921582031E4,1.529276099E-1
1.921728516E4,1.950199522E-1
1.921875000E4,1.435577118E-1
1.922021484E4,7.800206714E-2
1.922167969E4,3.137724647E-1
1.922314453E4,2.502203479E-1
1.922460938E4,1.982633226E-1
1.922607422E4,1.136274613E-1
1.922753906E4,2.295196233E-1
1.922900391E4,1.137296465E-1
1.923046875E4,1.204438476E-1
1.923193359E4,1.500958703E-1
1.923339844E4,2.838378034E-1
1.923486328E4,2.390751825E-1
1.923632812E4,1.925513473E-1
1.923779297E4,2.072485206E-1
1.923925781E4,7.395004159E-2
1.924072266E4,1.224602029E-1
1.924218750E4,8.238032711E-2
1.924365234E4,2.034362138E-1
1.924511719E4,1.790825584E-1
1.924658203E4,2.399612800E-1
1.924804688E4,1.171334629E-1
1.924951172E4,1.167775917E-1
1.925097656E4,1.940524235E-1
1.925244141E4,1.782045681E-1
1.925390625E4,1.728216472E-1
1.925537109E4,1.249841998E-1
1.925683594E4,1.883508422E-1
1.925830078E4,2.817089074E-1
1.925976562E4,3.146620270E-1
1.926123047E4,2.680873697E-1
1.926269531E4,2.348457680E-1
1.926416016E4,1.968208619E-1
1.926562500E4,2.538064733E-1
1.926708984E4,2.378073608E-1
1.926855469E4,1.861140140E-1
1.927001953E4,1.561900134E-1
1.927148438E4,1.830999404E-1
1.927294922E4,2.147297986E-1
1.927441406E4,1.691300347E-1
1.927587891E4,2.676575076E-1
1.927734375E4,9.423596556E-2
1.927880859E4,7.219872268E-2
1.928027344E4,4.149961157E-1
1.928173828E4,1.300270520E-1
1.928320312E4,1.617370524E-1
1.928466797E4,1.385754936E-1
1.928613281E4,7.873343863E-2
1.928759766E4,3.157565676E-1
1.928906250E4,1.164190632E-1
1.929052734E4,2.917419542E-1
1.929199219E4,2.533978278E-1
1.929345703E4,3.736599168E-1
1.929492188E4,3.037700343E-1
1.929638672E4,2.571089240E-1
1.929785156E4,2.005056652E-1
1.929931641E4,2.851904150E-1
1.930078125E4,1.791750980E-1
1.930224609E4,3.044298301E-2
1.930371094E4,1.716768757E-2
1.930517578E4,1.346351589E-1
1.930664062E4,2.586190634E-1
1.930810547E4,4.044208340E-1
1.930957031E4,2.107940974E-1
1.931103516E4,2.525364410E-1
1.931250000E4,1.391365322E-1
1.931396484E4,9.657484673E-2
1.931542969E4,1.998973978E-1
1.931689453E4,1.738034012E-1
1.931835938E4,1.535257672E-1
1.931982422E4,1.585881558E-1
1.932128906E4,2.724507809E-1
1.932275391E4,1.702239822E-1
1.932421875E4,3.399960264E-1
1.932568359E4,1.805174321E-1
1.932714844E4,1.434460494E-1
1.932861328E4,4.798848615E-2
1.933007812E4,2.670241011E-1
1.933154297E4,3.967645247E-1
1.933300781E4,3.554218972E-1
1.933447266E4,1.828721789E-1
1.933593750E4,1.467243834E-1
1.933740234E4,9.502517409E-2
1.933886719E4,1.154684615E-1
1.934033203E4,9.895733887E-2
1.934179688E4,7.492839691E-2
1.934326172E4,4.132306751E-2
1.934472656E4,2.645946231E-1
1.934619141E4,2.739687866E-1
1.934765625E4,1.055142956E-1
1.934912109E4,2.892809814E-1
1.935058594E4,2.574948444E-1
1.935205078E4,1.644788935E-1
1.935351562E4,1.440810865E-1
1.935498047E4,3.136496220E-1
1.935644531E4,1.109090677E-1
1.935791016E4,1.328420270E-1
1.935937500E4,3.156542150E-1
1.936083984E4,2.778039988E-1
1.936230469E4,1.348102750E-1
1.936376953E4,3.420645359E-1
1.936523438E4,1.612871567E-1
1.936669922E4,3.041772487E-1
1.936816406E4,1.988322555E-1
1.936962891E4,1.132537074E-1
1.937109375E4,2.207217924E-1
1.937255859E4,3.190943037E-1
1.937402344E4,1.770562319E-1
1.937548828E4,2.131916908E-1
1.937695312E4,2.306007793E-1
1.937841797E4,1.605200938E-1
1.937988281E4,1.947103969E-1
1.938134766E4,1.033828833E-1
1.938281250E4,1.501937113E-1
1.938427734E4,1.283045559E-1
1.938574219E4,1.117795168E-1
1.938720703E4,1.737997633E-1
1.938867188E4,2.801022611E-1
1.939013672E4,2.899942534E-2
1.939160156E4,2.258987149E-1
1.939306641E4,6.607348139E-2
1.939453125E4,1.565393174E-1
1.939599609E4,1.280951592E-1
1.939746094E4,1.313658362E-1
1.939892578E4,1.595316512E-1
1.940039062E4,3.571334986E-1
1.940185547E4,1.724994022E-1
1.940332031E4,1.510501427E-1
1.940478516E4,4.306005602E-1
1.940625000E4,2.893767494E-1
1.940771484E4,1.955701374E-1
1.940917969E4,7.500255928E-2
1.941064453E4,8.335180987E-2
1.941210938E4,1.442726390E-1
1.941357422E4,2.064751694E-1
1.941503906E4,2.090810223E-1
1.941650391E4,5.741301287E-2
1.941796875E4,7.923966299E-2
1.941943359E4,9.457175149E-2
1.942089844E4,2.511767889E-1
1.942236328E4,1.989741826E-1
1.942382812E4,1.270158729E-1
1.942529297E4,2.012737936E-1
1.942675781E4,1.685993055E-1
1.942822266E4,1.167548547E-1
1.942968750E4,2.336054805E-1
1.943115234E4,6.724253408E-2
1.943261719E4,1.133184281E-1
1.943408203E4,3.375272879E-1
1.943554688E4,7.631211280E-2
1.943701172E4,3.043897452E-1
1.943847656E4,1.821639103E-1
1.943994141E4,1.980227747E-1
1.944140625E4,2.767875635E-1
1.944287109E4,1.852053636E-1
1.944433594E4,2.404996635E-1
1.944580078E4,3.412544832E-1
1.944726562E4,2.043508076E-1
1.944873047E4,2.500448526E-1
1.945019531E4,2.456186765E-1
1.945166016E4,9.268650915E-2
1.945312500E4,1.938857335E-1
1.945458984E4,8.741691467E-2
1.945605469E4,2.573128622E-1
1.945751953E4,1.833222989E-1
1.945898438E4,2.271969945E-1
1.946044922E4,4.035330751E-1
1.946191406E4,2.560950183E-1
1.946337891E4,2.660033856E-1
1.946484375E4,3.293609628E-1
1.946630859E4,3.340626430E-1
1.946777344E4,4.096231630E-1
1.946923828E4,1.223005157E-1
1.947070312E4,1.853999790E-1
1.947216797E4,1.242962927E-1
1.947363281E4,7.596359761E-2
1.947509766E4,2.411669937E-1
1.947656250E4,1.162467430E-1
1.947802734E4,2.552627683E-1
1.947949219E4,3.294635372E-1
1.948095703E4,1.719314556E-1
1.948242188E4,1.592915698E-1
1.948388672E4,1.588736951E-1
1.948535156E4,1.065310996E-1
1.948681641E4,8.604572818E-2
1.948828125E4,7.760510416E-2
1.948974609E4,8.899423975E-2
1.949121094E4,2.125940981E-1
1.949267578E4,1.515329978E-1
1.949414062E4,2.862679877E-1
1.949560547E4,1.458164587E-1
1.949707031E4,1.985811417E-1
1.949853516E4,7.260701847E-2
1.950000000E4,9.435696531E-2
1.950146484E4,3.420715294E-1
1.950292969E4,1.685524098E-1
1.950439453E4,3.495649968E-1
1.950585938E4,3.833794583E-1
1.950732422E4,2.339715235E-1
1.950878906E4,2.860929098E-1
1.951025391E4,2.715977393E-1
1.951171875E4,1.596221993E-1
1.951318359E4,1.339267011E-1
1.951464844E4,2.360110660E-1
1.951611328E4,2.485154404E-1
1.951757812E4,1.843176658E-1
1.951904297E4,2.604449017E-1
1.952050781E4,2.706101234E-1
1.952197266E4,2.443306054E-1
1.952343750E4,1.493440519E-1
1.952490234E4,2.132571934E-1
1.952636719E4,2.310091961E-1
1.952783203E4,1.335594350E-1
1.952929688E4,2.504315876E-1
1.953076172E4,6.357164698E-2
1.953222656E4,1.619210122E-1
1.953369141E4,2.897971477E-1
1.953515625E4,1.534752998E-1
1.953662109E4,2.183057751E-1
1.953808594E4,3.634607761E-2
1.953955078E4,1.406661800E-1
1.954101562E4,7.261730420E-2
1.954248047E4,1.645541990E-1
1.954394531E4,2.485323594E-1
1.954541016E4,6.514687147E-2
1.954687500E4,3.468644117E-1
1.954833984E4,2.417241682E-1
1.954980469E4,1.166408674E-1
1.955126953E4,3.561804508E-1
1.955273438E4,2.154498347E-1
1.955419922E4,8.616551111E-2
1.955566406E4,1.244175578E-1
1.955712891E4,5.009076416E-2
1.955859375E4,1.938541979E-1
1.956005859E4,3.354669111E-1
1.956152344E4,3.801848183E-1
1.956298828E4,3.618636780E-1
1.956445312E4,2.046323187E-1
1.956591797E4,2.205799059E-2
1.956738281E4,2.838856692E-2
1.956884766E4,8.722949109E-2
1.957031250E4,5.199988824E-2
1.957177734E4,2.950928441E-1
1.957324219E4,2.727738745E-1
1.957470703E4,2.559815836E-1
1.957617188E4,2.211207465E-1
1.957763672E4,8.310382374E-2
1.957910156E4,1.262378422E-1
1.958056641E4,9.081602434E-2
1.958203125E4,1.812476939E-1
1.958349609E4,1.259449381E-1
1.958496094E4,1.064365781E-1
1.958642578E4,2.515400008E-1
1.958789062E4,1.252491623E-1
1.958935547E4,1.347608821E-1
1.959082031E4,1.828570725E-1
1.959228516E4,1.922692303E-1
1.959375000E4,3.104173084E-1
1.959521484E4,2.460844693E-1
1.959667969E4,1.188645010E-1
1.959814453E4,3.208525574E-1
1.959960938E4,2.952522736E-1
1.960107422E4,1.702870515E-1
1.960253906E4,1.083612937E-1
1.960400391E4,1.699356836E-1
1.960546875E4,1.395283130E-1
1.960693359E4,3.942006958E-1
1.960839844E4,1.971697753E-1
1.960986328E4,2.229980794E-1
1.961132812E4,3.699679982E-1
1.961279297E4,4.370103055E-1
1.961425781E4,4.349206751E-1
1.961572266E4,2.386322194E-1
1.961718750E4,3.901090464E-2
1.961865234E4,2.352387249E-1
1.962011719E4,1.929822422E-1
1.962158203E4,1.568531495E-1
1.962304688E4,1.012195279E-1
1.962451172E4,2.282359412E-1
1.962597656E4,1.415501728E-1
1.962744141E4,2.917866592E-1
1.962890625E4,9.791434636E-2
1.963037109E4,1.366225005E-1
1.963183594E4,2.575228375E-1
1.963330078E4,4.456214009E-1
1.963476562E4,3.120017183E-1
1.963623047E4,2.386154606E-1
1.963769531E4,1.298918935E-1
1.963916016E4,3.525196615E-1
1.964062500E4,2.874524302E-1
1.964208984E4,2.655298927E-1
1.964355469E4,5.859423807E-1
1.964501953E4,4.029083776E-1
1.964648438E4,3.479662744E-1
1.964794922E4,4.174775843E-1
1.964941406E4,1.720947858E-1
1.965087891E4,2.448528018E-1
1.965234375E4,3.377106729E-1
1.965380859E4,3.618069749E-1
1.965527344E4,3.955822913E-1
1.965673828E4,3.376136967E-1
1.965820312E4,3.481032312E-1
1.965966797E4,3.757301698E-1
1.966113281E4,2.218728987E-1
1.966259766E4,1.640642901E-1
1.966406250E4,1.705508402E-1
1.966552734E4,2.456204422E-1
1.966699219E4,1.611311277E-1
1.966845703E4,2.542376535E-1
1.966992188E4,3.911134486E-1
1.967138672E4,3.132957971E-1
1.967285156E4,3.778601173E-1
1.967431641E4,4.700777271E-1
1.967578125E4,4.751067904E-1
1.967724609E4,4.896343826E-1
1.967871094E4,3.681414100E-1
1.968017578E4,5.424175199E-1
1.968164062E4,3.719446937E-1
1.968310547E4,2.645476706E-1
1.968457031E4,2.211950213E-1
1.968603516E4,1.310024597E-1
1.968750000E4,2.114818713E-1
1.968896484E4,3.751571509E-1
1.969042969E4,3.734864959E-1
1.969189453E4,4.089383959E-1
1.969335938E4,1.625548399E-1
1.969482422E4,2.997659477E-1
1.969628906E4,3.347629317E-1
1.969775391E4,2.242897951E-1
1.969921875E4,7.489882710E-2
1.970068359E4,2.002147079E-1
1.970214844E4,1.243262666E-1
1.970361328E4,1.536150136E-1
1.970507812E4,9.608836810E-3
1.970654297E4,4.236828584E-2
1.970800781E4,1.645653391E-1
1.970947266E4,1.365805089E-1
1.971093750E4,8.698541456E-2
1.971240234E4,1.179573033E-1
1.971386719E4,1.715088145E-1
1.971533203E4,1.711634568E-1
1.971679688E4,2.686568277E-1
1.971826172E4,2.718602346E-1
1.971972656E4,2.781231891E-1
1.972119141E4,2.793848479E-1
1.972265625E4,1.926608911E-1
1.972412109E4,3.499757901E-1
1.972558594E4,1.241609676E-1
1.972705078E4,2.635358111E-1
1.972851562E4,1.959002338E-1
1.972998047E4,2.646175524E-1
1.973144531E4,1.943350819E-1
1.973291016E4,4.262135620E-2
1.973437500E4,5.223525735E-1
1.973583984E4,2.722744863E-1
1.973730469E4,2.403765751E-1
1.973876953E4,9.759876352E-2
1.974023438E4,2.315819703E-1
1.974169922E4,3.555628677E-1
1.974316406E4,3.157922790E-1
1.974462891E4,2.069261144E-1
1.974609375E4,1.752012812E-1
1.974755859E4,1.997176415E-1
1.974902344E4,8.911321204E-2
1.975048828E4,3.536909839E-2
1.975195312E4,1.873563653E-1
1.975341797E4,1.810770241E-1
1.975488281E4,2.975638630E-1
1.975634766E4,3.329430875E-1
1.975781250E4,3.217983730E-1
1.975927734E4,2.794229755E-1
1.976074219E4,1.009432180E-1
1.976220703E4,1.633377760E-1
1.976367188E4,2.343230243E-1
1.976513672E4,1.866717869E-1
1.976660156E4,1.296859758E-1
1.976806641E4,4.721027097E-2
1.976953125E4,4.514262936E-1
1.977099609E4,2.766049279E-1
1.977246094E4,2.970821370E-1
1.977392578E4,1.880287871E-1
1.977539062E4,3.437682616E-1
1.977685547E4,1.209013298E-1
1.977832031E4,2.948462102E-1
1.977978516E4,1.982356180E-1
1.978125000E4,1.985418844E-1
1.978271484E4,3.123056354E-1
1.978417969E4,2.427627751E-1
1.978564453E4,1.195887532E-1
1.978710938E4,2.271550360E-1
1.978857422E4,3.902304434E-1
1.979003906E4,1.820917834E-1
1.979150391E4,1.295788495E-1
1.979296875E4,2.494896677E-1
1.979443359E4,1.785315771E-1
1.979589844E4,5.330753360E-2
1.979736328E4,1.798848771E-1
1.979882812E4,3.619396983E-2
1.980029297E4,1.812558972E-1
1.980175781E4,7.474816760E-2
1.980322266E4,1.289900927E-1
1.980468750E4,1.048427980E-1
1.980615234E4,3.231688031E-1
1.980761719E4,1.560430899E-1
1.980908203E4,1.981974323E-1
1.981054688E4,1.468314973E-1
1.981201172E4,3.397044628E-1
1.981347656E4,2.547781312E-1
1.981494141E4,1.528239663E-1
1.981640625E4,2.806686790E-1
1.981787109E4,7.190303049E-2
1.981933594E4,2.250217544E-1
1.982080078E4,2.159679988E-1
1.982226562E4,2.526540261E-1
1.982373047E4,5.734401399E-2
1.982519531E4,2.007081698E-1
1.982666016E4,2.141879634E-1
1.982812500E4,2.309683092E-1
1.982958984E4,1.959234587E-1
1.983105469E4,5.007733339E-1
1.983251953E4,1.953306197E-1
1.983398438E4,3.264853988E-1
1.983544922E4,3.099917877E-1
1.983691406E4,1.090069735E-1
1.983837891E4,1.884599243E-1
1.983984375E4,2.105288094E-1
1.984130859E4,2.349093264E-1
1.984277344E4,6.377476419E-2
1.984423828E4,1.678752934E-1
1.984570312E4,1.597920939E-1
1.984716797E4,1.619070456E-1
1.984863281E4,1.582391442E-1
1.985009766E4,3.783594962E-1
1.985156250E4,1.629160308E-1
1.985302734E4,3.229887385E-1
1.985449219E4,2.838476198E-1
1.985595703E4,1.941270031E-1
1.985742188E4,1.063070378E-1
1.985888672E4,1.265669710E-1
1.986035156E4,5.262702864E-2
1.986181641E4,2.479598141E-2
1.986328125E4,1.900169982E-1
1.986474609E4,2.593971714E-1
1.986621094E4,1.203973112E-1
1.986767578E4,1.362717295E-1
1.986914062E4,6.580280490E-2
1.987060547E4,2.350864939E-1
1.987207031E4,2.943378224E-1
1.987353516E4,2.813072891E-1
1.987500000E4,3.837241619E-1
1.987646484E4,2.333854960E-1
1.987792969E4,2.497747701E-1
1.987939453E4,2.984601496E-1
1.988085938E4,9.295769650E-2
1.988232422E4,2.233943921E-1
1.988378906E4,2.398348841E-1
1.988525391E4,1.521239285E-1
1.988671875E4,2.816795900E-1
1.988818359E4,2.100449944E-1
1.988964844E4,2.606611406E-1
1.989111328E4,1.383047394E-2
1.989257812E4,1.128287901E-1
1.989404297E4,1.843975056E-1
1.989550781E4,1.870069757E-1
1.989697266E4,2.369535046E-1
1.989843750E4,8.845752713E-2
1.989990234E4,2.843501387E-1
1.990136719E4,2.252745246E-1
1.990283203E4,1.439646099E-1
1.990429688E4,9.048072172E-2
1.990576172E4,1.338064463E-1
1.990722656E4,4.751024334E-2
1.990869141E4,1.094882541E-1
1.991015625E4,1.810496201E-1
1.991162109E4,2.903246718E-1
1.991308594E4,1.739411187E-1
1.991455078E4,3.275721191E-1
1.991601562E4,8.951368194E-2
1.991748047E4,2.590012534E-1
1.991894531E4,1.808968723E-1
1.992041016E4,2.545667611E-1
1.992187500E4,1.482554314E-1
1.992333984E4,3.566587061E-2
1.992480469E4,1.425877574E-1
1.992626953E4,1.637292958E-1
1.992773438E4,1.575229111E-1
1.992919922E4,7.703538680E-2
1.993066406E4,1.105185451E-1
1.993212891E4,1.096832928E-1
1.993359375E4,4.766385250E-2
1.993505859E4,1.452138608E-2
1.993652344E4,4.671607449E-2
1.993798828E4,1.633670803E-1
1.993945312E4,1.599326742E-1
1.994091797E4,2.563003306E-2
1.994238281E4,1.162642763E-2
1.994384766E4,1.944715348E-1
1.994531250E4,2.668498976E-1
1.994677734E4,1.772717534E-1
1.994824219E4,2.069232681E-1
1.994970703E4,2.842910181E-1
1.995117188E4,2.505866088E-1
1.995263672E4,2.958323611E-1
1.995410156E4,2.311297540E-1
1.995556641E4,3.021939692E-1
1.995703125E4,2.812614328E-1
1.995849609E4,2.770393295E-1
1.995996094E4,8.111356385E-2
1.996142578E4,1.347122746E-1
1.996289062E4,2.081686681E-1
1.996435547E4,3.248058933E-1
1.996582031E4,3.399532971E-1
1.996728516E4,3.268106653E-1
1.996875000E4,4.302801108E-1
1.997021484E4,2.728103726E-1
1.997167969E4,1.856169037E-1
1.997314453E4,2.799002606E-2
1.997460938E4,4.144564297E-2
1.997607422E4,2.108840030E-1
1.997753906E4,3.649396758E-1
1.997900391E4,3.558219096E-1
1.998046875E4,3.868456944E-1
1.998193359E4,2.471186542E-1
1.998339844E4,1.768727117E-1
1.998486328E4,2.036942886E-1
1.998632812E4,1.504070273E-1
1.998779297E4,3.169357839E-1
1.998925781E4,4.755248038E-1
1.999072266E4,3.183103610E-1
1.999218750E4,1.156850921E-1
1.999365234E4,3.361263726E-1
1.999511719E4,1.904270945E-1
1.999658203E4,1.534223404E-1
1.999804688E4,7.452869286E-2
1.999951172E4,1.519599464E-1
2.000097656E4,1.991773971E-1
2.000244141E4,1.149841410E-1
2.000390625E4,1.754578788E-1
2.000537109E4,5.617682660E-2
2.000683594E4,1.159033707E-1
2.000830078E4,5.956826109E-2
2.000976562E4,6.016707460E-2
2.001123047E4,8.354484075E-2
2.001269531E4,4.463229716E-2
2.001416016E4,9.380854159E-2
2.001562500E4,1.271427239E-1
2.001708984E4,7.385448909E-2
2.001855469E4,1.325723751E-1
2.002001953E4,1.994433749E-1
2.002148438E4,2.262698012E-1
2.002294922E4,1.040119620E-1
2.002441406E4,1.062048623E-1
2.002587891E4,2.354827273E-1
2.002734375E4,7.255262089E-2
2.002880859E4,2.882786741E-1
2.003027344E4,1.716383081E-1
2.003173828E4,2.188694836E-1
2.003320312E4,2.288503873E-1
2.003466797E4,2.283923702E-1
2.003613281E4,1.499764810E-1
2.003759766E4,1.191673540E-1
2.003906250E4,4.727016275E-2
2.004052734E4,6.278399533E-2
2.004199219E4,1.029648730E-1
2.004345703E4,4.142788570E-2
2.004492188E4,1.217618448E-1
2.004638672E4,4.519992218E-2
2.004785156E4,2.024582856E-1
2.004931641E4,1.849527794E-1
2.005078125E4,2.242329645E-1
2.005224609E4,6.256114594E-2
2.005371094E4,1.700016581E-1
2.005517578E4,5.039469023E-2
2.005664062E4,1.892513973E-1
2.005810547E4,1.737037104E-1
2.005957031E4,2.829870868E-1
2.006103516E4,1.962544521E-1
2.006250000E4,2.236178090E-1
2.006396484E4,2.157506517E-1
2.006542969E4,3.276213328E-1
2.006689453E4,2.105062411E-1
2.006835938E4,3.455181817E-1
2.006982422E4,2.596723484E-1
2.007128906E4,1.892091541E-1
2.007275391E4,2.879603015E-1
2.007421875E4,2.040086068E-1
2.007568359E4,2.476198299E-1
2.007714844E4,2.984444031E-1
2.007861328E4,2.800712126E-1
2.008007812E4,2.457109968E-1
2.008154297E4,1.290216423E-1
2.008300781E4,3.626660342E-1
2.008447266E4,1.960642392E-1
2.008593750E4,3.038340298E-1
2.008740234E4,6.662592234E-2
2.008886719E4,1.428090746E-1
2.009033203E4,1.267707761E-1
2.009179688E4,1.289374011E-1
2.009326172E4,5.133784891E-2
2.009472656E4,8.632582990E-2
2.009619141E4,2.092915440E-2
2.009765625E4,2.755623960E-1
2.009912109E4,2.773164246E-2
2.010058594E4,2.152469957E-1
2.010205078E4,1.386836314E-1
2.010351562E4,2.579624051E-1
2.010498047E4,1.833255027E-1
2.010644531E4,2.152744206E-1
2.010791016E4,3.861671278E-1
2.010937500E4,2.063265409E-1
2.011083984E4,2.664923002E-1
2.011230469E4,6.449433347E-2
2.011376953E4,1.747326026E-1
2.011523438E4,1.426676944E-1
2.011669922E4,1.271895979E-1
2.011816406E4,3.162531337E-1
2.011962891E4,2.911844690E-1
2.012109375E4,2.885188520E-1
2.012255859E4,3.724363119E-1
2.012402344E4,2.205855814E-1
2.012548828E4,1.316474648E-1
2.012695312E4,1.324005281E-1
2.012841797E4,4.375747059E-1
2.012988281E4,2.996703954E-1
2.013134766E4,2.836927071E-1
2.013281250E4,3.075849445E-1
2.013427734E4,3.009939535E-1
2.013574219E4,4.757552446E-1
2.013720703E4,5.403483628E-1
2.013867188E4,4.578734838E-1
2.014013672E4,2.532747752E-1
2.014160156E4,3.714235342E-1
2.014306641E4,1.037004711E-1
2.014453125E4,6.018600253E-2
2.014599609E4,1.149603515E-1
2.014746094E4,3.013553393E-1
2.014892578E4,4.353434118E-1
2.015039062E4,5.050174817E-1
2.015185547E4,4.936707467E-1
2.015332031E4,4.319164694E-1
2.015478516E4,3.134505974E-1
2.015625000E4,3.303550264E-1
2.015771484E4,3.997235236E-1
2.015917969E4,4.214378836E-1
2.016064453E4,2.709108441E-1
2.016210938E4,2.641697885E-1
2.016357422E4,2.481364471E-1
2.016503906E4,4.851654571E-1
2.016650391E4,3.836943933E-1
2.016796875E4,2.130307038E-1
2.016943359E4,2.512393195E-1
2.017089844E4,1.186833072E-1
2.017236328E4,1.998869542E-1
2.017382812E4,1.035339653E-1
2.017529297E4,6.089638540E-2
2.017675781E4,2.060148221E-1
2.017822266E4,9.292611395E-2
2.017968750E4,1.964941461E-1
2.018115234E4,2.795911138E-1
2.018261719E4,2.409732881E-1
2.018408203E4,1.725024632E-1
2.018554688E4,1.008735191E-1
2.018701172E4,8.593712896E-2
2.018847656E4,2.497329774E-1
2.018994141E4,2.935923572E-1
2.019140625E4,9.929490432E-2
2.019287109E4,3.427072744E-1
2.019433594E4,3.337273204E-1
2.019580078E4,4.051131004E-1
2.019726562E4,3.120613487E-1
2.019873047E4,5.843459901E-1
2.020019531E4,7.057426007E-1
2.020166016E4,7.503350817E-1
2.020312500E4,6.260051209E-1
2.020458984E4,6.517740268E-1
2.020605469E4,4.434113617E-1
2.020751953E4,4.184169288E-1
2.020898438E4,3.627228880E-1
2.021044922E4,3.804930018E-1
2.021191406E4,3.929161935E-1
2.021337891E4,4.839920465E-1
2.021484375E4,5.591731138E-1
2.021630859E4,5.686104625E-1
2.021777344E4,5.194504918E-1
2.021923828E4,5.753404408E-1
2.022070312E4,4.470651955E-1
2.022216797E4,3.857019763E-1
2.022363281E4,1.963695757E-1
2.022509766E4,8.376676512E-2
2.022656250E4,2.327708872E-1
2.022802734E4,5.368828075E-2
2.022949219E4,4.189955065E-1
2.023095703E4,3.628122986E-1
2.023242188E4,5.150979246E-1
2.023388672E4,3.343133431E-1
2.023535156E4,4.555936856E-1
2.023681641E4,2.697938113E-1
2.023828125E4,4.342398692E-1
2.023974609E4,6.593772498E-1
2.024121094E4,2.562309213E-1
2.024267578E4,3.987925141E-1
2.024414062E4,5.436952719E-1
2.024560547E4,1.887453956E-1
2.024707031E4,3.508425563E-1
2.024853516E4,2.491709616E-1
2.025000000E4,1.425187696E-1
2.025146484E4,1.375112505E-1
2.025292969E4,1.970712806E-1
2.025439453E4,3.723539482E-1
2.025585938E4,3.294901719E-1
2.025732422E4,4.994610634E-1
2.025878906E4,3.284463627E-1
2.026025391E4,3.800482273E-1
2.026171875E4,3.218817426E-1
2.026318359E4,3.500275725E-1
2.026464844E4,3.751670479E-1
2.026611328E4,1.249410410E-1
2.026757812E4,3.157021365E-2
2.026904297E4,3.796045792E-2
2.027050781E4,2.973045487E-1
2.027197266E4,5.245087596E-2
2.027343750E4,5.951793583E-2
2.027490234E4,1.294525514E-1
2.027636719E4,2.596211845E-1
2.027783203E4,3.656475990E-1
2.027929688E4,4.765496872E-1
2.028076172E4,3.441435684E-1
2.028222656E4,1.105880827E-1
2.028369141E4,3.541908739E-2
2.028515625E4,1.955041137E-1
2.028662109E4,3.483271800E-1
2.028808594E4,3.260269792E-1
2.028955078E4,3.702146554E-1
2.029101562E4,2.581881738E-1
2.029248047E4,4.408289087E-1
2.029394531E4,3.658534862E-1
2.029541016E4,1.470877760E-1
2.029687500E4,3.207016789E-1
2.029833984E4,3.615447999E-1
2.029980469E4,5.727220194E-1
2.030126953E4,6.121629705E-1
2.030273438E4,7.838968224E-1
2.030419922E4,5.243467400E-1
2.030566406E4,5.823789937E-1
2.030712891E4,5.886003670E-1
2.030859375E4,6.384665317E-1
2.031005859E4,4.668836175E-1
2.031152344E4,6.219014433E-1
2.031298828E4,4.479652604E-1
2.031445312E4,2.749830053E-1
2.031591797E4,1.215003102E-1
2.031738281E4,3.494698731E-1
2.031884766E4,3.179832393E-1
2.032031250E4,6.366257723E-1
2.032177734E4,6.998766291E-1
2.032324219E4,5.281629787E-1
2.032470703E4,5.007045967E-1
2.032617188E4,4.174040931E-1
2.032763672E4,4.153912594E-1
2.032910156E4,1.406683975E-1
2.033056641E4,2.648234165E-1
2.033203125E4,3.630736226E-1
2.033349609E4,4.642917348E-1
2.033496094E4,3.085907237E-1
2.033642578E4,4.110517719E-1
2.033789062E4,3.256829372E-1
2.033935547E4,2.767223116E-1
2.034082031E4,5.445673088E-1
2.034228516E4,1.544042055E-1
2.034375000E4,4.188062254E-1
2.034521484E4,3.069180616E-1
2.034667969E4,4.624058953E-1
2.034814453E4,1.978876045E-1
2.034960938E4,1.274597618E-1
2.035107422E4,1.707174315E-1
2.035253906E4,2.076820472E-1
2.035400391E4,2.552146974E-1
2.035546875E4,3.602141034E-1
2.035693359E4,5.816469392E-1
2.035839844E4,1.309072880E-1
2.035986328E4,3.347266740E-1
2.036132812E4,2.296836324E-1
2.036279297E4,3.454189397E-1
2.036425781E4,1.310669537E-1
2.036572266E4,1.741396708E-2
2.036718750E4,7.521926382E-2
2.036865234E4,1.344208438E-1
2.037011719E4,1.721685021E-1
2.037158203E4,2.644987388E-1
2.037304688E4,3.437830569E-1
2.037451172E4,2.873528604E-1
2.037597656E4,1.089684644E-1
2.037744141E4,2.413716645E-1
2.037890625E4,4.935767402E-2
2.038037109E4,3.410922554E-1
2.038183594E4,2.988059230E-1
2.038330078E4,3.594958546E-1
2.038476562E4,3.018341963E-1
2.038623047E4,1.565530419E-1
2.038769531E4,1.101176002E-1
2.038916016E4,3.069567239E-1
2.039062500E4,9.158490928E-2
2.039208984E4,3.146907482E-1
2.039355469E4,3.131268766E-1
2.039501953E4,1.673831410E-1
2.039648438E4,4.621930031E-1
2.039794922E4,3.918437039E-1
2.039941406E4,3.887979358E-1
2.040087891E4,1.851847561E-1
2.040234375E4,3.151732183E-1
2.040380859E4,1.180421488E-1
2.040527344E4,3.762986988E-1
2.040673828E4,1.441839965E-1
2.040820312E4,2.455490357E-1
2.040966797E4,3.148420752E-1
2.041113281E4,3.009079968E-1
2.041259766E4,2.777483551E-1
2.041406250E4,3.956947375E-1
2.041552734E4,6.627814569E-1
2.041699219E4,3.434869080E-1
2.041845703E4,2.205278198E-1
2.041992188E4,3.182368522E-1
2.042138672E4,1.158437514E-1
2.042285156E4,4.961816317E-1
2.042431641E4,3.002499542E-1
2.042578125E4,1.831926152E-1
2.042724609E4,1.573458576E-1
2.042871094E4,2.987472226E-1
2.043017578E4,8.391121249E-2
2.043164062E4,3.327672274E-1
2.043310547E4,1.488956952E-1
2.043457031E4,2.259550935E-1
2.043603516E4,2.494432495E-1
2.043750000E4,1.162110625E-1
2.043896484E4,3.413710537E-1
2.044042969E4,2.454948795E-1
2.044189453E4,2.050844040E-1
2.044335938E4,5.021130105E-1
2.044482422E4,5.169588197E-1
2.044628906E4,3.059945323E-1
2.044775391E4,3.306110910E-1
2.044921875E4,4.038156395E-1
2.045068359E4,4.700127935E-1
2.045214844E4,3.377465642E-1
2.045361328E4,9.191607878E-2
2.045507812E4,1.050779872E-1
2.045654297E4,9.091993066E-2
2.045800781E4,2.978908774E-1
2.045947266E4,3.651514595E-1
2.046093750E4,4.401179381E-1
2.046240234E4,3.008573658E-1
2.046386719E4,4.343855330E-1
2.046533203E4,3.406121580E-1
2.046679688E4,4.896237402E-1
2.046826172E4,5.734638141E-1
2.046972656E4,5.045814435E-1
2.047119141E4,4.539433949E-1
2.047265625E4,3.285194808E-1
2.047412109E4,3.748971808E-1
2.047558594E4,4.059280960E-1
2.047705078E4,5.672378223E-1
2.047851562E4,3.349415108E-1
2.047998047E4,3.248597641E-1
2.048144531E4,3.420447389E-1
2.048291016E4,1.524865067E-1
2.048437500E4,2.667611227E-1
2.048583984E4,2.700283433E-1
2.048730469E4,4.703029469E-1
2.048876953E4,4.388984508E-1
2.049023438E4,4.819329369E-1
2.049169922E4,7.071999294E-1
2.049316406E4,4.461432126E-1
2.049462891E4,3.753837557E-1
2.049609375E4,4.643454304E-1
2.049755859E4,1.579796451E-1
2.049902344E4,3.040232982E-1
2.050048828E4,2.122923339E-1
2.050195312E4,1.939436086E-1
2.050341797E4,2.554885310E-1
2.050488281E4,1.277057559E-1
2.050634766E4,1.234615778E-1
2.050781250E4,1.051883553E-1
2.050927734E4,7.511044109E-2
2.051074219E4,2.119334165E-1
2.051220703E4,1.239167587E-1
2.051367188E4,3.076413213E-1
2.051513672E4,1.308942598E-1
2.051660156E4,1.613139447E-1
2.051806641E4,2.547455034E-2
2.051953125E4,1.476456083E-1
2.052099609E4,9.240287706E-2
2.052246094E4,2.154864175E-1
2.052392578E4,1.366064036E-1
2.052539062E4,1.199510011E-1
2.052685547E4,1.815315276E-1
2.052832031E4,5.579283041E-2
2.052978516E4,1.909073232E-1
2.053125000E4,8.061976366E-2
2.053271484E4,1.104882425E-1
2.053417969E4,1.734561677E-1
2.053564453E4,1.353335743E-1
2.053710938E4,1.075845639E-1
2.053857422E4,1.183641519E-1
2.054003906E4,1.951735222E-1
2.054150391E4,2.343130076E-2
2.054296875E4,2.746414566E-1
2.054443359E4,3.598009645E-1
2.054589844E4,1.806848452E-1
2.054736328E4,4.014507901E-1
2.054882812E4,8.231215358E-2
2.055029297E4,1.531596053E-1
2.055175781E4,1.873728459E-1
2.055322266E4,1.285557234E-1
2.055468750E4,7.397094012E-2
2.055615234E4,2.207026323E-1
2.055761719E4,2.710452089E-1
2.055908203E4,1.529170006E-1
2.056054688E4,1.822752991E-1
2.056201172E4,2.074972077E-1
2.056347656E4,2.825021828E-1
2.056494141E4,1.758221431E-1
2.056640625E4,2.195549423E-1
2.056787109E4,1.792038328E-1
2.056933594E4,2.697508796E-1
2.057080078E4,1.452216771E-1
2.057226562E4,2.515622810E-1
2.057373047E4,3.235727300E-1
2.057519531E4,2.934776786E-1
2.057666016E4,4.094381397E-1
2.057812500E4,1.876660917E-1
2.057958984E4,1.920157525E-1
2.058105469E4,2.835641114E-1
2.058251953E4,1.868123919E-1
2.058398438E4,2.612571732E-1
2.058544922E4,2.256649811E-1
2.058691406E4,2.266390933E-1
2.058837891E4,1.276758150E-1
2.058984375E4,3.182001636E-1
2.059130859E4,8.913869886E-2
2.059277344E4,5.105638801E-2
2.059423828E4,2.039633707E-1
2.059570312E4,1.388506603E-1
2.059716797E4,1.707992455E-1
2.059863281E4,1.656065734E-1
2.060009766E4,3.631533351E-1
2.060156250E4,2.603006467E-1
2.060302734E4,3.622146542E-1
2.060449219E4,3.284925050E-1
2.060595703E4,3.249761541E-1
2.060742188E4,3.828965646E-1
2.060888672E4,1.960224692E-1
2.061035156E4,3.202856897E-2
2.061181641E4,2.332426412E-1
2.061328125E4,1.997611620E-1
2.061474609E4,5.016233407E-1
2.061621094E4,1.924916742E-1
2.061767578E4,5.064131819E-1
2.061914062E4,4.224619563E-1
2.062060547E4,3.185899800E-1
2.062207031E4,4.110460970E-1
2.062353516E4,4.146585230E-1
2.062500000E4,3.227277472E-1
2.062646484E4,3.329124910E-1
2.062792969E4,4.823702037E-1
2.062939453E4,2.740997357E-1
2.063085938E4,3.984825094E-1
2.063232422E4,1.759138019E-1
2.063378906E4,6.134637932E-2
2.063525391E4,2.283066449E-1
2.063671875E4,2.415538969E-1
2.063818359E4,2.285453193E-1
2.063964844E4,4.462027909E-1
2.064111328E4,2.651968919E-1
2.064257812E4,3.564380572E-1
2.064404297E4,4.312331899E-1
2.064550781E4,4.392652301E-1
2.064697266E4,2.499735184E-1
2.064843750E4,6.354360435E-1
2.064990234E4,5.589571241E-1
2.065136719E4,5.199357567E-1
2.065283203E4,3.255661430E-1
2.065429688E4,5.076374073E-1
2.065576172E4,3.532316669E-1
2.065722656E4,4.793263229E-1
2.065869141E4,2.749108992E-1
2.066015625E4,3.363975924E-2
2.066162109E4,3.132643546E-2
2.066308594E4,2.972465831E-1
2.066455078E4,3.239255782E-1
2.066601562E4,3.778291957E-1
2.066748047E4,2.924161693E-1
2.066894531E4,4.287629667E-1
2.067041016E4,4.963515306E-1
2.067187500E4,3.290787690E-1
2.067333984E4,4.895145106E-1
2.067480469E4,5.995940298E-1
2.067626953E4,2.346608324E-1
2.067773438E4,2.760889822E-1
2.067919922E4,1.469267051E-1
2.068066406E4,3.846335687E-1
2.068212891E4,1.051684531E-1
2.068359375E4,3.753045795E-1
2.068505859E4,1.923152062E-1
2.068652344E4,2.081520912E-1
2.068798828E4,1.993252157E-1
2.068945312E4,1.616910198E-1
2.069091797E4,1.194249432E-1
2.069238281E4,4.159988331E-2
2.069384766E4,1.599924383E-1
2.069531250E4,2.270334548E-1
2.069677734E4,1.312612510E-1
2.069824219E4,2.557254652E-1
2.069970703E4,9.384933175E-2
2.070117188E4,3.904270517E-1
2.070263672E4,9.495738845E-2
2.070410156E4,4.403260330E-1
2.070556641E4,1.992113659E-1
2.070703125E4,2.676936323E-1
2.070849609E4,3.189943152E-1
2.070996094E4,2.519290017E-1
2.071142578E4,2.310832542E-1
2.071289062E4,2.689637875E-1
2.071435547E4,2.221364368E-1
2.071582031E4,2.305723692E-1
2.071728516E4,1.464083471E-1
2.071875000E4,3.670486938E-1
2.072021484E4,1.429133236E-1
2.072167969E4,1.128115245E-1
2.072314453E4,5.165607838E-1
2.072460938E4,1.582584180E-1
2.072607422E4,4.187884597E-1
2.072753906E4,9.693857926E-2
2.072900391E4,3.158036249E-1
2.073046875E4,7.354694521E-2
2.073193359E4,8.274235302E-2
2.073339844E4,1.944014608E-1
2.073486328E4,1.309941504E-2
2.073632812E4,1.382883077E-1
2.073779297E4,4.615659769E-1
2.073925781E4,1.153441807E-1
2.074072266E4,1.687910831E-1
2.074218750E4,2.377932162E-1
2.074365234E4,1.199757085E-1
2.074511719E4,1.153997121E-1
2.074658203E4,2.743540668E-1
2.074804688E4,1.329992280E-1
2.074951172E4,1.486818480E-1
2.075097656E4,2.655888199E-1
2.075244141E4,1.225567093E-1
2.075390625E4,4.531753888E-1
2.075537109E4,3.259704340E-1
2.075683594E4,1.362581392E-1
2.075830078E4,2.893681298E-1
2.075976562E4,2.172501354E-1
2.076123047E4,1.201911614E-1
2.076269531E4,1.026626381E-1
2.076416016E4,3.241808733E-2
2.076562500E4,1.025728253E-1
2.076708984E4,2.116441797E-1
2.076855469E4,8.217922822E-2
2.077001953E4,2.328409856E-2
2.077148438E4,3.294494696E-1
2.077294922E4,2.827193055E-1
2.077441406E4,2.704821363E-1
2.077587891E4,2.227871590E-2
2.077734375E4,2.657403771E-1
2.077880859E4,4.997105768E-1
2.078027344E4,4.123105121E-1
2.078173828E4,2.369125102E-1
2.078320312E4,1.221049121E-1
2.078466797E4,1.548739593E-1
2.078613281E4,3.043502793E-1
2.078759766E4,1.679993473E-1
2.078906250E4,2.472311821E-1
2.079052734E4,1.070588430E-1
2.079199219E4,3.873988021E-1
2.079345703E4,1.312675540E-1
2.079492188E4,3.376727499E-1
2.079638672E4,1.868477130E-1
2.079785156E4,3.064588511E-1
2.079931641E4,2.676856687E-1
2.080078125E4,2.924373057E-1
2.080224609E4,2.996924601E-1
2.080371094E4,4.558012305E-1
2.080517578E4,3.042211185E-1
2.080664062E4,4.144260205E-1
2.080810547E4,3.856894262E-1
2.080957031E4,4.102083660E-1
2.081103516E4,3.952240868E-1
2.081250000E4,2.680040356E-1
2.081396484E4,2.045133911E-1
2.081542969E4,3.515934697E-1
2.081689453E4,2.937130879E-1
2.081835938E4,3.518378648E-1
2.081982422E4,3.988050995E-1
2.082128906E4,6.149007976E-1
2.082275391E4,2.518217930E-1
2.082421875E4,2.769034873E-1
2.082568359E4,2.138356298E-1
2.082714844E4,1.649165827E-1
2.082861328E4,1.546698844E-1
2.083007812E4,1.851681040E-1
2.083154297E4,3.808246615E-1
2.083300781E4,5.081525610E-1
2.083447266E4,5.066571057E-2
2.083593750E4,3.804210102E-1
2.083740234E4,2.087164388E-1
2.083886719E4,4.380721179E-1
2.084033203E4,2.646468637E-1
2.084179688E4,1.956373839E-1
2.084326172E4,3.005448883E-1
2.084472656E4,1.945524061E-1
2.084619141E4,1.010644957E-1
2.084765625E4,1.275383160E-1
2.084912109E4,2.830574208E-1
2.085058594E4,1.380651126E-1
2.085205078E4,5.360055561E-2
2.085351562E4,1.788433572E-1
2.085498047E4,2.131900661E-1
2.085644531E4,2.206308269E-1
2.085791016E4,1.568644260E-1
2.085937500E4,4.055631823E-1
2.086083984E4,2.778166121E-1
2.086230469E4,2.520422444E-1
2.086376953E4,1.985310052E-1
2.086523438E4,2.225275787E-1
2.086669922E4,3.065943881E-1
2.086816406E4,3.556048749E-2
2.086962891E4,3.390289740E-1
2.087109375E4,4.211120449E-1
2.087255859E4,2.546804750E-1
2.087402344E4,2.041787959E-1
2.087548828E4,2.642614110E-1
2.087695312E4,5.359936190E-2
2.087841797E4,1.750143596E-1
2.087988281E4,1.257728632E-1
2.088134766E4,1.722477704E-1
2.088281250E4,1.755226194E-1
2.088427734E4,2.291599028E-1
2.088574219E4,3.064527330E-1
2.088720703E4,2.938910235E-1
2.088867188E4,3.264734307E-1
2.089013672E4,4.175970661E-1
2.089160156E4,3.338451825E-1
2.089306641E4,2.913011321E-1
2.089453125E4,3.872019328E-1
2.089599609E4,7.173506359E-2
2.089746094E4,2.598780653E-1
2.089892578E4,1.116620795E-1
2.090039062E4,4.353015472E-2
2.090185547E4,2.168095875E-1
2.090332031E4,2.959253372E-1
2.090478516E4,8.530798801E-2
2.090625000E4,2.336171931E-1
2.090771484E4,2.442537067E-1
2.090917969E4,1.741394858E-1
2.091064453E4,1.962078505E-1
2.091210938E4,1.555487335E-1
2.091357422E4,2.693004760E-1
2.091503906E4,1.629819204E-1
2.091650391E4,3.914924258E-1
2.091796875E4,3.451980463E-1
2.091943359E4,4.252275402E-1
2.092089844E4,3.968775017E-1
2.092236328E4,3.409079790E-1
2.092382812E4,3.660142100E-1
2.092529297E4,1.800920022E-1
2.092675781E4,1.462016545E-1
2.092822266E4,8.182525752E-2
2.092968750E4,5.813512799E-2
2.093115234E4,1.021087175E-1
2.093261719E4,9.058358369E-2
2.093408203E4,2.339073606E-1
2.093554688E4,1.254484828E-1
2.093701172E4,1.400433747E-1
2.093847656E4,1.192541012E-1
2.093994141E4,4.737194634E-2
2.094140625E4,2.745601395E-1
2.094287109E4,1.801910353E-2
2.094433594E4,2.028856930E-1
2.094580078E4,5.361373667E-2
2.094726562E4,1.558687857E-1
2.094873047E4,1.524873415E-1
2.095019531E4,1.151897936E-1
2.095166016E4,3.076584349E-1
2.095312500E4,2.833688490E-1
2.095458984E4,8.194854395E-2
2.095605469E4,2.823506107E-1
2.095751953E4,1.187742199E-1
2.095898438E4,1.783782776E-1
2.096044922E4,7.032469329E-2
2.096191406E4,1.604128963E-1
2.096337891E4,1.631733787E-1
2.096484375E4,1.934161341E-1
2.096630859E4,4.983619039E-1
2.096777344E4,3.690616639E-1
2.096923828E4,4.991019368E-1
2.097070312E4,3.784653739E-1
2.097216797E4,3.478440247E-1
2.097363281E4,3.910537383E-1
2.097509766E4,3.591812688E-1
2.097656250E4,2.230386933E-1
2.097802734E4,1.071761660E-1
2.097949219E4,8.729502058E-2
2.098095703E4,1.402346574E-1
2.098242188E4,1.401308955E-1
2.098388672E4,2.220930926E-1
2.098535156E4,2.540724282E-1
2.098681641E4,2.706254459E-1
2.098828125E4,1.827880340E-1
2.098974609E4,2.237696260E-1
2.099121094E4,6.433414546E-2
2.099267578E4,3.261488507E-1
2.099414062E4,1.367407333E-1
2.099560547E4,1.445421877E-1
2.099707031E4,5.564430159E-2
2.099853516E4,1.290821534E-1
2.100000000E4,2.209908915E-1
2.100146484E4,8.710859986E-2
2.100292969E4,2.979149155E-1
2.100439453E4,2.917107263E-1
2.100585938E4,1.232357448E-1
2.100732422E4,1.930474942E-1
2.100878906E4,6.329854593E-2
2.101025391E4,1.475703800E-1
2.101171875E4,3.698893918E-2
2.101318359E4,1.251347648E-1
2.101464844E4,2.856452762E-1
2.101611328E4,2.058840721E-1
2.101757812E4,1.457379940E-1
2.101904297E4,3.234629271E-1
2.102050781E4,4.833393833E-1
2.102197266E4,3.631790051E-1
2.102343750E4,2.204382673E-1
2.102490234E4,3.103755410E-1
2.102636719E4,2.365747360E-1
2.102783203E4,1.516362723E-1
2.102929688E4,2.230091500E-1
2.103076172E4,2.263875422E-1
2.103222656E4,2.302374457E-1
2.103369141E4,1.662688154E-1
2.103515625E4,1.603533716E-1
2.103662109E4,8.341719018E-2
2.103808594E4,2.552611347E-1
2.103955078E4,3.257388007E-2
2.104101562E4,1.795238853E-1
2.104248047E4,1.595676300E-1
2.104394531E4,5.905078524E-2
2.104541016E4,7.447645166E-2
2.104687500E4,5.016911445E-2
2.104833984E4,1.074783810E-1
2.104980469E4,1.157921922E-1
2.105126953E4,1.201763602E-1
2.105273438E4,1.563279999E-1
2.105419922E4,8.522409707E-2
2.105566406E4,2.610000647E-1
2.105712891E4,2.136466278E-2
2.105859375E4,2.156249534E-1
2.106005859E4,2.457222697E-1
2.106152344E4,4.320723152E-1
2.106298828E4,2.294492509E-1
2.106445312E4,4.340047702E-1
2.106591797E4,3.518881052E-1
2.106738281E4,1.704027568E-1
2.106884766E4,2.170144761E-1
2.107031250E4,1.912544798E-1
2.107177734E4,2.898980948E-2
2.107324219E4,1.967454011E-1
2.107470703E4,1.571733260E-1
2.107617188E4,2.010178923E-1
2.107763672E4,2.180737163E-1
2.107910156E4,3.159358299E-1
2.108056641E4,2.104059722E-2
2.108203125E4,1.971049707E-1
2.108349609E4,7.320790426E-2
2.108496094E4,1.028537409E-1
2.108642578E4,2.065424434E-1
2.108789062E4,3.755562601E-1
2.108935547E4,4.096868022E-1
2.109082031E4,3.848940376E-1
2.109228516E4,4.321040344E-1
2.109375000E4,2.123467936E-1
2.109521484E4,3.484122351E-1
2.109667969E4,1.726793086E-1
2.109814453E4,3.804740408E-2
2.109960938E4,8.645753632E-3
2.110107422E4,1.676041817E-1
2.110253906E4,9.085519859E-2
2.110400391E4,1.769053420E-1
2.110546875E4,2.190200184E-1
2.110693359E4,2.032826257E-1
2.110839844E4,2.260489841E-1
2.110986328E4,1.024850221E-1
2.111132812E4,1.868670980E-1
2.111279297E4,1.129312328E-1
2.111425781E4,1.891175983E-1
2.111572266E4,2.339137208E-1
2.111718750E4,1.598222541E-1
2.111865234E4,3.133730211E-1
2.112011719E4,1.444727189E-1
2.112158203E4,3.688065567E-1
2.112304688E4,2.128377087E-1
2.112451172E4,1.651363590E-1
2.112597656E4,7.193325025E-2
2.112744141E4,1.357737272E-2
2.112890625E4,1.183088878E-1
2.113037109E4,3.491215123E-1
2.113183594E4,2.622274269E-1
2.113330078E4,2.343858621E-1
2.113476562E4,1.625293882E-1
2.113623047E4,1.958107480E-1
2.113769531E4,3.277758430E-1
2.113916016E4,3.671642975E-1
2.114062500E4,3.726528451E-1
2.114208984E4,3.210999073E-1
2.114355469E4,2.004265566E-1
2.114501953E4,1.197064135E-1
2.114648438E4,3.001308286E-1
2.114794922E4,1.805665918E-1
2.114941406E4,1.253889344E-1
2.115087891E4,2.601524045E-1
2.115234375E4,8.686019427E-2
2.115380859E4,1.976353717E-1
2.115527344E4,1.559012878E-1
2.115673828E4,2.826544295E-1
2.115820312E4,1.551122217E-1
2.115966797E4,3.605213801E-1
2.116113281E4,6.867623515E-2
2.116259766E4,1.774821782E-1
2.116406250E4,2.085310793E-1
2.116552734E4,8.890301177E-2
2.116699219E4,2.413673104E-1
2.116845703E4,1.947090571E-1
2.116992188E4,2.419759644E-1
2.117138672E4,1.627272044E-1
2.117285156E4,2.172667229E-1
2.117431641E4,2.541451634E-2
2.117578125E4,1.445484693E-1
2.117724609E4,1.564860898E-1
2.117871094E4,2.281222293E-1
2.118017578E4,1.577279827E-1
2.118164062E4,1.356812389E-1
2.118310547E4,2.256648888E-1
2.118457031E4,3.612632396E-1
2.118603516E4,3.803063000E-1
2.118750000E4,2.634266451E-1
2.118896484E4,2.828882284E-1
2.119042969E4,1.158469020E-1
2.119189453E4,1.250311013E-1
2.119335938E4,1.095253673E-1
2.119482422E4,9.794548920E-2
2.119628906E4,2.494675706E-1
2.119775391E4,3.425522904E-1
2.119921875E4,3.132581130E-1
2.120068359E4,3.439893476E-1
2.120214844E4,2.988425610E-1
2.120361328E4,3.596263444E-1
2.120507812E4,3.623071424E-1
2.120654297E4,3.723381513E-1
2.120800781E4,8.375209611E-2
2.120947266E4,1.062508235E-1
2.121093750E4,1.673013014E-1
2.121240234E4,2.311306392E-2
2.121386719E4,8.475365696E-2
2.121533203E4,2.045815958E-1
2.121679688E4,1.191897449E-1
2.121826172E4,1.084044121E-1
2.121972656E4,2.641600092E-1
2.122119141E4,2.071088161E-1
2.122265625E4,1.386200843E-1
2.122412109E4,7.925449429E-2
2.122558594E4,7.825689886E-2
2.122705078E4,1.470946972E-1
2.122851562E4,1.129967326E-1
2.122998047E4,1.559243690E-1
2.123144531E4,1.884017422E-1
2.123291016E4,4.104707978E-1
2.123437500E4,3.691100835E-1
2.123583984E4,3.798610203E-1
2.123730469E4,3.877970902E-1
2.123876953E4,2.987806163E-1
2.124023438E4,3.155479443E-1
2.124169922E4,2.080492160E-1
2.124316406E4,2.760899971E-1
2.124462891E4,1.921211874E-1
2.124609375E4,7.394864546E-2
2.124755859E4,1.530581750E-1
2.124902344E4,1.509093354E-1
2.125048828E4,9.263667630E-2
2.125195312E4,1.471960456E-1
2.125341797E4,1.052023219E-1
2.125488281E4,2.213016109E-1
2.125634766E4,1.920872663E-1
2.125781250E4,8.058131699E-2
2.125927734E4,1.500498423E-1
2.126074219E4,2.079951864E-1
2.126220703E4,2.013293457E-1
2.126367188E4,2.931137286E-1
2.126513672E4,1.040476053E-1
2.126660156E4,6.010700611E-2
2.126806641E4,7.279252914E-2
2.126953125E4,1.721872250E-1
2.127099609E4,1.523432858E-1
2.127246094E4,2.649739189E-1
2.127392578E4,1.129245189E-1
2.127539062E4,1.663493009E-1
2.127685547E4,1.385881412E-1
2.127832031E4,1.716143983E-1
2.127978516E4,9.068134663E-2
2.128125000E4,2.181787612E-1
2.128271484E4,1.451648267E-1
2.128417969E4,3.899346876E-1
2.128564453E4,1.469424521E-1
2.128710938E4,2.895299356E-1
2.128857422E4,2.326933612E-1
2.129003906E4,1.482532740E-1
2.129150391E4,1.686994447E-1
2.129296875E4,6.627517311E-2
2.129443359E4,4.526219734E-2
2.129589844E4,9.426548125E-2
2.129736328E4,1.825348350E-1
2.129882812E4,3.058794110E-1
2.130029297E4,2.295874370E-1
2.130175781E4,2.174223506E-1
2.130322266E4,4.480663803E-1
2.130468750E4,3.531464525E-1
2.130615234E4,3.321288442E-1
2.130761719E4,4.121407016E-1
2.130908203E4,2.615157564E-1
2.131054688E4,2.069372941E-1
2.131201172E4,1.395227750E-1
2.131347656E4,1.899245953E-2
2.131494141E4,6.883350779E-2
2.131640625E4,1.316441077E-1
2.131787109E4,7.975824471E-2
2.131933594E4,7.399893477E-2
2.132080078E4,1.076095128E-1
2.132226562E4,1.115042243E-1
2.132373047E4,1.415712710E-1
2.132519531E4,4.560182613E-2
2.132666016E4,1.122623831E-1
2.132812500E4,4.755040166E-2
2.132958984E4,1.026189299E-1
2.133105469E4,5.876384655E-2
2.133251953E4,2.763756068E-1
2.133398438E4,2.143737170E-1
2.133544922E4,1.456301226E-1
2.133691406E4,1.262006169E-1
2.133837891E4,2.275708722E-1
2.133984375E4,2.235833685E-1
2.134130859E4,1.182654759E-1
2.134277344E4,1.763663730E-1
2.134423828E4,1.691693222E-1
2.134570312E4,1.289197449E-1
2.134716797E4,1.940975051E-1
2.134863281E4,2.110890759E-1
2.135009766E4,1.465539400E-1
2.135156250E4,2.196400247E-1
2.135302734E4,9.615768991E-2
2.135449219E4,1.401539567E-1
2.135595703E4,1.480798313E-1
2.135742188E4,2.969445611E-1
2.135888672E4,1.665686556E-1
2.136035156E4,2.793693380E-1
2.136181641E4,3.007287380E-1
2.136328125E4,3.860430017E-1
2.136474609E4,3.586845508E-1
2.136621094E4,3.289555604E-1
2.136767578E4,2.600120724E-1
2.136914062E4,3.092068059E-1
2.137060547E4,2.887489143E-1
2.137207031E4,3.170772729E-1
2.137353516E4,1.571395619E-1
2.137500000E4,6.984380650E-2
2.137646484E4,7.403011698E-2
2.137792969E4,1.957375169E-1
2.137939453E4,2.821163882E-1
2.138085938E4,2.563435670E-1
2.138232422E4,1.997091504E-1
2.138378906E4,6.146757251E-2
2.138525391E4,1.938296329E-1
2.138671875E4,1.713959001E-1
2.138818359E4,1.422339541E-1
2.138964844E4,9.434629210E-2
2.139111328E4,1.541192695E-1
2.139257812E4,1.192571196E-1
2.139404297E4,1.582770482E-1
2.139550781E4,1.471389315E-1
2.139697266E4,1.402579719E-1
2.139843750E4,2.718966603E-1
2.139990234E4,1.881259295E-1
2.140136719E4,1.375694189E-1
2.140283203E4,1.649935835E-1
2.140429688E4,2.074574110E-1
2.140576172E4,1.259520718E-1
2.140722656E4,9.880377584E-2
2.140869141E4,1.048953963E-1
2.141015625E4,1.333181797E-1
2.141162109E4,2.705558396E-1
2.141308594E4,3.008645221E-1
2.141455078E4,4.127309240E-1
2.141601562E4,4.902742738E-1
2.141748047E4,3.821355167E-1
2.141894531E4,3.506134784E-1
2.142041016E4,2.360663329E-1
2.142187500E4,1.071426833E-1
2.142333984E4,1.683362928E-1
2.142480469E4,1.816089716E-1
2.142626953E4,2.253489431E-1
2.142773438E4,1.447759149E-1
2.142919922E4,1.631392400E-1
2.143066406E4,1.903735375E-1
2.143212891E4,3.134263351E-1
2.143359375E4,3.838985104E-1
2.143505859E4,2.223902361E-1
2.143652344E4,3.004378584E-1
2.143798828E4,2.581037125E-1
2.143945312E4,2.842394711E-1
2.144091797E4,2.273156038E-1
2.144238281E4,2.080017224E-1
2.144384766E4,5.661255961E-2
2.144531250E4,1.434715976E-1
2.144677734E4,1.798715983E-1
2.144824219E4,1.379763913E-1
2.144970703E4,1.615732758E-1
2.145117188E4,5.054530555E-2
2.145263672E4,2.361983598E-1
2.145410156E4,1.420547572E-1
2.145556641E4,1.017957792E-1
2.145703125E4,1.917665746E-1
2.145849609E4,1.367581670E-1
2.145996094E4,2.905063073E-1
2.146142578E4,4.007782601E-1
2.146289062E4,3.181061770E-1
2.146435547E4,4.715023083E-1
2.146582031E4,3.791092249E-1
2.146728516E4,4.245205719E-1
2.146875000E4,4.278230106E-1
2.147021484E4,2.936611717E-1
2.147167969E4,2.215556851E-1
2.147314453E4,2.734510996E-1
2.147460938E4,3.464209368E-1
2.147607422E4,3.678503811E-1
2.147753906E4,3.729733809E-1
2.147900391E4,3.744371841E-1
2.148046875E4,2.586472824E-1
2.148193359E4,3.960724822E-1
2.148339844E4,6.874495026E-2
2.148486328E4,1.866387726E-1
2.148632812E4,1.948946965E-1
2.148779297E4,2.111821710E-1
2.148925781E4,3.034803524E-1
2.149072266E4,2.651357241E-1
2.149218750E4,2.155187229E-1
2.149365234E4,3.860930900E-1
2.149511719E4,2.282378381E-1
2.149658203E4,1.873360857E-1
2.149804688E4,1.906740852E-1
2.149951172E4,8.714872600E-2
2.150097656E4,3.106867497E-2
2.150244141E4,1.469777705E-1
2.150390625E4,5.020035847E-2
2.150537109E4,1.443037315E-1
2.150683594E4,1.019927948E-1
2.150830078E4,1.710338409E-1
2.150976562E4,1.031237920E-1
2.151123047E4,1.616282471E-1
2.151269531E4,1.922540653E-1
2.151416016E4,1.204695142E-1
2.151562500E4,1.778966148E-1
2.151708984E4,2.224485981E-1
2.151855469E4,1.239670394E-1
2.152001953E4,1.580385613E-1
2.152148438E4,1.097057890E-1
2.152294922E4,1.669241628E-1
2.152441406E4,1.036503175E-1
2.152587891E4,2.384182620E-1
2.152734375E4,6.999079631E-2
2.152880859E4,1.890323872E-1
2.153027344E4,1.419008232E-1
2.153173828E4,2.500154543E-1
2.153320312E4,1.503763439E-1
2.153466797E4,7.644565909E-2
2.153613281E4,1.428095366E-1
2.153759766E4,1.912411534E-1
2.153906250E4,1.085494376E-1
2.154052734E4,4.966447917E-2
2.154199219E4,2.086944444E-1
2.154345703E4,1.709291426E-1
2.154492188E4,2.170726330E-1
2.154638672E4,2.967044470E-1
2.154785156E4,3.436533166E-1
2.154931641E4,3.857701619E-1
2.155078125E4,6.914592538E-2
2.155224609E4,2.278222674E-1
2.155371094E4,5.412150427E-2
2.155517578E4,1.424267193E-1
2.155664062E4,1.201535245E-1
2.155810547E4,1.779416542E-1
2.155957031E4,1.947928744E-1
2.156103516E4,2.048518524E-1
2.156250000E4,1.140432743E-1
2.156396484E4,2.036797969E-1
2.156542969E4,1.624126832E-1
2.156689453E4,2.939265110E-1
2.156835938E4,1.325828680E-1
2.156982422E4,6.839417719E-2
2.157128906E4,7.291992155E-2
2.157275391E4,3.350864963E-2
2.157421875E4,2.087175712E-1
2.157568359E4,1.434473911E-1
2.157714844E4,1.857586399E-1
2.157861328E4,9.386427218E-2
2.158007812E4,1.569358174E-1
2.158154297E4,5.033889119E-2
2.158300781E4,1.710453814E-1
2.158447266E4,3.635319773E-2
2.158593750E4,9.584211689E-2
2.158740234E4,8.378802104E-2
2.158886719E4,1.615613973E-1
2.159033203E4,8.380570967E-2
2.159179688E4,1.639878087E-1
2.159326172E4,1.399322878E-1
2.159472656E4,2.227659399E-1
2.159619141E4,1.577529280E-1
2.159765625E4,2.622535927E-1
2.159912109E4,1.724937095E-1
2.160058594E4,1.756381798E-1
2.160205078E4,5.233997861E-2
2.160351562E4,1.035822197E-1
2.160498047E4,2.388500280E-1
2.160644531E4,2.034125870E-1
2.160791016E4,1.358311610E-1
2.160937500E4,1.801082156E-1
2.161083984E4,1.155712535E-1
2.161230469E4,9.416473591E-2
2.161376953E4,5.090915291E-2
2.161523438E4,4.392332052E-2
2.161669922E4,5.429255135E-2
2.161816406E4,1.259801443E-1
2.161962891E4,1.247553360E-1
2.162109375E4,7.100227014E-2
2.162255859E4,1.657952376E-1
2.162402344E4,1.084493308E-1
2.162548828E4,1.312797661E-1
2.162695312E4,1.086643330E-1
2.162841797E4,9.511052960E-2
2.162988281E4,1.357062138E-1
2.163134766E4,5.061791858E-2
2.163281250E4,8.735248950E-2
2.163427734E4,6.255524190E-2
2.163574219E4,1.000585722E-1
2.163720703E4,9.319633981E-2
2.163867188E4,1.093800112E-2
2.164013672E4,2.883261872E-2
2.164160156E4,3.934928103E-2
2.164306641E4,1.224857167E-1
2.164453125E4,5.893493634E-2
2.164599609E4,7.120501431E-2
2.164746094E4,1.446571310E-1
2.164892578E4,1.844885560E-1
2.165039062E4,1.792527764E-2
2.165185547E4,1.402366425E-1
2.165332031E4,1.778266714E-2
2.165478516E4,1.380222554E-1
2.165625000E4,4.102186138E-2
2.165771484E4,3.657126779E-2
2.165917969E4,8.354853496E-2
2.166064453E4,1.256934587E-1
2.166210938E4,8.119790196E-2
2.166357422E4,1.589948900E-1
2.166503906E4,1.081346029E-1
2.166650391E4,1.250552123E-1
2.166796875E4,1.003892129E-1
2.166943359E4,2.879415282E-2
2.167089844E4,1.026095576E-1
2.167236328E4,1.636887577E-1
2.167382812E4,1.481051229E-1
2.167529297E4,1.132315546E-1
2.167675781E4,1.390384690E-1
2.167822266E4,1.270878198E-1
2.167968750E4,1.021736204E-1
2.168115234E4,1.380577849E-1
2.168261719E4,1.231047556E-1
2.168408203E4,1.575920966E-1
2.168554688E4,4.767566791E-2
2.168701172E4,1.749930684E-1
2.168847656E4,1.451402470E-1
2.168994141E4,1.527320569E-1
2.169140625E4,1.555181404E-1
2.169287109E4,1.990348659E-1
2.169433594E4,5.672306573E-2
2.169580078E4,5.895952243E-2
2.169726562E4,1.269922156E-1
2.169873047E4,1.330638335E-1
2.170019531E4,1.684437732E-1
2.170166016E4,2.527231936E-1
2.170312500E4,2.804139937E-1
2.170458984E4,2.104099199E-1
2.170605469E4,2.423826317E-1
2.170751953E4,1.654387571E-1
2.170898438E4,2.550508039E-1
2.171044922E4,2.086128061E-1
2.171191406E4,1.224616252E-1
2.171337891E4,2.086336642E-1
2.171484375E4,2.709842399E-1
2.171630859E4,1.888041294E-1
2.171777344E4,1.660330465E-1
2.171923828E4,2.004919087E-1
2.172070312E4,2.130931315E-1
2.172216797E4,1.547729887E-1
2.172363281E4,1.500975521E-1
2.172509766E4,7.012014946E-2
2.172656250E4,1.295671684E-1
2.172802734E4,1.432219405E-1
2.172949219E4,2.445979419E-1
2.173095703E4,1.997840939E-1
2.173242188E4,8.342167272E-2
2.173388672E4,1.217859146E-1
2.173535156E4,8.158587586E-2
2.173681641E4,8.407741177E-2
2.173828125E4,1.007873428E-1
2.173974609E4,1.500034396E-1
2.174121094E4,1.900917679E-1
2.174267578E4,1.655341620E-1
2.174414062E4,2.491073323E-1
2.174560547E4,1.419543240E-1
2.174707031E4,1.977155052E-1
2.174853516E4,1.513843713E-1
2.175000000E4,1.522778697E-1
2.175146484E4,1.690512880E-2
2.175292969E4,4.185596259E-2
2.175439453E4,4.353837322E-2
2.175585938E4,1.459551531E-1
2.175732422E4,1.445597932E-1
2.175878906E4,3.245333655E-2
2.176025391E4,9.960005056E-2
2.176171875E4,6.300905933E-2
2.176318359E4,1.247566105E-1
2.176464844E4,8.808815811E-2
2.176611328E4,2.068496249E-2
2.176757812E4,1.524340667E-1
2.176904297E4,1.190131941E-1
2.177050781E4,1.364300114E-1
2.177197266E4,5.423698373E-2
2.177343750E4,4.839813538E-2
2.177490234E4,1.951724659E-1
2.177636719E4,7.730116480E-2
2.177783203E4,1.988848890E-1
2.177929688E4,2.900444061E-1
2.178076172E4,1.535334501E-1
2.178222656E4,2.217468245E-1
2.178369141E4,2.228617701E-1
2.178515625E4,1.261918787E-1
2.178662109E4,6.110499404E-2
2.178808594E4,2.375188185E-1
2.178955078E4,3.663420035E-2
2.179101562E4,8.092141132E-2
2.179248047E4,1.341803755E-1
2.179394531E4,8.444994156E-2
2.179541016E4,1.403034920E-1
2.179687500E4,1.493554488E-1
2.179833984E4,1.043327095E-1
2.179980469E4,5.329115961E-2
2.180126953E4,4.731721791E-2
2.180273438E4,7.538826825E-2
2.180419922E4,1.785381677E-1
2.180566406E4,1.650193754E-1
2.180712891E4,2.236569243E-1
2.180859375E4,2.076560385E-1
2.181005859E4,1.809071807E-1
2.181152344E4,3.472087576E-1
2.181298828E4,2.339572609E-1
2.181445312E4,9.155711049E-2
2.181591797E4,5.433318168E-2
2.181738281E4,1.147620111E-1
2.181884766E4,8.387372588E-2
2.182031250E4,1.779750638E-1
2.182177734E4,1.987595538E-1
2.182324219E4,1.615058111E-1
2.182470703E4,3.034876592E-1
2.182617188E4,2.054740677E-1
2.182763672E4,1.347578816E-1
2.182910156E4,2.758077670E-2
2.183056641E4,1.630196770E-1
2.183203125E4,1.840918365E-1
2.183349609E4,1.692058117E-1
2.183496094E4,9.897846718E-2
2.183642578E4,1.971055277E-1
2.183789062E4,1.244871902E-1
2.183935547E4,6.964787597E-2
2.184082031E4,1.235509485E-2
2.184228516E4,1.015832148E-1
2.184375000E4,1.326305449E-1
2.184521484E4,1.284454148E-1
2.184667969E4,1.540304102E-1
2.184814453E4,1.779181767E-1
2.184960938E4,1.537745754E-1
2.185107422E4,1.618187430E-1
2.185253906E4,1.107860755E-1
2.185400391E4,1.333196287E-1
2.185546875E4,1.794558032E-1
2.185693359E4,1.616448734E-1
2.185839844E4,3.222385762E-1
2.185986328E4,1.849474280E-1
2.186132812E4,2.493842286E-1
2.186279297E4,1.985126367E-1
2.186425781E4,1.449401799E-1
2.186572266E4,1.303992688E-1
2.186718750E4,1.154063105E-1
2.186865234E4,1.839985927E-1
2.187011719E4,1.597201527E-1
2.187158203E4,5.810472573E-2
2.187304688E4,4.473099103E-2
2.187451172E4,1.351609510E-1
2.187597656E4,6.394482943E-2
2.187744141E4,1.275042803E-1
2.187890625E4,1.016727722E-1
2.188037109E4,1.538023479E-1
2.188183594E4,1.162451477E-1
2.188330078E4,8.647142952E-2
2.188476562E4,8.763885037E-2
2.188623047E4,1.665189313E-1
2.188769531E4,1.379549370E-1
2.188916016E4,1.732300083E-1
2.189062500E4,1.753646042E-1
2.189208984E4,1.381303762E-1
2.189355469E4,1.665383261E-1
2.189501953E4,1.227182863E-1
2.189648438E4,1.633431235E-1
2.189794922E4,1.031555711E-1
2.189941406E4,3.409108343E-2
2.190087891E4,8.195052750E-2
2.190234375E4,6.786259193E-2
2.190380859E4,5.985912971E-2
2.190527344E4,1.286623509E-1
2.190673828E4,1.652189668E-1
2.190820312E4,1.204580530E-1
2.190966797E4,7.247961737E-2
2.191113281E4,1.978494530E-1
2.191259766E4,7.775033938E-2
2.191406250E4,1.648429723E-1
2.191552734E4,1.297838428E-1
2.191699219E4,1.301099392E-1
2.191845703E4,6.338225490E-2
2.191992188E4,4.568607697E-2
2.192138672E4,1.266941423E-1
2.192285156E4,6.715917923E-2
2.192431641E4,7.672814799E-2
2.192578125E4,7.424944404E-2
2.192724609E4,1.106501820E-1
2.192871094E4,1.182420272E-1
2.193017578E4,6.012127672E-2
2.193164062E4,1.170818916E-1
2.193310547E4,8.038618827E-2
2.193457031E4,5.911764214E-2
2.193603516E4,8.431461298E-2
2.193750000E4,1.354347732E-1
2.193896484E4,9.051483800E-2
2.194042969E4,3.633431536E-2
2.194189453E4,3.539366748E-2
2.194335938E4,1.235025479E-1
2.194482422E4,3.301476368E-2
2.194628906E4,2.948845196E-2
2.194775391E4,6.528448545E-2
2.194921875E4,1.466371384E-1
2.195068359E4,1.649289462E-1
2.195214844E4,2.291264639E-1
2.195361328E4,1.921515524E-1
2.195507812E4,1.741365509E-1
2.195654297E4,9.666886333E-2
2.195800781E4,1.780560488E-1
2.195947266E4,1.784958381E-1
2.196093750E4,6.794928796E-2
2.196240234E4,7.259294344E-2
2.196386719E4,8.568260129E-2
2.196533203E4,6.897056307E-2
2.196679688E4,8.466445494E-2
2.196826172E4,7.410148575E-2
2.196972656E4,1.183500577E-1
2.197119141E4,8.197658621E-2
2.197265625E4,2.002681364E-1
2.197412109E4,1.382563743E-1
2.197558594E4,1.961975272E-1
2.197705078E4,1.760894543E-1
2.197851562E4,1.813945709E-1
2.197998047E4,1.704338276E-1
2.198144531E4,9.889946678E-2
2.198291016E4,1.056687960E-1
2.198437500E4,7.540660337E-3
2.198583984E4,1.094507349E-1
2.198730469E4,1.518128449E-1
2.198876953E4,1.041399068E-1
2.199023438E4,2.071068418E-1
2.199169922E4,1.950527300E-1
2.199316406E4,1.913365346E-1
2.199462891E4,1.492590339E-1
2.199609375E4,1.850620486E-1
2.199755859E4,8.604780563E-2
2.199902344E4,1.045591006E-1
2.200048828E4,1.107399611E-1
2.200195312E4,1.232645786E-1
2.200341797E4,4.712875313E-2
2.200488281E4,1.154619211E-1
2.200634766E4,1.095186916E-1
2.200781250E4,9.766587321E-2
2.200927734E4,1.357744181E-1
2.201074219E4,6.661070579E-2
2.201220703E4,1.157578014E-1
2.201367188E4,6.468361786E-2
2.201513672E4,1.176952265E-1
2.201660156E4,1.087423926E-1
2.201806641E4,8.852430273E-2
2.201953125E4,7.143330330E-2
2.202099609E4,9.682621570E-2
2.202246094E4,9.339232152E-2
2.202392578E4,1.101679645E-1
2.202539062E4,1.297674386E-1
2.202685547E4,7.778669295E-2
2.202832031E4,1.528467353E-1
2.202978516E4,2.522041706E-1
2.203125000E4,1.443113193E-1
2.203271484E4,1.985776019E-1
2.203417969E4,1.898330825E-1
2.203564453E4,2.194054523E-1
2.203710938E4,2.490764234E-1
2.203857422E4,1.505895227E-1
2.204003906E4,1.737023937E-1
2.204150391E4,8.941653309E-2
2.204296875E4,5.430457795E-2
2.204443359E4,1.405827307E-1
2.204589844E4,4.675062669E-2
2.204736328E4,2.605078312E-2
2.204882812E4,6.043499242E-2
2.205029297E4,7.298096944E-2
2.205175781E4,1.170888470E-1
2.205322266E4,8.061820914E-2
2.205468750E4,1.437850345E-1
2.205615234E4,9.743722787E-2
2.205761719E4,1.198575592E-1
2.205908203E4,1.051115598E-2
2.206054688E4,2.604629932E-2
2.206201172E4,1.036842742E-1
2.206347656E4,1.146619959E-1
2.206494141E4,9.604332182E-2
2.206640625E4,1.279890442E-1
2.206787109E4,7.254916352E-2
2.206933594E4,2.828204702E-2
2.207080078E4,8.511325594E-2
2.207226562E4,7.498681622E-2
2.207373047E4,1.722264926E-1
2.207519531E4,1.392452370E-1
2.207666016E4,1.006394983E-1
2.207812500E4,1.286959003E-1
2.207958984E4,1.041373174E-1
2.208105469E4,4.644160140E-2
2.208251953E4,8.480201871E-2
2.208398438E4,1.089576632E-1
2.208544922E4,3.362905143E-2
2.208691406E4,6.364876549E-2
2.208837891E4,9.293219214E-2
2.208984375E4,1.092955877E-1
2.209130859E4,1.395808276E-1
2.209277344E4,3.476477671E-2
2.209423828E4,7.543199229E-2
2.209570312E4,6.243800391E-2
2.209716797E4,6.294033726E-2
2.209863281E4,4.065300651E-2
2.210009766E4,1.242709522E-1
2.210156250E4,1.160223774E-1
2.210302734E4,1.069255851E-1
2.210449219E4,7.220172260E-2
2.210595703E4,7.481429911E-2
2.210742188E4,8.191101616E-2
2.210888672E4,4.430937433E-2
2.211035156E4,4.599069053E-2
2.211181641E4,1.523150734E-2
2.211328125E4,8.455747592E-2
2.211474609E4,1.417681336E-1
2.211621094E4,1.125199915E-1
2.211767578E4,8.600017457E-2
2.211914062E4,1.144677747E-1
2.212060547E4,4.381795202E-2
2.212207031E4,1.112486054E-1
2.212353516E4,1.498726096E-1
2.212500000E4,1.347070462E-1
2.212646484E4,9.559802082E-2
2.212792969E4,7.988450834E-2
2.212939453E4,8.296750472E-2
2.213085938E4,1.235902651E-1
2.213232422E4,1.448734805E-1
2.213378906E4,7.956255330E-2
2.213525391E4,1.018665339E-1
2.213671875E4,1.011448185E-1
2.213818359E4,3.415186285E-2
2.213964844E4,4.991436588E-2
2.214111328E4,7.169530743E-2
2.214257812E4,1.018304847E-1
2.214404297E4,2.064989514E-2
2.214550781E4,7.845699257E-2
2.214697266E4,5.480657381E-2
2.214843750E4,1.546051240E-1
2.214990234E4,1.342535033E-1
2.215136719E4,2.098204062E-1
2.215283203E4,2.248321790E-1
2.215429688E4,1.589733345E-1
2.215576172E4,1.119072626E-1
2.215722656E4,1.264345115E-1
2.215869141E4,4.456318387E-2
2.216015625E4,3.428517256E-2
2.216162109E4,1.224847547E-1
2.216308594E4,1.072808519E-1
2.216455078E4,7.627573958E-2
2.216601562E4,1.163629734E-1
2.216748047E4,1.238187859E-1
2.216894531E4,1.017176722E-1
2.217041016E4,7.688070326E-2
2.217187500E4,1.037829794E-1
2.217333984E4,1.394098120E-2
2.217480469E4,1.594472223E-1
2.217626953E4,8.421043091E-3
2.217773438E4,2.102168540E-2
2.217919922E4,9.323017007E-2
2.218066406E4,1.431839790E-1
2.218212891E4,7.282928762E-2
2.218359375E4,9.132849205E-3
2.218505859E4,1.023132326E-2
2.218652344E4,2.321266887E-2
2.218798828E4,5.738156361E-2
2.218945312E4,1.001068995E-1
2.219091797E4,2.868821277E-2
2.219238281E4,7.224700458E-2
2.219384766E4,8.343107340E-2
2.219531250E4,1.092985904E-1
2.219677734E4,5.636870510E-2
2.219824219E4,8.286795117E-2
2.219970703E4,3.319176742E-2
2.220117188E4,3.001708455E-2
2.220263672E4,8.727422122E-2
2.220410156E4,5.065074122E-2
2.220556641E4,5.410779662E-2
2.220703125E4,8.132086747E-2
2.220849609E4,8.028908046E-2
2.220996094E4,1.347583141E-1
2.221142578E4,4.650572344E-2
2.221289062E4,5.214553953E-2
2.221435547E4,5.144988533E-2
2.221582031E4,4.948413043E-2
2.221728516E4,4.421106886E-2
2.221875000E4,1.100966668E-1
2.222021484E4,1.104742252E-1
2.222167969E4,6.198857001E-2
2.222314453E4,9.486948386E-2
2.222460938E4,3.359365294E-2
2.222607422E4,8.054731583E-2
2.222753906E4,1.070744557E-1
2.222900391E4,9.143380573E-2
2.223046875E4,1.787233308E-1
2.223193359E4,1.407460888E-1
2.223339844E4,1.241041350E-1
2.223486328E4,1.098369525E-1
2.223632812E4,5.573913979E-2
2.223779297E4,9.881332285E-2
2.223925781E4,1.105632811E-1
2.224072266E4,1.314667077E-1
2.224218750E4,1.190843955E-1
2.224365234E4,1.406572655E-1
2.224511719E4,1.349059939E-1
2.224658203E4,4.977862767E-2
2.224804688E4,2.025523662E-2
2.224951172E4,1.048931826E-2
2.225097656E4,1.105882623E-1
2.225244141E4,9.626563699E-2
2.225390625E4,5.293124727E-2
2.225537109E4,7.745284309E-2
2.225683594E4,6.724358973E-2
2.225830078E4,4.687293528E-2
2.225976562E4,1.016187167E-1
2.226123047E4,9.659023375E-2
2.226269531E4,7.949745722E-2
2.226416016E4,6.261218590E-2
2.226562500E4,8.502228887E-2
2.226708984E4,5.656653538E-2
2.226855469E4,9.009287657E-2
2.227001953E4,8.176807602E-2
2.227148438E4,4.743457140E-2
2.227294922E4,8.614842489E-2
2.227441406E4,1.112904308E-1
2.227587891E4,1.093366812E-1
2.227734375E4,1.238733976E-1
2.227880859E4,1.205815559E-1
2.228027344E4,7.589665585E-2
2.228173828E4,7.977549603E-2
2.228320312E4,5.023416504E-2
2.228466797E4,5.374582547E-2
2.228613281E4,5.698211937E-2
2.228759766E4,1.416198951E-1
2.228906250E4,1.308182483E-1
2.229052734E4,1.063766361E-1
2.229199219E4,1.436125293E-1
2.229345703E4,1.626376522E-1
2.229492188E4,6.447915194E-2
2.229638672E4,9.009256644E-2
2.229785156E4,4.817931207E-2
2.229931641E4,1.971586084E-2
2.230078125E4,6.129739629E-2
2.230224609E4,4.404360872E-2
2.230371094E4,6.327066851E-2
2.230517578E4,5.015051235E-2
2.230664062E4,5.230567721E-2
2.230810547E4,5.769993934E-2
2.230957031E4,1.357092872E-2
2.231103516E4,2.420392415E-2
2.231250000E4,4.600182851E-2
2.231396484E4,8.998867008E-3
2.231542969E4,8.729053086E-2
2.231689453E4,9.801457420E-2
2.231835938E4,3.166101089E-2
2.231982422E4,1.557690406E-2
2.232128906E4,6.291439378E-2
2.232275391E4,7.718519666E-2
2.232421875E4,6.081746419E-2
2.232568359E4,1.444937783E-1
2.232714844E4,2.403575248E-1
2.232861328E4,1.707634023E-1
2.233007812E4,1.631445137E-1
2.233154297E4,1.363707762E-1
2.233300781E4,1.455476024E-1
2.233447266E4,6.354914884E-2
2.233593750E4,7.256996862E-2
2.233740234E4,9.125851883E-2
2.233886719E4,1.444224340E-1
2.234033203E4,1.995698031E-1
2.234179688E4,2.015725158E-1
2.234326172E4,1.735187944E-1
2.234472656E4,1.208085571E-1
2.234619141E4,8.572173250E-2
2.234765625E4,2.026885594E-2
2.234912109E4,7.128370162E-2
2.235058594E4,5.909313777E-2
2.235205078E4,3.313920382E-2
2.235351562E4,6.950753118E-2
2.235498047E4,6.670493572E-2
2.235644531E4,1.264323766E-1
2.235791016E4,9.649885027E-2
2.235937500E4,6.930998088E-2
2.236083984E4,5.248467252E-2
2.236230469E4,2.276090060E-2
2.236376953E4,5.798929584E-2
2.236523438E4,1.537226366E-2
2.236669922E4,8.215531677E-2
2.236816406E4,2.264900014E-2
2.236962891E4,5.458679102E-2
2.237109375E4,9.470334302E-2
2.237255859E4,5.145343605E-2
2.237402344E4,1.065772161E-1
2.237548828E4,4.798932961E-2
2.237695312E4,6.337733346E-2
2.237841797E4,6.083001833E-2
2.237988281E4,1.064503328E-1
2.238134766E4,8.729001228E-2
2.238281250E4,4.898009756E-2
2.238427734E4,6.921835782E-2
2.238574219E4,2.464769494E-2
2.238720703E4,4.131255535E-2
2.238867188E4,1.847509581E-2
2.239013672E4,2.681994232E-2
2.239160156E4,4.366988403E-2
2.239306641E4,6.309770703E-2
2.239453125E4,4.942165787E-2
2.239599609E4,4.509097060E-3
2.239746094E4,5.397250069E-2
2.239892578E4,2.556158964E-2
2.240039062E4,5.102091844E-2
2.240185547E4,3.809032863E-2
2.240332031E4,8.185153477E-2
2.240478516E4,7.252875460E-2
2.240625000E4,6.409855449E-2
2.240771484E4,5.248178429E-2
2.240917969E4,1.560249539E-1
2.241064453E4,5.802110595E-2
2.241210938E4,8.389396230E-2
2.241357422E4,5.908340098E-2
2.241503906E4,1.823836023E-2
2.241650391E4,3.463457932E-2
2.241796875E4,6.471492049E-2
2.241943359E4,6.185538791E-2
2.242089844E4,1.428279673E-1
2.242236328E4,9.189730581E-2
2.242382812E4,3.678552006E-2
2.242529297E4,7.577610264E-2
2.242675781E4,2.778251130E-2
2.242822266E4,8.014958436E-2
2.242968750E4,8.812369274E-2
2.243115234E4,1.346067580E-2
2.243261719E4,5.494195759E-2
2.243408203E4,6.690414452E-2
2.243554688E4,4.196776296E-2
2.243701172E4,9.471504541E-2
2.243847656E4,1.399383777E-1
2.243994141E4,1.025605855E-1
2.244140625E4,4.691124146E-2
2.244287109E4,5.543995096E-2
2.244433594E4,1.762102234E-2
2.244580078E4,5.287324365E-2
2.244726562E4,2.415947238E-2
2.244873047E4,1.311257405E-2
2.245019531E4,5.051282206E-2
2.245166016E4,3.062798477E-2
2.245312500E4,2.492212697E-2
2.245458984E4,6.320260365E-2
2.245605469E4,1.880184975E-2
2.245751953E4,9.748912229E-2
2.245898438E4,9.485757378E-2
2.246044922E4,1.085030468E-1
2.246191406E4,3.361419486E-2
2.246337891E4,9.082305081E-3
2.246484375E4,6.653058743E-2
2.246630859E4,4.876095753E-2
2.246777344E4,6.374537696E-2
2.246923828E4,3.387603316E-2
2.247070312E4,3.813399338E-2
2.247216797E4,3.418795988E-2
2.247363281E4,3.349299223E-2
2.247509766E4,2.882838633E-2
2.247656250E4,6.290073775E-2
2.247802734E4,7.480614219E-2
2.247949219E4,2.127640852E-2
2.248095703E4,6.060459148E-2
2.248242188E4,4.002173872E-2
2.248388672E4,2.120233400E-2
2.248535156E4,7.818147795E-2
2.248681641E4,2.824108992E-2
2.248828125E4,2.538371253E-2
2.248974609E4,5.220818630E-2
2.249121094E4,8.257629399E-2
2.249267578E4,4.003758867E-2
2.249414062E4,6.602848328E-2
2.249560547E4,4.196265530E-2
2.249707031E4,2.381445096E-2
2.249853516E4,5.308205648E-2
2.250000000E4,1.189625056E-1
2.250146484E4,1.134176202E-1
2.250292969E4,8.394970423E-2
2.250439453E4,7.301235526E-2
2.250585938E4,4.682913281E-2
2.250732422E4,4.611227154E-2
2.250878906E4,6.638386201E-2
2.251025391E4,1.131987512E-2
2.251171875E4,3.097428664E-2
2.251318359E4,5.716136256E-2
2.251464844E4,1.994439696E-2
2.251611328E4,6.322052549E-3
2.251757812E4,2.630136768E-2
2.251904297E4,1.960459786E-2
2.252050781E4,5.888172952E-2
2.252197266E4,2.235370843E-2
2.252343750E4,7.405805337E-2
2.252490234E4,7.628834676E-2
2.252636719E4,2.318888367E-2
2.252783203E4,1.296870077E-1
2.252929688E4,1.093122705E-1
2.253076172E4,1.046306609E-1
2.253222656E4,8.453912501E-2
2.253369141E4,4.693349495E-2
2.253515625E4,1.253730178E-2
2.253662109E4,2.075493311E-2
2.253808594E4,4.126401593E-2
2.253955078E4,2.716395263E-2
2.254101562E4,5.969374238E-2
2.254248047E4,5.072145232E-2
2.254394531E4,8.998525527E-2
2.254541016E4,1.154455131E-1
2.254687500E4,1.197655865E-1
2.254833984E4,8.308251064E-2
2.254980469E4,4.562725310E-2
2.255126953E4,9.396030470E-2
2.255273438E4,6.724429547E-2
2.255419922E4,3.951507244E-2
2.255566406E4,3.660767464E-2
2.255712891E4,4.527434955E-2
2.255859375E4,4.360881358E-2
2.256005859E4,8.615662826E-2
2.256152344E4,3.003593540E-2
2.256298828E4,6.793724230E-2
2.256445312E4,4.492017109E-2
2.256591797E4,7.853014788E-2
2.256738281E4,2.636580599E-2
2.256884766E4,7.750166851E-3
2.257031250E4,7.868758969E-2
2.257177734E4,6.594871582E-2
2.257324219E4,1.426661801E-1
2.257470703E4,8.761485120E-2
2.257617188E4,7.593126213E-2
2.257763672E4,3.833957928E-2
2.257910156E4,7.771650944E-2
2.258056641E4,6.267535895E-2
2.258203125E4,4.981890677E-2
2.258349609E4,8.125898819E-3
2.258496094E4,4.739451189E-2
2.258642578E4,4.067691473E-2
2.258789062E4,3.651325942E-2
2.258935547E4,2.481052923E-2
2.259082031E4,1.003864505E-1
2.259228516E4,1.091800986E-1
2.259375000E4,3.945805650E-2
2.259521484E4,2.676139450E-2
2.259667969E4,7.197894768E-2
2.259814453E4,3.987923312E-2
2.259960938E4,5.749031033E-2
2.260107422E4,4.004462140E-2
2.260253906E4,8.307702543E-2
2.260400391E4,1.012266969E-2
2.260546875E4,6.515199566E-2
2.260693359E4,6.804402635E-2
2.260839844E4,4.234768533E-2
2.260986328E4,5.352127275E-2
2.261132812E4,5.592429081E-2
2.261279297E4,8.072764983E-2
2.261425781E4,7.288964680E-2
2.261572266E4,4.984480294E-2
2.261718750E4,2.845729840E-2
2.261865234E4,6.823790979E-2
2.262011719E4,5.094362737E-2
2.262158203E4,7.191362212E-2
2.262304688E4,5.949679607E-2
2.262451172E4,5.993216710E-2
2.262597656E4,3.030873713E-2
2.262744141E4,5.806545609E-2
2.262890625E4,5.652392764E-2
2.263037109E4,5.453574246E-2
2.263183594E4,6.999244576E-2
2.263330078E4,6.955891838E-2
2.263476562E4,4.755970951E-2
2.263623047E4,6.140711213E-2
2.263769531E4,1.001597085E-1
2.263916016E4,3.898784278E-2
2.264062500E4,7.027524627E-2
2.264208984E4,3.059128719E-2
2.264355469E4,5.382765370E-2
2.264501953E4,3.985409761E-2
2.264648438E4,3.562025751E-2
2.264794922E4,5.599172399E-2
2.264941406E4,8.746020244E-2
2.265087891E4,4.969819745E-2
2.265234375E4,5.666565017E-2
2.265380859E4,3.482075033E-2
2.265527344E4,9.327122749E-2
2.265673828E4,7.470980178E-2
2.265820312E4,3.587066475E-2
2.265966797E4,7.813472287E-2
2.266113281E4,3.819214565E-2
2.266259766E4,7.869312018E-2
2.266406250E4,2.920479541E-2
2.266552734E4,5.736510879E-2
2.266699219E4,4.518268199E-2
2.266845703E4,8.850872687E-2
2.266992188E4,5.547835300E-2
2.267138672E4,1.088585403E-1
2.267285156E4,1.025620317E-1
2.267431641E4,4.891526429E-2
2.267578125E4,4.253818245E-2
2.267724609E4,2.044391302E-2
2.267871094E4,8.870148054E-3
2.268017578E4,2.495261903E-2
2.268164062E4,4.163192209E-2
2.268310547E4,4.002115458E-2
2.268457031E4,7.121393722E-2
2.268603516E4,6.414194326E-2
2.268750000E4,5.322205492E-2
2.268896484E4,7.705108021E-2
2.269042969E4,1.171302319E-1
2.269189453E4,6.452383292E-2
2.269335938E4,7.436348430E-2
2.269482422E4,3.029733769E-2
2.269628906E4,3.893664236E-2
2.269775391E4,3.602970081E-2
2.269921875E4,4.029852014E-2
2.270068359E4,6.790208703E-2
2.270214844E4,7.754909146E-2
2.270361328E4,7.145009577E-2
2.270507812E4,9.000946601E-2
2.270654297E4,8.715169794E-2
2.270800781E4,6.414225363E-2
2.270947266E4,6.314370463E-2
2.271093750E4,5.345626700E-2
2.271240234E4,7.630196947E-2
2.271386719E4,5.784094952E-2
2.271533203E4,1.403831624E-2
2.271679688E4,3.779923791E-2
2.271826172E4,4.589077523E-2
2.271972656E4,6.436939083E-2
2.272119141E4,8.855003754E-2
2.272265625E4,8.879961033E-2
2.272412109E4,6.974513812E-2
2.272558594E4,9.362412578E-2
2.272705078E4,9.388369969E-2
2.272851562E4,5.786163257E-2
2.272998047E4,1.851886173E-2
2.273144531E4,8.013140692E-2
2.273291016E4,7.071982644E-2
2.273437500E4,6.082730848E-2
2.273583984E4,4.303008828E-2
2.273730469E4,2.943030660E-2
2.273876953E4,3.619844628E-2
2.274023438E4,4.286230873E-2
2.274169922E4,3.351215257E-2
2.274316406E4,5.213759471E-2
2.274462891E4,4.030116656E-2
2.274609375E4,4.751653291E-2
2.274755859E4,4.402683274E-2
2.274902344E4,2.120884163E-2
2.275048828E4,5.090004992E-2
2.275195312E4,1.324910236E-2
2.275341797E4,1.170748466E-2
2.275488281E4,6.855976034E-2
2.275634766E4,9.098587871E-2
2.275781250E4,5.777845457E-2
2.275927734E4,7.045901553E-2
2.276074219E4,5.030033258E-2
2.276220703E4,2.175998198E-2
2.276367188E4,4.677450193E-2
2.276513672E4,3.791903888E-2
2.276660156E4,4.678385968E-2
2.276806641E4,2.650272875E-2
2.276953125E4,2.667232008E-2
2.277099609E4,3.088924148E-2
2.277246094E4,2.709828550E-2
2.277392578E4,3.808810181E-2
2.277539062E4,3.572444559E-2
2.277685547E4,4.659186298E-2
2.277832031E4,3.941443979E-2
2.277978516E4,4.994353775E-2
2.278125000E4,9.901421212E-2
2.278271484E4,3.619023977E-2
2.278417969E4,6.107887184E-2
2.278564453E4,4.430499743E-2
2.278710938E4,1.100529544E-2
2.278857422E4,3.514342864E-2
2.279003906E4,3.060819384E-2
2.279150391E4,5.447310210E-2
2.279296875E4,3.473357339E-2
2.279443359E4,2.602255348E-2
2.279589844E4,4.164873852E-2
2.279736328E4,5.040400419E-2
2.279882812E4,1.409920259E-2
2.280029297E4,3.629203932E-2
2.280175781E4,2.891479509E-2
2.280322266E4,3.079088531E-2
2.280468750E4,2.299020177E-2
2.280615234E4,3.909695688E-3
2.280761719E4,4.680068376E-2
2.280908203E4,3.914065845E-2
2.281054688E4,3.439088668E-2
2.281201172E4,5.118623917E-2
2.281347656E4,7.599494230E-2
2.281494141E4,4.115035732E-2
2.281640625E4,1.862059735E-2
2.281787109E4,2.332891408E-2
2.281933594E4,8.220242674E-2
2.282080078E4,4.416596619E-2
2.282226562E4,4.017029112E-2
2.282373047E4,3.661993580E-2
2.282519531E4,9.790221305E-3
2.282666016E4,1.909228078E-2
2.282812500E4,2.132201885E-2
2.282958984E4,3.225103640E-2
2.283105469E4,5.083269202E-2
2.283251953E4,2.162770993E-2
2.283398438E4,4.022209021E-2
2.283544922E4,1.997823795E-2
2.283691406E4,3.277546261E-2
2.283837891E4,4.605797535E-2
2.283984375E4,2.475547940E-2
2.284130859E4,4.537462651E-2
2.284277344E4,1.914432782E-2
2.284423828E4,3.979679946E-2
2.284570312E4,4.397125887E-2
2.284716797E4,4.624707301E-2
2.284863281E4,6.809322387E-2
2.285009766E4,4.500971364E-2
2.285156250E4,2.560560963E-2
2.285302734E4,2.994738956E-2
2.285449219E4,7.584180735E-2
2.285595703E4,1.910941930E-2
2.285742188E4,3.321799858E-2
2.285888672E4,3.723335933E-2
2.286035156E4,8.120348176E-2
2.286181641E4,1.675845205E-2
2.286328125E4,6.249071283E-2
2.286474609E4,5.062561684E-2
2.286621094E4,1.861682523E-2
2.286767578E4,5.011451085E-3
2.286914062E4,2.836938896E-2
2.287060547E4,1.375625541E-2
2.287207031E4,4.683809060E-2
2.287353516E4,1.758256041E-2
2.287500000E4,1.865425010E-2
2.287646484E4,1.257991102E-2
2.287792969E4,3.519792409E-2
2.287939453E4,1.281255773E-2
2.288085938E4,1.267797738E-2
2.288232422E4,2.367601343E-2
2.288378906E4,5.245838980E-2
2.288525391E4,3.062305887E-2
2.288671875E4,5.050300884E-2
2.288818359E4,3.701722624E-2
2.288964844E4,3.894954235E-2
2.289111328E4,2.355446107E-2
2.289257812E4,2.585087079E-2
2.289404297E4,2.534021625E-2
2.289550781E4,4.416387686E-2
2.289697266E4,1.329472402E-2
2.289843750E4,2.876590198E-3
2.289990234E4,1.084735020E-2
2.290136719E4,2.484729081E-2
2.290283203E4,1.037412718E-2
2.290429688E4,1.040091898E-2
2.290576172E4,1.157368263E-2
2.290722656E4,4.104101084E-2
2.290869141E4,2.218803093E-2
2.291015625E4,2.126612047E-2
2.291162109E4,2.621008605E-2
2.291308594E4,1.821362871E-2
2.291455078E4,1.727144097E-2
2.291601562E4,1.350738103E-2
2.291748047E4,1.598290197E-2
2.291894531E4,1.848211313E-2
2.292041016E4,2.585698919E-2
2.292187500E4,2.845461992E-2
2.292333984E4,1.901453369E-2
2.292480469E4,2.146434553E-2
2.292626953E4,3.691837705E-2
2.292773438E4,3.199030577E-2
2.292919922E4,2.794509956E-2
2.293066406E4,4.840560259E-2
2.293212891E4,2.025566922E-2
2.293359375E4,2.745419086E-2
2.293505859E4,4.894963169E-2
2.293652344E4,4.217517924E-2
2.293798828E4,1.889464458E-2
2.293945312E4,1.963929681E-2
2.294091797E4,1.280710488E-2
2.294238281E4,5.834593669E-2
2.294384766E4,5.226308715E-2
2.294531250E4,2.103587345E-2
2.294677734E4,2.259799706E-2
2.294824219E4,2.481651286E-2
2.294970703E4,2.591347249E-2
2.295117188E4,3.198025989E-2
2.295263672E4,3.542353909E-2
2.295410156E4,1.020168884E-2
2.295556641E4,5.493378161E-2
2.295703125E4,2.444185556E-2
2.295849609E4,2.028355520E-2
2.295996094E4,4.188589374E-2
2.296142578E4,3.557924092E-2
2.296289062E4,3.276096748E-2
2.296435547E4,2.846044733E-2
2.296582031E4,6.451235532E-2
2.296728516E4,3.841328799E-2
2.296875000E4,2.096594603E-2
2.297021484E4,1.085136725E-2
2.297167969E4,3.956575622E-2
2.297314453E4,1.644147291E-2
2.297460938E4,3.291175176E-2
2.297607422E4,2.423115837E-2
2.297753906E4,5.175609410E-2
2.297900391E4,3.070847350E-2
2.298046875E4,2.998462277E-2
2.298193359E4,3.554481329E-2
2.298339844E4,3.809865452E-2
2.298486328E4,1.576947446E-2
2.298632812E4,1.320769242E-2
2.298779297E4,2.171340043E-2
2.298925781E4,4.594209853E-2
2.299072266E4,1.580339711E-2
2.299218750E4,2.036439861E-2
2.299365234E4,1.822888644E-2
2.299511719E4,4.883671461E-2
2.299658203E4,2.872258180E-2
2.299804688E4,1.681745896E-2
2.299951172E4,2.914258556E-2
2.300097656E4,3.047747571E-2
2.300244141E4,3.484433289E-2
2.300390625E4,2.357884485E-2
2.300537109E4,5.187983513E-2
2.300683594E4,3.713158251E-2
2.300830078E4,2.680502594E-2
2.300976562E4,2.264302986E-2
2.301123047E4,1.721157327E-2
2.301269531E4,5.029882837E-2
2.301416016E4,2.150168799E-2
2.301562500E4,2.674963345E-2
2.301708984E4,4.052429852E-2
2.301855469E4,2.124067598E-2
2.302001953E4,3.233040759E-2
2.302148438E4,4.679715648E-3
2.302294922E4,1.378021471E-2
2.302441406E4,1.503507849E-2
2.302587891E4,3.366787868E-2
2.302734375E4,1.900103575E-2
2.302880859E4,3.493771320E-2
2.303027344E4,5.449081943E-2
2.303173828E4,2.262981456E-2
2.303320312E4,4.543663645E-2
2.303466797E4,1.643458339E-2
2.303613281E4,3.663422056E-2
2.303759766E4,8.971077589E-3
2.303906250E4,2.450223262E-2
2.304052734E4,8.576943330E-3
2.304199219E4,2.173836495E-2
2.304345703E4,5.325914813E-3
2.304492188E4,2.481975451E-2
2.304638672E4,3.075377539E-2
2.304785156E4,1.782278167E-2
2.304931641E4,3.622915165E-2
2.305078125E4,1.985047240E-2
2.305224609E4,2.501254861E-2
2.305371094E4,3.909667482E-2
2.305517578E4,1.892750024E-2
2.305664062E4,1.773006599E-2
2.305810547E4,2.090746131E-2
2.305957031E4,7.825774172E-2
2.306103516E4,5.745771570E-2
2.306250000E4,4.496191253E-2
2.306396484E4,5.131517019E-2
2.306542969E4,8.436011855E-2
2.306689453E4,5.060555941E-2
2.306835938E4,4.829867077E-2
2.306982422E4,7.856064814E-3
2.307128906E4,4.737651668E-2
2.307275391E4,2.782221061E-2
2.307421875E4,3.039099417E-2
2.307568359E4,3.007200861E-2
2.307714844E4,2.655776020E-2
2.307861328E4,2.170323551E-2
2.308007812E4,4.139190964E-3
2.308154297E4,1.286294708E-2
2.308300781E4,5.987899980E-2
2.308447266E4,1.022935825E-2
2.308593750E4,4.651960977E-3
2.308740234E4,2.681357604E-2
2.308886719E4,5.046491327E-2
2.309033203E4,1.824015049E-2
2.309179688E4,4.499533428E-2
2.309326172E4,2.755245681E-2
2.309472656E4,3.952382712E-2
2.309619141E4,6.336651853E-2
2.309765625E4,4.941238387E-2
2.309912109E4,4.687932994E-2
2.310058594E4,1.379111289E-2
2.310205078E4,3.762818904E-2
2.310351562E4,3.187724818E-2
2.310498047E4,3.136352632E-2
2.310644531E4,4.906184475E-2
2.310791016E4,2.860068042E-2
2.310937500E4,4.286726920E-2
2.311083984E4,9.383387242E-3
2.311230469E4,4.017236582E-2
2.311376953E4,1.608939491E-2
2.311523438E4,9.968966800E-3
2.311669922E4,1.960498096E-2
2.311816406E4,7.557987479E-2
2.311962891E4,2.264545124E-2
2.312109375E4,3.989869565E-2
2.312255859E4,2.924031839E-2
2.312402344E4,3.571234354E-2
2.312548828E4,3.631254544E-2
2.312695312E4,2.037118276E-2
2.312841797E4,1.893169228E-2
2.312988281E4,3.069267575E-2
2.313134766E4,6.034386783E-3
2.313281250E4,1.068254330E-2
2.313427734E4,5.681694348E-3
2.313574219E4,7.183657270E-2
2.313720703E4,2.287252538E-2
2.313867188E4,1.693728184E-2
2.314013672E4,2.408958734E-2
2.314160156E4,4.889226595E-2
2.314306641E4,3.213966404E-2
2.314453125E4,1.712746097E-2
2.314599609E4,9.442921252E-3
2.314746094E4,3.206556772E-2
2.314892578E4,7.768717970E-3
2.315039062E4,2.412895075E-2
2.315185547E4,1.849852506E-2
2.315332031E4,4.388016961E-2
2.315478516E4,2.357034706E-2
2.315625000E4,9.075177731E-3
2.315771484E4,1.891369579E-2
2.315917969E4,4.609236533E-2
2.316064453E4,7.509886278E-3
2.316210938E4,1.994492527E-2
2.316357422E4,3.091250802E-3
2.316503906E4,6.203470640E-2
2.316650391E4,8.380334064E-3
2.316796875E4,7.650699518E-3
2.316943359E4,2.818106126E-3
2.317089844E4,1.878962589E-2
2.317236328E4,9.287000512E-3
2.317382812E4,5.440491749E-3
2.317529297E4,2.272171505E-2
2.317675781E4,4.884647662E-2
2.317822266E4,2.711216270E-2
2.317968750E4,2.053280520E-2
2.318115234E4,1.474720359E-2
2.318261719E4,5.745073411E-2
2.318408203E4,2.900401006E-2
2.318554688E4,7.652417810E-3
2.318701172E4,1.852204309E-2
2.318847656E4,2.912789820E-2
2.318994141E4,8.576392254E-3
2.319140625E4,1.603289106E-2
2.319287109E4,2.605429938E-2
2.319433594E4,1.087894334E-2
2.319580078E4,1.917654182E-2
2.319726562E4,1.984328673E-2
2.319873047E4,3.317924020E-2
2.320019531E4,4.456336792E-2
2.320166016E4,4.371659997E-2
2.320312500E4,2.475356257E-2
2.320458984E4,2.650454834E-2
2.320605469E4,1.714086000E-2
2.320751953E4,2.638048122E-2
2.320898438E4,4.527420204E-2
2.321044922E4,2.843858988E-2
2.321191406E4,2.513928676E-2
2.321337891E4,3.194853188E-2
2.321484375E4,9.342272978E-3
2.321630859E4,1.493819553E-2
2.321777344E4,6.350120648E-2
2.321923828E4,1.673899487E-2
2.322070312E4,8.110262830E-3
2.322216797E4,1.765202948E-2
2.322363281E4,3.935366063E-2
2.322509766E4,3.079688935E-2
2.322656250E4,3.042938008E-2
2.322802734E4,3.570163734E-2
2.322949219E4,1.802502527E-2
2.323095703E4,3.393697945E-2
2.323242188E4,4.517701325E-2
2.323388672E4,2.898196155E-2
2.323535156E4,9.006514708E-2
2.323681641E4,2.945786767E-2
2.323828125E4,1.470202608E-2
2.323974609E4,2.124038180E-2
2.324121094E4,3.866531953E-2
2.324267578E4,2.532610060E-2
2.324414062E4,1.582364190E-2
2.324560547E4,1.264135292E-2
2.324707031E4,3.189264875E-2
2.324853516E4,1.229681758E-2
2.325000000E4,2.417307005E-2
2.325146484E4,2.004963236E-2
2.325292969E4,3.922902012E-2
2.325439453E4,2.467200953E-2
2.325585938E4,2.771451648E-2
2.325732422E4,3.594968107E-2
2.325878906E4,2.721024020E-2
2.326025391E4,2.822277421E-2
2.326171875E4,2.573201061E-2
2.326318359E4,2.424386714E-2
2.326464844E4,4.735241857E-2
2.326611328E4,5.031009257E-2
2.326757812E4,2.242570076E-2
2.326904297E4,3.757118291E-2
2.327050781E4,2.881647253E-2
2.327197266E4,1.976435209E-2
2.327343750E4,3.097421533E-2
2.327490234E4,4.136411594E-2
2.327636719E4,1.867055578E-2
2.327783203E4,2.805156380E-2
2.327929688E4,1.572623287E-2
2.328076172E4,1.210246128E-2
2.328222656E4,3.072671677E-2
2.328369141E4,2.321288814E-2
2.328515625E4,2.626771637E-2
2.328662109E4,2.649827192E-2
2.328808594E4,3.959396999E-2
2.328955078E4,2.420555807E-2
2.329101562E4,3.095235692E-2
2.329248047E4,2.609336158E-2
2.329394531E4,5.224350246E-2
2.329541016E4,1.668546502E-2
2.329687500E4,1.029548674E-2
2.329833984E4,1.735082517E-2
2.329980469E4,5.064651614E-2
2.330126953E4,1.717997555E-2
2.330273438E4,2.836567829E-2
2.330419922E4,1.721110597E-2
2.330566406E4,9.861712197E-3
2.330712891E4,1.040024152E-2
2.330859375E4,1.765625378E-2
2.331005859E4,1.633810641E-2
2.331152344E4,3.290428193E-2
2.331298828E4,1.577467705E-2
2.331445312E4,9.996315214E-3
2.331591797E4,1.597653203E-2
2.331738281E4,1.060684519E-2
2.331884766E4,7.640022641E-3
2.332031250E4,2.346818305E-2
2.332177734E4,1.331033845E-2
2.332324219E4,2.171585302E-2
2.332470703E4,1.574028163E-2
2.332617188E4,8.053628412E-3
2.332763672E4,1.820917571E-2
2.332910156E4,2.910025399E-2
2.333056641E4,1.112404743E-2
2.333203125E4,2.360248464E-2
2.333349609E4,1.405837153E-2
2.333496094E4,3.181275807E-2
2.333642578E4,2.103055888E-2
2.333789062E4,2.056617122E-2
2.333935547E4,1.320187566E-2
2.334082031E4,7.706296154E-3
2.334228516E4,1.966387242E-2
2.334375000E4,1.564531393E-2
2.334521484E4,1.180997557E-2
2.334667969E4,3.304153875E-2
2.334814453E4,1.029543854E-2
2.334960938E4,1.610127407E-2
2.335107422E4,1.283670089E-2
2.335253906E4,5.685560569E-2
2.335400391E4,2.047255148E-2
2.335546875E4,2.239962052E-2
2.335693359E4,2.268353189E-2
2.335839844E4,6.831301718E-2
2.335986328E4,2.206416095E-2
2.336132812E4,2.818855673E-2
2.336279297E4,1.337591948E-2
2.336425781E4,3.094283249E-2
2.336572266E4,1.558491661E-2
2.336718750E4,1.749124408E-2
2.336865234E4,2.289603282E-2
2.337011719E4,3.749414982E-2
2.337158203E4,1.580236555E-2
2.337304688E4,1.624688298E-2
2.337451172E4,1.401064004E-2
2.337597656E4,4.470781878E-2
2.337744141E4,1.866996991E-2
2.337890625E4,1.648404453E-2
2.338037109E4,1.561063532E-2
2.338183594E4,1.889087809E-2
2.338330078E4,2.543890905E-2
2.338476562E4,9.222993929E-3
2.338623047E4,1.213963043E-2
2.338769531E4,2.554315467E-2
2.338916016E4,1.173108181E-2
2.339062500E4,1.308626797E-2
2.339208984E4,4.500582185E-3
2.339355469E4,5.198479008E-3
2.339501953E4,6.392279925E-3
2.339648438E4,1.073278901E-2
2.339794922E4,2.303637254E-3
2.339941406E4,2.123816057E-2
2.340087891E4,8.397118738E-3
2.340234375E4,1.899731938E-2
2.340380859E4,6.974098237E-3
2.340527344E4,3.124740601E-2
2.340673828E4,4.952185168E-3
2.340820312E4,8.566192679E-3
2.340966797E4,6.402214408E-3
2.341113281E4,1.536838544E-2
2.341259766E4,1.436101688E-2
2.341406250E4,8.126236739E-3
2.341552734E4,4.610467628E-3
2.341699219E4,1.030927787E-2
2.341845703E4,2.333677696E-2
2.341992188E4,1.647656129E-2
2.342138672E4,5.137961052E-3
2.342285156E4,1.779172304E-2
2.342431641E4,1.582913480E-2
2.342578125E4,1.664204511E-2
2.342724609E4,2.487626381E-2
2.342871094E4,6.307046777E-2
2.343017578E4,9.807670279E-3
2.343164062E4,7.465003941E-3
2.343310547E4,4.789996495E-3
2.343457031E4,3.138572519E-2
2.343603516E4,2.891858810E-3
2.343750000E4,1.343025450E-2
2.343896484E4,1.908839129E-2
2.344042969E4,4.537783340E-2
2.344189453E4,4.278087927E-3
2.344335938E4,8.496030155E-3
2.344482422E4,4.279989474E-3
2.344628906E4,7.149529735E-3
2.344775391E4,6.269406531E-3
2.344921875E4,1.735536605E-3
2.345068359E4,3.076282513E-3
2.345214844E4,2.867295548E-2
2.345361328E4,1.008334124E-2
2.345507812E4,5.246362048E-3
2.345654297E4,1.679697273E-3
2.345800781E4,4.447486013E-2
2.345947266E4,8.522088432E-3
2.346093750E4,2.660388962E-3
2.346240234E4,4.168589487E-3
2.346386719E4,2.787705449E-2
2.346533203E4,8.785594174E-3
2.346679688E4,1.066914713E-2
2.346826172E4,8.080776512E-3
2.346972656E4,3.137312319E-2
2.347119141E4,2.173709627E-2
2.347265625E4,1.987385369E-2
2.347412109E4,7.929774432E-3
2.347558594E4,8.638679199E-2
2.347705078E4,8.626291812E-3
2.347851562E4,2.163292728E-2
2.347998047E4,1.260032600E-2
2.348144531E4,3.554115431E-2
2.348291016E4,1.431278971E-2
2.348437500E4,9.659452642E-3
2.348583984E4,1.491723931E-2
2.348730469E4,4.558591129E-2
2.348876953E4,1.431132512E-2
2.349023438E4,1.334705347E-2
2.349169922E4,5.263717445E-3
2.349316406E4,4.451956109E-2
2.349462891E4,1.311486093E-2
2.349609375E4,1.155452564E-2
2.349755859E4,5.284991751E-3
2.349902344E4,3.699442852E-2
2.350048828E4,4.968729533E-3
2.350195312E4,5.059143610E-3
2.350341797E4,6.049281963E-3
2.350488281E4,1.711032225E-2
2.350634766E4,1.828151357E-3
2.350781250E4,7.141578886E-3
2.350927734E4,7.096069940E-3
2.351074219E4,2.082160993E-2
2.351220703E4,7.446183137E-3
2.351367188E4,5.924617898E-3
2.351513672E4,4.350325657E-3
2.351660156E4,1.844471051E-2
2.351806641E4,5.434554648E-3
2.351953125E4,8.066562634E-3
2.352099609E4,7.197778094E-3
2.352246094E4,2.692386632E-2
2.352392578E4,6.634266368E-3
2.352539062E4,7.929009067E-3
2.352685547E4,3.876988444E-3
2.352832031E4,3.951741163E-2
2.352978516E4,1.337915018E-2
2.353125000E4,5.733732312E-3
2.353271484E4,1.071842065E-2
2.353417969E4,2.294678999E-2
2.353564453E4,8.731346504E-3
2.353710938E4,5.762249835E-3
2.353857422E4,8.471571896E-3
2.354003906E4,6.428005449E-2
2.354150391E4,6.481810286E-3
2.354296875E4,6.790828438E-3
2.354443359E4,1.057712809E-2
2.354589844E4,3.193114998E-2
2.354736328E4,7.167419260E-3
2.354882812E4,4.849370183E-3
2.355029297E4,9.566554063E-3
2.355175781E4,3.223656889E-2
2.355322266E4,6.660896410E-3
2.355468750E4,1.324409771E-2
2.355615234E4,4.060552977E-3
2.355761719E4,3.609022657E-2
2.355908203E4,8.815720014E-3
2.356054688E4,5.761920664E-3
2.356201172E4,6.529072809E-3
2.356347656E4,3.638851846E-2
2.356494141E4,6.755014211E-3
2.356640625E4,8.455562344E-3
2.356787109E4,1.033367946E-2
2.356933594E4,3.387541521E-2
2.357080078E4,1.056984797E-2
2.357226562E4,8.132386586E-3
2.357373047E4,5.587201157E-3
2.357519531E4,1.795636109E-2
2.357666016E4,8.036448538E-3
2.357812500E4,3.995145617E-3
2.357958984E4,7.178830809E-4
2.358105469E4,4.364506775E-2
2.358251953E4,9.451784943E-3
2.358398438E4,1.083733878E-2
2.358544922E4,8.295686484E-3
2.358691406E4,4.269361315E-2
2.358837891E4,1.108863795E-2
2.358984375E4,1.561146729E-2
2.359130859E4,1.048634103E-2
2.359277344E4,1.863471714E-2
2.359423828E4,1.561464216E-3
2.359570312E4,4.275691726E-3
2.359716797E4,7.608972576E-3
2.359863281E4,1.514296932E-2
2.360009766E4,4.393390423E-3
2.360156250E4,6.747523300E-3
2.360302734E4,6.899871747E-3
2.360449219E4,3.030424973E-2
2.360595703E4,3.778879925E-3
2.360742188E4,9.208827655E-3
2.360888672E4,2.850665380E-3
2.361035156E4,6.062953564E-2
2.361181641E4,6.729487205E-3
2.361328125E4,5.742576380E-3
2.361474609E4,1.465032899E-2
2.361621094E4,1.822572477E-2
2.361767578E4,1.112814868E-2
2.361914062E4,7.608574354E-3
2.362060547E4,1.341952429E-3
2.362207031E4,2.878468771E-2
2.362353516E4,7.915018637E-3
2.362500000E4,1.524825358E-2
2.362646484E4,1.089152353E-2
2.362792969E4,1.326639646E-2
2.362939453E4,8.162955568E-3
2.363085938E4,7.678884874E-3
2.363232422E4,5.456379614E-3
2.363378906E4,3.735064263E-2
2.363525391E4,3.145050158E-3
2.363671875E4,5.765288499E-3
2.363818359E4,2.845819957E-3
2.363964844E4,2.483256908E-2
2.364111328E4,1.368973197E-2
2.364257812E4,4.771360203E-3
2.364404297E4,9.638823897E-3
2.364550781E4,3.091580100E-2
2.364697266E4,5.739414085E-3
2.364843750E4,6.228291957E-3
2.364990234E4,7.781554074E-3
2.365136719E4,5.384186560E-2
2.365283203E4,9.944570589E-3
2.365429688E4,1.686316500E-2
2.365576172E4,7.019681474E-3
2.365722656E4,2.404107057E-2
2.365869141E4,7.527455201E-3
2.366015625E4,3.369330976E-3
2.366162109E4,2.691974614E-3
2.366308594E4,2.192012094E-2
2.366455078E4,4.617566100E-3
2.366601562E4,2.155213316E-3
2.366748047E4,2.875732087E-3
2.366894531E4,5.567177628E-2
2.367041016E4,4.053529287E-3
2.367187500E4,1.600363047E-3
2.367333984E4,9.169955402E-3
2.367480469E4,2.380105686E-2
2.367626953E4,6.334161158E-3
2.367773438E4,5.293241677E-3
2.367919922E4,3.689692571E-3
2.368066406E4,2.032466174E-2
2.368212891E4,5.843394696E-3
2.368359375E4,6.230461061E-3
2.368505859E4,2.449574623E-3
2.368652344E4,2.343898252E-2
2.368798828E4,6.112274633E-3
2.368945312E4,8.923121847E-3
2.369091797E4,2.557245021E-3
2.369238281E4,3.537388186E-2
2.369384766E4,3.883072698E-3
2.369531250E4,3.717013498E-3
2.369677734E4,1.889101679E-3
2.369824219E4,4.844804136E-3
2.369970703E4,6.097084632E-3
2.370117188E4,6.760901647E-3
2.370263672E4,8.089847141E-3
2.370410156E4,3.875944790E-2
2.370556641E4,3.560742040E-3
2.370703125E4,7.694806765E-3
2.370849609E4,5.420527146E-3
2.370996094E4,3.639387495E-2
2.371142578E4,8.473822531E-3
2.371289062E4,7.971842739E-3
2.371435547E4,6.595604521E-3
2.371582031E4,8.141697968E-2
2.371728516E4,3.255294646E-3
2.371875000E4,1.019649700E-2
2.372021484E4,9.649836152E-3
2.372167969E4,3.331250480E-2
2.372314453E4,2.217982543E-3
2.372460938E4,7.532870385E-3
2.372607422E4,6.667196101E-3
2.372753906E4,2.033958825E-2
2.372900391E4,4.822892584E-3
2.373046875E4,5.454131719E-3
2.373193359E4,1.609855851E-3
2.373339844E4,6.115518837E-2
2.373486328E4,8.937444229E-3
2.373632812E4,6.152097733E-3
2.373779297E4,3.868126625E-3
2.373925781E4,3.432060799E-2
2.374072266E4,6.232399131E-3
2.374218750E4,3.722091385E-3
2.374365234E4,5.449182656E-3
2.374511719E4,3.123153452E-2
2.374658203E4,1.573033218E-3
2.374804688E4,3.505106409E-3
2.374951172E4,7.925764103E-3
2.375097656E4,1.712862577E-2
2.375244141E4,6.137390283E-3
2.375390625E4,4.101354558E-3
2.375537109E4,8.854291860E-3
2.375683594E4,2.592692091E-2
2.375830078E4,8.973846444E-3
2.375976562E4,5.107941544E-3
2.376123047E4,4.166549711E-3
2.376269531E4,3.934593191E-2
2.376416016E4,6.495804648E-3
2.376562500E4,9.579772802E-3
2.376708984E4,8.824172113E-3
2.376855469E4,2.866323415E-2
2.377001953E4,5.107875199E-3
2.377148438E4,1.633950954E-3
2.377294922E4,6.082168511E-3
2.377441406E4,1.683059050E-2
2.377587891E4,4.736944520E-3
2.377734375E4,7.089459418E-3
2.377880859E4,3.153355569E-3
2.378027344E4,1.969684204E-2
2.378173828E4,6.865811325E-3
2.378320312E4,3.769996654E-3
2.378466797E4,2.454194656E-3
2.378613281E4,2.166553566E-2
2.378759766E4,1.682920954E-3
2.378906250E4,8.943907181E-4
2.379052734E4,4.032261618E-3
2.379199219E4,7.683536859E-3
2.379345703E4,1.707933376E-3
2.379492188E4,3.483213936E-3
2.379638672E4,1.890131777E-3
2.379785156E4,9.620210215E-3
2.379931641E4,1.188245018E-3
2.380078125E4,2.933056724E-3
2.380224609E4,1.534485648E-3
2.380371094E4,3.077650431E-3
2.380517578E4,2.740420244E-3
2.380664062E4,1.788097288E-3
2.380810547E4,1.235198307E-3
2.380957031E4,2.756587799E-3
2.381103516E4,1.298752418E-3
2.381250000E4,3.886571946E-3
2.381396484E4,2.289044989E-3
2.381542969E4,1.024708980E-2
2.381689453E4,3.357265823E-3
2.381835938E4,3.679586090E-3
2.381982422E4,2.305355734E-3
2.382128906E4,1.321980265E-2
2.382275391E4,3.041211581E-3
2.382421875E4,3.257707818E-3
2.382568359E4,2.678216530E-3
2.382714844E4,9.825839027E-3
2.382861328E4,2.223677335E-3
2.383007812E4,2.797097915E-3
2.383154297E4,2.814649338E-3
2.383300781E4,1.091186495E-2
2.383447266E4,1.233853419E-3
2.383593750E4,1.576970126E-3
2.383740234E4,4.159700805E-3
2.383886719E4,9.644611318E-3
2.384033203E4,3.697504493E-3
2.384179688E4,3.529143561E-3
2.384326172E4,3.687356275E-3
2.384472656E4,8.156159578E-3
2.384619141E4,2.479682351E-3
2.384765625E4,1.205813509E-3
2.384912109E4,1.905775138E-3
2.385058594E4,2.343936891E-3
2.385205078E4,9.226927617E-4
2.385351562E4,9.653445942E-4
2.385498047E4,1.874177847E-3
2.385644531E4,6.285048907E-3
2.385791016E4,2.498796513E-3
2.385937500E4,1.660870453E-3
2.386083984E4,2.575484603E-3
2.386230469E4,7.803882878E-4
2.386376953E4,2.062629153E-3
2.386523438E4,1.012966977E-3
2.386669922E4,1.855559300E-3
2.386816406E4,9.663705360E-3
2.386962891E4,3.121653195E-3
2.387109375E4,1.056035571E-3
2.387255859E4,2.765410207E-3
2.387402344E4,1.144459805E-2
2.387548828E4,4.019037684E-3
2.387695312E4,2.579555341E-3
2.387841797E4,2.555086012E-3
2.387988281E4,1.814310692E-2
2.388134766E4,3.920375524E-3
2.388281250E4,3.485927318E-3
2.388427734E4,3.024860098E-3
2.388574219E4,5.957289557E-3
2.388720703E4,7.758652895E-4
2.388867188E4,2.691040276E-3
2.389013672E4,2.784388252E-3
2.389160156E4,2.270399502E-2
2.389306641E4,4.807573516E-3
2.389453125E4,1.314909065E-3
2.389599609E4,1.019421650E-3
2.389746094E4,4.200470776E-3
2.389892578E4,3.708838889E-3
2.390039062E4,2.552640021E-3
2.390185547E4,1.175474226E-3
2.390332031E4,3.621411007E-2
2.390478516E4,3.429847411E-3
2.390625000E4,3.060481580E-3
2.390771484E4,2.500708796E-3
2.390917969E4,2.311571948E-2
2.391064453E4,2.260675681E-3
2.391210938E4,2.599877803E-3
2.391357422E4,2.144805070E-3
2.391503906E4,7.130353134E-3
2.391650391E4,3.263211113E-3
2.391796875E4,4.980688240E-3
2.391943359E4,3.135236871E-3
2.392089844E4,3.777275432E-2
2.392236328E4,1.878737426E-3
2.392382812E4,4.595841134E-3
2.392529297E4,3.591301408E-3
2.392675781E4,1.151574618E-2
2.392822266E4,1.822662134E-3
2.392968750E4,6.152990620E-3
2.393115234E4,2.056795610E-3
2.393261719E4,3.840213498E-2
2.393408203E4,3.179227703E-3
2.393554688E4,4.913545089E-3
2.393701172E4,4.567859751E-3
2.393847656E4,1.007437292E-2
2.393994141E4,1.618965276E-3
2.394140625E4,2.594046753E-3
2.394287109E4,1.696136326E-3
2.394433594E4,1.456776718E-2
2.394580078E4,2.569934093E-3
2.394726562E4,4.911931425E-3
2.394873047E4,2.895513233E-3
2.395019531E4,3.291439670E-2
2.395166016E4,6.289205409E-3
2.395312500E4,2.422594407E-3
2.395458984E4,2.375396971E-3
2.395605469E4,3.754431669E-2
2.395751953E4,7.050111104E-3
2.395898438E4,2.414369588E-3
2.396044922E4,6.352923237E-3
2.396191406E4,6.560275608E-2
2.396337891E4,2.414697232E-3
2.396484375E4,2.979630917E-3
2.396630859E4,7.549140747E-3
2.396777344E4,6.269664005E-2
2.396923828E4,7.690156045E-3
2.397070312E4,2.889884024E-3
2.397216797E4,5.431280387E-3
2.397363281E4,7.262414704E-2
2.397509766E4,4.496932059E-3
2.397656250E4,4.034938696E-3
2.397802734E4,4.734007642E-4
2.397949219E4,2.873475921E-2
2.398095703E4,7.526468767E-5
2.398242188E4,4.394004789E-3
2.398388672E4,2.102897549E-3
2.398535156E4,4.140717405E-2
2.398681641E4,3.297917959E-3
2.398828125E4,5.589558166E-3
2.398974609E4,4.470523001E-3
2.399121094E4,2.826476805E-2
2.399267578E4,3.317668389E-3
2.399414062E4,4.701209095E-3
2.399560547E4,3.356555291E-3
2.399707031E4,2.163483948E-2
2.399853516E4,3.237779492E-3
