"Time (s)","Recording (a.u.)"
2.083333333E-5,2.746582031E-4
4.166666667E-5,8.239746094E-4
6.250000000E-5,8.544921875E-4
8.333333333E-5,9.460449219E-4
1.041666667E-4,1.708984375E-3
1.250000000E-4,1.129150391E-3
1.458333333E-4,2.380371094E-3
1.666666667E-4,7.324218750E-4
1.875000000E-4,4.272460938E-4
2.083333333E-4,-1.831054688E-4
2.291666667E-4,-3.356933594E-4
2.500000000E-4,-3.356933594E-4
2.708333333E-4,-6.713867188E-4
2.916666667E-4,5.187988281E-4
3.125000000E-4,2.746582031E-4
3.333333333E-4,8.239746094E-4
3.541666667E-4,8.850097656E-4
3.750000000E-4,6.408691406E-4
3.958333333E-4,5.493164062E-4
4.166666667E-4,6.103515625E-5
4.375000000E-4,0.000000000E0
4.583333333E-4,-1.831054688E-4
4.791666667E-4,3.051757812E-5
5.000000000E-4,7.019042969E-4
5.208333333E-4,6.408691406E-4
5.416666667E-4,4.577636719E-4
5.625000000E-4,3.356933594E-4
5.833333333E-4,7.934570312E-4
6.041666667E-4,5.798339844E-4
6.250000000E-4,-4.882812500E-4
6.458333333E-4,-7.324218750E-4
6.666666667E-4,-4.882812500E-4
6.875000000E-4,-3.662109375E-4
7.083333333E-4,-6.713867188E-4
7.291666667E-4,-5.493164062E-4
7.500000000E-4,-5.493164062E-4
7.708333333E-4,2.136230469E-4
7.916666667E-4,9.155273438E-5
8.125000000E-4,-4.882812500E-4
8.333333333E-4,-3.051757812E-4
8.541666667E-4,-1.007080078E-3
8.750000000E-4,-9.765625000E-4
8.958333333E-4,-1.525878906E-3
9.166666667E-4,-1.373291016E-3
9.375000000E-4,-1.129150391E-3
9.583333333E-4,-7.934570312E-4
9.791666667E-4,-1.831054688E-4
1.000000000E-3,-7.019042969E-4
1.020833333E-3,1.831054688E-4
1.041666667E-3,-3.051757812E-4
1.062500000E-3,-4.882812500E-4
1.083333333E-3,-7.629394531E-4
1.104166667E-3,-1.586914062E-3
1.125000000E-3,-9.765625000E-4
1.145833333E-3,-1.770019531E-3
1.166666667E-3,-2.014160156E-3
1.187500000E-3,-1.708984375E-3
1.208333333E-3,-1.403808594E-3
1.229166667E-3,-8.239746094E-4
1.250000000E-3,-1.342773438E-3
1.270833333E-3,-1.159667969E-3
1.291666667E-3,-1.098632812E-3
1.312500000E-3,-1.403808594E-3
1.333333333E-3,-1.098632812E-3
1.354166667E-3,-8.544921875E-4
1.375000000E-3,-2.746582031E-4
1.395833333E-3,-6.408691406E-4
1.416666667E-3,-8.850097656E-4
1.437500000E-3,-1.007080078E-3
1.458333333E-3,-1.770019531E-3
1.479166667E-3,-1.190185547E-3
1.500000000E-3,-1.464843750E-3
1.520833333E-3,-5.798339844E-4
1.541666667E-3,-1.220703125E-4
1.562500000E-3,-3.967285156E-4
1.583333333E-3,5.187988281E-4
1.604166667E-3,-6.713867188E-4
1.625000000E-3,-9.155273438E-4
1.645833333E-3,-1.251220703E-3
1.666666667E-3,-1.831054688E-3
1.687500000E-3,-1.647949219E-3
1.708333333E-3,-1.739501953E-3
1.729166667E-3,-1.129150391E-3
1.750000000E-3,-8.544921875E-4
1.770833333E-3,-7.934570312E-4
1.791666667E-3,-3.967285156E-4
1.812500000E-3,-6.713867188E-4
1.833333333E-3,-4.272460938E-4
1.854166667E-3,-4.882812500E-4
1.875000000E-3,-7.324218750E-4
1.895833333E-3,-2.441406250E-4
1.916666667E-3,-2.136230469E-4
1.937500000E-3,-3.967285156E-4
1.958333333E-3,-9.460449219E-4
1.979166667E-3,-1.129150391E-3
2.000000000E-3,-1.159667969E-3
2.020833333E-3,-9.155273438E-4
2.041666667E-3,-1.464843750E-3
2.062500000E-3,-1.312255859E-3
2.083333333E-3,-2.441406250E-4
2.104166667E-3,-2.441406250E-4
2.125000000E-3,-9.155273438E-4
2.145833333E-3,-1.159667969E-3
2.166666667E-3,-8.544921875E-4
2.187500000E-3,-1.525878906E-3
2.208333333E-3,-3.051757812E-4
2.229166667E-3,-1.525878906E-4
2.250000000E-3,3.662109375E-4
2.270833333E-3,4.882812500E-4
2.291666667E-3,-1.342773438E-3
2.312500000E-3,-6.713867188E-4
2.333333333E-3,-1.464843750E-3
2.354166667E-3,-5.798339844E-4
2.375000000E-3,-7.629394531E-4
2.395833333E-3,-1.495361328E-3
2.416666667E-3,-1.373291016E-3
2.437500000E-3,-2.441406250E-3
2.458333333E-3,-1.983642578E-3
2.479166667E-3,-1.892089844E-3
2.500000000E-3,-1.403808594E-3
2.520833333E-3,-6.103515625E-5
2.541666667E-3,-2.136230469E-4
2.562500000E-3,-7.019042969E-4
2.583333333E-3,-9.460449219E-4
2.604166667E-3,-9.765625000E-4
2.625000000E-3,-1.495361328E-3
2.645833333E-3,-1.007080078E-3
2.666666667E-3,-1.190185547E-3
2.687500000E-3,-7.324218750E-4
2.708333333E-3,-4.272460938E-4
2.729166667E-3,-9.460449219E-4
2.750000000E-3,-6.408691406E-4
2.770833333E-3,-4.577636719E-4
2.791666667E-3,-1.525878906E-4
2.812500000E-3,6.103515625E-5
2.833333333E-3,-6.103515625E-5
2.854166667E-3,9.155273438E-4
2.875000000E-3,2.746582031E-4
2.895833333E-3,6.713867188E-4
2.916666667E-3,-9.155273438E-5
2.937500000E-3,3.356933594E-4
2.958333333E-3,3.051757812E-5
2.979166667E-3,-4.272460938E-4
3.000000000E-3,-6.103515625E-5
3.020833333E-3,-2.441406250E-4
3.041666667E-3,9.765625000E-4
3.062500000E-3,-1.220703125E-4
3.083333333E-3,3.967285156E-4
3.104166667E-3,-1.525878906E-4
3.125000000E-3,-1.831054688E-4
3.145833333E-3,6.408691406E-4
3.166666667E-3,1.220703125E-4
3.187500000E-3,1.251220703E-3
3.208333333E-3,9.155273438E-4
3.229166667E-3,9.460449219E-4
3.250000000E-3,-3.356933594E-4
3.270833333E-3,-9.765625000E-4
3.291666667E-3,-4.272460938E-4
3.312500000E-3,-1.800537109E-3
3.333333333E-3,-1.098632812E-3
3.354166667E-3,-5.493164062E-4
3.375000000E-3,0.000000000E0
3.395833333E-3,3.967285156E-4
3.416666667E-3,-6.103515625E-5
3.437500000E-3,1.159667969E-3
3.458333333E-3,4.577636719E-4
3.479166667E-3,1.037597656E-3
3.500000000E-3,2.746582031E-4
3.520833333E-3,-3.662109375E-4
3.541666667E-3,4.882812500E-4
3.562500000E-3,-1.068115234E-3
3.583333333E-3,1.831054688E-4
3.604166667E-3,3.051757812E-5
3.625000000E-3,-3.051757812E-5
3.645833333E-3,1.068115234E-3
3.666666667E-3,7.629394531E-4
3.687500000E-3,6.103515625E-4
3.708333333E-3,3.051757812E-4
3.729166667E-3,9.155273438E-5
3.750000000E-3,2.441406250E-4
3.770833333E-3,-6.103515625E-5
3.791666667E-3,3.051757812E-5
3.812500000E-3,6.103515625E-5
3.833333333E-3,7.324218750E-4
3.854166667E-3,4.272460938E-4
3.875000000E-3,1.068115234E-3
3.895833333E-3,8.544921875E-4
3.916666667E-3,7.934570312E-4
3.937500000E-3,1.007080078E-3
3.958333333E-3,2.746582031E-4
3.979166667E-3,1.525878906E-4
4.000000000E-3,-2.746582031E-4
4.020833333E-3,1.831054688E-4
4.041666667E-3,5.798339844E-4
4.062500000E-3,1.525878906E-4
4.083333333E-3,5.493164062E-4
4.104166667E-3,1.495361328E-3
4.125000000E-3,1.464843750E-3
4.145833333E-3,1.159667969E-3
4.166666667E-3,1.342773438E-3
4.187500000E-3,4.882812500E-4
4.208333333E-3,5.187988281E-4
4.229166667E-3,3.051757812E-4
4.250000000E-3,6.103515625E-5
4.270833333E-3,2.441406250E-4
4.291666667E-3,1.220703125E-4
4.312500000E-3,8.239746094E-4
4.333333333E-3,2.136230469E-4
4.354166667E-3,-3.967285156E-4
4.375000000E-3,1.220703125E-4
4.395833333E-3,-5.187988281E-4
4.416666667E-3,-3.356933594E-4
4.437500000E-3,-1.220703125E-4
4.458333333E-3,6.103515625E-5
4.479166667E-3,-6.103515625E-5
4.500000000E-3,-3.051757812E-4
4.520833333E-3,7.324218750E-4
4.541666667E-3,7.629394531E-4
4.562500000E-3,1.831054688E-4
4.583333333E-3,0.000000000E0
4.604166667E-3,0.000000000E0
4.625000000E-3,-4.882812500E-4
4.645833333E-3,-1.098632812E-3
4.666666667E-3,-1.007080078E-3
4.687500000E-3,-6.103515625E-5
4.708333333E-3,3.051757812E-5
4.729166667E-3,7.629394531E-4
4.750000000E-3,-2.136230469E-4
4.770833333E-3,-8.544921875E-4
4.791666667E-3,-2.441406250E-4
4.812500000E-3,-3.051757812E-4
4.833333333E-3,3.051757812E-5
4.854166667E-3,6.103515625E-5
4.875000000E-3,1.342773438E-3
4.895833333E-3,5.798339844E-4
4.916666667E-3,9.765625000E-4
4.937500000E-3,7.019042969E-4
4.958333333E-3,5.493164062E-4
4.979166667E-3,1.037597656E-3
5.000000000E-3,-3.051757812E-5
5.020833333E-3,-5.187988281E-4
5.041666667E-3,-8.850097656E-4
5.062500000E-3,3.356933594E-4
5.083333333E-3,3.662109375E-4
5.104166667E-3,7.934570312E-4
5.125000000E-3,7.629394531E-4
5.145833333E-3,3.967285156E-4
5.166666667E-3,4.272460938E-4
5.187500000E-3,-3.051757812E-4
5.208333333E-3,-6.103515625E-4
5.229166667E-3,-1.037597656E-3
5.250000000E-3,-1.220703125E-3
5.270833333E-3,-1.220703125E-3
5.291666667E-3,-9.460449219E-4
5.312500000E-3,-1.190185547E-3
5.333333333E-3,-7.934570312E-4
5.354166667E-3,-8.850097656E-4
5.375000000E-3,-7.324218750E-4
5.395833333E-3,-1.831054688E-4
5.416666667E-3,7.019042969E-4
5.437500000E-3,9.460449219E-4
5.458333333E-3,8.850097656E-4
5.479166667E-3,6.408691406E-4
5.500000000E-3,-4.882812500E-4
5.520833333E-3,4.882812500E-4
5.541666667E-3,9.155273438E-4
5.562500000E-3,6.103515625E-4
5.583333333E-3,6.713867188E-4
5.604166667E-3,7.934570312E-4
5.625000000E-3,1.129150391E-3
5.645833333E-3,4.882812500E-4
5.666666667E-3,3.051757812E-4
5.687500000E-3,6.103515625E-5
5.708333333E-3,0.000000000E0
5.729166667E-3,7.019042969E-4
5.750000000E-3,1.007080078E-3
5.770833333E-3,1.586914062E-3
5.791666667E-3,1.739501953E-3
5.812500000E-3,1.892089844E-3
5.833333333E-3,1.098632812E-3
5.854166667E-3,6.713867188E-4
5.875000000E-3,1.129150391E-3
5.895833333E-3,4.272460938E-4
5.916666667E-3,8.544921875E-4
5.937500000E-3,7.324218750E-4
5.958333333E-3,1.129150391E-3
5.979166667E-3,1.831054688E-3
6.000000000E-3,1.464843750E-3
6.020833333E-3,1.586914062E-3
6.041666667E-3,1.708984375E-3
6.062500000E-3,1.068115234E-3
6.083333333E-3,6.408691406E-4
6.104166667E-3,7.934570312E-4
6.125000000E-3,1.495361328E-3
6.145833333E-3,1.190185547E-3
6.166666667E-3,1.342773438E-3
6.187500000E-3,1.251220703E-3
6.208333333E-3,8.850097656E-4
6.229166667E-3,5.798339844E-4
6.250000000E-3,2.136230469E-4
6.270833333E-3,4.272460938E-4
6.291666667E-3,7.324218750E-4
6.312500000E-3,1.556396484E-3
6.333333333E-3,1.647949219E-3
6.354166667E-3,2.197265625E-3
6.375000000E-3,2.105712891E-3
6.395833333E-3,1.220703125E-3
6.416666667E-3,1.007080078E-3
6.437500000E-3,6.408691406E-4
6.458333333E-3,1.281738281E-3
6.479166667E-3,1.007080078E-3
6.500000000E-3,9.460449219E-4
6.520833333E-3,5.187988281E-4
6.541666667E-3,5.187988281E-4
6.562500000E-3,8.239746094E-4
6.583333333E-3,-1.831054688E-4
6.604166667E-3,6.713867188E-4
6.625000000E-3,7.324218750E-4
6.645833333E-3,3.356933594E-4
6.666666667E-3,1.098632812E-3
6.687500000E-3,9.765625000E-4
6.708333333E-3,2.441406250E-4
6.729166667E-3,4.577636719E-4
6.750000000E-3,-6.103515625E-5
6.770833333E-3,1.831054688E-4
6.791666667E-3,-2.136230469E-4
6.812500000E-3,1.220703125E-4
6.833333333E-3,-3.967285156E-4
6.854166667E-3,-7.019042969E-4
6.875000000E-3,-6.713867188E-4
6.895833333E-3,-7.934570312E-4
6.916666667E-3,3.356933594E-4
6.937500000E-3,-2.746582031E-4
6.958333333E-3,6.103515625E-5
6.979166667E-3,4.577636719E-4
7.000000000E-3,1.220703125E-4
7.020833333E-3,8.850097656E-4
7.041666667E-3,9.460449219E-4
7.062500000E-3,1.068115234E-3
7.083333333E-3,5.798339844E-4
7.104166667E-3,0.000000000E0
7.125000000E-3,3.051757812E-4
7.145833333E-3,1.220703125E-4
7.166666667E-3,8.544921875E-4
7.187500000E-3,1.098632812E-3
7.208333333E-3,1.312255859E-3
7.229166667E-3,8.239746094E-4
7.250000000E-3,1.403808594E-3
7.270833333E-3,6.713867188E-4
7.291666667E-3,2.441406250E-4
7.312500000E-3,8.239746094E-4
7.333333333E-3,-4.577636719E-4
7.354166667E-3,-2.136230469E-4
7.375000000E-3,-5.187988281E-4
7.395833333E-3,-4.272460938E-4
7.416666667E-3,-2.441406250E-4
7.437500000E-3,-6.103515625E-4
7.458333333E-3,-5.187988281E-4
7.479166667E-3,-7.019042969E-4
7.500000000E-3,-3.051757812E-4
7.520833333E-3,-1.831054688E-4
7.541666667E-3,-3.051757812E-5
7.562500000E-3,-9.155273438E-5
7.583333333E-3,-6.103515625E-5
7.604166667E-3,-4.272460938E-4
7.625000000E-3,-7.629394531E-4
7.645833333E-3,-2.746582031E-4
7.666666667E-3,-1.220703125E-3
7.687500000E-3,-1.037597656E-3
7.708333333E-3,-6.408691406E-4
7.729166667E-3,-1.007080078E-3
7.750000000E-3,-8.239746094E-4
7.770833333E-3,-1.464843750E-3
7.791666667E-3,-9.155273438E-4
7.812500000E-3,-1.373291016E-3
7.833333333E-3,-1.007080078E-3
7.854166667E-3,-1.129150391E-3
7.875000000E-3,-1.373291016E-3
7.895833333E-3,-1.708984375E-3
7.916666667E-3,-2.105712891E-3
7.937500000E-3,-2.777099609E-3
7.958333333E-3,-2.349853516E-3
7.979166667E-3,-2.197265625E-3
8.000000000E-3,-1.708984375E-3
8.020833333E-3,-1.281738281E-3
8.041666667E-3,-1.495361328E-3
8.062500000E-3,-9.765625000E-4
8.083333333E-3,-1.586914062E-3
8.104166667E-3,-8.850097656E-4
8.125000000E-3,-1.281738281E-3
8.145833333E-3,-1.098632812E-3
8.166666667E-3,-1.403808594E-3
8.187500000E-3,-1.037597656E-3
8.208333333E-3,-2.746582031E-4
8.229166667E-3,-6.713867188E-4
8.250000000E-3,-4.882812500E-4
8.270833333E-3,-1.007080078E-3
8.291666667E-3,-2.441406250E-4
8.312500000E-3,-3.662109375E-4
8.333333333E-3,-1.220703125E-4
8.354166667E-3,-9.155273438E-5
8.375000000E-3,-2.746582031E-4
8.395833333E-3,1.220703125E-4
8.416666667E-3,6.103515625E-5
8.437500000E-3,3.967285156E-4
8.458333333E-3,6.713867188E-4
8.479166667E-3,3.662109375E-4
8.500000000E-3,0.000000000E0
8.520833333E-3,-9.155273438E-5
8.541666667E-3,-3.356933594E-4
8.562500000E-3,0.000000000E0
8.583333333E-3,6.103515625E-5
8.604166667E-3,-1.525878906E-4
8.625000000E-3,0.000000000E0
8.645833333E-3,9.155273438E-5
8.666666667E-3,2.746582031E-4
8.687500000E-3,-9.155273438E-5
8.708333333E-3,7.934570312E-4
8.729166667E-3,-4.577636719E-4
8.750000000E-3,-3.051757812E-5
8.770833333E-3,3.051757812E-4
8.791666667E-3,-6.103515625E-4
8.812500000E-3,3.051757812E-4
8.833333333E-3,-3.662109375E-4
8.854166667E-3,1.525878906E-4
8.875000000E-3,3.662109375E-4
8.895833333E-3,6.103515625E-5
8.916666667E-3,-3.662109375E-4
8.937500000E-3,-9.765625000E-4
8.958333333E-3,-1.525878906E-3
8.979166667E-3,-1.159667969E-3
9.000000000E-3,-7.629394531E-4
9.020833333E-3,-6.103515625E-4
9.041666667E-3,-2.746582031E-4
9.062500000E-3,-5.798339844E-4
9.083333333E-3,-4.577636719E-4
9.104166667E-3,-9.155273438E-4
9.125000000E-3,-8.239746094E-4
9.145833333E-3,-5.798339844E-4
9.166666667E-3,-8.239746094E-4
9.187500000E-3,-9.765625000E-4
9.208333333E-3,-1.098632812E-3
9.229166667E-3,-1.007080078E-3
9.250000000E-3,-9.765625000E-4
9.270833333E-3,-3.662109375E-4
9.291666667E-3,-3.662109375E-4
9.312500000E-3,-4.272460938E-4
9.333333333E-3,-4.272460938E-4
9.354166667E-3,3.356933594E-4
9.375000000E-3,1.220703125E-4
9.395833333E-3,3.356933594E-4
9.416666667E-3,-1.220703125E-4
9.437500000E-3,-4.577636719E-4
9.458333333E-3,-1.220703125E-4
9.479166667E-3,-9.765625000E-4
9.500000000E-3,-7.324218750E-4
9.520833333E-3,-6.103515625E-4
9.541666667E-3,-2.136230469E-4
9.562500000E-3,-9.155273438E-5
9.583333333E-3,0.000000000E0
9.604166667E-3,-1.098632812E-3
9.625000000E-3,-1.739501953E-3
9.645833333E-3,-8.850097656E-4
9.666666667E-3,-1.525878906E-3
9.687500000E-3,-1.647949219E-3
9.708333333E-3,-1.617431641E-3
9.729166667E-3,-8.239746094E-4
9.750000000E-3,-5.798339844E-4
9.770833333E-3,-6.408691406E-4
9.791666667E-3,-1.220703125E-4
9.812500000E-3,3.967285156E-4
9.833333333E-3,5.798339844E-4
9.854166667E-3,3.662109375E-4
9.875000000E-3,1.007080078E-3
9.895833333E-3,-6.103515625E-5
9.916666667E-3,-6.713867188E-4
9.937500000E-3,-9.460449219E-4
9.958333333E-3,-1.068115234E-3
9.979166667E-3,-1.129150391E-3
1.000000000E-2,-1.129150391E-3
1.002083333E-2,-3.051757812E-5
1.004166667E-2,-6.713867188E-4
1.006250000E-2,-4.272460938E-4
1.008333333E-2,-6.408691406E-4
1.010416667E-2,0.000000000E0
1.012500000E-2,1.220703125E-4
1.014583333E-2,-5.187988281E-4
1.016666667E-2,-3.967285156E-4
1.018750000E-2,-1.312255859E-3
1.020833333E-2,-1.281738281E-3
1.022916667E-2,-2.441406250E-3
1.025000000E-2,-2.258300781E-3
1.027083333E-2,-2.166748047E-3
1.029166667E-2,-2.136230469E-3
1.031250000E-2,-8.239746094E-4
1.033333333E-2,-1.342773438E-3
1.035416667E-2,-1.159667969E-3
1.037500000E-2,-1.251220703E-3
1.039583333E-2,-9.155273438E-4
1.041666667E-2,-7.629394531E-4
1.043750000E-2,-4.272460938E-4
1.045833333E-2,-3.051757812E-5
1.047916667E-2,-7.934570312E-4
1.050000000E-2,-6.103515625E-4
1.052083333E-2,-1.251220703E-3
1.054166667E-2,-1.525878906E-3
1.056250000E-2,-1.861572266E-3
1.058333333E-2,-2.288818359E-3
1.060416667E-2,-1.586914062E-3
1.062500000E-2,-1.678466797E-3
1.064583333E-2,-5.798339844E-4
1.066666667E-2,-9.765625000E-4
1.068750000E-2,-4.882812500E-4
1.070833333E-2,4.882812500E-4
1.072916667E-2,3.051757812E-4
1.075000000E-2,7.629394531E-4
1.077083333E-2,8.544921875E-4
1.079166667E-2,1.037597656E-3
1.081250000E-2,3.967285156E-4
1.083333333E-2,-2.441406250E-4
1.085416667E-2,3.051757812E-5
1.087500000E-2,-2.136230469E-4
1.089583333E-2,-1.831054688E-4
1.091666667E-2,3.662109375E-4
1.093750000E-2,5.187988281E-4
1.095833333E-2,9.460449219E-4
1.097916667E-2,9.765625000E-4
1.100000000E-2,5.493164062E-4
1.102083333E-2,4.272460938E-4
1.104166667E-2,5.187988281E-4
1.106250000E-2,5.187988281E-4
1.108333333E-2,3.356933594E-4
1.110416667E-2,6.408691406E-4
1.112500000E-2,7.019042969E-4
1.114583333E-2,2.136230469E-4
1.116666667E-2,6.713867188E-4
1.118750000E-2,4.882812500E-4
1.120833333E-2,4.882812500E-4
1.122916667E-2,5.798339844E-4
1.125000000E-2,3.967285156E-4
1.127083333E-2,7.934570312E-4
1.129166667E-2,8.544921875E-4
1.131250000E-2,3.662109375E-4
1.133333333E-2,1.159667969E-3
1.135416667E-2,7.019042969E-4
1.137500000E-2,1.098632812E-3
1.139583333E-2,4.272460938E-4
1.141666667E-2,-1.831054688E-4
1.143750000E-2,-1.525878906E-4
1.145833333E-2,-5.187988281E-4
1.147916667E-2,-6.103515625E-5
1.150000000E-2,-2.441406250E-4
1.152083333E-2,2.441406250E-4
1.154166667E-2,6.713867188E-4
1.156250000E-2,1.068115234E-3
1.158333333E-2,1.617431641E-3
1.160416667E-2,1.586914062E-3
1.162500000E-2,1.342773438E-3
1.164583333E-2,1.037597656E-3
1.166666667E-2,-5.187988281E-4
1.168750000E-2,7.934570312E-4
1.170833333E-2,5.493164062E-4
1.172916667E-2,7.019042969E-4
1.175000000E-2,5.493164062E-4
1.177083333E-2,7.324218750E-4
1.179166667E-2,1.586914062E-3
1.181250000E-2,1.098632812E-3
1.183333333E-2,2.014160156E-3
1.185416667E-2,1.831054688E-3
1.187500000E-2,1.892089844E-3
1.189583333E-2,1.342773438E-3
1.191666667E-2,7.019042969E-4
1.193750000E-2,9.765625000E-4
1.195833333E-2,8.239746094E-4
1.197916667E-2,8.850097656E-4
1.200000000E-2,9.155273438E-4
1.202083333E-2,4.272460938E-4
1.204166667E-2,6.103515625E-4
1.206250000E-2,9.765625000E-4
1.208333333E-2,9.460449219E-4
1.210416667E-2,1.312255859E-3
1.212500000E-2,1.312255859E-3
1.214583333E-2,1.190185547E-3
1.216666667E-2,1.495361328E-3
1.218750000E-2,9.460449219E-4
1.220833333E-2,1.403808594E-3
1.222916667E-2,4.882812500E-4
1.225000000E-2,5.493164062E-4
1.227083333E-2,2.136230469E-4
1.229166667E-2,5.187988281E-4
1.231250000E-2,1.037597656E-3
1.233333333E-2,1.373291016E-3
1.235416667E-2,1.953125000E-3
1.237500000E-2,1.495361328E-3
1.239583333E-2,1.770019531E-3
1.241666667E-2,1.861572266E-3
1.243750000E-2,1.586914062E-3
1.245833333E-2,1.159667969E-3
1.247916667E-2,1.617431641E-3
1.250000000E-2,1.190185547E-3
1.252083333E-2,1.770019531E-3
1.254166667E-2,9.460449219E-4
1.256250000E-2,1.251220703E-3
1.258333333E-2,1.434326172E-3
1.260416667E-2,6.408691406E-4
1.262500000E-2,1.251220703E-3
1.264583333E-2,1.068115234E-3
1.266666667E-2,8.850097656E-4
1.268750000E-2,3.356933594E-4
1.270833333E-2,5.798339844E-4
1.272916667E-2,7.324218750E-4
1.275000000E-2,1.434326172E-3
1.277083333E-2,2.075195312E-3
1.279166667E-2,1.800537109E-3
1.281250000E-2,2.685546875E-3
1.283333333E-2,1.159667969E-3
1.285416667E-2,2.136230469E-4
1.287500000E-2,-2.136230469E-4
1.289583333E-2,-5.187988281E-4
1.291666667E-2,7.324218750E-4
1.293750000E-2,3.662109375E-4
1.295833333E-2,7.934570312E-4
1.297916667E-2,9.155273438E-5
1.300000000E-2,-5.187988281E-4
1.302083333E-2,-6.103515625E-4
1.304166667E-2,-1.617431641E-3
1.306250000E-2,-1.495361328E-3
1.308333333E-2,-2.166748047E-3
1.310416667E-2,-1.098632812E-3
1.312500000E-2,-1.037597656E-3
1.314583333E-2,-5.798339844E-4
1.316666667E-2,-1.403808594E-3
1.318750000E-2,-9.155273438E-4
1.320833333E-2,3.051757812E-5
1.322916667E-2,-8.850097656E-4
1.325000000E-2,4.577636719E-4
1.327083333E-2,-7.934570312E-4
1.329166667E-2,1.220703125E-4
1.331250000E-2,-4.577636719E-4
1.333333333E-2,-1.159667969E-3
1.335416667E-2,-5.798339844E-4
1.337500000E-2,-1.586914062E-3
1.339583333E-2,-2.136230469E-4
1.341666667E-2,-9.155273438E-4
1.343750000E-2,-7.934570312E-4
1.345833333E-2,-3.051757812E-5
1.347916667E-2,-2.441406250E-4
1.350000000E-2,-3.051757812E-4
1.352083333E-2,-1.007080078E-3
1.354166667E-2,-5.187988281E-4
1.356250000E-2,-1.373291016E-3
1.358333333E-2,-7.019042969E-4
1.360416667E-2,-1.007080078E-3
1.362500000E-2,-8.544921875E-4
1.364583333E-2,-4.272460938E-4
1.366666667E-2,-3.967285156E-4
1.368750000E-2,9.460449219E-4
1.370833333E-2,-5.187988281E-4
1.372916667E-2,1.007080078E-3
1.375000000E-2,9.765625000E-4
1.377083333E-2,3.662109375E-4
1.379166667E-2,8.850097656E-4
1.381250000E-2,1.831054688E-4
1.383333333E-2,6.103515625E-4
1.385416667E-2,-9.155273438E-5
1.387500000E-2,1.831054688E-4
1.389583333E-2,-6.103515625E-4
1.391666667E-2,-3.662109375E-4
1.393750000E-2,-7.019042969E-4
1.395833333E-2,-6.713867188E-4
1.397916667E-2,-6.713867188E-4
1.400000000E-2,-9.155273438E-5
1.402083333E-2,0.000000000E0
1.404166667E-2,-1.831054688E-4
1.406250000E-2,2.441406250E-4
1.408333333E-2,-7.934570312E-4
1.410416667E-2,-7.934570312E-4
1.412500000E-2,-6.713867188E-4
1.414583333E-2,-6.713867188E-4
1.416666667E-2,-1.068115234E-3
1.418750000E-2,-8.850097656E-4
1.420833333E-2,-1.007080078E-3
1.422916667E-2,-4.272460938E-4
1.425000000E-2,-4.577636719E-4
1.427083333E-2,-8.544921875E-4
1.429166667E-2,-8.239746094E-4
1.431250000E-2,-1.129150391E-3
1.433333333E-2,-6.713867188E-4
1.435416667E-2,-1.434326172E-3
1.437500000E-2,-7.629394531E-4
1.439583333E-2,9.155273438E-5
1.441666667E-2,-2.136230469E-4
1.443750000E-2,-3.967285156E-4
1.445833333E-2,-1.251220703E-3
1.447916667E-2,-7.324218750E-4
1.450000000E-2,-1.007080078E-3
1.452083333E-2,-1.464843750E-3
1.454166667E-2,-1.831054688E-3
1.456250000E-2,-1.708984375E-3
1.458333333E-2,-9.765625000E-4
1.460416667E-2,-1.190185547E-3
1.462500000E-2,-1.068115234E-3
1.464583333E-2,-1.068115234E-3
1.466666667E-2,-2.136230469E-4
1.468750000E-2,4.272460938E-4
1.470833333E-2,6.103515625E-5
1.472916667E-2,5.493164062E-4
1.475000000E-2,8.239746094E-4
1.477083333E-2,7.324218750E-4
1.479166667E-2,1.403808594E-3
1.481250000E-2,6.713867188E-4
1.483333333E-2,6.713867188E-4
1.485416667E-2,-4.882812500E-4
1.487500000E-2,-1.464843750E-3
1.489583333E-2,-1.617431641E-3
1.491666667E-2,-1.770019531E-3
1.493750000E-2,-5.187988281E-4
1.495833333E-2,-7.019042969E-4
1.497916667E-2,-3.662109375E-4
1.500000000E-2,-6.408691406E-4
1.502083333E-2,-8.544921875E-4
1.504166667E-2,-1.190185547E-3
1.506250000E-2,-1.434326172E-3
1.508333333E-2,-1.251220703E-3
1.510416667E-2,-1.037597656E-3
1.512500000E-2,-1.007080078E-3
1.514583333E-2,-1.708984375E-3
1.516666667E-2,-1.403808594E-3
1.518750000E-2,-1.525878906E-3
1.520833333E-2,-9.460449219E-4
1.522916667E-2,-8.239746094E-4
1.525000000E-2,-3.051757812E-5
1.527083333E-2,-3.051757812E-4
1.529166667E-2,-3.662109375E-4
1.531250000E-2,-1.159667969E-3
1.533333333E-2,-2.227783203E-3
1.535416667E-2,-9.765625000E-4
1.537500000E-2,-1.403808594E-3
1.539583333E-2,-2.746582031E-4
1.541666667E-2,6.408691406E-4
1.543750000E-2,5.187988281E-4
1.545833333E-2,1.037597656E-3
1.547916667E-2,9.155273438E-4
1.550000000E-2,1.251220703E-3
1.552083333E-2,1.068115234E-3
1.554166667E-2,7.324218750E-4
1.556250000E-2,7.019042969E-4
1.558333333E-2,-1.831054688E-4
1.560416667E-2,8.850097656E-4
1.562500000E-2,0.000000000E0
1.564583333E-2,0.000000000E0
1.566666667E-2,3.051757812E-4
1.568750000E-2,-4.272460938E-4
1.570833333E-2,1.220703125E-4
1.572916667E-2,-2.441406250E-4
1.575000000E-2,4.272460938E-4
1.577083333E-2,7.324218750E-4
1.579166667E-2,4.577636719E-4
1.581250000E-2,2.746582031E-4
1.583333333E-2,0.000000000E0
1.585416667E-2,-1.525878906E-4
1.587500000E-2,0.000000000E0
1.589583333E-2,-3.356933594E-4
1.591666667E-2,-7.934570312E-4
1.593750000E-2,-4.577636719E-4
1.595833333E-2,-6.713867188E-4
1.597916667E-2,6.103515625E-5
1.600000000E-2,5.187988281E-4
1.602083333E-2,3.662109375E-4
1.604166667E-2,6.408691406E-4
1.606250000E-2,3.051757812E-5
1.608333333E-2,-6.103515625E-5
1.610416667E-2,3.051757812E-5
1.612500000E-2,8.850097656E-4
1.614583333E-2,9.765625000E-4
1.616666667E-2,1.434326172E-3
1.618750000E-2,1.617431641E-3
1.620833333E-2,1.190185547E-3
1.622916667E-2,4.882812500E-4
1.625000000E-2,1.831054688E-4
1.627083333E-2,-6.103515625E-4
1.629166667E-2,-6.408691406E-4
1.631250000E-2,-3.356933594E-4
1.633333333E-2,-9.155273438E-5
1.635416667E-2,-2.746582031E-4
1.637500000E-2,1.831054688E-4
1.639583333E-2,6.713867188E-4
1.641666667E-2,6.408691406E-4
1.643750000E-2,1.617431641E-3
1.645833333E-2,1.556396484E-3
1.647916667E-2,1.098632812E-3
1.650000000E-2,1.251220703E-3
1.652083333E-2,2.441406250E-4
1.654166667E-2,3.051757812E-4
1.656250000E-2,1.190185547E-3
1.658333333E-2,1.129150391E-3
1.660416667E-2,5.187988281E-4
1.662500000E-2,1.831054688E-4
1.664583333E-2,2.441406250E-4
1.666666667E-2,-2.136230469E-4
1.668750000E-2,1.068115234E-3
1.670833333E-2,5.187988281E-4
1.672916667E-2,5.187988281E-4
1.675000000E-2,1.495361328E-3
1.677083333E-2,-3.051757812E-5
1.679166667E-2,3.356933594E-4
1.681250000E-2,-1.525878906E-4
1.683333333E-2,2.441406250E-4
1.685416667E-2,1.220703125E-4
1.687500000E-2,-1.525878906E-4
1.689583333E-2,4.577636719E-4
1.691666667E-2,4.272460938E-4
1.693750000E-2,7.324218750E-4
1.695833333E-2,7.019042969E-4
1.697916667E-2,3.662109375E-4
1.700000000E-2,6.103515625E-4
1.702083333E-2,1.220703125E-4
1.704166667E-2,-3.051757812E-5
1.706250000E-2,-6.103515625E-5
1.708333333E-2,3.051757812E-4
1.710416667E-2,5.493164062E-4
1.712500000E-2,2.746582031E-4
1.714583333E-2,6.408691406E-4
1.716666667E-2,3.356933594E-4
1.718750000E-2,9.155273438E-4
1.720833333E-2,3.051757812E-4
1.722916667E-2,-3.662109375E-4
1.725000000E-2,3.051757812E-5
1.727083333E-2,-7.629394531E-4
1.729166667E-2,-9.460449219E-4
1.731250000E-2,-1.190185547E-3
1.733333333E-2,-1.525878906E-3
1.735416667E-2,-2.441406250E-4
1.737500000E-2,-2.136230469E-4
1.739583333E-2,-3.051757812E-5
1.741666667E-2,-3.051757812E-4
1.743750000E-2,-6.713867188E-4
1.745833333E-2,-3.967285156E-4
1.747916667E-2,-8.850097656E-4
1.750000000E-2,-3.051757812E-5
1.752083333E-2,-7.934570312E-4
1.754166667E-2,2.136230469E-4
1.756250000E-2,-1.129150391E-3
1.758333333E-2,-9.460449219E-4
1.760416667E-2,-1.342773438E-3
1.762500000E-2,-1.373291016E-3
1.764583333E-2,-7.629394531E-4
1.766666667E-2,-1.464843750E-3
1.768750000E-2,-1.525878906E-4
1.770833333E-2,-6.103515625E-4
1.772916667E-2,7.019042969E-4
1.775000000E-2,3.051757812E-5
1.777083333E-2,-6.103515625E-5
1.779166667E-2,-7.019042969E-4
1.781250000E-2,-8.850097656E-4
1.783333333E-2,-3.662109375E-4
1.785416667E-2,-9.460449219E-4
1.787500000E-2,-5.798339844E-4
1.789583333E-2,-8.544921875E-4
1.791666667E-2,-7.629394531E-4
1.793750000E-2,9.155273438E-5
1.795833333E-2,-6.713867188E-4
1.797916667E-2,-8.239746094E-4
1.800000000E-2,-2.136230469E-4
1.802083333E-2,-1.342773438E-3
1.804166667E-2,-8.544921875E-4
1.806250000E-2,-7.324218750E-4
1.808333333E-2,-7.324218750E-4
1.810416667E-2,-1.373291016E-3
1.812500000E-2,-1.251220703E-3
1.814583333E-2,-8.544921875E-4
1.816666667E-2,-8.544921875E-4
1.818750000E-2,-5.493164062E-4
1.820833333E-2,-7.019042969E-4
1.822916667E-2,3.051757812E-4
1.825000000E-2,-5.187988281E-4
1.827083333E-2,-6.713867188E-4
1.829166667E-2,9.155273438E-5
1.831250000E-2,7.629394531E-4
1.833333333E-2,9.765625000E-4
1.835416667E-2,6.408691406E-4
1.837500000E-2,7.324218750E-4
1.839583333E-2,6.408691406E-4
1.841666667E-2,1.190185547E-3
1.843750000E-2,8.850097656E-4
1.845833333E-2,3.051757812E-4
1.847916667E-2,-3.356933594E-4
1.850000000E-2,0.000000000E0
1.852083333E-2,-2.441406250E-4
1.854166667E-2,4.272460938E-4
1.856250000E-2,5.493164062E-4
1.858333333E-2,3.662109375E-4
1.860416667E-2,6.103515625E-4
1.862500000E-2,4.272460938E-4
1.864583333E-2,9.460449219E-4
1.866666667E-2,1.068115234E-3
1.868750000E-2,1.251220703E-3
1.870833333E-2,1.525878906E-3
1.872916667E-2,1.647949219E-3
1.875000000E-2,8.239746094E-4
1.877083333E-2,2.075195312E-3
1.879166667E-2,1.770019531E-3
1.881250000E-2,1.495361328E-3
1.883333333E-2,1.983642578E-3
1.885416667E-2,1.800537109E-3
1.887500000E-2,2.502441406E-3
1.889583333E-2,1.892089844E-3
1.891666667E-2,2.471923828E-3
1.893750000E-2,2.685546875E-3
1.895833333E-2,2.532958984E-3
1.897916667E-2,2.502441406E-3
1.900000000E-2,1.922607422E-3
1.902083333E-2,1.800537109E-3
1.904166667E-2,1.861572266E-3
1.906250000E-2,1.831054688E-3
1.908333333E-2,1.922607422E-3
1.910416667E-2,2.136230469E-3
1.912500000E-2,2.807617188E-3
1.914583333E-2,2.593994141E-3
1.916666667E-2,2.593994141E-3
1.918750000E-2,2.624511719E-3
1.920833333E-2,1.770019531E-3
1.922916667E-2,1.831054688E-3
1.925000000E-2,1.342773438E-3
1.927083333E-2,1.678466797E-3
1.929166667E-2,1.861572266E-3
1.931250000E-2,1.861572266E-3
1.933333333E-2,2.014160156E-3
1.935416667E-2,9.460449219E-4
1.937500000E-2,7.324218750E-4
1.939583333E-2,-3.051757812E-4
1.941666667E-2,6.103515625E-5
1.943750000E-2,-6.103515625E-5
1.945833333E-2,0.000000000E0
1.947916667E-2,5.187988281E-4
1.950000000E-2,1.190185547E-3
1.952083333E-2,1.800537109E-3
1.954166667E-2,1.525878906E-3
1.956250000E-2,1.281738281E-3
1.958333333E-2,9.765625000E-4
1.960416667E-2,2.746582031E-4
1.962500000E-2,1.525878906E-4
1.964583333E-2,-3.662109375E-4
1.966666667E-2,0.000000000E0
1.968750000E-2,1.831054688E-4
1.970833333E-2,3.356933594E-4
1.972916667E-2,1.068115234E-3
1.975000000E-2,1.098632812E-3
1.977083333E-2,1.647949219E-3
1.979166667E-2,1.037597656E-3
1.981250000E-2,1.037597656E-3
1.983333333E-2,3.356933594E-4
1.985416667E-2,-9.155273438E-5
1.987500000E-2,-1.525878906E-4
1.989583333E-2,3.051757812E-4
1.991666667E-2,-9.155273438E-5
1.993750000E-2,-1.373291016E-3
1.995833333E-2,-1.617431641E-3
1.997916667E-2,-1.647949219E-3
2.000000000E-2,-1.678466797E-3
2.002083333E-2,-1.220703125E-3
2.004166667E-2,-1.831054688E-3
2.006250000E-2,-1.617431641E-3
2.008333333E-2,-1.495361328E-3
2.010416667E-2,-1.800537109E-3
2.012500000E-2,-2.532958984E-3
2.014583333E-2,-2.960205078E-3
2.016666667E-2,-2.655029297E-3
2.018750000E-2,-3.234863281E-3
2.020833333E-2,-2.838134766E-3
2.022916667E-2,-3.173828125E-3
2.025000000E-2,-3.204345703E-3
2.027083333E-2,-2.502441406E-3
2.029166667E-2,-3.387451172E-3
2.031250000E-2,-2.838134766E-3
2.033333333E-2,-4.089355469E-3
2.035416667E-2,-3.601074219E-3
2.037500000E-2,-3.173828125E-3
2.039583333E-2,-3.356933594E-3
2.041666667E-2,-2.044677734E-3
2.043750000E-2,-3.051757812E-3
2.045833333E-2,-2.105712891E-3
2.047916667E-2,-3.112792969E-3
2.050000000E-2,-3.112792969E-3
2.052083333E-2,-3.143310547E-3
2.054166667E-2,-4.089355469E-3
2.056250000E-2,-3.234863281E-3
2.058333333E-2,-3.692626953E-3
2.060416667E-2,-2.838134766E-3
2.062500000E-2,-1.831054688E-3
2.064583333E-2,-1.586914062E-3
2.066666667E-2,-9.460449219E-4
2.068750000E-2,-7.324218750E-4
2.070833333E-2,-3.662109375E-4
2.072916667E-2,-7.629394531E-4
2.075000000E-2,-3.662109375E-4
2.077083333E-2,-7.629394531E-4
2.079166667E-2,0.000000000E0
2.081250000E-2,-6.713867188E-4
2.083333333E-2,-6.713867188E-4
2.085416667E-2,-6.713867188E-4
2.087500000E-2,-2.166748047E-3
2.089583333E-2,-9.155273438E-4
2.091666667E-2,-2.136230469E-3
2.093750000E-2,-1.647949219E-3
2.095833333E-2,-1.098632812E-3
2.097916667E-2,-1.129150391E-3
2.100000000E-2,-1.831054688E-4
2.102083333E-2,-1.495361328E-3
2.104166667E-2,-5.493164062E-4
2.106250000E-2,-2.136230469E-4
2.108333333E-2,6.103515625E-5
2.110416667E-2,3.662109375E-4
2.112500000E-2,4.882812500E-4
2.114583333E-2,9.155273438E-5
2.116666667E-2,-2.136230469E-4
2.118750000E-2,2.746582031E-4
2.120833333E-2,3.662109375E-4
2.122916667E-2,7.934570312E-4
2.125000000E-2,1.342773438E-3
2.127083333E-2,1.068115234E-3
2.129166667E-2,9.765625000E-4
2.131250000E-2,1.617431641E-3
2.133333333E-2,1.770019531E-3
2.135416667E-2,1.220703125E-3
2.137500000E-2,1.770019531E-3
2.139583333E-2,1.434326172E-3
2.141666667E-2,7.934570312E-4
2.143750000E-2,1.037597656E-3
2.145833333E-2,6.103515625E-4
2.147916667E-2,1.068115234E-3
2.150000000E-2,1.159667969E-3
2.152083333E-2,2.471923828E-3
2.154166667E-2,2.014160156E-3
2.156250000E-2,1.953125000E-3
2.158333333E-2,2.166748047E-3
2.160416667E-2,1.434326172E-3
2.162500000E-2,1.312255859E-3
2.164583333E-2,7.934570312E-4
2.166666667E-2,9.765625000E-4
2.168750000E-2,7.019042969E-4
2.170833333E-2,3.356933594E-4
2.172916667E-2,-1.525878906E-4
2.175000000E-2,3.051757812E-4
2.177083333E-2,-3.051757812E-5
2.179166667E-2,9.155273438E-5
2.181250000E-2,6.408691406E-4
2.183333333E-2,3.356933594E-4
2.185416667E-2,0.000000000E0
2.187500000E-2,5.187988281E-4
2.189583333E-2,7.934570312E-4
2.191666667E-2,1.312255859E-3
2.193750000E-2,1.922607422E-3
2.195833333E-2,8.239746094E-4
2.197916667E-2,1.251220703E-3
2.200000000E-2,9.765625000E-4
2.202083333E-2,1.068115234E-3
2.204166667E-2,1.770019531E-3
2.206250000E-2,1.953125000E-3
2.208333333E-2,1.953125000E-3
2.210416667E-2,1.770019531E-3
2.212500000E-2,1.525878906E-3
2.214583333E-2,1.403808594E-3
2.216666667E-2,1.373291016E-3
2.218750000E-2,1.007080078E-3
2.220833333E-2,7.629394531E-4
2.222916667E-2,3.662109375E-4
2.225000000E-2,3.967285156E-4
2.227083333E-2,7.934570312E-4
2.229166667E-2,2.746582031E-4
2.231250000E-2,8.239746094E-4
2.233333333E-2,5.493164062E-4
2.235416667E-2,6.103515625E-5
2.237500000E-2,3.356933594E-4
2.239583333E-2,9.155273438E-5
2.241666667E-2,3.662109375E-4
2.243750000E-2,-3.051757812E-5
2.245833333E-2,-2.441406250E-4
2.247916667E-2,-3.356933594E-4
2.250000000E-2,-2.441406250E-4
2.252083333E-2,-5.187988281E-4
2.254166667E-2,-3.051757812E-4
2.256250000E-2,-4.272460938E-4
2.258333333E-2,-1.068115234E-3
2.260416667E-2,-1.007080078E-3
2.262500000E-2,-1.800537109E-3
2.264583333E-2,-1.495361328E-3
2.266666667E-2,-1.098632812E-3
2.268750000E-2,-1.037597656E-3
2.270833333E-2,-1.007080078E-3
2.272916667E-2,-4.272460938E-4
2.275000000E-2,-3.967285156E-4
2.277083333E-2,-7.324218750E-4
2.279166667E-2,-1.251220703E-3
2.281250000E-2,-1.220703125E-3
2.283333333E-2,-1.617431641E-3
2.285416667E-2,-1.281738281E-3
2.287500000E-2,-4.577636719E-4
2.289583333E-2,-8.239746094E-4
2.291666667E-2,-3.356933594E-4
2.293750000E-2,-5.798339844E-4
2.295833333E-2,-1.525878906E-4
2.297916667E-2,-1.831054688E-4
2.300000000E-2,-6.713867188E-4
2.302083333E-2,-6.408691406E-4
2.304166667E-2,-9.155273438E-4
2.306250000E-2,-9.765625000E-4
2.308333333E-2,-1.037597656E-3
2.310416667E-2,-8.850097656E-4
2.312500000E-2,-6.103515625E-4
2.314583333E-2,-1.068115234E-3
2.316666667E-2,-6.408691406E-4
2.318750000E-2,-7.324218750E-4
2.320833333E-2,-3.051757812E-4
2.322916667E-2,-3.356933594E-4
2.325000000E-2,-4.882812500E-4
2.327083333E-2,-7.019042969E-4
2.329166667E-2,-1.312255859E-3
2.331250000E-2,-1.098632812E-3
2.333333333E-2,-7.019042969E-4
2.335416667E-2,-6.103515625E-5
2.337500000E-2,-6.103515625E-4
2.339583333E-2,-7.629394531E-4
2.341666667E-2,-8.544921875E-4
2.343750000E-2,3.051757812E-5
2.345833333E-2,-6.713867188E-4
2.347916667E-2,3.051757812E-5
2.350000000E-2,1.831054688E-4
2.352083333E-2,-9.460449219E-4
2.354166667E-2,6.103515625E-5
2.356250000E-2,-1.342773438E-3
2.358333333E-2,-8.239746094E-4
2.360416667E-2,-3.356933594E-4
2.362500000E-2,-8.850097656E-4
2.364583333E-2,-5.798339844E-4
2.366666667E-2,-1.220703125E-4
2.368750000E-2,9.765625000E-4
2.370833333E-2,1.251220703E-3
2.372916667E-2,7.019042969E-4
2.375000000E-2,1.464843750E-3
2.377083333E-2,1.159667969E-3
2.379166667E-2,7.629394531E-4
2.381250000E-2,6.713867188E-4
2.383333333E-2,-1.831054688E-4
2.385416667E-2,-6.103515625E-5
2.387500000E-2,-4.882812500E-4
2.389583333E-2,6.103515625E-5
2.391666667E-2,0.000000000E0
2.393750000E-2,5.187988281E-4
2.395833333E-2,1.586914062E-3
2.397916667E-2,1.037597656E-3
2.400000000E-2,1.495361328E-3
2.402083333E-2,1.220703125E-3
2.404166667E-2,1.007080078E-3
2.406250000E-2,1.129150391E-3
2.408333333E-2,1.556396484E-3
2.410416667E-2,1.342773438E-3
2.412500000E-2,3.967285156E-4
2.414583333E-2,8.239746094E-4
2.416666667E-2,5.187988281E-4
2.418750000E-2,2.746582031E-4
2.420833333E-2,4.882812500E-4
2.422916667E-2,1.281738281E-3
2.425000000E-2,1.281738281E-3
2.427083333E-2,1.647949219E-3
2.429166667E-2,1.129150391E-3
2.431250000E-2,7.324218750E-4
2.433333333E-2,4.577636719E-4
2.435416667E-2,4.577636719E-4
2.437500000E-2,1.495361328E-3
2.439583333E-2,1.068115234E-3
2.441666667E-2,1.281738281E-3
2.443750000E-2,1.251220703E-3
2.445833333E-2,9.460449219E-4
2.447916667E-2,6.408691406E-4
2.450000000E-2,9.155273438E-4
2.452083333E-2,8.850097656E-4
2.454166667E-2,1.190185547E-3
2.456250000E-2,7.629394531E-4
2.458333333E-2,1.098632812E-3
2.460416667E-2,5.798339844E-4
2.462500000E-2,9.765625000E-4
2.464583333E-2,1.434326172E-3
2.466666667E-2,9.155273438E-4
2.468750000E-2,1.190185547E-3
2.470833333E-2,8.239746094E-4
2.472916667E-2,1.373291016E-3
2.475000000E-2,8.239746094E-4
2.477083333E-2,7.934570312E-4
2.479166667E-2,7.324218750E-4
2.481250000E-2,4.577636719E-4
2.483333333E-2,7.934570312E-4
2.485416667E-2,8.544921875E-4
2.487500000E-2,9.460449219E-4
2.489583333E-2,1.220703125E-3
2.491666667E-2,9.460449219E-4
2.493750000E-2,1.708984375E-3
2.495833333E-2,7.629394531E-4
2.497916667E-2,5.493164062E-4
2.500000000E-2,1.068115234E-3
2.502083333E-2,6.103515625E-5
2.504166667E-2,1.007080078E-3
2.506250000E-2,5.798339844E-4
2.508333333E-2,5.187988281E-4
2.510416667E-2,3.051757812E-5
2.512500000E-2,6.103515625E-5
2.514583333E-2,4.272460938E-4
2.516666667E-2,7.019042969E-4
2.518750000E-2,4.577636719E-4
2.520833333E-2,-9.155273438E-5
2.522916667E-2,4.882812500E-4
2.525000000E-2,-6.408691406E-4
2.527083333E-2,-7.019042969E-4
2.529166667E-2,-7.629394531E-4
2.531250000E-2,-1.098632812E-3
2.533333333E-2,-7.629394531E-4
2.535416667E-2,-3.662109375E-4
2.537500000E-2,4.577636719E-4
2.539583333E-2,2.441406250E-4
2.541666667E-2,-1.525878906E-4
2.543750000E-2,-7.629394531E-4
2.545833333E-2,-6.103515625E-4
2.547916667E-2,-6.408691406E-4
2.550000000E-2,1.831054688E-4
2.552083333E-2,3.356933594E-4
2.554166667E-2,-2.746582031E-4
2.556250000E-2,-1.831054688E-4
2.558333333E-2,-1.068115234E-3
2.560416667E-2,-1.037597656E-3
2.562500000E-2,-1.098632812E-3
2.564583333E-2,1.831054688E-4
2.566666667E-2,4.272460938E-4
2.568750000E-2,2.441406250E-4
2.570833333E-2,5.798339844E-4
2.572916667E-2,-6.103515625E-5
2.575000000E-2,-9.765625000E-4
2.577083333E-2,-1.251220703E-3
2.579166667E-2,-1.281738281E-3
2.581250000E-2,-1.861572266E-3
2.583333333E-2,-1.464843750E-3
2.585416667E-2,-1.678466797E-3
2.587500000E-2,-1.434326172E-3
2.589583333E-2,-1.159667969E-3
2.591666667E-2,-1.586914062E-3
2.593750000E-2,-1.800537109E-3
2.595833333E-2,-1.647949219E-3
2.597916667E-2,2.746582031E-4
2.600000000E-2,-7.629394531E-4
2.602083333E-2,-6.408691406E-4
2.604166667E-2,-9.460449219E-4
2.606250000E-2,-1.342773438E-3
2.608333333E-2,2.136230469E-4
2.610416667E-2,-5.187988281E-4
2.612500000E-2,4.577636719E-4
2.614583333E-2,-9.460449219E-4
2.616666667E-2,-9.765625000E-4
2.618750000E-2,-1.464843750E-3
2.620833333E-2,-2.319335938E-3
2.622916667E-2,-7.934570312E-4
2.625000000E-2,-2.105712891E-3
2.627083333E-2,-3.051757812E-5
2.629166667E-2,-8.850097656E-4
2.631250000E-2,-1.831054688E-3
2.633333333E-2,-1.708984375E-3
2.635416667E-2,-2.502441406E-3
2.637500000E-2,-1.708984375E-3
2.639583333E-2,-2.044677734E-3
2.641666667E-2,-2.014160156E-3
2.643750000E-2,-1.373291016E-3
2.645833333E-2,-1.312255859E-3
2.647916667E-2,-1.342773438E-3
2.650000000E-2,-1.403808594E-3
2.652083333E-2,-1.220703125E-3
2.654166667E-2,-1.617431641E-3
2.656250000E-2,-2.319335938E-3
2.658333333E-2,-2.502441406E-3
2.660416667E-2,-2.349853516E-3
2.662500000E-2,-2.105712891E-3
2.664583333E-2,-1.312255859E-3
2.666666667E-2,-1.129150391E-3
2.668750000E-2,-7.019042969E-4
2.670833333E-2,0.000000000E0
2.672916667E-2,4.272460938E-4
2.675000000E-2,3.662109375E-4
2.677083333E-2,-6.103515625E-5
2.679166667E-2,3.967285156E-4
2.681250000E-2,6.408691406E-4
2.683333333E-2,1.220703125E-4
2.685416667E-2,1.098632812E-3
2.687500000E-2,4.882812500E-4
2.689583333E-2,9.155273438E-4
2.691666667E-2,9.460449219E-4
2.693750000E-2,3.051757812E-4
2.695833333E-2,7.934570312E-4
2.697916667E-2,7.324218750E-4
2.700000000E-2,9.765625000E-4
2.702083333E-2,4.577636719E-4
2.704166667E-2,1.251220703E-3
2.706250000E-2,4.882812500E-4
2.708333333E-2,5.798339844E-4
2.710416667E-2,5.798339844E-4
2.712500000E-2,9.155273438E-5
2.714583333E-2,1.190185547E-3
2.716666667E-2,9.155273438E-4
2.718750000E-2,2.075195312E-3
2.720833333E-2,2.532958984E-3
2.722916667E-2,1.495361328E-3
2.725000000E-2,1.281738281E-3
2.727083333E-2,7.934570312E-4
2.729166667E-2,8.239746094E-4
2.731250000E-2,4.577636719E-4
2.733333333E-2,6.103515625E-4
2.735416667E-2,1.678466797E-3
2.737500000E-2,7.019042969E-4
2.739583333E-2,1.007080078E-3
2.741666667E-2,5.798339844E-4
2.743750000E-2,2.746582031E-4
2.745833333E-2,6.103515625E-4
2.747916667E-2,1.220703125E-4
2.750000000E-2,1.464843750E-3
2.752083333E-2,8.239746094E-4
2.754166667E-2,1.892089844E-3
2.756250000E-2,1.800537109E-3
2.758333333E-2,1.373291016E-3
2.760416667E-2,2.075195312E-3
2.762500000E-2,1.159667969E-3
2.764583333E-2,1.220703125E-3
2.766666667E-2,1.647949219E-3
2.768750000E-2,1.373291016E-3
2.770833333E-2,3.967285156E-4
2.772916667E-2,2.746582031E-4
2.775000000E-2,7.934570312E-4
2.777083333E-2,1.556396484E-3
2.779166667E-2,1.739501953E-3
2.781250000E-2,1.312255859E-3
2.783333333E-2,7.934570312E-4
2.785416667E-2,1.770019531E-3
2.787500000E-2,7.629394531E-4
2.789583333E-2,6.103515625E-4
2.791666667E-2,4.882812500E-4
2.793750000E-2,1.525878906E-4
2.795833333E-2,7.934570312E-4
2.797916667E-2,-5.493164062E-4
2.800000000E-2,6.408691406E-4
2.802083333E-2,5.493164062E-4
2.804166667E-2,4.882812500E-4
2.806250000E-2,7.934570312E-4
2.808333333E-2,3.051757812E-4
2.810416667E-2,1.007080078E-3
2.812500000E-2,-1.220703125E-4
2.814583333E-2,-7.019042969E-4
2.816666667E-2,-7.629394531E-4
2.818750000E-2,-9.765625000E-4
2.820833333E-2,-1.190185547E-3
2.822916667E-2,-1.007080078E-3
2.825000000E-2,-7.934570312E-4
2.827083333E-2,-6.103515625E-4
2.829166667E-2,-7.934570312E-4
2.831250000E-2,-8.850097656E-4
2.833333333E-2,-2.136230469E-4
2.835416667E-2,-9.155273438E-5
2.837500000E-2,-7.019042969E-4
2.839583333E-2,-9.460449219E-4
2.841666667E-2,-2.197265625E-3
2.843750000E-2,-1.861572266E-3
2.845833333E-2,-1.739501953E-3
2.847916667E-2,-2.838134766E-3
2.850000000E-2,-1.373291016E-3
2.852083333E-2,-1.708984375E-3
2.854166667E-2,-1.464843750E-3
2.856250000E-2,-4.882812500E-4
2.858333333E-2,-7.934570312E-4
2.860416667E-2,3.967285156E-4
2.862500000E-2,-3.967285156E-4
2.864583333E-2,-5.798339844E-4
2.866666667E-2,-4.882812500E-4
2.868750000E-2,-1.312255859E-3
2.870833333E-2,-1.068115234E-3
2.872916667E-2,-1.983642578E-3
2.875000000E-2,-1.129150391E-3
2.877083333E-2,-3.662109375E-4
2.879166667E-2,-8.239746094E-4
2.881250000E-2,-2.746582031E-4
2.883333333E-2,-1.190185547E-3
2.885416667E-2,-4.882812500E-4
2.887500000E-2,-3.356933594E-4
2.889583333E-2,0.000000000E0
2.891666667E-2,9.155273438E-4
2.893750000E-2,3.356933594E-4
2.895833333E-2,4.882812500E-4
2.897916667E-2,0.000000000E0
2.900000000E-2,-5.187988281E-4
2.902083333E-2,2.136230469E-4
2.904166667E-2,4.272460938E-4
2.906250000E-2,5.798339844E-4
2.908333333E-2,1.129150391E-3
2.910416667E-2,4.882812500E-4
2.912500000E-2,1.007080078E-3
2.914583333E-2,1.342773438E-3
2.916666667E-2,1.007080078E-3
2.918750000E-2,1.678466797E-3
2.920833333E-2,1.617431641E-3
2.922916667E-2,2.532958984E-3
2.925000000E-2,1.739501953E-3
2.927083333E-2,2.349853516E-3
2.929166667E-2,2.258300781E-3
2.931250000E-2,1.708984375E-3
2.933333333E-2,3.021240234E-3
2.935416667E-2,1.953125000E-3
2.937500000E-2,3.448486328E-3
2.939583333E-2,2.319335938E-3
2.941666667E-2,2.471923828E-3
2.943750000E-2,2.624511719E-3
2.945833333E-2,1.647949219E-3
2.947916667E-2,2.868652344E-3
2.950000000E-2,1.373291016E-3
2.952083333E-2,2.410888672E-3
2.954166667E-2,2.136230469E-3
2.956250000E-2,1.892089844E-3
2.958333333E-2,2.410888672E-3
2.960416667E-2,1.617431641E-3
2.962500000E-2,1.739501953E-3
2.964583333E-2,1.403808594E-3
2.966666667E-2,5.187988281E-4
2.968750000E-2,1.068115234E-3
2.970833333E-2,1.129150391E-3
2.972916667E-2,6.103515625E-4
2.975000000E-2,8.544921875E-4
2.977083333E-2,3.051757812E-4
2.979166667E-2,7.019042969E-4
2.981250000E-2,3.051757812E-4
2.983333333E-2,-1.220703125E-4
2.985416667E-2,-3.051757812E-5
2.987500000E-2,-8.850097656E-4
2.989583333E-2,-1.220703125E-4
2.991666667E-2,-2.136230469E-4
2.993750000E-2,5.798339844E-4
2.995833333E-2,7.324218750E-4
2.997916667E-2,2.746582031E-4
3.000000000E-2,4.272460938E-4
3.002083333E-2,-6.103515625E-5
3.004166667E-2,-1.831054688E-4
3.006250000E-2,-6.103515625E-4
3.008333333E-2,-6.103515625E-5
3.010416667E-2,-6.103515625E-5
3.012500000E-2,-7.324218750E-4
3.014583333E-2,-4.272460938E-4
3.016666667E-2,-8.544921875E-4
3.018750000E-2,-5.187988281E-4
3.020833333E-2,3.051757812E-5
3.022916667E-2,-2.136230469E-4
3.025000000E-2,7.019042969E-4
3.027083333E-2,5.798339844E-4
3.029166667E-2,6.713867188E-4
3.031250000E-2,7.629394531E-4
3.033333333E-2,3.662109375E-4
3.035416667E-2,6.103515625E-5
3.037500000E-2,-3.967285156E-4
3.039583333E-2,-4.882812500E-4
3.041666667E-2,-1.251220703E-3
3.043750000E-2,-3.662109375E-4
3.045833333E-2,-1.281738281E-3
3.047916667E-2,-5.493164062E-4
3.050000000E-2,6.103515625E-5
3.052083333E-2,-1.312255859E-3
3.054166667E-2,-1.434326172E-3
3.056250000E-2,-2.227783203E-3
3.058333333E-2,-1.922607422E-3
3.060416667E-2,-5.187988281E-4
3.062500000E-2,-8.544921875E-4
3.064583333E-2,-9.155273438E-4
3.066666667E-2,-1.007080078E-3
3.068750000E-2,-7.934570312E-4
3.070833333E-2,-1.251220703E-3
3.072916667E-2,-1.281738281E-3
3.075000000E-2,-1.159667969E-3
3.077083333E-2,-1.800537109E-3
3.079166667E-2,-1.464843750E-3
3.081250000E-2,-1.708984375E-3
3.083333333E-2,-1.525878906E-3
3.085416667E-2,-1.373291016E-3
3.087500000E-2,-1.403808594E-3
3.089583333E-2,-1.190185547E-3
3.091666667E-2,-1.525878906E-3
3.093750000E-2,-1.770019531E-3
3.095833333E-2,-1.220703125E-3
3.097916667E-2,-2.471923828E-3
3.100000000E-2,-2.349853516E-3
3.102083333E-2,-1.953125000E-3
3.104166667E-2,-2.716064453E-3
3.106250000E-2,-1.770019531E-3
3.108333333E-2,-2.258300781E-3
3.110416667E-2,-1.861572266E-3
3.112500000E-2,-2.319335938E-3
3.114583333E-2,-2.655029297E-3
3.116666667E-2,-2.777099609E-3
3.118750000E-2,-2.532958984E-3
3.120833333E-2,-2.166748047E-3
3.122916667E-2,-2.624511719E-3
3.125000000E-2,-1.953125000E-3
3.127083333E-2,-2.410888672E-3
3.129166667E-2,-1.831054688E-3
3.131250000E-2,-1.495361328E-3
3.133333333E-2,-1.953125000E-3
3.135416667E-2,-1.281738281E-3
3.137500000E-2,-2.838134766E-3
3.139583333E-2,-2.288818359E-3
3.141666667E-2,-2.929687500E-3
3.143750000E-2,-2.685546875E-3
3.145833333E-2,-1.983642578E-3
3.147916667E-2,-2.349853516E-3
3.150000000E-2,-1.342773438E-3
3.152083333E-2,-1.831054688E-3
3.154166667E-2,-2.105712891E-3
3.156250000E-2,-1.770019531E-3
3.158333333E-2,-1.953125000E-3
3.160416667E-2,-2.044677734E-3
3.162500000E-2,-2.258300781E-3
3.164583333E-2,-1.922607422E-3
3.166666667E-2,-1.617431641E-3
3.168750000E-2,-2.349853516E-3
3.170833333E-2,-2.166748047E-3
3.172916667E-2,-1.678466797E-3
3.175000000E-2,-1.831054688E-3
3.177083333E-2,-1.831054688E-3
3.179166667E-2,-2.014160156E-3
3.181250000E-2,-2.197265625E-3
3.183333333E-2,-1.708984375E-3
3.185416667E-2,-1.434326172E-3
3.187500000E-2,-1.647949219E-3
3.189583333E-2,-8.239746094E-4
3.191666667E-2,-4.882812500E-4
3.193750000E-2,-3.967285156E-4
3.195833333E-2,6.103515625E-5
3.197916667E-2,-2.746582031E-4
3.200000000E-2,1.525878906E-4
3.202083333E-2,-7.934570312E-4
3.204166667E-2,-4.577636719E-4
3.206250000E-2,2.746582031E-4
3.208333333E-2,-1.831054688E-4
3.210416667E-2,2.014160156E-3
3.212500000E-2,3.356933594E-4
3.214583333E-2,1.434326172E-3
3.216666667E-2,1.068115234E-3
3.218750000E-2,1.831054688E-4
3.220833333E-2,1.068115234E-3
3.222916667E-2,-3.356933594E-4
3.225000000E-2,9.460449219E-4
3.227083333E-2,-6.103515625E-4
3.229166667E-2,6.103515625E-5
3.231250000E-2,-3.967285156E-4
3.233333333E-2,-4.272460938E-4
3.235416667E-2,2.136230469E-4
3.237500000E-2,2.441406250E-4
3.239583333E-2,1.220703125E-3
3.241666667E-2,1.007080078E-3
3.243750000E-2,1.525878906E-3
3.245833333E-2,8.544921875E-4
3.247916667E-2,6.713867188E-4
3.250000000E-2,1.098632812E-3
3.252083333E-2,8.850097656E-4
3.254166667E-2,1.464843750E-3
3.256250000E-2,1.129150391E-3
3.258333333E-2,1.495361328E-3
3.260416667E-2,1.434326172E-3
3.262500000E-2,8.850097656E-4
3.264583333E-2,1.220703125E-3
3.266666667E-2,1.007080078E-3
3.268750000E-2,1.770019531E-3
3.270833333E-2,4.272460938E-4
3.272916667E-2,7.324218750E-4
3.275000000E-2,9.155273438E-4
3.277083333E-2,3.662109375E-4
3.279166667E-2,1.129150391E-3
3.281250000E-2,7.324218750E-4
3.283333333E-2,1.373291016E-3
3.285416667E-2,1.312255859E-3
3.287500000E-2,1.983642578E-3
3.289583333E-2,2.075195312E-3
3.291666667E-2,1.556396484E-3
3.293750000E-2,1.922607422E-3
3.295833333E-2,1.159667969E-3
3.297916667E-2,9.765625000E-4
3.300000000E-2,3.051757812E-5
3.302083333E-2,2.441406250E-4
3.304166667E-2,9.155273438E-4
3.306250000E-2,8.544921875E-4
3.308333333E-2,9.460449219E-4
3.310416667E-2,1.831054688E-4
3.312500000E-2,4.882812500E-4
3.314583333E-2,-2.441406250E-4
3.316666667E-2,-3.051757812E-4
3.318750000E-2,3.356933594E-4
3.320833333E-2,-7.934570312E-4
3.322916667E-2,7.324218750E-4
3.325000000E-2,0.000000000E0
3.327083333E-2,4.577636719E-4
3.329166667E-2,5.187988281E-4
3.331250000E-2,6.713867188E-4
3.333333333E-2,9.765625000E-4
3.335416667E-2,3.662109375E-4
3.337500000E-2,8.239746094E-4
3.339583333E-2,-4.272460938E-4
3.341666667E-2,6.103515625E-5
3.343750000E-2,-1.037597656E-3
3.345833333E-2,-1.342773438E-3
3.347916667E-2,-4.577636719E-4
3.350000000E-2,-8.850097656E-4
3.352083333E-2,-6.103515625E-5
3.354166667E-2,-3.662109375E-4
3.356250000E-2,3.051757812E-5
3.358333333E-2,-1.220703125E-4
3.360416667E-2,-4.577636719E-4
3.362500000E-2,-1.129150391E-3
3.364583333E-2,-9.155273438E-4
3.366666667E-2,-1.861572266E-3
3.368750000E-2,-1.831054688E-3
3.370833333E-2,-1.373291016E-3
3.372916667E-2,-1.281738281E-3
3.375000000E-2,6.103515625E-5
3.377083333E-2,-1.037597656E-3
3.379166667E-2,-5.798339844E-4
3.381250000E-2,-3.967285156E-4
3.383333333E-2,-2.136230469E-4
3.385416667E-2,4.272460938E-4
3.387500000E-2,5.798339844E-4
3.389583333E-2,7.629394531E-4
3.391666667E-2,3.662109375E-4
3.393750000E-2,-6.103515625E-5
3.395833333E-2,-5.493164062E-4
3.397916667E-2,-4.272460938E-4
3.400000000E-2,-4.577636719E-4
3.402083333E-2,2.136230469E-4
3.404166667E-2,-6.103515625E-5
3.406250000E-2,1.068115234E-3
3.408333333E-2,1.708984375E-3
3.410416667E-2,1.861572266E-3
3.412500000E-2,1.861572266E-3
3.414583333E-2,1.403808594E-3
3.416666667E-2,1.434326172E-3
3.418750000E-2,1.464843750E-3
3.420833333E-2,1.770019531E-3
3.422916667E-2,1.800537109E-3
3.425000000E-2,1.739501953E-3
3.427083333E-2,1.861572266E-3
3.429166667E-2,1.312255859E-3
3.431250000E-2,1.739501953E-3
3.433333333E-2,1.220703125E-3
3.435416667E-2,1.983642578E-3
3.437500000E-2,2.166748047E-3
3.439583333E-2,1.525878906E-3
3.441666667E-2,2.471923828E-3
3.443750000E-2,1.892089844E-3
3.445833333E-2,1.800537109E-3
3.447916667E-2,2.044677734E-3
3.450000000E-2,8.544921875E-4
3.452083333E-2,1.251220703E-3
3.454166667E-2,-3.967285156E-4
3.456250000E-2,-3.051757812E-4
3.458333333E-2,4.272460938E-4
3.460416667E-2,-3.051757812E-4
3.462500000E-2,7.324218750E-4
3.464583333E-2,-4.577636719E-4
3.466666667E-2,9.155273438E-5
3.468750000E-2,1.220703125E-4
3.470833333E-2,3.051757812E-4
3.472916667E-2,7.629394531E-4
3.475000000E-2,-6.103515625E-5
3.477083333E-2,3.051757812E-4
3.479166667E-2,4.577636719E-4
3.481250000E-2,4.882812500E-4
3.483333333E-2,1.373291016E-3
3.485416667E-2,1.068115234E-3
3.487500000E-2,8.850097656E-4
3.489583333E-2,8.850097656E-4
3.491666667E-2,1.220703125E-3
3.493750000E-2,1.190185547E-3
3.495833333E-2,1.647949219E-3
3.497916667E-2,2.136230469E-3
3.500000000E-2,1.770019531E-3
3.502083333E-2,1.922607422E-3
3.504166667E-2,1.678466797E-3
3.506250000E-2,1.586914062E-3
3.508333333E-2,1.434326172E-3
3.510416667E-2,1.037597656E-3
3.512500000E-2,1.098632812E-3
3.514583333E-2,7.019042969E-4
3.516666667E-2,1.037597656E-3
3.518750000E-2,1.251220703E-3
3.520833333E-2,1.190185547E-3
3.522916667E-2,1.495361328E-3
3.525000000E-2,1.007080078E-3
3.527083333E-2,1.770019531E-3
3.529166667E-2,7.934570312E-4
3.531250000E-2,6.103515625E-4
3.533333333E-2,7.934570312E-4
3.535416667E-2,-6.713867188E-4
3.537500000E-2,-3.356933594E-4
3.539583333E-2,-1.098632812E-3
3.541666667E-2,-5.493164062E-4
3.543750000E-2,-7.629394531E-4
3.545833333E-2,-9.765625000E-4
3.547916667E-2,6.103515625E-5
3.550000000E-2,-4.272460938E-4
3.552083333E-2,6.713867188E-4
3.554166667E-2,3.662109375E-4
3.556250000E-2,4.272460938E-4
3.558333333E-2,6.408691406E-4
3.560416667E-2,-4.882812500E-4
3.562500000E-2,-2.441406250E-4
3.564583333E-2,-5.798339844E-4
3.566666667E-2,-3.051757812E-5
3.568750000E-2,-3.051757812E-5
3.570833333E-2,5.798339844E-4
3.572916667E-2,9.765625000E-4
3.575000000E-2,3.051757812E-4
3.577083333E-2,7.019042969E-4
3.579166667E-2,1.220703125E-4
3.581250000E-2,4.272460938E-4
3.583333333E-2,-2.136230469E-4
3.585416667E-2,0.000000000E0
3.587500000E-2,-7.934570312E-4
3.589583333E-2,-5.493164062E-4
3.591666667E-2,-5.187988281E-4
3.593750000E-2,-9.765625000E-4
3.595833333E-2,9.155273438E-5
3.597916667E-2,-9.155273438E-4
3.600000000E-2,-7.324218750E-4
3.602083333E-2,-1.678466797E-3
3.604166667E-2,-2.105712891E-3
3.606250000E-2,-1.831054688E-3
3.608333333E-2,-1.953125000E-3
3.610416667E-2,-2.014160156E-3
3.612500000E-2,-2.563476562E-3
3.614583333E-2,-1.312255859E-3
3.616666667E-2,-2.044677734E-3
3.618750000E-2,-1.281738281E-3
3.620833333E-2,-1.159667969E-3
3.622916667E-2,-1.037597656E-3
3.625000000E-2,-3.662109375E-4
3.627083333E-2,-1.098632812E-3
3.629166667E-2,-6.713867188E-4
3.631250000E-2,-9.155273438E-4
3.633333333E-2,-8.544921875E-4
3.635416667E-2,-2.441406250E-4
3.637500000E-2,-8.850097656E-4
3.639583333E-2,-3.967285156E-4
3.641666667E-2,-7.629394531E-4
3.643750000E-2,-9.155273438E-4
3.645833333E-2,-3.356933594E-4
3.647916667E-2,-1.037597656E-3
3.650000000E-2,-3.051757812E-5
3.652083333E-2,-5.187988281E-4
3.654166667E-2,-1.190185547E-3
3.656250000E-2,-9.155273438E-4
3.658333333E-2,-1.739501953E-3
3.660416667E-2,-1.434326172E-3
3.662500000E-2,-1.953125000E-3
3.664583333E-2,-1.678466797E-3
3.666666667E-2,-1.373291016E-3
3.668750000E-2,-1.708984375E-3
3.670833333E-2,-1.800537109E-3
3.672916667E-2,-1.861572266E-3
3.675000000E-2,-1.312255859E-3
3.677083333E-2,-1.159667969E-3
3.679166667E-2,-1.464843750E-3
3.681250000E-2,-9.765625000E-4
3.683333333E-2,-1.129150391E-3
3.685416667E-2,-1.037597656E-3
3.687500000E-2,-1.403808594E-3
3.689583333E-2,-1.800537109E-3
3.691666667E-2,-1.434326172E-3
3.693750000E-2,-2.105712891E-3
3.695833333E-2,-1.159667969E-3
3.697916667E-2,-1.586914062E-3
3.700000000E-2,-9.155273438E-4
3.702083333E-2,-8.850097656E-4
3.704166667E-2,-6.713867188E-4
3.706250000E-2,-7.629394531E-4
3.708333333E-2,-1.617431641E-3
3.710416667E-2,-9.765625000E-4
3.712500000E-2,-1.647949219E-3
3.714583333E-2,-6.713867188E-4
3.716666667E-2,-3.051757812E-4
3.718750000E-2,1.831054688E-4
3.720833333E-2,3.967285156E-4
3.722916667E-2,4.577636719E-4
3.725000000E-2,9.460449219E-4
3.727083333E-2,-3.051757812E-5
3.729166667E-2,1.525878906E-4
3.731250000E-2,9.155273438E-5
3.733333333E-2,3.356933594E-4
3.735416667E-2,7.324218750E-4
3.737500000E-2,9.155273438E-4
3.739583333E-2,3.356933594E-4
3.741666667E-2,-2.136230469E-4
3.743750000E-2,1.831054688E-4
3.745833333E-2,3.051757812E-5
3.747916667E-2,4.272460938E-4
3.750000000E-2,1.525878906E-4
3.752083333E-2,-1.220703125E-4
3.754166667E-2,3.356933594E-4
3.756250000E-2,3.051757812E-4
3.758333333E-2,1.190185547E-3
3.760416667E-2,1.159667969E-3
3.762500000E-2,1.220703125E-3
3.764583333E-2,1.068115234E-3
3.766666667E-2,4.577636719E-4
3.768750000E-2,1.678466797E-3
3.770833333E-2,7.934570312E-4
3.772916667E-2,7.629394531E-4
3.775000000E-2,1.403808594E-3
3.777083333E-2,5.798339844E-4
3.779166667E-2,1.312255859E-3
3.781250000E-2,1.678466797E-3
3.783333333E-2,2.044677734E-3
3.785416667E-2,2.014160156E-3
3.787500000E-2,1.647949219E-3
3.789583333E-2,1.373291016E-3
3.791666667E-2,1.312255859E-3
3.793750000E-2,1.068115234E-3
3.795833333E-2,1.647949219E-3
3.797916667E-2,1.739501953E-3
3.800000000E-2,1.861572266E-3
3.802083333E-2,2.441406250E-3
3.804166667E-2,1.800537109E-3
3.806250000E-2,2.593994141E-3
3.808333333E-2,1.770019531E-3
3.810416667E-2,1.953125000E-3
3.812500000E-2,1.525878906E-3
3.814583333E-2,3.967285156E-4
3.816666667E-2,5.187988281E-4
3.818750000E-2,3.051757812E-5
3.820833333E-2,8.850097656E-4
3.822916667E-2,4.882812500E-4
3.825000000E-2,8.239746094E-4
3.827083333E-2,6.103515625E-4
3.829166667E-2,3.356933594E-4
3.831250000E-2,7.324218750E-4
3.833333333E-2,5.187988281E-4
3.835416667E-2,4.577636719E-4
3.837500000E-2,3.051757812E-4
3.839583333E-2,5.798339844E-4
3.841666667E-2,7.019042969E-4
3.843750000E-2,7.019042969E-4
3.845833333E-2,4.272460938E-4
3.847916667E-2,6.713867188E-4
3.850000000E-2,8.239746094E-4
3.852083333E-2,-6.103515625E-5
3.854166667E-2,4.272460938E-4
3.856250000E-2,2.136230469E-4
3.858333333E-2,6.103515625E-5
3.860416667E-2,9.155273438E-5
3.862500000E-2,-2.441406250E-4
3.864583333E-2,-2.441406250E-4
3.866666667E-2,-1.831054688E-4
3.868750000E-2,3.967285156E-4
3.870833333E-2,7.934570312E-4
3.872916667E-2,4.577636719E-4
3.875000000E-2,4.882812500E-4
3.877083333E-2,-2.136230469E-4
3.879166667E-2,-7.934570312E-4
3.881250000E-2,-3.967285156E-4
3.883333333E-2,-9.155273438E-5
3.885416667E-2,3.662109375E-4
3.887500000E-2,-9.155273438E-5
3.889583333E-2,9.155273438E-4
3.891666667E-2,-5.493164062E-4
3.893750000E-2,-9.460449219E-4
3.895833333E-2,-1.220703125E-3
3.897916667E-2,-2.136230469E-3
3.900000000E-2,-1.129150391E-3
3.902083333E-2,-1.403808594E-3
3.904166667E-2,-1.220703125E-3
3.906250000E-2,-1.007080078E-3
3.908333333E-2,-1.525878906E-3
3.910416667E-2,-1.037597656E-3
3.912500000E-2,-1.617431641E-3
3.914583333E-2,-1.647949219E-3
3.916666667E-2,-8.239746094E-4
3.918750000E-2,-8.850097656E-4
3.920833333E-2,-9.765625000E-4
3.922916667E-2,-1.495361328E-3
3.925000000E-2,-1.129150391E-3
3.927083333E-2,-1.647949219E-3
3.929166667E-2,-2.197265625E-3
3.931250000E-2,-1.617431641E-3
3.933333333E-2,-1.159667969E-3
3.935416667E-2,-3.356933594E-4
3.937500000E-2,-3.662109375E-4
3.939583333E-2,3.051757812E-5
3.941666667E-2,-1.831054688E-4
3.943750000E-2,-4.272460938E-4
3.945833333E-2,-9.460449219E-4
3.947916667E-2,-6.408691406E-4
3.950000000E-2,-5.798339844E-4
3.952083333E-2,3.967285156E-4
3.954166667E-2,-6.103515625E-5
3.956250000E-2,2.136230469E-4
3.958333333E-2,8.850097656E-4
3.960416667E-2,6.103515625E-5
3.962500000E-2,7.934570312E-4
3.964583333E-2,-9.155273438E-5
3.966666667E-2,-9.155273438E-5
3.968750000E-2,6.103515625E-5
3.970833333E-2,-1.525878906E-4
3.972916667E-2,-7.019042969E-4
3.975000000E-2,-8.850097656E-4
3.977083333E-2,-9.460449219E-4
3.979166667E-2,-1.220703125E-3
3.981250000E-2,-8.239746094E-4
3.983333333E-2,-5.187988281E-4
3.985416667E-2,-1.220703125E-4
3.987500000E-2,6.103515625E-4
3.989583333E-2,-4.577636719E-4
3.991666667E-2,-1.159667969E-3
3.993750000E-2,-5.187988281E-4
3.995833333E-2,-1.190185547E-3
3.997916667E-2,-7.324218750E-4
4.000000000E-2,-1.403808594E-3
4.002083333E-2,-8.239746094E-4
4.004166667E-2,6.103515625E-5
4.006250000E-2,-5.798339844E-4
4.008333333E-2,2.441406250E-4
4.010416667E-2,-2.136230469E-4
4.012500000E-2,9.765625000E-4
4.014583333E-2,5.493164062E-4
4.016666667E-2,7.324218750E-4
4.018750000E-2,1.617431641E-3
4.020833333E-2,6.713867188E-4
4.022916667E-2,1.281738281E-3
4.025000000E-2,1.190185547E-3
4.027083333E-2,9.460449219E-4
4.029166667E-2,1.068115234E-3
4.031250000E-2,1.129150391E-3
4.033333333E-2,7.934570312E-4
4.035416667E-2,4.882812500E-4
4.037500000E-2,8.239746094E-4
4.039583333E-2,1.007080078E-3
4.041666667E-2,1.403808594E-3
4.043750000E-2,1.495361328E-3
4.045833333E-2,1.556396484E-3
4.047916667E-2,3.662109375E-4
4.050000000E-2,1.373291016E-3
4.052083333E-2,8.239746094E-4
4.054166667E-2,1.220703125E-3
4.056250000E-2,7.629394531E-4
4.058333333E-2,3.662109375E-4
4.060416667E-2,9.155273438E-4
4.062500000E-2,-9.155273438E-5
4.064583333E-2,1.525878906E-4
4.066666667E-2,-6.408691406E-4
4.068750000E-2,-7.324218750E-4
4.070833333E-2,-7.934570312E-4
4.072916667E-2,-8.544921875E-4
4.075000000E-2,-1.098632812E-3
4.077083333E-2,-4.577636719E-4
4.079166667E-2,-7.934570312E-4
4.081250000E-2,-8.239746094E-4
4.083333333E-2,-2.746582031E-4
4.085416667E-2,3.051757812E-4
4.087500000E-2,-1.525878906E-4
4.089583333E-2,2.136230469E-4
4.091666667E-2,9.155273438E-5
4.093750000E-2,-3.967285156E-4
4.095833333E-2,-7.324218750E-4
4.097916667E-2,-1.098632812E-3
4.100000000E-2,-3.051757812E-5
4.102083333E-2,-9.155273438E-4
4.104166667E-2,9.765625000E-4
4.106250000E-2,3.662109375E-4
4.108333333E-2,5.493164062E-4
4.110416667E-2,1.037597656E-3
4.112500000E-2,8.544921875E-4
4.114583333E-2,1.525878906E-3
4.116666667E-2,1.403808594E-3
4.118750000E-2,2.044677734E-3
4.120833333E-2,1.220703125E-3
4.122916667E-2,2.075195312E-3
4.125000000E-2,1.007080078E-3
4.127083333E-2,1.312255859E-3
4.129166667E-2,1.617431641E-3
4.131250000E-2,7.324218750E-4
4.133333333E-2,1.098632812E-3
4.135416667E-2,1.068115234E-3
4.137500000E-2,7.019042969E-4
4.139583333E-2,-3.051757812E-5
4.141666667E-2,-4.882812500E-4
4.143750000E-2,-3.051757812E-4
4.145833333E-2,-3.356933594E-4
4.147916667E-2,-7.019042969E-4
4.150000000E-2,-2.746582031E-4
4.152083333E-2,-6.713867188E-4
4.154166667E-2,-3.662109375E-4
4.156250000E-2,-7.324218750E-4
4.158333333E-2,-2.441406250E-4
4.160416667E-2,-1.831054688E-4
4.162500000E-2,-8.239746094E-4
4.164583333E-2,-5.187988281E-4
4.166666667E-2,-8.850097656E-4
4.168750000E-2,-7.324218750E-4
4.170833333E-2,-8.239746094E-4
4.172916667E-2,-3.051757812E-5
4.175000000E-2,-1.831054688E-4
4.177083333E-2,-1.220703125E-4
4.179166667E-2,-5.798339844E-4
4.181250000E-2,-7.019042969E-4
4.183333333E-2,3.051757812E-5
4.185416667E-2,2.441406250E-4
4.187500000E-2,3.356933594E-4
4.189583333E-2,8.239746094E-4
4.191666667E-2,3.967285156E-4
4.193750000E-2,8.239746094E-4
4.195833333E-2,7.629394531E-4
4.197916667E-2,4.577636719E-4
4.200000000E-2,1.312255859E-3
4.202083333E-2,1.129150391E-3
4.204166667E-2,1.190185547E-3
4.206250000E-2,8.544921875E-4
4.208333333E-2,4.272460938E-4
4.210416667E-2,2.136230469E-4
4.212500000E-2,9.765625000E-4
4.214583333E-2,7.019042969E-4
4.216666667E-2,1.525878906E-3
4.218750000E-2,9.765625000E-4
4.220833333E-2,1.892089844E-3
4.222916667E-2,1.861572266E-3
4.225000000E-2,1.129150391E-3
4.227083333E-2,2.014160156E-3
4.229166667E-2,1.281738281E-3
4.231250000E-2,2.624511719E-3
4.233333333E-2,1.922607422E-3
4.235416667E-2,2.258300781E-3
4.237500000E-2,1.922607422E-3
4.239583333E-2,1.312255859E-3
4.241666667E-2,7.019042969E-4
4.243750000E-2,-2.441406250E-4
4.245833333E-2,5.798339844E-4
4.247916667E-2,6.103515625E-5
4.250000000E-2,4.272460938E-4
4.252083333E-2,2.441406250E-4
4.254166667E-2,2.746582031E-4
4.256250000E-2,3.356933594E-4
4.258333333E-2,2.746582031E-4
4.260416667E-2,7.934570312E-4
4.262500000E-2,9.155273438E-4
4.264583333E-2,1.220703125E-4
4.266666667E-2,7.019042969E-4
4.268750000E-2,8.239746094E-4
4.270833333E-2,1.708984375E-3
4.272916667E-2,2.471923828E-3
4.275000000E-2,1.647949219E-3
4.277083333E-2,2.258300781E-3
4.279166667E-2,8.544921875E-4
4.281250000E-2,7.629394531E-4
4.283333333E-2,1.556396484E-3
4.285416667E-2,1.434326172E-3
4.287500000E-2,1.953125000E-3
4.289583333E-2,1.556396484E-3
4.291666667E-2,2.136230469E-3
4.293750000E-2,2.349853516E-3
4.295833333E-2,2.532958984E-3
4.297916667E-2,1.800537109E-3
4.300000000E-2,1.098632812E-3
4.302083333E-2,1.312255859E-3
4.304166667E-2,1.190185547E-3
4.306250000E-2,1.556396484E-3
4.308333333E-2,1.068115234E-3
4.310416667E-2,9.155273438E-4
4.312500000E-2,9.460449219E-4
4.314583333E-2,3.662109375E-4
4.316666667E-2,4.882812500E-4
4.318750000E-2,1.525878906E-4
4.320833333E-2,-6.103515625E-5
4.322916667E-2,-7.629394531E-4
4.325000000E-2,-8.544921875E-4
4.327083333E-2,-1.831054688E-4
4.329166667E-2,-1.831054688E-4
4.331250000E-2,3.356933594E-4
4.333333333E-2,2.746582031E-4
4.335416667E-2,3.356933594E-4
4.337500000E-2,3.967285156E-4
4.339583333E-2,-1.220703125E-4
4.341666667E-2,-6.103515625E-4
4.343750000E-2,-8.544921875E-4
4.345833333E-2,-9.155273438E-4
4.347916667E-2,-1.129150391E-3
4.350000000E-2,-8.850097656E-4
4.352083333E-2,-5.187988281E-4
4.354166667E-2,-1.068115234E-3
4.356250000E-2,-2.746582031E-4
4.358333333E-2,-3.051757812E-5
4.360416667E-2,5.493164062E-4
4.362500000E-2,3.967285156E-4
4.364583333E-2,6.408691406E-4
4.366666667E-2,1.708984375E-3
4.368750000E-2,9.460449219E-4
4.370833333E-2,1.861572266E-3
4.372916667E-2,2.441406250E-4
4.375000000E-2,1.831054688E-4
4.377083333E-2,-4.272460938E-4
4.379166667E-2,-1.159667969E-3
4.381250000E-2,-6.103515625E-4
4.383333333E-2,-1.525878906E-3
4.385416667E-2,-9.765625000E-4
4.387500000E-2,-1.678466797E-3
4.389583333E-2,-1.129150391E-3
4.391666667E-2,-2.288818359E-3
4.393750000E-2,-2.746582031E-3
4.395833333E-2,-1.617431641E-3
4.397916667E-2,-2.441406250E-3
4.400000000E-2,-1.251220703E-3
4.402083333E-2,-1.403808594E-3
4.404166667E-2,-1.983642578E-3
4.406250000E-2,-1.556396484E-3
4.408333333E-2,-3.509521484E-3
4.410416667E-2,-3.112792969E-3
4.412500000E-2,-3.601074219E-3
4.414583333E-2,-4.333496094E-3
4.416666667E-2,-3.509521484E-3
4.418750000E-2,-3.234863281E-3
4.420833333E-2,-2.258300781E-3
4.422916667E-2,-2.563476562E-3
4.425000000E-2,-1.190185547E-3
4.427083333E-2,-1.861572266E-3
4.429166667E-2,-1.403808594E-3
4.431250000E-2,-1.281738281E-3
4.433333333E-2,-1.556396484E-3
4.435416667E-2,-1.129150391E-3
4.437500000E-2,-1.342773438E-3
4.439583333E-2,-1.342773438E-3
4.441666667E-2,-1.708984375E-3
4.443750000E-2,-8.239746094E-4
4.445833333E-2,-2.044677734E-3
4.447916667E-2,-6.103515625E-4
4.450000000E-2,-3.051757812E-4
4.452083333E-2,-6.103515625E-5
4.454166667E-2,5.798339844E-4
4.456250000E-2,8.239746094E-4
4.458333333E-2,1.220703125E-3
4.460416667E-2,3.662109375E-4
4.462500000E-2,6.713867188E-4
4.464583333E-2,3.967285156E-4
4.466666667E-2,5.798339844E-4
4.468750000E-2,3.662109375E-4
4.470833333E-2,3.967285156E-4
4.472916667E-2,5.798339844E-4
4.475000000E-2,1.831054688E-4
4.477083333E-2,1.007080078E-3
4.479166667E-2,1.190185547E-3
4.481250000E-2,1.525878906E-4
4.483333333E-2,3.051757812E-4
4.485416667E-2,-3.662109375E-4
4.487500000E-2,-1.525878906E-4
4.489583333E-2,3.051757812E-5
4.491666667E-2,2.136230469E-4
4.493750000E-2,8.239746094E-4
4.495833333E-2,2.441406250E-4
4.497916667E-2,1.434326172E-3
4.500000000E-2,6.103515625E-4
4.502083333E-2,2.441406250E-4
4.504166667E-2,4.577636719E-4
4.506250000E-2,-6.103515625E-4
4.508333333E-2,-6.103515625E-5
4.510416667E-2,-3.356933594E-4
4.512500000E-2,5.493164062E-4
4.514583333E-2,0.000000000E0
4.516666667E-2,-6.103515625E-5
4.518750000E-2,-1.831054688E-4
4.520833333E-2,-2.136230469E-4
4.522916667E-2,7.019042969E-4
4.525000000E-2,1.525878906E-4
4.527083333E-2,5.187988281E-4
4.529166667E-2,6.103515625E-5
4.531250000E-2,7.934570312E-4
4.533333333E-2,3.662109375E-4
4.535416667E-2,4.272460938E-4
4.537500000E-2,6.408691406E-4
4.539583333E-2,2.441406250E-4
4.541666667E-2,-1.220703125E-4
4.543750000E-2,-9.155273438E-5
4.545833333E-2,5.798339844E-4
4.547916667E-2,1.525878906E-4
4.550000000E-2,1.159667969E-3
4.552083333E-2,8.239746094E-4
4.554166667E-2,5.187988281E-4
4.556250000E-2,9.155273438E-4
4.558333333E-2,8.850097656E-4
4.560416667E-2,1.434326172E-3
4.562500000E-2,1.098632812E-3
4.564583333E-2,9.460449219E-4
4.566666667E-2,3.967285156E-4
4.568750000E-2,3.967285156E-4
4.570833333E-2,-6.713867188E-4
4.572916667E-2,3.051757812E-5
4.575000000E-2,3.662109375E-4
4.577083333E-2,-6.408691406E-4
4.579166667E-2,-3.662109375E-4
4.581250000E-2,-9.765625000E-4
4.583333333E-2,-4.882812500E-4
4.585416667E-2,-1.068115234E-3
4.587500000E-2,-1.312255859E-3
4.589583333E-2,-8.850097656E-4
4.591666667E-2,-1.922607422E-3
4.593750000E-2,-1.220703125E-3
4.595833333E-2,-1.037597656E-3
4.597916667E-2,-1.220703125E-3
4.600000000E-2,-1.434326172E-3
4.602083333E-2,-1.770019531E-3
4.604166667E-2,-2.349853516E-3
4.606250000E-2,-2.227783203E-3
4.608333333E-2,-2.349853516E-3
4.610416667E-2,-2.655029297E-3
4.612500000E-2,-2.563476562E-3
4.614583333E-2,-1.647949219E-3
4.616666667E-2,-1.403808594E-3
4.618750000E-2,-1.037597656E-3
4.620833333E-2,-2.746582031E-4
4.622916667E-2,-6.408691406E-4
4.625000000E-2,-2.746582031E-4
4.627083333E-2,-3.662109375E-4
4.629166667E-2,3.967285156E-4
4.631250000E-2,-5.493164062E-4
4.633333333E-2,-1.037597656E-3
4.635416667E-2,-6.408691406E-4
4.637500000E-2,-7.629394531E-4
4.639583333E-2,6.103515625E-5
4.641666667E-2,-1.525878906E-4
4.643750000E-2,3.051757812E-5
4.645833333E-2,5.493164062E-4
4.647916667E-2,6.103515625E-5
4.650000000E-2,5.493164062E-4
4.652083333E-2,-3.051757812E-5
4.654166667E-2,5.187988281E-4
4.656250000E-2,8.239746094E-4
4.658333333E-2,3.051757812E-4
4.660416667E-2,8.850097656E-4
4.662500000E-2,3.356933594E-4
4.664583333E-2,4.272460938E-4
4.666666667E-2,-4.577636719E-4
4.668750000E-2,-5.493164062E-4
4.670833333E-2,-1.831054688E-4
4.672916667E-2,-8.850097656E-4
4.675000000E-2,-5.798339844E-4
4.677083333E-2,-5.493164062E-4
4.679166667E-2,-5.493164062E-4
4.681250000E-2,-7.934570312E-4
4.683333333E-2,-1.220703125E-4
4.685416667E-2,-3.662109375E-4
4.687500000E-2,-7.629394531E-4
4.689583333E-2,-1.190185547E-3
4.691666667E-2,-9.460449219E-4
4.693750000E-2,-9.460449219E-4
4.695833333E-2,-1.220703125E-4
4.697916667E-2,-3.051757812E-5
4.700000000E-2,7.019042969E-4
4.702083333E-2,1.098632812E-3
4.704166667E-2,4.882812500E-4
4.706250000E-2,1.037597656E-3
4.708333333E-2,7.934570312E-4
4.710416667E-2,8.850097656E-4
4.712500000E-2,1.190185547E-3
4.714583333E-2,1.098632812E-3
4.716666667E-2,9.765625000E-4
4.718750000E-2,9.155273438E-4
4.720833333E-2,1.342773438E-3
4.722916667E-2,1.129150391E-3
4.725000000E-2,7.934570312E-4
4.727083333E-2,1.129150391E-3
4.729166667E-2,8.239746094E-4
4.731250000E-2,5.798339844E-4
4.733333333E-2,1.342773438E-3
4.735416667E-2,7.324218750E-4
4.737500000E-2,1.251220703E-3
4.739583333E-2,1.037597656E-3
4.741666667E-2,1.068115234E-3
4.743750000E-2,1.708984375E-3
4.745833333E-2,6.713867188E-4
4.747916667E-2,1.708984375E-3
4.750000000E-2,9.765625000E-4
4.752083333E-2,1.312255859E-3
4.754166667E-2,1.190185547E-3
4.756250000E-2,1.007080078E-3
4.758333333E-2,9.460449219E-4
4.760416667E-2,4.272460938E-4
4.762500000E-2,9.460449219E-4
4.764583333E-2,5.493164062E-4
4.766666667E-2,7.019042969E-4
4.768750000E-2,1.007080078E-3
4.770833333E-2,9.765625000E-4
4.772916667E-2,6.713867188E-4
4.775000000E-2,-1.831054688E-4
4.777083333E-2,2.441406250E-4
4.779166667E-2,6.103515625E-5
4.781250000E-2,9.765625000E-4
4.783333333E-2,1.770019531E-3
4.785416667E-2,1.556396484E-3
4.787500000E-2,2.441406250E-3
4.789583333E-2,2.349853516E-3
4.791666667E-2,1.220703125E-3
4.793750000E-2,9.155273438E-4
4.795833333E-2,7.324218750E-4
4.797916667E-2,0.000000000E0
4.800000000E-2,6.408691406E-4
4.802083333E-2,8.239746094E-4
4.804166667E-2,1.617431641E-3
4.806250000E-2,2.105712891E-3
4.808333333E-2,2.044677734E-3
4.810416667E-2,2.105712891E-3
4.812500000E-2,1.861572266E-3
4.814583333E-2,1.831054688E-3
4.816666667E-2,9.765625000E-4
4.818750000E-2,1.800537109E-3
4.820833333E-2,2.105712891E-3
4.822916667E-2,2.105712891E-3
4.825000000E-2,2.227783203E-3
4.827083333E-2,1.922607422E-3
4.829166667E-2,2.441406250E-3
4.831250000E-2,1.739501953E-3
4.833333333E-2,1.129150391E-3
4.835416667E-2,8.850097656E-4
4.837500000E-2,6.408691406E-4
4.839583333E-2,4.882812500E-4
4.841666667E-2,3.662109375E-4
4.843750000E-2,5.187988281E-4
4.845833333E-2,4.882812500E-4
4.847916667E-2,6.103515625E-4
4.850000000E-2,6.103515625E-4
4.852083333E-2,1.251220703E-3
4.854166667E-2,7.629394531E-4
4.856250000E-2,1.220703125E-4
4.858333333E-2,-1.831054688E-4
4.860416667E-2,-5.187988281E-4
4.862500000E-2,-1.312255859E-3
4.864583333E-2,-1.129150391E-3
4.866666667E-2,-1.068115234E-3
4.868750000E-2,-1.037597656E-3
4.870833333E-2,-1.098632812E-3
4.872916667E-2,-3.662109375E-4
4.875000000E-2,-6.713867188E-4
4.877083333E-2,-4.272460938E-4
4.879166667E-2,-4.577636719E-4
4.881250000E-2,-1.007080078E-3
4.883333333E-2,-1.220703125E-4
4.885416667E-2,-7.324218750E-4
4.887500000E-2,-2.441406250E-4
4.889583333E-2,-2.136230469E-4
4.891666667E-2,6.103515625E-5
4.893750000E-2,1.220703125E-4
4.895833333E-2,-3.967285156E-4
4.897916667E-2,-8.850097656E-4
4.900000000E-2,-5.798339844E-4
4.902083333E-2,-3.051757812E-4
4.904166667E-2,-6.103515625E-4
4.906250000E-2,-2.746582031E-4
4.908333333E-2,-7.934570312E-4
4.910416667E-2,2.746582031E-4
4.912500000E-2,3.051757812E-4
4.914583333E-2,-3.967285156E-4
4.916666667E-2,0.000000000E0
4.918750000E-2,-9.155273438E-4
4.920833333E-2,-3.051757812E-5
4.922916667E-2,-9.460449219E-4
4.925000000E-2,-2.746582031E-4
4.927083333E-2,-3.662109375E-4
4.929166667E-2,-1.312255859E-3
4.931250000E-2,-7.934570312E-4
4.933333333E-2,-2.197265625E-3
4.935416667E-2,-1.647949219E-3
4.937500000E-2,-1.922607422E-3
4.939583333E-2,-1.647949219E-3
4.941666667E-2,-8.544921875E-4
4.943750000E-2,-1.190185547E-3
4.945833333E-2,-3.356933594E-4
4.947916667E-2,-5.493164062E-4
4.950000000E-2,-8.850097656E-4
4.952083333E-2,-8.850097656E-4
4.954166667E-2,-9.460449219E-4
4.956250000E-2,-1.007080078E-3
4.958333333E-2,-9.460449219E-4
4.960416667E-2,-1.342773438E-3
4.962500000E-2,-1.953125000E-3
4.964583333E-2,-1.800537109E-3
4.966666667E-2,-2.075195312E-3
4.968750000E-2,-2.532958984E-3
4.970833333E-2,-1.983642578E-3
4.972916667E-2,-1.464843750E-3
4.975000000E-2,-1.434326172E-3
4.977083333E-2,-1.403808594E-3
4.979166667E-2,-7.324218750E-4
4.981250000E-2,-1.190185547E-3
4.983333333E-2,-1.159667969E-3
4.985416667E-2,-1.098632812E-3
4.987500000E-2,-2.014160156E-3
4.989583333E-2,-1.647949219E-3
4.991666667E-2,-1.770019531E-3
4.993750000E-2,-1.495361328E-3
4.995833333E-2,-1.037597656E-3
4.997916667E-2,-1.098632812E-3
5.000000000E-2,-2.136230469E-4
5.002083333E-2,-3.051757812E-4
5.004166667E-2,-1.220703125E-4
5.006250000E-2,-1.831054688E-4
5.008333333E-2,-5.798339844E-4
5.010416667E-2,-1.220703125E-3
5.012500000E-2,-1.647949219E-3
5.014583333E-2,-1.739501953E-3
5.016666667E-2,-1.373291016E-3
5.018750000E-2,-1.342773438E-3
5.020833333E-2,-1.953125000E-3
5.022916667E-2,-8.544921875E-4
5.025000000E-2,-8.544921875E-4
5.027083333E-2,0.000000000E0
5.029166667E-2,-4.882812500E-4
5.031250000E-2,-5.493164062E-4
5.033333333E-2,-6.103515625E-5
5.035416667E-2,1.220703125E-4
5.037500000E-2,1.342773438E-3
5.039583333E-2,-1.831054688E-4
5.041666667E-2,1.220703125E-4
5.043750000E-2,-6.713867188E-4
5.045833333E-2,-1.068115234E-3
5.047916667E-2,-1.220703125E-4
5.050000000E-2,-1.831054688E-4
5.052083333E-2,1.007080078E-3
5.054166667E-2,6.103515625E-4
5.056250000E-2,7.019042969E-4
5.058333333E-2,4.882812500E-4
5.060416667E-2,3.662109375E-4
5.062500000E-2,1.831054688E-4
5.064583333E-2,1.831054688E-4
5.066666667E-2,-7.019042969E-4
5.068750000E-2,-2.746582031E-4
5.070833333E-2,-5.187988281E-4
5.072916667E-2,-1.831054688E-4
5.075000000E-2,5.187988281E-4
5.077083333E-2,-3.051757812E-5
5.079166667E-2,-9.155273438E-5
5.081250000E-2,-1.525878906E-4
5.083333333E-2,-3.051757812E-5
5.085416667E-2,2.746582031E-4
5.087500000E-2,3.967285156E-4
5.089583333E-2,4.272460938E-4
5.091666667E-2,2.136230469E-4
5.093750000E-2,3.356933594E-4
5.095833333E-2,8.544921875E-4
5.097916667E-2,4.882812500E-4
5.100000000E-2,5.798339844E-4
5.102083333E-2,6.103515625E-5
5.104166667E-2,-1.831054688E-4
5.106250000E-2,-1.251220703E-3
5.108333333E-2,-1.251220703E-3
5.110416667E-2,-1.312255859E-3
5.112500000E-2,-1.464843750E-3
5.114583333E-2,-8.239746094E-4
5.116666667E-2,-1.617431641E-3
5.118750000E-2,-9.460449219E-4
5.120833333E-2,-1.556396484E-3
5.122916667E-2,-1.159667969E-3
5.125000000E-2,-1.281738281E-3
5.127083333E-2,-1.373291016E-3
5.129166667E-2,-1.129150391E-3
5.131250000E-2,-1.312255859E-3
5.133333333E-2,-1.556396484E-3
5.135416667E-2,-1.586914062E-3
5.137500000E-2,-1.586914062E-3
5.139583333E-2,-2.349853516E-3
5.141666667E-2,-1.068115234E-3
5.143750000E-2,-2.197265625E-3
5.145833333E-2,-1.068115234E-3
5.147916667E-2,-6.103515625E-4
5.150000000E-2,-7.629394531E-4
5.152083333E-2,1.525878906E-4
5.154166667E-2,-7.324218750E-4
5.156250000E-2,-9.155273438E-5
5.158333333E-2,-5.798339844E-4
5.160416667E-2,-1.525878906E-4
5.162500000E-2,2.746582031E-4
5.164583333E-2,4.882812500E-4
5.166666667E-2,1.129150391E-3
5.168750000E-2,1.831054688E-4
5.170833333E-2,-1.525878906E-4
5.172916667E-2,-3.356933594E-4
5.175000000E-2,-2.136230469E-4
5.177083333E-2,-3.051757812E-4
5.179166667E-2,2.136230469E-4
5.181250000E-2,3.356933594E-4
5.183333333E-2,2.746582031E-4
5.185416667E-2,6.713867188E-4
5.187500000E-2,7.019042969E-4
5.189583333E-2,1.373291016E-3
5.191666667E-2,9.155273438E-4
5.193750000E-2,1.739501953E-3
5.195833333E-2,1.159667969E-3
5.197916667E-2,5.798339844E-4
5.200000000E-2,1.068115234E-3
5.202083333E-2,-2.441406250E-4
5.204166667E-2,4.577636719E-4
5.206250000E-2,3.662109375E-4
5.208333333E-2,3.051757812E-4
5.210416667E-2,4.272460938E-4
5.212500000E-2,2.746582031E-4
5.214583333E-2,1.617431641E-3
5.216666667E-2,1.220703125E-3
5.218750000E-2,1.464843750E-3
5.220833333E-2,1.373291016E-3
5.222916667E-2,8.239746094E-4
5.225000000E-2,1.525878906E-3
5.227083333E-2,7.629394531E-4
5.229166667E-2,8.850097656E-4
5.231250000E-2,9.155273438E-4
5.233333333E-2,1.220703125E-3
5.235416667E-2,5.798339844E-4
5.237500000E-2,9.765625000E-4
5.239583333E-2,8.850097656E-4
5.241666667E-2,1.831054688E-4
5.243750000E-2,1.281738281E-3
5.245833333E-2,1.098632812E-3
5.247916667E-2,1.770019531E-3
5.250000000E-2,1.831054688E-3
5.252083333E-2,1.403808594E-3
5.254166667E-2,1.098632812E-3
5.256250000E-2,8.544921875E-4
5.258333333E-2,5.798339844E-4
5.260416667E-2,2.746582031E-4
5.262500000E-2,5.798339844E-4
5.264583333E-2,5.493164062E-4
5.266666667E-2,7.629394531E-4
5.268750000E-2,1.525878906E-3
5.270833333E-2,1.525878906E-3
5.272916667E-2,1.281738281E-3
5.275000000E-2,1.525878906E-3
5.277083333E-2,8.544921875E-4
5.279166667E-2,1.586914062E-3
5.281250000E-2,1.190185547E-3
5.283333333E-2,3.051757812E-5
5.285416667E-2,6.103515625E-5
5.287500000E-2,1.220703125E-4
5.289583333E-2,4.272460938E-4
5.291666667E-2,4.882812500E-4
5.293750000E-2,-2.746582031E-4
5.295833333E-2,-1.220703125E-4
5.297916667E-2,-6.713867188E-4
5.300000000E-2,-1.129150391E-3
5.302083333E-2,-6.103515625E-4
5.304166667E-2,-6.408691406E-4
5.306250000E-2,-2.136230469E-4
5.308333333E-2,-8.544921875E-4
5.310416667E-2,-4.577636719E-4
5.312500000E-2,-5.187988281E-4
5.314583333E-2,3.967285156E-4
5.316666667E-2,-2.136230469E-4
5.318750000E-2,-7.324218750E-4
5.320833333E-2,-9.765625000E-4
5.322916667E-2,-2.319335938E-3
5.325000000E-2,-2.044677734E-3
5.327083333E-2,-3.021240234E-3
5.329166667E-2,-2.471923828E-3
5.331250000E-2,-2.441406250E-3
5.333333333E-2,-1.892089844E-3
5.335416667E-2,-9.765625000E-4
5.337500000E-2,-1.159667969E-3
5.339583333E-2,-1.129150391E-3
5.341666667E-2,-1.861572266E-3
5.343750000E-2,-1.617431641E-3
5.345833333E-2,-1.434326172E-3
5.347916667E-2,-1.281738281E-3
5.350000000E-2,-1.281738281E-3
5.352083333E-2,-1.647949219E-3
5.354166667E-2,-1.342773438E-3
5.356250000E-2,-2.014160156E-3
5.358333333E-2,-1.708984375E-3
5.360416667E-2,-1.129150391E-3
5.362500000E-2,-1.190185547E-3
5.364583333E-2,-7.629394531E-4
5.366666667E-2,-8.544921875E-4
5.368750000E-2,-9.155273438E-5
5.370833333E-2,-6.103515625E-5
5.372916667E-2,-3.356933594E-4
5.375000000E-2,3.967285156E-4
5.377083333E-2,6.103515625E-5
5.379166667E-2,4.272460938E-4
5.381250000E-2,-2.136230469E-4
5.383333333E-2,-2.441406250E-4
5.385416667E-2,3.967285156E-4
5.387500000E-2,3.356933594E-4
5.389583333E-2,9.155273438E-5
5.391666667E-2,4.577636719E-4
5.393750000E-2,9.155273438E-5
5.395833333E-2,9.155273438E-5
5.397916667E-2,3.356933594E-4
5.400000000E-2,3.356933594E-4
5.402083333E-2,1.159667969E-3
5.404166667E-2,1.220703125E-4
5.406250000E-2,9.460449219E-4
5.408333333E-2,2.136230469E-4
5.410416667E-2,-6.713867188E-4
5.412500000E-2,-1.220703125E-4
5.414583333E-2,-5.493164062E-4
5.416666667E-2,-6.713867188E-4
5.418750000E-2,-1.403808594E-3
5.420833333E-2,-1.708984375E-3
5.422916667E-2,-1.861572266E-3
5.425000000E-2,-1.098632812E-3
5.427083333E-2,-1.892089844E-3
5.429166667E-2,-1.007080078E-3
5.431250000E-2,-9.460449219E-4
5.433333333E-2,-8.850097656E-4
5.435416667E-2,4.577636719E-4
5.437500000E-2,-8.239746094E-4
5.439583333E-2,4.577636719E-4
5.441666667E-2,-1.525878906E-4
5.443750000E-2,-4.272460938E-4
5.445833333E-2,-2.746582031E-4
5.447916667E-2,-1.007080078E-3
5.450000000E-2,-1.525878906E-4
5.452083333E-2,-4.577636719E-4
5.454166667E-2,-7.019042969E-4
5.456250000E-2,-8.544921875E-4
5.458333333E-2,-4.577636719E-4
5.460416667E-2,-6.103515625E-5
5.462500000E-2,-9.155273438E-5
5.464583333E-2,0.000000000E0
5.466666667E-2,4.272460938E-4
5.468750000E-2,6.713867188E-4
5.470833333E-2,1.220703125E-3
5.472916667E-2,1.098632812E-3
5.475000000E-2,7.629394531E-4
5.477083333E-2,1.129150391E-3
5.479166667E-2,3.662109375E-4
5.481250000E-2,0.000000000E0
5.483333333E-2,-8.239746094E-4
5.485416667E-2,-3.662109375E-4
5.487500000E-2,-6.713867188E-4
5.489583333E-2,-7.019042969E-4
5.491666667E-2,2.136230469E-4
5.493750000E-2,1.831054688E-4
5.495833333E-2,1.098632812E-3
5.497916667E-2,3.967285156E-4
5.500000000E-2,3.051757812E-4
5.502083333E-2,7.934570312E-4
5.504166667E-2,3.967285156E-4
5.506250000E-2,1.373291016E-3
5.508333333E-2,8.544921875E-4
5.510416667E-2,1.464843750E-3
5.512500000E-2,1.251220703E-3
5.514583333E-2,7.629394531E-4
5.516666667E-2,1.556396484E-3
5.518750000E-2,1.678466797E-3
5.520833333E-2,2.227783203E-3
5.522916667E-2,1.403808594E-3
5.525000000E-2,1.800537109E-3
5.527083333E-2,1.342773438E-3
5.529166667E-2,1.159667969E-3
5.531250000E-2,1.892089844E-3
5.533333333E-2,8.239746094E-4
5.535416667E-2,1.953125000E-3
5.537500000E-2,9.765625000E-4
5.539583333E-2,1.373291016E-3
5.541666667E-2,1.861572266E-3
5.543750000E-2,1.129150391E-3
5.545833333E-2,1.922607422E-3
5.547916667E-2,1.281738281E-3
5.550000000E-2,1.403808594E-3
5.552083333E-2,1.037597656E-3
5.554166667E-2,9.460449219E-4
5.556250000E-2,1.586914062E-3
5.558333333E-2,7.324218750E-4
5.560416667E-2,8.850097656E-4
5.562500000E-2,1.068115234E-3
5.564583333E-2,9.155273438E-4
5.566666667E-2,1.678466797E-3
5.568750000E-2,8.239746094E-4
5.570833333E-2,1.525878906E-3
5.572916667E-2,9.460449219E-4
5.575000000E-2,1.098632812E-3
5.577083333E-2,4.577636719E-4
5.579166667E-2,-1.831054688E-4
5.581250000E-2,-3.051757812E-5
5.583333333E-2,2.746582031E-4
5.585416667E-2,2.746582031E-4
5.587500000E-2,5.798339844E-4
5.589583333E-2,5.493164062E-4
5.591666667E-2,6.103515625E-5
5.593750000E-2,3.356933594E-4
5.595833333E-2,-4.272460938E-4
5.597916667E-2,7.629394531E-4
5.600000000E-2,4.577636719E-4
5.602083333E-2,9.460449219E-4
5.604166667E-2,1.586914062E-3
5.606250000E-2,8.544921875E-4
5.608333333E-2,7.324218750E-4
5.610416667E-2,-1.525878906E-4
5.612500000E-2,-3.356933594E-4
5.614583333E-2,-2.136230469E-4
5.616666667E-2,-6.103515625E-5
5.618750000E-2,9.765625000E-4
5.620833333E-2,1.129150391E-3
5.622916667E-2,4.272460938E-4
5.625000000E-2,1.342773438E-3
5.627083333E-2,-1.220703125E-4
5.629166667E-2,-9.155273438E-5
5.631250000E-2,8.544921875E-4
5.633333333E-2,3.662109375E-4
5.635416667E-2,4.577636719E-4
5.637500000E-2,-3.051757812E-5
5.639583333E-2,-2.441406250E-4
5.641666667E-2,1.831054688E-4
5.643750000E-2,-5.493164062E-4
5.645833333E-2,-6.103515625E-4
5.647916667E-2,-6.713867188E-4
5.650000000E-2,-1.220703125E-4
5.652083333E-2,-9.155273438E-5
5.654166667E-2,-4.882812500E-4
5.656250000E-2,-9.155273438E-5
5.658333333E-2,-8.544921875E-4
5.660416667E-2,-1.007080078E-3
5.662500000E-2,-8.544921875E-4
5.664583333E-2,-7.324218750E-4
5.666666667E-2,-8.850097656E-4
5.668750000E-2,-6.713867188E-4
5.670833333E-2,-1.098632812E-3
5.672916667E-2,-4.882812500E-4
5.675000000E-2,-2.441406250E-4
5.677083333E-2,-2.746582031E-4
5.679166667E-2,5.493164062E-4
5.681250000E-2,1.220703125E-4
5.683333333E-2,1.281738281E-3
5.685416667E-2,9.155273438E-4
5.687500000E-2,1.373291016E-3
5.689583333E-2,1.342773438E-3
5.691666667E-2,1.098632812E-3
5.693750000E-2,1.037597656E-3
5.695833333E-2,1.525878906E-4
5.697916667E-2,1.373291016E-3
5.700000000E-2,1.068115234E-3
5.702083333E-2,8.544921875E-4
5.704166667E-2,9.765625000E-4
5.706250000E-2,5.493164062E-4
5.708333333E-2,7.934570312E-4
5.710416667E-2,6.103515625E-4
5.712500000E-2,7.629394531E-4
5.714583333E-2,2.746582031E-4
5.716666667E-2,7.934570312E-4
5.718750000E-2,4.882812500E-4
5.720833333E-2,3.051757812E-5
5.722916667E-2,3.662109375E-4
5.725000000E-2,3.051757812E-5
5.727083333E-2,8.239746094E-4
5.729166667E-2,1.068115234E-3
5.731250000E-2,9.460449219E-4
5.733333333E-2,9.155273438E-4
5.735416667E-2,7.019042969E-4
5.737500000E-2,3.967285156E-4
5.739583333E-2,1.037597656E-3
5.741666667E-2,3.356933594E-4
5.743750000E-2,7.019042969E-4
5.745833333E-2,5.798339844E-4
5.747916667E-2,7.324218750E-4
5.750000000E-2,7.934570312E-4
5.752083333E-2,1.068115234E-3
5.754166667E-2,1.190185547E-3
5.756250000E-2,7.934570312E-4
5.758333333E-2,1.525878906E-3
5.760416667E-2,4.577636719E-4
5.762500000E-2,6.103515625E-4
5.764583333E-2,2.746582031E-4
5.766666667E-2,6.408691406E-4
5.768750000E-2,6.713867188E-4
5.770833333E-2,5.493164062E-4
5.772916667E-2,1.098632812E-3
5.775000000E-2,2.441406250E-4
5.777083333E-2,7.019042969E-4
5.779166667E-2,5.187988281E-4
5.781250000E-2,3.051757812E-4
5.783333333E-2,3.967285156E-4
5.785416667E-2,3.051757812E-5
5.787500000E-2,1.220703125E-4
5.789583333E-2,2.746582031E-4
5.791666667E-2,4.882812500E-4
5.793750000E-2,2.441406250E-4
5.795833333E-2,4.272460938E-4
5.797916667E-2,3.051757812E-5
5.800000000E-2,-4.577636719E-4
5.802083333E-2,-1.007080078E-3
5.804166667E-2,-1.007080078E-3
5.806250000E-2,-1.281738281E-3
5.808333333E-2,-1.495361328E-3
5.810416667E-2,-1.007080078E-3
5.812500000E-2,-1.281738281E-3
5.814583333E-2,-1.831054688E-3
5.816666667E-2,-1.434326172E-3
5.818750000E-2,-1.678466797E-3
5.820833333E-2,-1.434326172E-3
5.822916667E-2,-2.136230469E-3
5.825000000E-2,-1.983642578E-3
5.827083333E-2,-1.770019531E-3
5.829166667E-2,-1.770019531E-3
5.831250000E-2,-9.460449219E-4
5.833333333E-2,-1.647949219E-3
5.835416667E-2,-9.155273438E-4
5.837500000E-2,-1.831054688E-3
5.839583333E-2,-2.349853516E-3
5.841666667E-2,-2.258300781E-3
5.843750000E-2,-2.014160156E-3
5.845833333E-2,-1.739501953E-3
5.847916667E-2,-1.495361328E-3
5.850000000E-2,-1.373291016E-3
5.852083333E-2,-1.159667969E-3
5.854166667E-2,-8.544921875E-4
5.856250000E-2,-1.068115234E-3
5.858333333E-2,-8.239746094E-4
5.860416667E-2,-9.155273438E-4
5.862500000E-2,-3.967285156E-4
5.864583333E-2,-4.577636719E-4
5.866666667E-2,-2.441406250E-4
5.868750000E-2,-3.967285156E-4
5.870833333E-2,-4.272460938E-4
5.872916667E-2,3.051757812E-4
5.875000000E-2,2.441406250E-4
5.877083333E-2,6.408691406E-4
5.879166667E-2,-1.525878906E-4
5.881250000E-2,9.155273438E-5
5.883333333E-2,-6.713867188E-4
5.885416667E-2,-3.051757812E-4
5.887500000E-2,2.746582031E-4
5.889583333E-2,7.019042969E-4
5.891666667E-2,1.220703125E-3
5.893750000E-2,-2.746582031E-4
5.895833333E-2,-6.103515625E-5
5.897916667E-2,-1.007080078E-3
5.900000000E-2,-8.239746094E-4
5.902083333E-2,-5.493164062E-4
5.904166667E-2,-1.037597656E-3
5.906250000E-2,-3.967285156E-4
5.908333333E-2,-1.831054688E-4
5.910416667E-2,-6.713867188E-4
5.912500000E-2,-5.187988281E-4
5.914583333E-2,-7.019042969E-4
5.916666667E-2,-3.662109375E-4
5.918750000E-2,-4.577636719E-4
5.920833333E-2,-1.708984375E-3
5.922916667E-2,-1.007080078E-3
5.925000000E-2,-1.251220703E-3
5.927083333E-2,-7.629394531E-4
5.929166667E-2,-5.187988281E-4
5.931250000E-2,-6.713867188E-4
5.933333333E-2,1.220703125E-4
5.935416667E-2,-3.356933594E-4
5.937500000E-2,-1.220703125E-4
5.939583333E-2,-5.187988281E-4
5.941666667E-2,-3.967285156E-4
5.943750000E-2,-4.272460938E-4
5.945833333E-2,-8.850097656E-4
5.947916667E-2,-7.934570312E-4
5.950000000E-2,-1.220703125E-3
5.952083333E-2,-9.765625000E-4
5.954166667E-2,-8.850097656E-4
5.956250000E-2,-4.577636719E-4
5.958333333E-2,-7.019042969E-4
5.960416667E-2,-1.983642578E-3
5.962500000E-2,-1.708984375E-3
5.964583333E-2,-1.556396484E-3
5.966666667E-2,-1.190185547E-3
5.968750000E-2,-9.460449219E-4
5.970833333E-2,-5.493164062E-4
5.972916667E-2,-6.103515625E-5
5.975000000E-2,7.629394531E-4
5.977083333E-2,7.629394531E-4
5.979166667E-2,-5.187988281E-4
5.981250000E-2,-1.251220703E-3
5.983333333E-2,-2.441406250E-4
5.985416667E-2,-6.713867188E-4
5.987500000E-2,-2.136230469E-4
5.989583333E-2,2.441406250E-4
5.991666667E-2,6.408691406E-4
5.993750000E-2,1.312255859E-3
5.995833333E-2,2.746582031E-4
5.997916667E-2,1.831054688E-4
6.000000000E-2,1.220703125E-4
6.002083333E-2,9.155273438E-5
6.004166667E-2,-5.493164062E-4
6.006250000E-2,-8.544921875E-4
6.008333333E-2,-7.934570312E-4
6.010416667E-2,-3.967285156E-4
6.012500000E-2,-2.441406250E-4
6.014583333E-2,-5.493164062E-4
6.016666667E-2,-7.019042969E-4
6.018750000E-2,-1.190185547E-3
6.020833333E-2,-6.408691406E-4
6.022916667E-2,-9.765625000E-4
6.025000000E-2,-1.129150391E-3
6.027083333E-2,-3.662109375E-4
6.029166667E-2,-3.051757812E-4
6.031250000E-2,-4.577636719E-4
6.033333333E-2,-8.239746094E-4
6.035416667E-2,-5.187988281E-4
6.037500000E-2,-6.103515625E-4
6.039583333E-2,-1.098632812E-3
6.041666667E-2,-4.882812500E-4
6.043750000E-2,-3.662109375E-4
6.045833333E-2,3.051757812E-5
6.047916667E-2,7.019042969E-4
6.050000000E-2,9.155273438E-5
6.052083333E-2,4.577636719E-4
6.054166667E-2,2.746582031E-4
6.056250000E-2,-3.051757812E-5
6.058333333E-2,0.000000000E0
6.060416667E-2,-4.577636719E-4
6.062500000E-2,2.136230469E-4
6.064583333E-2,-3.051757812E-5
6.066666667E-2,-9.155273438E-5
6.068750000E-2,-3.051757812E-5
6.070833333E-2,5.493164062E-4
6.072916667E-2,7.629394531E-4
6.075000000E-2,3.967285156E-4
6.077083333E-2,6.408691406E-4
6.079166667E-2,9.155273438E-4
6.081250000E-2,1.403808594E-3
6.083333333E-2,1.434326172E-3
6.085416667E-2,1.312255859E-3
6.087500000E-2,1.892089844E-3
6.089583333E-2,1.617431641E-3
6.091666667E-2,1.464843750E-3
6.093750000E-2,1.861572266E-3
6.095833333E-2,1.800537109E-3
6.097916667E-2,1.831054688E-3
6.100000000E-2,2.136230469E-3
6.102083333E-2,1.739501953E-3
6.104166667E-2,1.281738281E-3
6.106250000E-2,1.373291016E-3
6.108333333E-2,1.556396484E-3
6.110416667E-2,1.281738281E-3
6.112500000E-2,1.556396484E-3
6.114583333E-2,1.739501953E-3
6.116666667E-2,1.892089844E-3
6.118750000E-2,2.014160156E-3
6.120833333E-2,1.708984375E-3
6.122916667E-2,1.464843750E-3
6.125000000E-2,2.075195312E-3
6.127083333E-2,1.708984375E-3
6.129166667E-2,2.014160156E-3
6.131250000E-2,2.197265625E-3
6.133333333E-2,1.953125000E-3
6.135416667E-2,2.380371094E-3
6.137500000E-2,9.765625000E-4
6.139583333E-2,1.678466797E-3
6.141666667E-2,1.129150391E-3
6.143750000E-2,8.544921875E-4
6.145833333E-2,1.403808594E-3
6.147916667E-2,6.408691406E-4
6.150000000E-2,1.251220703E-3
6.152083333E-2,7.019042969E-4
6.154166667E-2,1.708984375E-3
6.156250000E-2,1.403808594E-3
6.158333333E-2,1.251220703E-3
6.160416667E-2,1.464843750E-3
6.162500000E-2,1.098632812E-3
6.164583333E-2,1.403808594E-3
6.166666667E-2,1.831054688E-4
6.168750000E-2,1.220703125E-4
6.170833333E-2,-9.460449219E-4
6.172916667E-2,-2.136230469E-4
6.175000000E-2,-3.967285156E-4
6.177083333E-2,-4.272460938E-4
6.179166667E-2,-1.220703125E-4
6.181250000E-2,-1.220703125E-4
6.183333333E-2,5.187988281E-4
6.185416667E-2,-6.408691406E-4
6.187500000E-2,0.000000000E0
6.189583333E-2,-3.051757812E-5
6.191666667E-2,-3.051757812E-5
6.193750000E-2,-6.103515625E-5
6.195833333E-2,-9.765625000E-4
6.197916667E-2,-1.098632812E-3
6.200000000E-2,-1.434326172E-3
6.202083333E-2,-1.037597656E-3
6.204166667E-2,-6.713867188E-4
6.206250000E-2,-5.187988281E-4
6.208333333E-2,6.103515625E-5
6.210416667E-2,-3.356933594E-4
6.212500000E-2,-3.356933594E-4
6.214583333E-2,-1.037597656E-3
6.216666667E-2,-1.617431641E-3
6.218750000E-2,-1.403808594E-3
6.220833333E-2,-1.556396484E-3
6.222916667E-2,-1.342773438E-3
6.225000000E-2,-2.014160156E-3
6.227083333E-2,-1.159667969E-3
6.229166667E-2,-1.281738281E-3
6.231250000E-2,-1.068115234E-3
6.233333333E-2,-5.187988281E-4
6.235416667E-2,-1.800537109E-3
6.237500000E-2,-1.403808594E-3
6.239583333E-2,-2.502441406E-3
6.241666667E-2,-2.990722656E-3
6.243750000E-2,-3.082275391E-3
6.245833333E-2,-3.814697266E-3
6.247916667E-2,-3.662109375E-3
6.250000000E-2,-4.150390625E-3
6.252083333E-2,-2.807617188E-3
6.254166667E-2,-2.197265625E-3
6.256250000E-2,-1.953125000E-3
6.258333333E-2,-1.525878906E-3
6.260416667E-2,-1.922607422E-3
6.262500000E-2,-1.434326172E-3
6.264583333E-2,-1.220703125E-3
6.266666667E-2,-1.464843750E-3
6.268750000E-2,-1.220703125E-3
6.270833333E-2,-9.460449219E-4
6.272916667E-2,-5.493164062E-4
6.275000000E-2,-6.103515625E-4
6.277083333E-2,-6.408691406E-4
6.279166667E-2,0.000000000E0
6.281250000E-2,2.136230469E-4
6.283333333E-2,-9.155273438E-5
6.285416667E-2,-3.051757812E-5
6.287500000E-2,3.662109375E-4
6.289583333E-2,3.356933594E-4
6.291666667E-2,5.798339844E-4
6.293750000E-2,6.713867188E-4
6.295833333E-2,7.019042969E-4
6.297916667E-2,-2.441406250E-4
6.300000000E-2,4.882812500E-4
6.302083333E-2,-4.272460938E-4
6.304166667E-2,1.525878906E-4
6.306250000E-2,-1.525878906E-4
6.308333333E-2,-3.051757812E-4
6.310416667E-2,6.408691406E-4
6.312500000E-2,-1.831054688E-4
6.314583333E-2,7.629394531E-4
6.316666667E-2,-1.831054688E-4
6.318750000E-2,0.000000000E0
6.320833333E-2,4.577636719E-4
6.322916667E-2,-2.136230469E-4
6.325000000E-2,3.051757812E-5
6.327083333E-2,5.187988281E-4
6.329166667E-2,4.272460938E-4
6.331250000E-2,1.037597656E-3
6.333333333E-2,8.850097656E-4
6.335416667E-2,7.629394531E-4
6.337500000E-2,1.129150391E-3
6.339583333E-2,2.441406250E-4
6.341666667E-2,4.577636719E-4
6.343750000E-2,-3.356933594E-4
6.345833333E-2,-3.967285156E-4
6.347916667E-2,7.324218750E-4
6.350000000E-2,6.103515625E-4
6.352083333E-2,9.460449219E-4
6.354166667E-2,1.373291016E-3
6.356250000E-2,1.159667969E-3
6.358333333E-2,1.647949219E-3
6.360416667E-2,1.007080078E-3
6.362500000E-2,1.373291016E-3
6.364583333E-2,2.227783203E-3
6.366666667E-2,1.007080078E-3
6.368750000E-2,9.155273438E-4
6.370833333E-2,6.408691406E-4
6.372916667E-2,1.190185547E-3
6.375000000E-2,1.739501953E-3
6.377083333E-2,7.019042969E-4
6.379166667E-2,1.373291016E-3
6.381250000E-2,3.967285156E-4
6.383333333E-2,4.882812500E-4
6.385416667E-2,3.662109375E-4
6.387500000E-2,-1.525878906E-4
6.389583333E-2,4.577636719E-4
6.391666667E-2,-1.220703125E-4
6.393750000E-2,-3.051757812E-5
6.395833333E-2,3.051757812E-5
6.397916667E-2,-3.356933594E-4
6.400000000E-2,4.272460938E-4
6.402083333E-2,3.356933594E-4
6.404166667E-2,5.493164062E-4
6.406250000E-2,4.882812500E-4
6.408333333E-2,7.629394531E-4
6.410416667E-2,8.544921875E-4
6.412500000E-2,8.239746094E-4
6.414583333E-2,1.098632812E-3
6.416666667E-2,6.713867188E-4
6.418750000E-2,1.892089844E-3
6.420833333E-2,1.922607422E-3
6.422916667E-2,1.831054688E-3
6.425000000E-2,1.647949219E-3
6.427083333E-2,4.577636719E-4
6.429166667E-2,3.051757812E-4
6.431250000E-2,-5.798339844E-4
6.433333333E-2,-4.577636719E-4
6.435416667E-2,-2.441406250E-4
6.437500000E-2,-2.441406250E-4
6.439583333E-2,1.495361328E-3
6.441666667E-2,1.373291016E-3
6.443750000E-2,1.831054688E-3
6.445833333E-2,2.105712891E-3
6.447916667E-2,2.075195312E-3
6.450000000E-2,1.556396484E-3
6.452083333E-2,8.850097656E-4
6.454166667E-2,6.713867188E-4
6.456250000E-2,7.019042969E-4
6.458333333E-2,8.544921875E-4
6.460416667E-2,-3.051757812E-4
6.462500000E-2,2.136230469E-4
6.464583333E-2,-2.136230469E-4
6.466666667E-2,-3.051757812E-4
6.468750000E-2,4.577636719E-4
6.470833333E-2,4.882812500E-4
6.472916667E-2,9.765625000E-4
6.475000000E-2,8.850097656E-4
6.477083333E-2,7.324218750E-4
6.479166667E-2,1.129150391E-3
6.481250000E-2,1.098632812E-3
6.483333333E-2,1.464843750E-3
6.485416667E-2,1.007080078E-3
6.487500000E-2,1.495361328E-3
6.489583333E-2,1.403808594E-3
6.491666667E-2,1.068115234E-3
6.493750000E-2,5.187988281E-4
6.495833333E-2,2.746582031E-4
6.497916667E-2,9.765625000E-4
6.500000000E-2,6.713867188E-4
6.502083333E-2,4.882812500E-4
6.504166667E-2,-3.051757812E-5
6.506250000E-2,0.000000000E0
6.508333333E-2,1.159667969E-3
6.510416667E-2,3.662109375E-4
6.512500000E-2,8.850097656E-4
6.514583333E-2,-3.356933594E-4
6.516666667E-2,-3.356933594E-4
6.518750000E-2,3.051757812E-5
6.520833333E-2,-5.493164062E-4
6.522916667E-2,-1.220703125E-4
6.525000000E-2,-9.765625000E-4
6.527083333E-2,-1.464843750E-3
6.529166667E-2,-1.342773438E-3
6.531250000E-2,-1.373291016E-3
6.533333333E-2,-1.281738281E-3
6.535416667E-2,-7.629394531E-4
6.537500000E-2,-1.220703125E-3
6.539583333E-2,-6.103515625E-4
6.541666667E-2,-9.155273438E-5
6.543750000E-2,4.882812500E-4
6.545833333E-2,5.798339844E-4
6.547916667E-2,3.967285156E-4
6.550000000E-2,-2.136230469E-4
6.552083333E-2,-2.746582031E-4
6.554166667E-2,-3.051757812E-5
6.556250000E-2,-8.850097656E-4
6.558333333E-2,-1.159667969E-3
6.560416667E-2,-7.019042969E-4
6.562500000E-2,-6.408691406E-4
6.564583333E-2,-3.356933594E-4
6.566666667E-2,4.882812500E-4
6.568750000E-2,1.159667969E-3
6.570833333E-2,1.739501953E-3
6.572916667E-2,1.464843750E-3
6.575000000E-2,1.556396484E-3
6.577083333E-2,8.239746094E-4
6.579166667E-2,8.850097656E-4
6.581250000E-2,1.403808594E-3
6.583333333E-2,1.190185547E-3
6.585416667E-2,1.800537109E-3
6.587500000E-2,2.044677734E-3
6.589583333E-2,2.014160156E-3
6.591666667E-2,1.678466797E-3
6.593750000E-2,1.525878906E-3
6.595833333E-2,1.434326172E-3
6.597916667E-2,9.765625000E-4
6.600000000E-2,1.159667969E-3
6.602083333E-2,6.103515625E-4
6.604166667E-2,7.324218750E-4
6.606250000E-2,6.103515625E-4
6.608333333E-2,9.460449219E-4
6.610416667E-2,9.155273438E-5
6.612500000E-2,-5.798339844E-4
6.614583333E-2,-3.051757812E-4
6.616666667E-2,-1.586914062E-3
6.618750000E-2,-7.324218750E-4
6.620833333E-2,-1.251220703E-3
6.622916667E-2,-7.629394531E-4
6.625000000E-2,-2.136230469E-4
6.627083333E-2,-1.647949219E-3
6.629166667E-2,-1.159667969E-3
6.631250000E-2,-2.685546875E-3
6.633333333E-2,-2.014160156E-3
6.635416667E-2,-1.281738281E-3
6.637500000E-2,-1.678466797E-3
6.639583333E-2,-6.408691406E-4
6.641666667E-2,-8.239746094E-4
6.643750000E-2,-1.525878906E-4
6.645833333E-2,-7.019042969E-4
6.647916667E-2,-1.037597656E-3
6.650000000E-2,-3.967285156E-4
6.652083333E-2,-4.577636719E-4
6.654166667E-2,-8.239746094E-4
6.656250000E-2,-7.019042969E-4
6.658333333E-2,-5.493164062E-4
6.660416667E-2,-6.408691406E-4
6.662500000E-2,9.155273438E-5
6.664583333E-2,-8.544921875E-4
6.666666667E-2,3.051757812E-5
6.668750000E-2,3.051757812E-5
6.670833333E-2,3.662109375E-4
6.672916667E-2,1.281738281E-3
6.675000000E-2,-6.713867188E-4
6.677083333E-2,3.051757812E-4
6.679166667E-2,-5.493164062E-4
6.681250000E-2,-1.037597656E-3
6.683333333E-2,-3.051757812E-4
6.685416667E-2,-1.525878906E-4
6.687500000E-2,5.493164062E-4
6.689583333E-2,-6.103515625E-4
6.691666667E-2,-4.577636719E-4
6.693750000E-2,-1.342773438E-3
6.695833333E-2,-1.037597656E-3
6.697916667E-2,-7.324218750E-4
6.700000000E-2,-1.556396484E-3
6.702083333E-2,-7.629394531E-4
6.704166667E-2,-1.068115234E-3
6.706250000E-2,-2.136230469E-4
6.708333333E-2,-1.739501953E-3
6.710416667E-2,-1.434326172E-3
6.712500000E-2,-1.647949219E-3
6.714583333E-2,-2.410888672E-3
6.716666667E-2,-1.525878906E-3
6.718750000E-2,-2.777099609E-3
6.720833333E-2,-8.850097656E-4
6.722916667E-2,-2.319335938E-3
6.725000000E-2,-1.647949219E-3
6.727083333E-2,-1.617431641E-3
6.729166667E-2,-2.410888672E-3
6.731250000E-2,-1.129150391E-3
6.733333333E-2,-2.136230469E-3
6.735416667E-2,-1.159667969E-3
6.737500000E-2,-1.373291016E-3
6.739583333E-2,-1.312255859E-3
6.741666667E-2,-1.556396484E-3
6.743750000E-2,-2.197265625E-3
6.745833333E-2,-1.953125000E-3
6.747916667E-2,-1.800537109E-3
6.750000000E-2,-1.922607422E-3
6.752083333E-2,-1.892089844E-3
6.754166667E-2,-1.770019531E-3
6.756250000E-2,-1.953125000E-3
6.758333333E-2,-1.159667969E-3
6.760416667E-2,-9.765625000E-4
6.762500000E-2,-3.967285156E-4
6.764583333E-2,-6.713867188E-4
6.766666667E-2,-7.324218750E-4
6.768750000E-2,-6.713867188E-4
6.770833333E-2,-1.129150391E-3
6.772916667E-2,-5.187988281E-4
6.775000000E-2,-8.239746094E-4
6.777083333E-2,4.577636719E-4
6.779166667E-2,-4.272460938E-4
6.781250000E-2,0.000000000E0
6.783333333E-2,-4.272460938E-4
6.785416667E-2,-8.239746094E-4
6.787500000E-2,-5.798339844E-4
6.789583333E-2,-1.159667969E-3
6.791666667E-2,-5.798339844E-4
6.793750000E-2,-1.159667969E-3
6.795833333E-2,1.525878906E-4
6.797916667E-2,-6.408691406E-4
6.800000000E-2,-8.239746094E-4
6.802083333E-2,-5.187988281E-4
6.804166667E-2,-1.953125000E-3
6.806250000E-2,-6.713867188E-4
6.808333333E-2,-1.007080078E-3
6.810416667E-2,-9.155273438E-4
6.812500000E-2,3.967285156E-4
6.814583333E-2,-1.525878906E-4
6.816666667E-2,9.155273438E-4
6.818750000E-2,3.356933594E-4
6.820833333E-2,-2.136230469E-4
6.822916667E-2,3.967285156E-4
6.825000000E-2,1.525878906E-4
6.827083333E-2,1.220703125E-4
6.829166667E-2,4.882812500E-4
6.831250000E-2,1.831054688E-4
6.833333333E-2,8.239746094E-4
6.835416667E-2,1.190185547E-3
6.837500000E-2,4.577636719E-4
6.839583333E-2,5.187988281E-4
6.841666667E-2,6.408691406E-4
6.843750000E-2,8.850097656E-4
6.845833333E-2,1.403808594E-3
6.847916667E-2,1.190185547E-3
6.850000000E-2,1.770019531E-3
6.852083333E-2,1.159667969E-3
6.854166667E-2,8.544921875E-4
6.856250000E-2,8.239746094E-4
6.858333333E-2,2.746582031E-4
6.860416667E-2,6.103515625E-4
6.862500000E-2,6.408691406E-4
6.864583333E-2,1.190185547E-3
6.866666667E-2,8.544921875E-4
6.868750000E-2,-3.051757812E-5
6.870833333E-2,-1.831054688E-4
6.872916667E-2,-4.272460938E-4
6.875000000E-2,-4.272460938E-4
6.877083333E-2,-4.272460938E-4
6.879166667E-2,-6.103515625E-4
6.881250000E-2,2.136230469E-4
6.883333333E-2,3.356933594E-4
6.885416667E-2,-5.187988281E-4
6.887500000E-2,-1.831054688E-4
6.889583333E-2,-5.798339844E-4
6.891666667E-2,-5.493164062E-4
6.893750000E-2,-6.103515625E-4
6.895833333E-2,-1.068115234E-3
6.897916667E-2,-8.239746094E-4
6.900000000E-2,-1.129150391E-3
6.902083333E-2,-5.493164062E-4
6.904166667E-2,-9.155273438E-4
6.906250000E-2,-3.356933594E-4
6.908333333E-2,-3.356933594E-4
6.910416667E-2,-9.460449219E-4
6.912500000E-2,-7.324218750E-4
6.914583333E-2,-4.272460938E-4
6.916666667E-2,3.051757812E-5
6.918750000E-2,-4.272460938E-4
6.920833333E-2,-7.934570312E-4
6.922916667E-2,-4.882812500E-4
6.925000000E-2,-8.850097656E-4
6.927083333E-2,-9.765625000E-4
6.929166667E-2,-9.765625000E-4
6.931250000E-2,-3.051757812E-4
6.933333333E-2,1.220703125E-4
6.935416667E-2,1.525878906E-4
6.937500000E-2,-2.746582031E-4
6.939583333E-2,-3.967285156E-4
6.941666667E-2,3.356933594E-4
6.943750000E-2,-6.408691406E-4
6.945833333E-2,-3.051757812E-4
6.947916667E-2,-5.187988281E-4
6.950000000E-2,-4.577636719E-4
6.952083333E-2,-3.662109375E-4
6.954166667E-2,-7.934570312E-4
6.956250000E-2,-1.525878906E-4
6.958333333E-2,-7.019042969E-4
6.960416667E-2,-6.713867188E-4
6.962500000E-2,-7.934570312E-4
6.964583333E-2,-9.155273438E-5
6.966666667E-2,-3.662109375E-4
6.968750000E-2,-3.051757812E-5
6.970833333E-2,1.220703125E-4
6.972916667E-2,-6.408691406E-4
6.975000000E-2,-3.051757812E-5
6.977083333E-2,-3.662109375E-4
6.979166667E-2,-9.460449219E-4
6.981250000E-2,-1.159667969E-3
6.983333333E-2,-1.434326172E-3
6.985416667E-2,-1.373291016E-3
6.987500000E-2,-1.434326172E-3
6.989583333E-2,-7.629394531E-4
6.991666667E-2,-7.629394531E-4
6.993750000E-2,-1.281738281E-3
6.995833333E-2,-8.239746094E-4
6.997916667E-2,-1.922607422E-3
7.000000000E-2,-7.629394531E-4
7.002083333E-2,-1.373291016E-3
7.004166667E-2,-1.678466797E-3
7.006250000E-2,-1.831054688E-4
7.008333333E-2,-5.187988281E-4
7.010416667E-2,3.662109375E-4
7.012500000E-2,-7.629394531E-4
7.014583333E-2,-8.850097656E-4
7.016666667E-2,-6.408691406E-4
7.018750000E-2,-1.586914062E-3
7.020833333E-2,-1.281738281E-3
7.022916667E-2,-8.544921875E-4
7.025000000E-2,-9.765625000E-4
7.027083333E-2,1.831054688E-4
7.029166667E-2,-5.798339844E-4
7.031250000E-2,-5.187988281E-4
7.033333333E-2,-8.239746094E-4
7.035416667E-2,-1.190185547E-3
7.037500000E-2,-7.324218750E-4
7.039583333E-2,-7.629394531E-4
7.041666667E-2,-4.882812500E-4
7.043750000E-2,-1.220703125E-4
7.045833333E-2,1.831054688E-4
7.047916667E-2,2.746582031E-4
7.050000000E-2,1.831054688E-4
7.052083333E-2,-1.525878906E-4
7.054166667E-2,-4.577636719E-4
7.056250000E-2,-1.220703125E-3
7.058333333E-2,-1.007080078E-3
7.060416667E-2,-7.324218750E-4
7.062500000E-2,-8.239746094E-4
7.064583333E-2,-5.493164062E-4
7.066666667E-2,1.525878906E-4
7.068750000E-2,-1.831054688E-4
7.070833333E-2,0.000000000E0
7.072916667E-2,3.051757812E-5
7.075000000E-2,7.324218750E-4
7.077083333E-2,8.239746094E-4
7.079166667E-2,8.544921875E-4
7.081250000E-2,1.068115234E-3
7.083333333E-2,2.746582031E-4
7.085416667E-2,4.272460938E-4
7.087500000E-2,5.493164062E-4
7.089583333E-2,8.544921875E-4
7.091666667E-2,9.155273438E-4
7.093750000E-2,1.373291016E-3
7.095833333E-2,9.765625000E-4
7.097916667E-2,9.765625000E-4
7.100000000E-2,8.239746094E-4
7.102083333E-2,6.713867188E-4
7.104166667E-2,9.765625000E-4
7.106250000E-2,8.544921875E-4
7.108333333E-2,1.495361328E-3
7.110416667E-2,1.708984375E-3
7.112500000E-2,2.655029297E-3
7.114583333E-2,2.929687500E-3
7.116666667E-2,2.227783203E-3
7.118750000E-2,2.716064453E-3
7.120833333E-2,1.922607422E-3
7.122916667E-2,1.892089844E-3
7.125000000E-2,2.441406250E-3
7.127083333E-2,2.075195312E-3
7.129166667E-2,2.655029297E-3
7.131250000E-2,1.983642578E-3
7.133333333E-2,2.349853516E-3
7.135416667E-2,2.441406250E-3
7.137500000E-2,1.220703125E-3
7.139583333E-2,2.563476562E-3
7.141666667E-2,1.586914062E-3
7.143750000E-2,1.892089844E-3
7.145833333E-2,2.014160156E-3
7.147916667E-2,1.403808594E-3
7.150000000E-2,2.136230469E-3
7.152083333E-2,1.068115234E-3
7.154166667E-2,9.155273438E-4
7.156250000E-2,5.798339844E-4
7.158333333E-2,2.441406250E-4
7.160416667E-2,1.098632812E-3
7.162500000E-2,1.342773438E-3
7.164583333E-2,1.525878906E-3
7.166666667E-2,1.403808594E-3
7.168750000E-2,1.037597656E-3
7.170833333E-2,1.098632812E-3
7.172916667E-2,7.324218750E-4
7.175000000E-2,1.831054688E-4
7.177083333E-2,7.629394531E-4
7.179166667E-2,4.577636719E-4
7.181250000E-2,4.577636719E-4
7.183333333E-2,9.460449219E-4
7.185416667E-2,1.831054688E-4
7.187500000E-2,1.342773438E-3
7.189583333E-2,5.798339844E-4
7.191666667E-2,7.629394531E-4
7.193750000E-2,1.129150391E-3
7.195833333E-2,3.662109375E-4
7.197916667E-2,1.098632812E-3
7.200000000E-2,8.544921875E-4
7.202083333E-2,8.239746094E-4
7.204166667E-2,8.239746094E-4
7.206250000E-2,7.629394531E-4
7.208333333E-2,8.544921875E-4
7.210416667E-2,1.068115234E-3
7.212500000E-2,7.324218750E-4
7.214583333E-2,1.129150391E-3
7.216666667E-2,7.324218750E-4
7.218750000E-2,9.155273438E-5
7.220833333E-2,7.629394531E-4
7.222916667E-2,3.051757812E-5
7.225000000E-2,1.281738281E-3
7.227083333E-2,1.586914062E-3
7.229166667E-2,1.556396484E-3
7.231250000E-2,1.007080078E-3
7.233333333E-2,-4.272460938E-4
7.235416667E-2,-9.155273438E-5
7.237500000E-2,-1.007080078E-3
7.239583333E-2,9.155273438E-5
7.241666667E-2,5.493164062E-4
7.243750000E-2,2.136230469E-4
7.245833333E-2,3.662109375E-4
7.247916667E-2,-3.051757812E-4
7.250000000E-2,-6.103515625E-5
7.252083333E-2,-7.934570312E-4
7.254166667E-2,-3.051757812E-4
7.256250000E-2,-9.155273438E-4
7.258333333E-2,-1.678466797E-3
7.260416667E-2,-1.037597656E-3
7.262500000E-2,-1.708984375E-3
7.264583333E-2,-1.037597656E-3
7.266666667E-2,-9.155273438E-4
7.268750000E-2,-1.007080078E-3
7.270833333E-2,-1.861572266E-3
7.272916667E-2,-7.629394531E-4
7.275000000E-2,-7.019042969E-4
7.277083333E-2,-5.798339844E-4
7.279166667E-2,2.746582031E-4
7.281250000E-2,-4.577636719E-4
7.283333333E-2,-2.746582031E-4
7.285416667E-2,-6.713867188E-4
7.287500000E-2,-9.155273438E-4
7.289583333E-2,-7.934570312E-4
7.291666667E-2,-1.098632812E-3
7.293750000E-2,-1.251220703E-3
7.295833333E-2,-6.713867188E-4
7.297916667E-2,-7.019042969E-4
7.300000000E-2,-9.155273438E-5
7.302083333E-2,3.356933594E-4
7.304166667E-2,-8.239746094E-4
7.306250000E-2,-1.007080078E-3
7.308333333E-2,-2.044677734E-3
7.310416667E-2,-1.098632812E-3
7.312500000E-2,-3.051757812E-4
7.314583333E-2,-9.765625000E-4
7.316666667E-2,-3.356933594E-4
7.318750000E-2,-6.103515625E-5
7.320833333E-2,-3.356933594E-4
7.322916667E-2,-7.324218750E-4
7.325000000E-2,-4.882812500E-4
7.327083333E-2,1.525878906E-4
7.329166667E-2,-5.187988281E-4
7.331250000E-2,-4.577636719E-4
7.333333333E-2,-7.324218750E-4
7.335416667E-2,-3.967285156E-4
7.337500000E-2,2.441406250E-4
7.339583333E-2,2.136230469E-4
7.341666667E-2,5.493164062E-4
7.343750000E-2,1.831054688E-4
7.345833333E-2,9.155273438E-5
7.347916667E-2,-2.136230469E-4
7.350000000E-2,3.051757812E-5
7.352083333E-2,6.103515625E-5
7.354166667E-2,3.662109375E-4
7.356250000E-2,6.103515625E-4
7.358333333E-2,3.051757812E-4
7.360416667E-2,-5.493164062E-4
7.362500000E-2,-1.220703125E-4
7.364583333E-2,1.220703125E-4
7.366666667E-2,-5.493164062E-4
7.368750000E-2,6.103515625E-5
7.370833333E-2,3.051757812E-4
7.372916667E-2,5.798339844E-4
7.375000000E-2,-9.155273438E-5
7.377083333E-2,-4.272460938E-4
7.379166667E-2,-2.441406250E-4
7.381250000E-2,-4.882812500E-4
7.383333333E-2,9.155273438E-5
7.385416667E-2,-9.155273438E-5
7.387500000E-2,1.525878906E-4
7.389583333E-2,0.000000000E0
7.391666667E-2,-9.155273438E-5
7.393750000E-2,-3.051757812E-5
7.395833333E-2,-7.324218750E-4
7.397916667E-2,-7.934570312E-4
7.400000000E-2,-7.934570312E-4
7.402083333E-2,-8.239746094E-4
7.404166667E-2,-1.831054688E-4
7.406250000E-2,3.967285156E-4
7.408333333E-2,7.934570312E-4
7.410416667E-2,1.251220703E-3
7.412500000E-2,8.850097656E-4
7.414583333E-2,4.272460938E-4
7.416666667E-2,3.356933594E-4
7.418750000E-2,5.798339844E-4
7.420833333E-2,5.187988281E-4
7.422916667E-2,4.272460938E-4
7.425000000E-2,9.155273438E-5
7.427083333E-2,9.155273438E-4
7.429166667E-2,6.713867188E-4
7.431250000E-2,1.037597656E-3
7.433333333E-2,1.647949219E-3
7.435416667E-2,1.251220703E-3
7.437500000E-2,2.136230469E-3
7.439583333E-2,1.098632812E-3
7.441666667E-2,1.159667969E-3
7.443750000E-2,1.556396484E-3
7.445833333E-2,1.556396484E-3
7.447916667E-2,2.258300781E-3
7.450000000E-2,1.922607422E-3
7.452083333E-2,1.586914062E-3
7.454166667E-2,1.220703125E-3
7.456250000E-2,9.765625000E-4
7.458333333E-2,9.460449219E-4
7.460416667E-2,6.713867188E-4
7.462500000E-2,8.239746094E-4
7.464583333E-2,1.068115234E-3
7.466666667E-2,1.251220703E-3
7.468750000E-2,1.037597656E-3
7.470833333E-2,5.493164062E-4
7.472916667E-2,9.765625000E-4
7.475000000E-2,8.544921875E-4
7.477083333E-2,1.373291016E-3
7.479166667E-2,1.983642578E-3
7.481250000E-2,1.983642578E-3
7.483333333E-2,2.349853516E-3
7.485416667E-2,2.014160156E-3
7.487500000E-2,1.098632812E-3
7.489583333E-2,1.220703125E-3
7.491666667E-2,8.239746094E-4
7.493750000E-2,2.075195312E-3
7.495833333E-2,1.739501953E-3
7.497916667E-2,1.647949219E-3
7.500000000E-2,2.075195312E-3
7.502083333E-2,7.934570312E-4
7.504166667E-2,1.770019531E-3
7.506250000E-2,1.068115234E-3
7.508333333E-2,1.037597656E-3
7.510416667E-2,1.800537109E-3
7.512500000E-2,8.850097656E-4
7.514583333E-2,1.922607422E-3
7.516666667E-2,9.460449219E-4
7.518750000E-2,1.220703125E-3
7.520833333E-2,1.373291016E-3
7.522916667E-2,4.577636719E-4
7.525000000E-2,4.272460938E-4
7.527083333E-2,2.441406250E-4
7.529166667E-2,-1.831054688E-4
7.531250000E-2,-6.103515625E-4
7.533333333E-2,-4.272460938E-4
7.535416667E-2,-9.155273438E-4
7.537500000E-2,-1.525878906E-4
7.539583333E-2,-2.746582031E-4
7.541666667E-2,-2.746582031E-4
7.543750000E-2,-6.408691406E-4
7.545833333E-2,-8.850097656E-4
7.547916667E-2,-2.441406250E-4
7.550000000E-2,-5.798339844E-4
7.552083333E-2,-4.882812500E-4
7.554166667E-2,-1.159667969E-3
7.556250000E-2,-1.312255859E-3
7.558333333E-2,-1.312255859E-3
7.560416667E-2,-2.197265625E-3
7.562500000E-2,-9.765625000E-4
7.564583333E-2,-1.770019531E-3
7.566666667E-2,-1.708984375E-3
7.568750000E-2,-1.678466797E-3
7.570833333E-2,-2.258300781E-3
7.572916667E-2,-1.220703125E-3
7.575000000E-2,-1.586914062E-3
7.577083333E-2,-8.850097656E-4
7.579166667E-2,-8.850097656E-4
7.581250000E-2,-8.239746094E-4
7.583333333E-2,-3.662109375E-4
7.585416667E-2,-1.220703125E-3
7.587500000E-2,-1.342773438E-3
7.589583333E-2,-1.312255859E-3
7.591666667E-2,-1.953125000E-3
7.593750000E-2,-1.464843750E-3
7.595833333E-2,-1.373291016E-3
7.597916667E-2,-1.586914062E-3
7.600000000E-2,-1.373291016E-3
7.602083333E-2,-1.647949219E-3
7.604166667E-2,-1.922607422E-3
7.606250000E-2,-1.647949219E-3
7.608333333E-2,-1.495361328E-3
7.610416667E-2,-1.464843750E-3
7.612500000E-2,-1.892089844E-3
7.614583333E-2,-1.983642578E-3
7.616666667E-2,-1.129150391E-3
7.618750000E-2,-7.629394531E-4
7.620833333E-2,-6.103515625E-4
7.622916667E-2,-1.190185547E-3
7.625000000E-2,-7.629394531E-4
7.627083333E-2,-6.408691406E-4
7.629166667E-2,-2.136230469E-4
7.631250000E-2,-8.544921875E-4
7.633333333E-2,-9.460449219E-4
7.635416667E-2,-7.019042969E-4
7.637500000E-2,-1.434326172E-3
7.639583333E-2,-5.798339844E-4
7.641666667E-2,-3.051757812E-4
7.643750000E-2,-8.850097656E-4
7.645833333E-2,-1.007080078E-3
7.647916667E-2,-8.239746094E-4
7.650000000E-2,-1.068115234E-3
7.652083333E-2,-7.019042969E-4
7.654166667E-2,-7.324218750E-4
7.656250000E-2,-7.019042969E-4
7.658333333E-2,-9.460449219E-4
7.660416667E-2,-7.629394531E-4
7.662500000E-2,-4.272460938E-4
7.664583333E-2,-5.187988281E-4
7.666666667E-2,3.051757812E-4
7.668750000E-2,-4.272460938E-4
7.670833333E-2,-1.831054688E-4
7.672916667E-2,-2.441406250E-4
7.675000000E-2,-1.647949219E-3
7.677083333E-2,-1.617431641E-3
7.679166667E-2,-1.525878906E-3
7.681250000E-2,-1.037597656E-3
7.683333333E-2,-7.629394531E-4
7.685416667E-2,3.662109375E-4
7.687500000E-2,5.798339844E-4
7.689583333E-2,-3.051757812E-5
7.691666667E-2,-3.051757812E-4
7.693750000E-2,-2.136230469E-4
7.695833333E-2,-6.103515625E-5
7.697916667E-2,-7.019042969E-4
7.700000000E-2,-6.103515625E-4
7.702083333E-2,-5.798339844E-4
7.704166667E-2,1.831054688E-4
7.706250000E-2,1.068115234E-3
7.708333333E-2,1.312255859E-3
7.710416667E-2,1.220703125E-3
7.712500000E-2,1.556396484E-3
7.714583333E-2,1.708984375E-3
7.716666667E-2,1.800537109E-3
7.718750000E-2,1.647949219E-3
7.720833333E-2,1.525878906E-3
7.722916667E-2,1.586914062E-3
7.725000000E-2,6.713867188E-4
7.727083333E-2,3.051757812E-4
7.729166667E-2,4.272460938E-4
7.731250000E-2,3.356933594E-4
7.733333333E-2,5.187988281E-4
7.735416667E-2,0.000000000E0
7.737500000E-2,-2.441406250E-4
7.739583333E-2,-3.356933594E-4
7.741666667E-2,-9.460449219E-4
7.743750000E-2,-9.765625000E-4
7.745833333E-2,-1.800537109E-3
7.747916667E-2,-1.495361328E-3
7.750000000E-2,-8.239746094E-4
7.752083333E-2,-1.281738281E-3
7.754166667E-2,-1.068115234E-3
7.756250000E-2,-9.460449219E-4
7.758333333E-2,-1.831054688E-4
7.760416667E-2,0.000000000E0
7.762500000E-2,-3.967285156E-4
7.764583333E-2,2.441406250E-4
7.766666667E-2,-6.103515625E-5
7.768750000E-2,3.967285156E-4
7.770833333E-2,-2.136230469E-4
7.772916667E-2,-3.662109375E-4
7.775000000E-2,-1.831054688E-4
7.777083333E-2,-2.746582031E-4
7.779166667E-2,1.220703125E-4
7.781250000E-2,-8.544921875E-4
7.783333333E-2,-3.967285156E-4
7.785416667E-2,-1.525878906E-4
7.787500000E-2,2.136230469E-4
7.789583333E-2,3.967285156E-4
7.791666667E-2,3.967285156E-4
7.793750000E-2,1.281738281E-3
7.795833333E-2,8.239746094E-4
7.797916667E-2,6.408691406E-4
7.800000000E-2,-1.220703125E-4
7.802083333E-2,2.441406250E-4
7.804166667E-2,3.967285156E-4
7.806250000E-2,2.746582031E-4
7.808333333E-2,3.967285156E-4
7.810416667E-2,4.272460938E-4
7.812500000E-2,3.356933594E-4
7.814583333E-2,1.831054688E-4
7.816666667E-2,1.098632812E-3
7.818750000E-2,4.882812500E-4
7.820833333E-2,7.934570312E-4
7.822916667E-2,-1.525878906E-4
7.825000000E-2,-9.460449219E-4
7.827083333E-2,-1.129150391E-3
7.829166667E-2,-1.892089844E-3
7.831250000E-2,-3.662109375E-4
7.833333333E-2,-6.408691406E-4
7.835416667E-2,-3.662109375E-4
7.837500000E-2,-6.103515625E-5
7.839583333E-2,-6.103515625E-5
7.841666667E-2,6.408691406E-4
7.843750000E-2,2.441406250E-4
7.845833333E-2,5.493164062E-4
7.847916667E-2,-6.103515625E-5
7.850000000E-2,4.577636719E-4
7.852083333E-2,1.220703125E-4
7.854166667E-2,2.441406250E-4
7.856250000E-2,1.037597656E-3
7.858333333E-2,7.019042969E-4
7.860416667E-2,7.324218750E-4
7.862500000E-2,1.525878906E-4
7.864583333E-2,1.525878906E-4
7.866666667E-2,0.000000000E0
7.868750000E-2,4.882812500E-4
7.870833333E-2,1.159667969E-3
7.872916667E-2,1.098632812E-3
7.875000000E-2,1.861572266E-3
7.877083333E-2,1.159667969E-3
7.879166667E-2,1.220703125E-3
7.881250000E-2,1.068115234E-3
7.883333333E-2,1.129150391E-3
7.885416667E-2,1.403808594E-3
7.887500000E-2,8.239746094E-4
7.889583333E-2,7.934570312E-4
7.891666667E-2,1.068115234E-3
7.893750000E-2,9.765625000E-4
7.895833333E-2,7.934570312E-4
7.897916667E-2,4.882812500E-4
7.900000000E-2,1.190185547E-3
7.902083333E-2,1.159667969E-3
7.904166667E-2,8.544921875E-4
7.906250000E-2,3.356933594E-4
7.908333333E-2,5.493164062E-4
7.910416667E-2,7.934570312E-4
7.912500000E-2,4.882812500E-4
7.914583333E-2,7.934570312E-4
7.916666667E-2,3.051757812E-4
7.918750000E-2,7.934570312E-4
7.920833333E-2,1.525878906E-4
7.922916667E-2,5.187988281E-4
7.925000000E-2,3.967285156E-4
7.927083333E-2,3.967285156E-4
7.929166667E-2,1.007080078E-3
7.931250000E-2,8.544921875E-4
7.933333333E-2,8.850097656E-4
7.935416667E-2,1.007080078E-3
7.937500000E-2,1.251220703E-3
7.939583333E-2,1.831054688E-3
7.941666667E-2,1.586914062E-3
7.943750000E-2,1.098632812E-3
7.945833333E-2,1.037597656E-3
7.947916667E-2,7.324218750E-4
7.950000000E-2,5.798339844E-4
7.952083333E-2,6.408691406E-4
7.954166667E-2,4.577636719E-4
7.956250000E-2,4.272460938E-4
7.958333333E-2,8.239746094E-4
7.960416667E-2,1.525878906E-4
7.962500000E-2,7.019042969E-4
7.964583333E-2,9.155273438E-4
7.966666667E-2,6.103515625E-4
7.968750000E-2,7.934570312E-4
7.970833333E-2,8.544921875E-4
7.972916667E-2,1.068115234E-3
7.975000000E-2,6.408691406E-4
7.977083333E-2,3.967285156E-4
7.979166667E-2,1.068115234E-3
7.981250000E-2,1.586914062E-3
7.983333333E-2,1.281738281E-3
7.985416667E-2,1.068115234E-3
7.987500000E-2,1.007080078E-3
7.989583333E-2,4.272460938E-4
7.991666667E-2,1.831054688E-4
7.993750000E-2,-3.051757812E-5
7.995833333E-2,3.051757812E-4
7.997916667E-2,6.713867188E-4
8.000000000E-2,-4.272460938E-4
8.002083333E-2,-7.324218750E-4
8.004166667E-2,-1.312255859E-3
8.006250000E-2,-4.882812500E-4
8.008333333E-2,-8.239746094E-4
8.010416667E-2,-9.765625000E-4
8.012500000E-2,-7.324218750E-4
8.014583333E-2,-8.850097656E-4
8.016666667E-2,6.103515625E-5
8.018750000E-2,-1.647949219E-3
8.020833333E-2,-8.239746094E-4
8.022916667E-2,-1.373291016E-3
8.025000000E-2,-1.495361328E-3
8.027083333E-2,-5.187988281E-4
8.029166667E-2,-8.544921875E-4
8.031250000E-2,3.051757812E-5
8.033333333E-2,-3.356933594E-4
8.035416667E-2,-1.007080078E-3
8.037500000E-2,-7.629394531E-4
8.039583333E-2,-4.272460938E-4
8.041666667E-2,-3.662109375E-4
8.043750000E-2,-6.103515625E-4
8.045833333E-2,-6.408691406E-4
8.047916667E-2,-1.373291016E-3
8.050000000E-2,-7.934570312E-4
8.052083333E-2,-1.129150391E-3
8.054166667E-2,-6.103515625E-4
8.056250000E-2,-5.798339844E-4
8.058333333E-2,-7.934570312E-4
8.060416667E-2,1.220703125E-4
8.062500000E-2,-3.662109375E-4
8.064583333E-2,5.493164062E-4
8.066666667E-2,7.324218750E-4
8.068750000E-2,4.882812500E-4
8.070833333E-2,2.136230469E-4
8.072916667E-2,-9.155273438E-5
8.075000000E-2,-2.136230469E-4
8.077083333E-2,-3.051757812E-5
8.079166667E-2,2.746582031E-4
8.081250000E-2,3.051757812E-4
8.083333333E-2,8.239746094E-4
8.085416667E-2,4.272460938E-4
8.087500000E-2,3.051757812E-5
8.089583333E-2,-5.187988281E-4
8.091666667E-2,0.000000000E0
8.093750000E-2,1.220703125E-4
8.095833333E-2,4.577636719E-4
8.097916667E-2,1.434326172E-3
8.100000000E-2,6.408691406E-4
8.102083333E-2,1.342773438E-3
8.104166667E-2,8.239746094E-4
8.106250000E-2,8.544921875E-4
8.108333333E-2,8.239746094E-4
8.110416667E-2,5.798339844E-4
8.112500000E-2,3.356933594E-4
8.114583333E-2,-7.934570312E-4
8.116666667E-2,-6.103515625E-4
8.118750000E-2,-1.373291016E-3
8.120833333E-2,-6.103515625E-4
8.122916667E-2,-7.019042969E-4
8.125000000E-2,-7.629394531E-4
8.127083333E-2,-4.882812500E-4
8.129166667E-2,6.103515625E-5
8.131250000E-2,8.544921875E-4
8.133333333E-2,0.000000000E0
8.135416667E-2,2.441406250E-4
8.137500000E-2,3.967285156E-4
8.139583333E-2,-9.155273438E-4
8.141666667E-2,-5.493164062E-4
8.143750000E-2,-1.068115234E-3
8.145833333E-2,-7.629394531E-4
8.147916667E-2,-8.850097656E-4
8.150000000E-2,-9.155273438E-4
8.152083333E-2,-7.629394531E-4
8.154166667E-2,-9.155273438E-4
8.156250000E-2,-1.525878906E-4
8.158333333E-2,-9.765625000E-4
8.160416667E-2,-3.662109375E-4
8.162500000E-2,6.103515625E-5
8.164583333E-2,5.798339844E-4
8.166666667E-2,5.493164062E-4
8.168750000E-2,1.220703125E-4
8.170833333E-2,2.746582031E-4
8.172916667E-2,-7.629394531E-4
8.175000000E-2,9.155273438E-5
8.177083333E-2,-2.746582031E-4
8.179166667E-2,-1.220703125E-4
8.181250000E-2,2.441406250E-4
8.183333333E-2,1.220703125E-4
8.185416667E-2,7.324218750E-4
8.187500000E-2,7.324218750E-4
8.189583333E-2,1.647949219E-3
8.191666667E-2,2.044677734E-3
8.193750000E-2,2.258300781E-3
8.195833333E-2,2.197265625E-3
8.197916667E-2,1.892089844E-3
8.200000000E-2,2.014160156E-3
8.202083333E-2,1.922607422E-3
8.204166667E-2,1.861572266E-3
8.206250000E-2,6.713867188E-4
8.208333333E-2,1.739501953E-3
8.210416667E-2,5.187988281E-4
8.212500000E-2,6.103515625E-5
8.214583333E-2,6.713867188E-4
8.216666667E-2,1.525878906E-4
8.218750000E-2,1.129150391E-3
8.220833333E-2,5.798339844E-4
8.222916667E-2,1.007080078E-3
8.225000000E-2,1.190185547E-3
8.227083333E-2,1.525878906E-4
8.229166667E-2,5.493164062E-4
8.231250000E-2,2.441406250E-4
8.233333333E-2,-3.967285156E-4
8.235416667E-2,1.525878906E-4
8.237500000E-2,-1.373291016E-3
8.239583333E-2,-1.190185547E-3
8.241666667E-2,-1.342773438E-3
8.243750000E-2,-1.861572266E-3
8.245833333E-2,-1.220703125E-3
8.247916667E-2,-1.800537109E-3
8.250000000E-2,-1.708984375E-3
8.252083333E-2,-1.831054688E-3
8.254166667E-2,-1.861572266E-3
8.256250000E-2,-1.312255859E-3
8.258333333E-2,-1.403808594E-3
8.260416667E-2,-1.434326172E-3
8.262500000E-2,-2.075195312E-3
8.264583333E-2,-2.014160156E-3
8.266666667E-2,-1.922607422E-3
8.268750000E-2,-1.831054688E-3
8.270833333E-2,-1.678466797E-3
8.272916667E-2,-2.380371094E-3
8.275000000E-2,-1.647949219E-3
8.277083333E-2,-2.014160156E-3
8.279166667E-2,-1.464843750E-3
8.281250000E-2,-1.037597656E-3
8.283333333E-2,-7.934570312E-4
8.285416667E-2,-4.577636719E-4
8.287500000E-2,-3.662109375E-4
8.289583333E-2,1.525878906E-4
8.291666667E-2,-5.798339844E-4
8.293750000E-2,-3.051757812E-5
8.295833333E-2,3.051757812E-5
8.297916667E-2,-5.493164062E-4
8.300000000E-2,5.798339844E-4
8.302083333E-2,-1.220703125E-4
8.304166667E-2,9.460449219E-4
8.306250000E-2,1.007080078E-3
8.308333333E-2,1.098632812E-3
8.310416667E-2,1.007080078E-3
8.312500000E-2,7.019042969E-4
8.314583333E-2,1.159667969E-3
8.316666667E-2,-1.831054688E-4
8.318750000E-2,-6.103515625E-5
8.320833333E-2,0.000000000E0
8.322916667E-2,-2.746582031E-4
8.325000000E-2,-3.051757812E-5
8.327083333E-2,-3.967285156E-4
8.329166667E-2,0.000000000E0
8.331250000E-2,-1.220703125E-4
8.333333333E-2,-4.272460938E-4
8.335416667E-2,-8.544921875E-4
8.337500000E-2,-1.525878906E-3
8.339583333E-2,-1.037597656E-3
8.341666667E-2,-1.342773438E-3
8.343750000E-2,-1.586914062E-3
8.345833333E-2,-1.434326172E-3
8.347916667E-2,-1.464843750E-3
8.350000000E-2,-1.098632812E-3
8.352083333E-2,-9.460449219E-4
8.354166667E-2,-1.281738281E-3
8.356250000E-2,-1.159667969E-3
8.358333333E-2,-5.187988281E-4
8.360416667E-2,-1.129150391E-3
8.362500000E-2,-9.155273438E-4
8.364583333E-2,-9.155273438E-4
8.366666667E-2,-4.882812500E-4
8.368750000E-2,4.577636719E-4
8.370833333E-2,1.831054688E-4
8.372916667E-2,-3.051757812E-5
8.375000000E-2,-2.441406250E-4
8.377083333E-2,-1.525878906E-4
8.379166667E-2,1.525878906E-4
8.381250000E-2,9.155273438E-5
8.383333333E-2,4.272460938E-4
8.385416667E-2,7.629394531E-4
8.387500000E-2,6.408691406E-4
8.389583333E-2,1.220703125E-4
8.391666667E-2,4.577636719E-4
8.393750000E-2,3.051757812E-4
8.395833333E-2,4.577636719E-4
8.397916667E-2,7.629394531E-4
8.400000000E-2,-2.441406250E-4
8.402083333E-2,-1.831054688E-4
8.404166667E-2,-6.713867188E-4
8.406250000E-2,-8.544921875E-4
8.408333333E-2,-1.098632812E-3
8.410416667E-2,-8.850097656E-4
8.412500000E-2,-1.007080078E-3
8.414583333E-2,-1.220703125E-3
8.416666667E-2,-1.068115234E-3
8.418750000E-2,-1.342773438E-3
8.420833333E-2,-1.403808594E-3
8.422916667E-2,-1.861572266E-3
8.425000000E-2,-1.586914062E-3
8.427083333E-2,-1.403808594E-3
8.429166667E-2,-1.586914062E-3
8.431250000E-2,-2.502441406E-3
8.433333333E-2,-1.708984375E-3
8.435416667E-2,-2.075195312E-3
8.437500000E-2,-1.037597656E-3
8.439583333E-2,-8.239746094E-4
8.441666667E-2,-1.922607422E-3
8.443750000E-2,-9.460449219E-4
8.445833333E-2,-1.739501953E-3
8.447916667E-2,-1.617431641E-3
8.450000000E-2,-1.861572266E-3
8.452083333E-2,-1.953125000E-3
8.454166667E-2,-1.037597656E-3
8.456250000E-2,-1.770019531E-3
8.458333333E-2,-1.464843750E-3
8.460416667E-2,-2.044677734E-3
8.462500000E-2,-2.319335938E-3
8.464583333E-2,-1.251220703E-3
8.466666667E-2,-1.922607422E-3
8.468750000E-2,-1.586914062E-3
8.470833333E-2,-1.464843750E-3
8.472916667E-2,-1.220703125E-3
8.475000000E-2,-9.460449219E-4
8.477083333E-2,-6.408691406E-4
8.479166667E-2,-1.220703125E-4
8.481250000E-2,3.051757812E-5
8.483333333E-2,6.713867188E-4
8.485416667E-2,2.136230469E-4
8.487500000E-2,3.051757812E-5
8.489583333E-2,-6.103515625E-5
8.491666667E-2,3.051757812E-5
8.493750000E-2,-3.967285156E-4
8.495833333E-2,-3.051757812E-5
8.497916667E-2,3.051757812E-4
8.500000000E-2,-1.831054688E-4
8.502083333E-2,6.103515625E-4
8.504166667E-2,9.155273438E-5
8.506250000E-2,2.746582031E-4
8.508333333E-2,1.831054688E-4
8.510416667E-2,4.882812500E-4
8.512500000E-2,-3.051757812E-5
8.514583333E-2,1.220703125E-4
8.516666667E-2,7.019042969E-4
8.518750000E-2,-2.136230469E-4
8.520833333E-2,5.187988281E-4
8.522916667E-2,-5.187988281E-4
8.525000000E-2,4.882812500E-4
8.527083333E-2,3.662109375E-4
8.529166667E-2,-3.356933594E-4
8.531250000E-2,4.882812500E-4
8.533333333E-2,-4.272460938E-4
8.535416667E-2,-9.155273438E-5
8.537500000E-2,-9.765625000E-4
8.539583333E-2,-8.239746094E-4
8.541666667E-2,-6.103515625E-4
8.543750000E-2,0.000000000E0
8.545833333E-2,9.155273438E-5
8.547916667E-2,-1.403808594E-3
8.550000000E-2,-5.493164062E-4
8.552083333E-2,-2.105712891E-3
8.554166667E-2,-1.647949219E-3
8.556250000E-2,-7.629394531E-4
8.558333333E-2,-1.495361328E-3
8.560416667E-2,-7.934570312E-4
8.562500000E-2,-1.068115234E-3
8.564583333E-2,-6.103515625E-4
8.566666667E-2,-8.850097656E-4
8.568750000E-2,-4.882812500E-4
8.570833333E-2,-3.662109375E-4
8.572916667E-2,-8.544921875E-4
8.575000000E-2,-4.272460938E-4
8.577083333E-2,-1.525878906E-4
8.579166667E-2,3.967285156E-4
8.581250000E-2,5.798339844E-4
8.583333333E-2,9.765625000E-4
8.585416667E-2,7.019042969E-4
8.587500000E-2,1.007080078E-3
8.589583333E-2,8.544921875E-4
8.591666667E-2,4.577636719E-4
8.593750000E-2,1.586914062E-3
8.595833333E-2,1.220703125E-3
8.597916667E-2,1.647949219E-3
8.600000000E-2,2.288818359E-3
8.602083333E-2,1.251220703E-3
8.604166667E-2,2.288818359E-3
8.606250000E-2,8.544921875E-4
8.608333333E-2,1.098632812E-3
8.610416667E-2,1.220703125E-3
8.612500000E-2,1.190185547E-3
8.614583333E-2,1.098632812E-3
8.616666667E-2,7.934570312E-4
8.618750000E-2,1.342773438E-3
8.620833333E-2,2.746582031E-4
8.622916667E-2,6.408691406E-4
8.625000000E-2,0.000000000E0
8.627083333E-2,-3.051757812E-4
8.629166667E-2,-5.798339844E-4
8.631250000E-2,-5.493164062E-4
8.633333333E-2,-1.831054688E-4
8.635416667E-2,-1.373291016E-3
8.637500000E-2,-3.356933594E-4
8.639583333E-2,-1.556396484E-3
8.641666667E-2,-8.544921875E-4
8.643750000E-2,-7.629394531E-4
8.645833333E-2,-1.007080078E-3
8.647916667E-2,-6.103515625E-5
8.650000000E-2,-8.544921875E-4
8.652083333E-2,6.408691406E-4
8.654166667E-2,-3.967285156E-4
8.656250000E-2,-4.882812500E-4
8.658333333E-2,6.103515625E-5
8.660416667E-2,-8.544921875E-4
8.662500000E-2,-1.220703125E-4
8.664583333E-2,-6.713867188E-4
8.666666667E-2,-4.577636719E-4
8.668750000E-2,9.155273438E-5
8.670833333E-2,3.051757812E-5
8.672916667E-2,-9.155273438E-5
8.675000000E-2,4.577636719E-4
8.677083333E-2,-2.136230469E-4
8.679166667E-2,-1.220703125E-4
8.681250000E-2,-9.155273438E-5
8.683333333E-2,-6.103515625E-4
8.685416667E-2,-4.882812500E-4
8.687500000E-2,-3.967285156E-4
8.689583333E-2,0.000000000E0
8.691666667E-2,2.746582031E-4
8.693750000E-2,1.129150391E-3
8.695833333E-2,6.408691406E-4
8.697916667E-2,9.460449219E-4
8.700000000E-2,2.746582031E-4
8.702083333E-2,-3.356933594E-4
8.704166667E-2,-2.441406250E-4
8.706250000E-2,-2.441406250E-4
8.708333333E-2,-3.051757812E-5
8.710416667E-2,-2.746582031E-4
8.712500000E-2,1.831054688E-4
8.714583333E-2,3.967285156E-4
8.716666667E-2,1.129150391E-3
8.718750000E-2,1.434326172E-3
8.720833333E-2,1.007080078E-3
8.722916667E-2,1.312255859E-3
8.725000000E-2,8.850097656E-4
8.727083333E-2,1.037597656E-3
8.729166667E-2,8.850097656E-4
8.731250000E-2,9.765625000E-4
8.733333333E-2,1.129150391E-3
8.735416667E-2,4.577636719E-4
8.737500000E-2,8.239746094E-4
8.739583333E-2,5.798339844E-4
8.741666667E-2,1.220703125E-3
8.743750000E-2,1.739501953E-3
8.745833333E-2,1.251220703E-3
8.747916667E-2,1.251220703E-3
8.750000000E-2,1.037597656E-3
8.752083333E-2,2.136230469E-4
8.754166667E-2,6.408691406E-4
8.756250000E-2,4.577636719E-4
8.758333333E-2,4.272460938E-4
8.760416667E-2,7.324218750E-4
8.762500000E-2,5.493164062E-4
8.764583333E-2,8.239746094E-4
8.766666667E-2,8.544921875E-4
8.768750000E-2,1.220703125E-4
8.770833333E-2,3.967285156E-4
8.772916667E-2,3.051757812E-4
8.775000000E-2,5.187988281E-4
8.777083333E-2,6.103515625E-4
8.779166667E-2,3.967285156E-4
8.781250000E-2,1.098632812E-3
8.783333333E-2,9.460449219E-4
8.785416667E-2,1.373291016E-3
8.787500000E-2,1.129150391E-3
8.789583333E-2,1.007080078E-3
8.791666667E-2,1.647949219E-3
8.793750000E-2,8.850097656E-4
8.795833333E-2,1.098632812E-3
8.797916667E-2,7.019042969E-4
8.800000000E-2,5.493164062E-4
8.802083333E-2,7.324218750E-4
8.804166667E-2,3.356933594E-4
8.806250000E-2,1.068115234E-3
8.808333333E-2,1.220703125E-4
8.810416667E-2,6.103515625E-4
8.812500000E-2,4.882812500E-4
8.814583333E-2,-1.525878906E-4
8.816666667E-2,-3.356933594E-4
8.818750000E-2,-4.882812500E-4
8.820833333E-2,0.000000000E0
8.822916667E-2,-2.136230469E-4
8.825000000E-2,6.103515625E-4
8.827083333E-2,1.098632812E-3
8.829166667E-2,9.765625000E-4
8.831250000E-2,1.007080078E-3
8.833333333E-2,9.155273438E-5
8.835416667E-2,-2.136230469E-4
8.837500000E-2,-4.272460938E-4
8.839583333E-2,-3.967285156E-4
8.841666667E-2,1.831054688E-4
8.843750000E-2,3.967285156E-4
8.845833333E-2,1.098632812E-3
8.847916667E-2,4.882812500E-4
8.850000000E-2,5.493164062E-4
8.852083333E-2,6.103515625E-5
8.854166667E-2,2.441406250E-4
8.856250000E-2,6.103515625E-4
8.858333333E-2,-1.831054688E-4
8.860416667E-2,7.629394531E-4
8.862500000E-2,4.272460938E-4
8.864583333E-2,3.356933594E-4
8.866666667E-2,6.103515625E-5
8.868750000E-2,3.051757812E-5
8.870833333E-2,9.155273438E-5
8.872916667E-2,-6.408691406E-4
8.875000000E-2,-2.746582031E-4
8.877083333E-2,-2.746582031E-4
8.879166667E-2,-1.831054688E-4
8.881250000E-2,-1.525878906E-4
8.883333333E-2,4.577636719E-4
8.885416667E-2,-2.136230469E-4
8.887500000E-2,-9.155273438E-4
8.889583333E-2,-8.544921875E-4
8.891666667E-2,-1.220703125E-3
8.893750000E-2,-7.324218750E-4
8.895833333E-2,-6.103515625E-5
8.897916667E-2,3.356933594E-4
8.900000000E-2,3.356933594E-4
8.902083333E-2,-6.103515625E-5
8.904166667E-2,3.662109375E-4
8.906250000E-2,-7.324218750E-4
8.908333333E-2,-3.967285156E-4
8.910416667E-2,-1.525878906E-4
8.912500000E-2,-3.356933594E-4
8.914583333E-2,8.239746094E-4
8.916666667E-2,3.051757812E-4
8.918750000E-2,3.051757812E-4
8.920833333E-2,5.187988281E-4
8.922916667E-2,0.000000000E0
8.925000000E-2,-1.831054688E-4
8.927083333E-2,-4.577636719E-4
8.929166667E-2,-1.220703125E-4
8.931250000E-2,9.460449219E-4
8.933333333E-2,4.882812500E-4
8.935416667E-2,6.713867188E-4
8.937500000E-2,3.967285156E-4
8.939583333E-2,-1.831054688E-4
8.941666667E-2,3.356933594E-4
8.943750000E-2,-8.850097656E-4
8.945833333E-2,-3.051757812E-5
8.947916667E-2,-6.103515625E-5
8.950000000E-2,1.220703125E-4
8.952083333E-2,9.155273438E-5
8.954166667E-2,-3.051757812E-5
8.956250000E-2,1.525878906E-4
8.958333333E-2,1.831054688E-4
8.960416667E-2,1.220703125E-4
8.962500000E-2,-3.356933594E-4
8.964583333E-2,2.136230469E-4
8.966666667E-2,4.577636719E-4
8.968750000E-2,7.934570312E-4
8.970833333E-2,5.493164062E-4
8.972916667E-2,7.934570312E-4
8.975000000E-2,1.739501953E-3
8.977083333E-2,1.861572266E-3
8.979166667E-2,2.014160156E-3
8.981250000E-2,1.739501953E-3
8.983333333E-2,9.155273438E-4
8.985416667E-2,5.798339844E-4
8.987500000E-2,6.713867188E-4
8.989583333E-2,2.746582031E-4
8.991666667E-2,1.098632812E-3
8.993750000E-2,1.434326172E-3
8.995833333E-2,1.373291016E-3
8.997916667E-2,1.495361328E-3
9.000000000E-2,1.647949219E-3
9.002083333E-2,1.739501953E-3
9.004166667E-2,1.556396484E-3
9.006250000E-2,1.220703125E-3
9.008333333E-2,1.098632812E-3
9.010416667E-2,1.251220703E-3
9.012500000E-2,7.324218750E-4
9.014583333E-2,1.129150391E-3
9.016666667E-2,1.007080078E-3
9.018750000E-2,-3.051757812E-5
9.020833333E-2,6.408691406E-4
9.022916667E-2,3.662109375E-4
9.025000000E-2,1.220703125E-4
9.027083333E-2,8.850097656E-4
9.029166667E-2,3.662109375E-4
9.031250000E-2,4.577636719E-4
9.033333333E-2,-9.155273438E-5
9.035416667E-2,-1.525878906E-4
9.037500000E-2,-6.103515625E-5
9.039583333E-2,-8.239746094E-4
9.041666667E-2,-1.525878906E-4
9.043750000E-2,-4.577636719E-4
9.045833333E-2,-2.746582031E-4
9.047916667E-2,5.798339844E-4
9.050000000E-2,2.136230469E-4
9.052083333E-2,7.629394531E-4
9.054166667E-2,1.007080078E-3
9.056250000E-2,9.460449219E-4
9.058333333E-2,1.647949219E-3
9.060416667E-2,1.464843750E-3
9.062500000E-2,1.007080078E-3
9.064583333E-2,8.239746094E-4
9.066666667E-2,9.765625000E-4
9.068750000E-2,7.934570312E-4
9.070833333E-2,3.356933594E-4
9.072916667E-2,6.408691406E-4
9.075000000E-2,1.007080078E-3
9.077083333E-2,1.129150391E-3
9.079166667E-2,1.220703125E-3
9.081250000E-2,8.850097656E-4
9.083333333E-2,1.098632812E-3
9.085416667E-2,3.662109375E-4
9.087500000E-2,4.577636719E-4
9.089583333E-2,6.103515625E-4
9.091666667E-2,-9.155273438E-5
9.093750000E-2,9.765625000E-4
9.095833333E-2,2.441406250E-4
9.097916667E-2,4.272460938E-4
9.100000000E-2,8.544921875E-4
9.102083333E-2,1.525878906E-4
9.104166667E-2,3.662109375E-4
9.106250000E-2,3.051757812E-5
9.108333333E-2,9.155273438E-5
9.110416667E-2,-3.662109375E-4
9.112500000E-2,-4.272460938E-4
9.114583333E-2,-1.129150391E-3
9.116666667E-2,-1.190185547E-3
9.118750000E-2,-1.251220703E-3
9.120833333E-2,-8.239746094E-4
9.122916667E-2,-3.967285156E-4
9.125000000E-2,-2.746582031E-4
9.127083333E-2,6.408691406E-4
9.129166667E-2,0.000000000E0
9.131250000E-2,-1.220703125E-4
9.133333333E-2,-7.934570312E-4
9.135416667E-2,-9.765625000E-4
9.137500000E-2,-1.708984375E-3
9.139583333E-2,-1.190185547E-3
9.141666667E-2,-1.220703125E-3
9.143750000E-2,-2.136230469E-4
9.145833333E-2,1.068115234E-3
9.147916667E-2,1.220703125E-4
9.150000000E-2,1.007080078E-3
9.152083333E-2,3.051757812E-4
9.154166667E-2,1.373291016E-3
9.156250000E-2,7.019042969E-4
9.158333333E-2,-2.746582031E-4
9.160416667E-2,4.882812500E-4
9.162500000E-2,3.051757812E-4
9.164583333E-2,9.155273438E-4
9.166666667E-2,8.239746094E-4
9.168750000E-2,6.408691406E-4
9.170833333E-2,-1.831054688E-4
9.172916667E-2,-1.037597656E-3
9.175000000E-2,-6.408691406E-4
9.177083333E-2,-4.882812500E-4
9.179166667E-2,2.746582031E-4
9.181250000E-2,3.967285156E-4
9.183333333E-2,5.187988281E-4
9.185416667E-2,-6.103515625E-5
9.187500000E-2,-3.356933594E-4
9.189583333E-2,2.136230469E-4
9.191666667E-2,-8.850097656E-4
9.193750000E-2,-1.831054688E-4
9.195833333E-2,-6.408691406E-4
9.197916667E-2,-2.441406250E-4
9.200000000E-2,-5.187988281E-4
9.202083333E-2,-7.934570312E-4
9.204166667E-2,6.103515625E-5
9.206250000E-2,-1.251220703E-3
9.208333333E-2,-3.356933594E-4
9.210416667E-2,-8.850097656E-4
9.212500000E-2,-6.408691406E-4
9.214583333E-2,6.408691406E-4
9.216666667E-2,-7.019042969E-4
9.218750000E-2,-3.662109375E-4
9.220833333E-2,-7.629394531E-4
9.222916667E-2,-4.272460938E-4
9.225000000E-2,1.525878906E-4
9.227083333E-2,-7.629394531E-4
9.229166667E-2,-4.882812500E-4
9.231250000E-2,-9.155273438E-4
9.233333333E-2,-2.014160156E-3
9.235416667E-2,-1.861572266E-3
9.237500000E-2,-1.708984375E-3
9.239583333E-2,-1.098632812E-3
9.241666667E-2,-9.765625000E-4
9.243750000E-2,-9.460449219E-4
9.245833333E-2,-1.037597656E-3
9.247916667E-2,-1.678466797E-3
9.250000000E-2,-1.342773438E-3
9.252083333E-2,-1.129150391E-3
9.254166667E-2,9.155273438E-5
9.256250000E-2,8.239746094E-4
9.258333333E-2,5.493164062E-4
9.260416667E-2,5.187988281E-4
9.262500000E-2,9.460449219E-4
9.264583333E-2,7.629394531E-4
9.266666667E-2,1.068115234E-3
9.268750000E-2,3.967285156E-4
9.270833333E-2,1.037597656E-3
9.272916667E-2,3.967285156E-4
9.275000000E-2,3.356933594E-4
9.277083333E-2,7.019042969E-4
9.279166667E-2,9.155273438E-4
9.281250000E-2,1.190185547E-3
9.283333333E-2,1.281738281E-3
9.285416667E-2,1.678466797E-3
9.287500000E-2,6.713867188E-4
9.289583333E-2,1.678466797E-3
9.291666667E-2,5.798339844E-4
9.293750000E-2,1.037597656E-3
9.295833333E-2,8.544921875E-4
9.297916667E-2,6.408691406E-4
9.300000000E-2,1.220703125E-3
9.302083333E-2,4.272460938E-4
9.304166667E-2,5.493164062E-4
9.306250000E-2,-6.713867188E-4
9.308333333E-2,-3.967285156E-4
9.310416667E-2,-4.882812500E-4
9.312500000E-2,-7.629394531E-4
9.314583333E-2,-1.831054688E-4
9.316666667E-2,-6.408691406E-4
9.318750000E-2,3.051757812E-5
9.320833333E-2,-3.051757812E-4
9.322916667E-2,-4.577636719E-4
9.325000000E-2,-2.136230469E-4
9.327083333E-2,-4.272460938E-4
9.329166667E-2,-7.019042969E-4
9.331250000E-2,-7.324218750E-4
9.333333333E-2,-1.281738281E-3
9.335416667E-2,-1.373291016E-3
9.337500000E-2,-7.934570312E-4
9.339583333E-2,-9.155273438E-4
9.341666667E-2,-1.525878906E-4
9.343750000E-2,-6.408691406E-4
9.345833333E-2,4.882812500E-4
9.347916667E-2,3.967285156E-4
9.350000000E-2,-5.798339844E-4
9.352083333E-2,3.051757812E-4
9.354166667E-2,-6.713867188E-4
9.356250000E-2,3.967285156E-4
9.358333333E-2,-4.272460938E-4
9.360416667E-2,-9.155273438E-5
9.362500000E-2,1.831054688E-4
9.364583333E-2,-6.408691406E-4
9.366666667E-2,-2.136230469E-4
9.368750000E-2,-9.155273438E-4
9.370833333E-2,0.000000000E0
9.372916667E-2,3.051757812E-5
9.375000000E-2,-3.051757812E-5
9.377083333E-2,-5.798339844E-4
9.379166667E-2,-7.629394531E-4
9.381250000E-2,-2.136230469E-4
9.383333333E-2,-6.103515625E-5
9.385416667E-2,1.220703125E-4
9.387500000E-2,4.577636719E-4
9.389583333E-2,-3.662109375E-4
9.391666667E-2,-2.136230469E-4
9.393750000E-2,-4.882812500E-4
9.395833333E-2,-1.251220703E-3
9.397916667E-2,-1.037597656E-3
9.400000000E-2,-1.068115234E-3
9.402083333E-2,-2.441406250E-4
9.404166667E-2,-3.356933594E-4
9.406250000E-2,-2.746582031E-4
9.408333333E-2,3.051757812E-4
9.410416667E-2,-6.103515625E-4
9.412500000E-2,-6.713867188E-4
9.414583333E-2,-8.850097656E-4
9.416666667E-2,-1.068115234E-3
9.418750000E-2,-6.713867188E-4
9.420833333E-2,-4.882812500E-4
9.422916667E-2,-6.713867188E-4
9.425000000E-2,-7.629394531E-4
9.427083333E-2,-5.493164062E-4
9.429166667E-2,-2.441406250E-4
9.431250000E-2,4.882812500E-4
9.433333333E-2,4.882812500E-4
9.435416667E-2,9.155273438E-4
9.437500000E-2,4.577636719E-4
9.439583333E-2,9.460449219E-4
9.441666667E-2,7.934570312E-4
9.443750000E-2,3.356933594E-4
9.445833333E-2,1.098632812E-3
9.447916667E-2,-9.155273438E-5
9.450000000E-2,5.187988281E-4
9.452083333E-2,7.934570312E-4
9.454166667E-2,7.629394531E-4
9.456250000E-2,1.831054688E-3
9.458333333E-2,1.281738281E-3
9.460416667E-2,1.770019531E-3
9.462500000E-2,1.037597656E-3
9.464583333E-2,1.098632812E-3
9.466666667E-2,9.460449219E-4
9.468750000E-2,3.967285156E-4
9.470833333E-2,1.098632812E-3
9.472916667E-2,3.662109375E-4
9.475000000E-2,8.850097656E-4
9.477083333E-2,6.713867188E-4
9.479166667E-2,1.007080078E-3
9.481250000E-2,9.460449219E-4
9.483333333E-2,-3.051757812E-5
9.485416667E-2,-3.051757812E-5
9.487500000E-2,-6.713867188E-4
9.489583333E-2,-3.051757812E-5
9.491666667E-2,-6.408691406E-4
9.493750000E-2,-1.525878906E-4
9.495833333E-2,-3.662109375E-4
9.497916667E-2,-5.493164062E-4
9.500000000E-2,2.746582031E-4
9.502083333E-2,-1.220703125E-4
9.504166667E-2,1.220703125E-4
9.506250000E-2,-2.441406250E-4
9.508333333E-2,-1.831054688E-4
9.510416667E-2,-7.934570312E-4
9.512500000E-2,-5.493164062E-4
9.514583333E-2,-7.019042969E-4
9.516666667E-2,-8.239746094E-4
9.518750000E-2,-2.746582031E-4
9.520833333E-2,-3.662109375E-4
9.522916667E-2,4.272460938E-4
9.525000000E-2,-9.155273438E-5
9.527083333E-2,1.525878906E-4
9.529166667E-2,3.967285156E-4
9.531250000E-2,-4.882812500E-4
9.533333333E-2,3.662109375E-4
9.535416667E-2,1.525878906E-4
9.537500000E-2,1.831054688E-4
9.539583333E-2,3.051757812E-4
9.541666667E-2,-9.155273438E-5
9.543750000E-2,-1.525878906E-4
9.545833333E-2,-7.019042969E-4
9.547916667E-2,-2.746582031E-4
9.550000000E-2,-5.187988281E-4
9.552083333E-2,3.051757812E-5
9.554166667E-2,6.103515625E-4
9.556250000E-2,-9.155273438E-5
9.558333333E-2,3.967285156E-4
9.560416667E-2,-3.356933594E-4
9.562500000E-2,-7.629394531E-4
9.564583333E-2,-7.934570312E-4
9.566666667E-2,-8.850097656E-4
9.568750000E-2,-3.051757812E-5
9.570833333E-2,-8.544921875E-4
9.572916667E-2,-1.220703125E-4
9.575000000E-2,-8.239746094E-4
9.577083333E-2,-4.577636719E-4
9.579166667E-2,1.220703125E-4
9.581250000E-2,-6.408691406E-4
9.583333333E-2,1.831054688E-4
9.585416667E-2,-4.882812500E-4
9.587500000E-2,-1.220703125E-4
9.589583333E-2,-5.493164062E-4
9.591666667E-2,-8.850097656E-4
9.593750000E-2,-6.713867188E-4
9.595833333E-2,-1.831054688E-4
9.597916667E-2,1.220703125E-4
9.600000000E-2,-3.662109375E-4
9.602083333E-2,-9.155273438E-5
9.604166667E-2,-1.159667969E-3
9.606250000E-2,-4.577636719E-4
9.608333333E-2,-4.882812500E-4
9.610416667E-2,1.220703125E-4
9.612500000E-2,4.272460938E-4
9.614583333E-2,-9.155273438E-5
9.616666667E-2,9.155273438E-5
9.618750000E-2,-3.662109375E-4
9.620833333E-2,-3.051757812E-5
9.622916667E-2,-6.713867188E-4
9.625000000E-2,-2.136230469E-4
9.627083333E-2,-3.356933594E-4
9.629166667E-2,-6.103515625E-4
9.631250000E-2,-3.051757812E-5
9.633333333E-2,3.051757812E-5
9.635416667E-2,3.051757812E-5
9.637500000E-2,-9.155273438E-5
9.639583333E-2,-3.051757812E-4
9.641666667E-2,-4.577636719E-4
9.643750000E-2,-6.103515625E-5
9.645833333E-2,-3.051757812E-5
9.647916667E-2,3.051757812E-5
9.650000000E-2,-2.136230469E-4
9.652083333E-2,-1.525878906E-4
9.654166667E-2,-7.934570312E-4
9.656250000E-2,-6.103515625E-4
9.658333333E-2,-3.967285156E-4
9.660416667E-2,-4.577636719E-4
9.662500000E-2,3.967285156E-4
9.664583333E-2,4.882812500E-4
9.666666667E-2,6.408691406E-4
9.668750000E-2,1.342773438E-3
9.670833333E-2,3.662109375E-4
9.672916667E-2,6.408691406E-4
9.675000000E-2,9.155273438E-5
9.677083333E-2,3.662109375E-4
9.679166667E-2,3.051757812E-4
9.681250000E-2,-1.220703125E-4
9.683333333E-2,1.068115234E-3
9.685416667E-2,-6.103515625E-5
9.687500000E-2,6.408691406E-4
9.689583333E-2,2.441406250E-4
9.691666667E-2,9.155273438E-5
9.693750000E-2,6.713867188E-4
9.695833333E-2,-1.220703125E-4
9.697916667E-2,6.713867188E-4
9.700000000E-2,6.103515625E-5
9.702083333E-2,3.662109375E-4
9.704166667E-2,4.272460938E-4
9.706250000E-2,-5.187988281E-4
9.708333333E-2,1.831054688E-4
9.710416667E-2,-3.662109375E-4
9.712500000E-2,9.155273438E-5
9.714583333E-2,-3.356933594E-4
9.716666667E-2,3.051757812E-5
9.718750000E-2,6.408691406E-4
9.720833333E-2,-2.136230469E-4
9.722916667E-2,5.493164062E-4
9.725000000E-2,-4.577636719E-4
9.727083333E-2,1.831054688E-4
9.729166667E-2,4.577636719E-4
9.731250000E-2,3.662109375E-4
9.733333333E-2,9.765625000E-4
9.735416667E-2,5.493164062E-4
9.737500000E-2,1.159667969E-3
9.739583333E-2,1.220703125E-3
9.741666667E-2,6.713867188E-4
9.743750000E-2,5.798339844E-4
9.745833333E-2,6.103515625E-4
9.747916667E-2,7.629394531E-4
9.750000000E-2,1.434326172E-3
9.752083333E-2,9.765625000E-4
9.754166667E-2,9.155273438E-4
9.756250000E-2,9.155273438E-4
9.758333333E-2,4.577636719E-4
9.760416667E-2,2.441406250E-4
9.762500000E-2,3.662109375E-4
9.764583333E-2,5.187988281E-4
9.766666667E-2,6.713867188E-4
9.768750000E-2,2.746582031E-4
9.770833333E-2,1.525878906E-4
9.772916667E-2,2.746582031E-4
9.775000000E-2,-2.441406250E-4
9.777083333E-2,2.136230469E-4
9.779166667E-2,-7.934570312E-4
9.781250000E-2,-2.136230469E-4
9.783333333E-2,-1.403808594E-3
9.785416667E-2,-1.739501953E-3
9.787500000E-2,-8.544921875E-4
9.789583333E-2,-1.129150391E-3
9.791666667E-2,-2.441406250E-4
9.793750000E-2,-4.882812500E-4
9.795833333E-2,-2.746582031E-4
9.797916667E-2,-1.220703125E-4
9.800000000E-2,-1.220703125E-4
9.802083333E-2,-5.493164062E-4
9.804166667E-2,-5.493164062E-4
9.806250000E-2,-3.051757812E-4
9.808333333E-2,-5.798339844E-4
9.810416667E-2,-7.934570312E-4
9.812500000E-2,-9.765625000E-4
9.814583333E-2,-1.220703125E-3
9.816666667E-2,-1.129150391E-3
9.818750000E-2,-5.493164062E-4
9.820833333E-2,-4.272460938E-4
9.822916667E-2,-5.187988281E-4
9.825000000E-2,-7.019042969E-4
9.827083333E-2,-9.155273438E-4
9.829166667E-2,-1.617431641E-3
9.831250000E-2,-1.770019531E-3
9.833333333E-2,-9.765625000E-4
9.835416667E-2,-3.662109375E-4
9.837500000E-2,-1.525878906E-4
9.839583333E-2,-1.220703125E-4
9.841666667E-2,-6.408691406E-4
9.843750000E-2,-1.098632812E-3
9.845833333E-2,6.103515625E-5
9.847916667E-2,-1.068115234E-3
9.850000000E-2,-4.577636719E-4
9.852083333E-2,-5.187988281E-4
9.854166667E-2,-1.464843750E-3
9.856250000E-2,-8.544921875E-4
9.858333333E-2,-1.800537109E-3
9.860416667E-2,-7.934570312E-4
9.862500000E-2,-1.251220703E-3
9.864583333E-2,-1.129150391E-3
9.866666667E-2,-7.629394531E-4
9.868750000E-2,-1.220703125E-3
9.870833333E-2,-9.765625000E-4
9.872916667E-2,-8.239746094E-4
9.875000000E-2,-4.882812500E-4
9.877083333E-2,-9.460449219E-4
9.879166667E-2,-7.019042969E-4
9.881250000E-2,-1.220703125E-3
9.883333333E-2,-9.460449219E-4
9.885416667E-2,-7.934570312E-4
9.887500000E-2,-1.464843750E-3
9.889583333E-2,-6.103515625E-4
9.891666667E-2,-1.556396484E-3
9.893750000E-2,-8.544921875E-4
9.895833333E-2,-4.577636719E-4
9.897916667E-2,-1.159667969E-3
9.900000000E-2,-9.155273438E-5
9.902083333E-2,-1.281738281E-3
9.904166667E-2,-1.007080078E-3
9.906250000E-2,-1.312255859E-3
9.908333333E-2,-1.983642578E-3
9.910416667E-2,-5.493164062E-4
9.912500000E-2,-1.220703125E-3
9.914583333E-2,-2.746582031E-4
9.916666667E-2,-7.019042969E-4
9.918750000E-2,-1.586914062E-3
9.920833333E-2,-2.136230469E-4
9.922916667E-2,-6.408691406E-4
9.925000000E-2,3.051757812E-4
9.927083333E-2,3.051757812E-5
9.929166667E-2,6.103515625E-4
9.931250000E-2,6.103515625E-4
9.933333333E-2,-6.103515625E-4
9.935416667E-2,1.525878906E-4
9.937500000E-2,-4.272460938E-4
9.939583333E-2,0.000000000E0
9.941666667E-2,-3.051757812E-4
9.943750000E-2,-2.746582031E-4
9.945833333E-2,1.220703125E-4
9.947916667E-2,-1.220703125E-4
9.950000000E-2,-6.713867188E-4
9.952083333E-2,-9.765625000E-4
9.954166667E-2,-8.850097656E-4
9.956250000E-2,-9.460449219E-4
9.958333333E-2,-1.831054688E-4
9.960416667E-2,-6.408691406E-4
9.962500000E-2,-3.662109375E-4
9.964583333E-2,2.746582031E-4
9.966666667E-2,-6.103515625E-4
9.968750000E-2,6.713867188E-4
9.970833333E-2,1.525878906E-4
9.972916667E-2,-1.831054688E-4
9.975000000E-2,-1.831054688E-4
9.977083333E-2,-7.019042969E-4
9.979166667E-2,-2.746582031E-4
9.981250000E-2,-7.324218750E-4
9.983333333E-2,-6.408691406E-4
9.985416667E-2,-3.967285156E-4
9.987500000E-2,-1.220703125E-4
9.989583333E-2,2.136230469E-4
9.991666667E-2,6.103515625E-4
9.993750000E-2,6.103515625E-4
9.995833333E-2,3.967285156E-4
9.997916667E-2,7.629394531E-4
1.000000000E-1,4.577636719E-4
1.000208333E-1,8.850097656E-4
1.000416667E-1,1.525878906E-4
1.000625000E-1,5.187988281E-4
1.000833333E-1,9.155273438E-5
1.001041667E-1,3.051757812E-5
1.001250000E-1,9.155273438E-5
1.001458333E-1,1.220703125E-4
1.001666667E-1,6.408691406E-4
1.001875000E-1,-6.103515625E-5
1.002083333E-1,8.239746094E-4
1.002291667E-1,6.713867188E-4
1.002500000E-1,6.103515625E-4
1.002708333E-1,9.155273438E-4
1.002916667E-1,-3.967285156E-4
1.003125000E-1,-2.136230469E-4
1.003333333E-1,-2.441406250E-4
1.003541667E-1,-7.019042969E-4
1.003750000E-1,-5.493164062E-4
1.003958333E-1,-5.493164062E-4
1.004166667E-1,-2.746582031E-4
1.004375000E-1,9.155273438E-5
1.004583333E-1,1.831054688E-4
1.004791667E-1,3.967285156E-4
1.005000000E-1,1.129150391E-3
1.005208333E-1,9.460449219E-4
1.005416667E-1,8.850097656E-4
1.005625000E-1,7.324218750E-4
1.005833333E-1,7.934570312E-4
1.006041667E-1,1.129150391E-3
1.006250000E-1,3.662109375E-4
1.006458333E-1,1.159667969E-3
1.006666667E-1,1.037597656E-3
1.006875000E-1,2.441406250E-4
1.007083333E-1,6.408691406E-4
1.007291667E-1,0.000000000E0
1.007500000E-1,-3.051757812E-4
1.007708333E-1,-3.051757812E-5
1.007916667E-1,-7.324218750E-4
1.008125000E-1,2.746582031E-4
1.008333333E-1,3.662109375E-4
1.008541667E-1,3.967285156E-4
1.008750000E-1,1.525878906E-4
1.008958333E-1,-2.136230469E-4
1.009166667E-1,3.051757812E-4
1.009375000E-1,-2.441406250E-4
1.009583333E-1,-2.746582031E-4
1.009791667E-1,3.662109375E-4
1.010000000E-1,-9.155273438E-5
1.010208333E-1,-1.220703125E-4
1.010416667E-1,-4.272460938E-4
1.010625000E-1,-1.831054688E-4
1.010833333E-1,-3.356933594E-4
1.011041667E-1,-5.187988281E-4
1.011250000E-1,-8.850097656E-4
1.011458333E-1,-7.019042969E-4
1.011666667E-1,-1.159667969E-3
1.011875000E-1,-1.159667969E-3
1.012083333E-1,-2.441406250E-4
1.012291667E-1,-3.662109375E-4
1.012500000E-1,6.103515625E-5
1.012708333E-1,-6.103515625E-5
1.012916667E-1,-4.577636719E-4
1.013125000E-1,-2.136230469E-4
1.013333333E-1,-2.136230469E-4
1.013541667E-1,-3.967285156E-4
1.013750000E-1,0.000000000E0
1.013958333E-1,-2.136230469E-4
1.014166667E-1,-7.019042969E-4
1.014375000E-1,-4.882812500E-4
1.014583333E-1,-4.272460938E-4
1.014791667E-1,3.356933594E-4
1.015000000E-1,6.103515625E-5
1.015208333E-1,6.408691406E-4
1.015416667E-1,3.662109375E-4
1.015625000E-1,-2.746582031E-4
1.015833333E-1,-3.662109375E-4
1.016041667E-1,-4.272460938E-4
1.016250000E-1,-1.525878906E-4
1.016458333E-1,-2.441406250E-4
1.016666667E-1,5.187988281E-4
1.016875000E-1,1.220703125E-4
1.017083333E-1,7.019042969E-4
1.017291667E-1,7.324218750E-4
1.017500000E-1,6.103515625E-5
1.017708333E-1,8.239746094E-4
1.017916667E-1,6.713867188E-4
1.018125000E-1,-6.103515625E-5
1.018333333E-1,4.272460938E-4
1.018541667E-1,8.544921875E-4
1.018750000E-1,1.098632812E-3
1.018958333E-1,8.239746094E-4
1.019166667E-1,5.187988281E-4
1.019375000E-1,3.967285156E-4
1.019583333E-1,3.662109375E-4
1.019791667E-1,3.967285156E-4
1.020000000E-1,2.136230469E-4
1.020208333E-1,9.765625000E-4
1.020416667E-1,2.441406250E-4
1.020625000E-1,7.324218750E-4
1.020833333E-1,7.629394531E-4
1.021041667E-1,2.441406250E-4
1.021250000E-1,2.136230469E-4
1.021458333E-1,-6.713867188E-4
1.021666667E-1,-7.324218750E-4
1.021875000E-1,-7.629394531E-4
1.022083333E-1,-5.798339844E-4
1.022291667E-1,3.967285156E-4
1.022500000E-1,4.272460938E-4
1.022708333E-1,1.220703125E-4
1.022916667E-1,6.103515625E-5
1.023125000E-1,-1.129150391E-3
1.023333333E-1,-3.051757812E-4
1.023541667E-1,3.051757812E-5
1.023750000E-1,2.441406250E-4
1.023958333E-1,1.037597656E-3
1.024166667E-1,-6.103515625E-5
1.024375000E-1,1.007080078E-3
1.024583333E-1,1.831054688E-4
1.024791667E-1,3.356933594E-4
1.025000000E-1,7.629394531E-4
1.025208333E-1,2.441406250E-4
1.025416667E-1,7.019042969E-4
1.025625000E-1,-3.051757812E-4
1.025833333E-1,6.408691406E-4
1.026041667E-1,1.007080078E-3
1.026250000E-1,1.037597656E-3
1.026458333E-1,6.408691406E-4
1.026666667E-1,1.525878906E-4
1.026875000E-1,-5.798339844E-4
1.027083333E-1,-7.019042969E-4
1.027291667E-1,-1.037597656E-3
1.027500000E-1,-1.342773438E-3
1.027708333E-1,-8.544921875E-4
1.027916667E-1,-1.007080078E-3
1.028125000E-1,2.441406250E-4
1.028333333E-1,-7.019042969E-4
1.028541667E-1,-3.967285156E-4
1.028750000E-1,-3.967285156E-4
1.028958333E-1,-3.356933594E-4
1.029166667E-1,-2.136230469E-4
1.029375000E-1,-3.356933594E-4
1.029583333E-1,4.577636719E-4
1.029791667E-1,4.882812500E-4
1.030000000E-1,6.408691406E-4
1.030208333E-1,5.187988281E-4
1.030416667E-1,-1.831054688E-4
1.030625000E-1,-2.136230469E-4
1.030833333E-1,6.103515625E-4
1.031041667E-1,3.051757812E-4
1.031250000E-1,1.525878906E-4
1.031458333E-1,3.662109375E-4
1.031666667E-1,1.220703125E-4
1.031875000E-1,-5.493164062E-4
1.032083333E-1,-5.493164062E-4
1.032291667E-1,-3.051757812E-4
1.032500000E-1,-4.272460938E-4
1.032708333E-1,-6.103515625E-4
1.032916667E-1,-1.586914062E-3
1.033125000E-1,-1.373291016E-3
1.033333333E-1,-1.983642578E-3
1.033541667E-1,-1.159667969E-3
1.033750000E-1,-1.403808594E-3
1.033958333E-1,-2.502441406E-3
1.034166667E-1,-1.342773438E-3
1.034375000E-1,-1.708984375E-3
1.034583333E-1,-1.556396484E-3
1.034791667E-1,-8.544921875E-4
1.035000000E-1,-1.098632812E-3
1.035208333E-1,-4.577636719E-4
1.035416667E-1,-1.159667969E-3
1.035625000E-1,-1.586914062E-3
1.035833333E-1,-1.068115234E-3
1.036041667E-1,-1.007080078E-3
1.036250000E-1,-4.882812500E-4
1.036458333E-1,-6.408691406E-4
1.036666667E-1,-1.129150391E-3
1.036875000E-1,-6.713867188E-4
1.037083333E-1,-1.007080078E-3
1.037291667E-1,-1.220703125E-3
1.037500000E-1,-1.312255859E-3
1.037708333E-1,-5.798339844E-4
1.037916667E-1,-2.136230469E-4
1.038125000E-1,-3.356933594E-4
1.038333333E-1,3.662109375E-4
1.038541667E-1,-2.441406250E-4
1.038750000E-1,-1.220703125E-4
1.038958333E-1,-1.220703125E-4
1.039166667E-1,-9.460449219E-4
1.039375000E-1,-1.525878906E-4
1.039583333E-1,-3.356933594E-4
1.039791667E-1,-5.798339844E-4
1.040000000E-1,-1.220703125E-4
1.040208333E-1,-3.051757812E-4
1.040416667E-1,3.051757812E-5
1.040625000E-1,8.544921875E-4
1.040833333E-1,1.831054688E-4
1.041041667E-1,4.272460938E-4
1.041250000E-1,-1.220703125E-4
1.041458333E-1,-1.831054688E-4
1.041666667E-1,3.051757812E-4
1.041875000E-1,3.356933594E-4
1.042083333E-1,1.037597656E-3
1.042291667E-1,2.746582031E-4
1.042500000E-1,7.629394531E-4
1.042708333E-1,5.187988281E-4
1.042916667E-1,3.356933594E-4
1.043125000E-1,7.324218750E-4
1.043333333E-1,2.746582031E-4
1.043541667E-1,2.441406250E-4
1.043750000E-1,-5.493164062E-4
1.043958333E-1,-6.713867188E-4
1.044166667E-1,0.000000000E0
1.044375000E-1,-3.662109375E-4
1.044583333E-1,-8.850097656E-4
1.044791667E-1,-7.324218750E-4
1.045000000E-1,-6.408691406E-4
1.045208333E-1,-7.019042969E-4
1.045416667E-1,-2.136230469E-4
1.045625000E-1,1.525878906E-4
1.045833333E-1,-1.831054688E-4
1.046041667E-1,-1.220703125E-4
1.046250000E-1,-5.493164062E-4
1.046458333E-1,-5.798339844E-4
1.046666667E-1,-6.103515625E-4
1.046875000E-1,-7.019042969E-4
1.047083333E-1,-3.662109375E-4
1.047291667E-1,-7.934570312E-4
1.047500000E-1,-3.662109375E-4
1.047708333E-1,6.103515625E-5
1.047916667E-1,6.103515625E-5
1.048125000E-1,-1.220703125E-4
1.048333333E-1,-1.220703125E-4
1.048541667E-1,3.662109375E-4
1.048750000E-1,3.051757812E-5
1.048958333E-1,8.544921875E-4
1.049166667E-1,7.019042969E-4
1.049375000E-1,5.798339844E-4
1.049583333E-1,3.967285156E-4
1.049791667E-1,2.136230469E-4
1.050000000E-1,4.882812500E-4
1.050208333E-1,4.272460938E-4
1.050416667E-1,7.934570312E-4
1.050625000E-1,8.239746094E-4
1.050833333E-1,1.037597656E-3
1.051041667E-1,9.155273438E-5
1.051250000E-1,2.746582031E-4
1.051458333E-1,3.662109375E-4
1.051666667E-1,-3.051757812E-4
1.051875000E-1,8.850097656E-4
1.052083333E-1,2.441406250E-4
1.052291667E-1,-9.155273438E-5
1.052500000E-1,2.136230469E-4
1.052708333E-1,0.000000000E0
1.052916667E-1,1.831054688E-4
1.053125000E-1,-3.662109375E-4
1.053333333E-1,-7.324218750E-4
1.053541667E-1,-4.577636719E-4
1.053750000E-1,-1.220703125E-4
1.053958333E-1,9.155273438E-5
1.054166667E-1,3.967285156E-4
1.054375000E-1,7.934570312E-4
1.054583333E-1,6.713867188E-4
1.054791667E-1,1.647949219E-3
1.055000000E-1,1.129150391E-3
1.055208333E-1,1.037597656E-3
1.055416667E-1,1.159667969E-3
1.055625000E-1,6.103515625E-4
1.055833333E-1,1.159667969E-3
1.056041667E-1,8.850097656E-4
1.056250000E-1,7.934570312E-4
1.056458333E-1,7.324218750E-4
1.056666667E-1,9.155273438E-4
1.056875000E-1,3.662109375E-4
1.057083333E-1,8.850097656E-4
1.057291667E-1,6.103515625E-5
1.057500000E-1,8.544921875E-4
1.057708333E-1,8.544921875E-4
1.057916667E-1,2.746582031E-4
1.058125000E-1,1.251220703E-3
1.058333333E-1,0.000000000E0
1.058541667E-1,1.220703125E-3
1.058750000E-1,2.136230469E-4
1.058958333E-1,-2.441406250E-4
1.059166667E-1,-3.051757812E-5
1.059375000E-1,-1.831054688E-4
1.059583333E-1,4.272460938E-4
1.059791667E-1,-2.746582031E-4
1.060000000E-1,7.324218750E-4
1.060208333E-1,7.629394531E-4
1.060416667E-1,7.629394531E-4
1.060625000E-1,1.068115234E-3
1.060833333E-1,7.934570312E-4
1.061041667E-1,1.281738281E-3
1.061250000E-1,4.272460938E-4
1.061458333E-1,6.713867188E-4
1.061666667E-1,-7.019042969E-4
1.061875000E-1,-3.967285156E-4
1.062083333E-1,-6.103515625E-4
1.062291667E-1,-1.098632812E-3
1.062500000E-1,-1.525878906E-4
1.062708333E-1,-1.098632812E-3
1.062916667E-1,-7.629394531E-4
1.063125000E-1,-9.155273438E-5
1.063333333E-1,6.103515625E-5
1.063541667E-1,7.629394531E-4
1.063750000E-1,9.765625000E-4
1.063958333E-1,1.190185547E-3
1.064166667E-1,1.708984375E-3
1.064375000E-1,6.408691406E-4
1.064583333E-1,3.051757812E-4
1.064791667E-1,-2.746582031E-4
1.065000000E-1,-7.019042969E-4
1.065208333E-1,-6.408691406E-4
1.065416667E-1,-4.577636719E-4
1.065625000E-1,6.103515625E-5
1.065833333E-1,9.155273438E-5
1.066041667E-1,3.051757812E-4
1.066250000E-1,3.662109375E-4
1.066458333E-1,3.662109375E-4
1.066666667E-1,9.155273438E-5
1.066875000E-1,-6.713867188E-4
1.067083333E-1,3.051757812E-4
1.067291667E-1,1.831054688E-4
1.067500000E-1,6.103515625E-4
1.067708333E-1,4.272460938E-4
1.067916667E-1,5.187988281E-4
1.068125000E-1,8.239746094E-4
1.068333333E-1,4.882812500E-4
1.068541667E-1,7.324218750E-4
1.068750000E-1,7.019042969E-4
1.068958333E-1,6.408691406E-4
1.069166667E-1,1.037597656E-3
1.069375000E-1,8.239746094E-4
1.069583333E-1,7.934570312E-4
1.069791667E-1,1.037597656E-3
1.070000000E-1,7.019042969E-4
1.070208333E-1,7.934570312E-4
1.070416667E-1,2.441406250E-4
1.070625000E-1,7.629394531E-4
1.070833333E-1,8.850097656E-4
1.071041667E-1,1.464843750E-3
1.071250000E-1,1.678466797E-3
1.071458333E-1,1.525878906E-3
1.071666667E-1,1.617431641E-3
1.071875000E-1,8.544921875E-4
1.072083333E-1,7.629394531E-4
1.072291667E-1,4.882812500E-4
1.072500000E-1,1.068115234E-3
1.072708333E-1,9.155273438E-4
1.072916667E-1,1.007080078E-3
1.073125000E-1,1.220703125E-3
1.073333333E-1,7.019042969E-4
1.073541667E-1,1.495361328E-3
1.073750000E-1,1.190185547E-3
1.073958333E-1,1.190185547E-3
1.074166667E-1,1.129150391E-3
1.074375000E-1,1.037597656E-3
1.074583333E-1,3.967285156E-4
1.074791667E-1,5.187988281E-4
1.075000000E-1,4.882812500E-4
1.075208333E-1,6.103515625E-5
1.075416667E-1,5.187988281E-4
1.075625000E-1,-4.272460938E-4
1.075833333E-1,2.746582031E-4
1.076041667E-1,9.155273438E-5
1.076250000E-1,1.831054688E-4
1.076458333E-1,5.187988281E-4
1.076666667E-1,1.220703125E-4
1.076875000E-1,4.272460938E-4
1.077083333E-1,2.746582031E-4
1.077291667E-1,4.272460938E-4
1.077500000E-1,2.136230469E-4
1.077708333E-1,0.000000000E0
1.077916667E-1,-8.544921875E-4
1.078125000E-1,-6.103515625E-4
1.078333333E-1,-2.441406250E-4
1.078541667E-1,-2.746582031E-4
1.078750000E-1,2.746582031E-4
1.078958333E-1,6.103515625E-4
1.079166667E-1,1.525878906E-4
1.079375000E-1,1.831054688E-4
1.079583333E-1,-1.525878906E-4
1.079791667E-1,9.155273438E-5
1.080000000E-1,4.882812500E-4
1.080208333E-1,8.239746094E-4
1.080416667E-1,9.155273438E-4
1.080625000E-1,-2.441406250E-4
1.080833333E-1,2.746582031E-4
1.081041667E-1,6.713867188E-4
1.081250000E-1,9.155273438E-4
1.081458333E-1,8.239746094E-4
1.081666667E-1,9.460449219E-4
1.081875000E-1,8.850097656E-4
1.082083333E-1,6.103515625E-4
1.082291667E-1,7.019042969E-4
1.082500000E-1,3.051757812E-5
1.082708333E-1,2.441406250E-4
1.082916667E-1,0.000000000E0
1.083125000E-1,3.051757812E-5
1.083333333E-1,6.103515625E-5
1.083541667E-1,3.051757812E-5
1.083750000E-1,1.525878906E-4
1.083958333E-1,-3.356933594E-4
1.084166667E-1,1.220703125E-4
1.084375000E-1,1.831054688E-4
1.084583333E-1,1.281738281E-3
1.084791667E-1,1.068115234E-3
1.085000000E-1,4.882812500E-4
1.085208333E-1,-3.051757812E-5
1.085416667E-1,-4.882812500E-4
1.085625000E-1,-3.356933594E-4
1.085833333E-1,-3.967285156E-4
1.086041667E-1,-3.051757812E-5
1.086250000E-1,6.103515625E-5
1.086458333E-1,-1.525878906E-4
1.086666667E-1,3.662109375E-4
1.086875000E-1,8.544921875E-4
1.087083333E-1,8.239746094E-4
1.087291667E-1,-9.155273438E-5
1.087500000E-1,-1.525878906E-4
1.087708333E-1,-6.408691406E-4
1.087916667E-1,-1.007080078E-3
1.088125000E-1,-6.713867188E-4
1.088333333E-1,-1.434326172E-3
1.088541667E-1,-8.544921875E-4
1.088750000E-1,-3.662109375E-4
1.088958333E-1,3.967285156E-4
1.089166667E-1,5.798339844E-4
1.089375000E-1,5.187988281E-4
1.089583333E-1,5.493164062E-4
1.089791667E-1,6.103515625E-5
1.090000000E-1,-1.525878906E-4
1.090208333E-1,6.103515625E-5
1.090416667E-1,3.051757812E-5
1.090625000E-1,-3.051757812E-4
1.090833333E-1,1.831054688E-4
1.091041667E-1,-2.746582031E-4
1.091250000E-1,-5.493164062E-4
1.091458333E-1,6.103515625E-5
1.091666667E-1,1.525878906E-4
1.091875000E-1,2.136230469E-4
1.092083333E-1,9.155273438E-5
1.092291667E-1,-3.967285156E-4
1.092500000E-1,-3.051757812E-4
1.092708333E-1,-4.272460938E-4
1.092916667E-1,-3.662109375E-4
1.093125000E-1,-3.051757812E-5
1.093333333E-1,-7.629394531E-4
1.093541667E-1,-3.356933594E-4
1.093750000E-1,-7.629394531E-4
1.093958333E-1,-6.103515625E-4
1.094166667E-1,1.525878906E-4
1.094375000E-1,-7.934570312E-4
1.094583333E-1,-4.272460938E-4
1.094791667E-1,-2.746582031E-4
1.095000000E-1,-6.103515625E-5
1.095208333E-1,-2.746582031E-4
1.095416667E-1,-7.629394531E-4
1.095625000E-1,-4.577636719E-4
1.095833333E-1,-4.577636719E-4
1.096041667E-1,-4.882812500E-4
1.096250000E-1,-7.629394531E-4
1.096458333E-1,-3.051757812E-4
1.096666667E-1,-6.103515625E-5
1.096875000E-1,2.746582031E-4
1.097083333E-1,5.187988281E-4
1.097291667E-1,3.662109375E-4
1.097500000E-1,6.103515625E-4
1.097708333E-1,9.460449219E-4
1.097916667E-1,1.007080078E-3
1.098125000E-1,1.434326172E-3
1.098333333E-1,1.312255859E-3
1.098541667E-1,1.068115234E-3
1.098750000E-1,3.356933594E-4
1.098958333E-1,2.746582031E-4
1.099166667E-1,-5.798339844E-4
1.099375000E-1,-3.967285156E-4
1.099583333E-1,1.831054688E-4
1.099791667E-1,-1.190185547E-3
1.100000000E-1,-7.629394531E-4
1.100208333E-1,-1.464843750E-3
1.100416667E-1,-1.220703125E-3
1.100625000E-1,-9.460449219E-4
1.100833333E-1,-2.746582031E-4
1.101041667E-1,-3.662109375E-4
1.101250000E-1,-8.544921875E-4
1.101458333E-1,-5.493164062E-4
1.101666667E-1,-9.460449219E-4
1.101875000E-1,-1.220703125E-3
1.102083333E-1,-9.460449219E-4
1.102291667E-1,-3.967285156E-4
1.102500000E-1,-4.577636719E-4
1.102708333E-1,-4.272460938E-4
1.102916667E-1,-6.103515625E-4
1.103125000E-1,-1.037597656E-3
1.103333333E-1,-1.342773438E-3
1.103541667E-1,-1.220703125E-3
1.103750000E-1,-1.129150391E-3
1.103958333E-1,-7.019042969E-4
1.104166667E-1,-4.882812500E-4
1.104375000E-1,-6.713867188E-4
1.104583333E-1,-1.525878906E-4
1.104791667E-1,-7.629394531E-4
1.105000000E-1,-8.544921875E-4
1.105208333E-1,-8.544921875E-4
1.105416667E-1,-1.159667969E-3
1.105625000E-1,-1.098632812E-3
1.105833333E-1,-5.187988281E-4
1.106041667E-1,-8.239746094E-4
1.106250000E-1,-5.187988281E-4
1.106458333E-1,-7.019042969E-4
1.106666667E-1,-1.281738281E-3
1.106875000E-1,-9.460449219E-4
1.107083333E-1,-1.129150391E-3
1.107291667E-1,-1.129150391E-3
1.107500000E-1,-1.159667969E-3
1.107708333E-1,-3.356933594E-4
1.107916667E-1,2.746582031E-4
1.108125000E-1,1.525878906E-4
1.108333333E-1,4.577636719E-4
1.108541667E-1,3.662109375E-4
1.108750000E-1,-1.525878906E-4
1.108958333E-1,1.525878906E-4
1.109166667E-1,-1.037597656E-3
1.109375000E-1,-4.882812500E-4
1.109583333E-1,-9.155273438E-5
1.109791667E-1,-2.746582031E-4
1.110000000E-1,5.493164062E-4
1.110208333E-1,-3.051757812E-4
1.110416667E-1,-7.629394531E-4
1.110625000E-1,-1.068115234E-3
1.110833333E-1,6.103515625E-5
1.111041667E-1,1.220703125E-4
1.111250000E-1,4.272460938E-4
1.111458333E-1,4.577636719E-4
1.111666667E-1,2.746582031E-4
1.111875000E-1,1.525878906E-4
1.112083333E-1,-7.629394531E-4
1.112291667E-1,-4.882812500E-4
1.112500000E-1,-9.155273438E-4
1.112708333E-1,-6.408691406E-4
1.112916667E-1,-2.044677734E-3
1.113125000E-1,-1.586914062E-3
1.113333333E-1,-1.251220703E-3
1.113541667E-1,-1.037597656E-3
1.113750000E-1,-1.190185547E-3
1.113958333E-1,-1.251220703E-3
1.114166667E-1,-1.312255859E-3
1.114375000E-1,-2.105712891E-3
1.114583333E-1,-1.464843750E-3
1.114791667E-1,-1.617431641E-3
1.115000000E-1,-6.103515625E-4
1.115208333E-1,-5.493164062E-4
1.115416667E-1,-4.577636719E-4
1.115625000E-1,-7.934570312E-4
1.115833333E-1,-1.708984375E-3
1.116041667E-1,-1.678466797E-3
1.116250000E-1,-1.892089844E-3
1.116458333E-1,-1.312255859E-3
1.116666667E-1,-1.190185547E-3
1.116875000E-1,-2.136230469E-4
1.117083333E-1,-7.629394531E-4
1.117291667E-1,-2.441406250E-4
1.117500000E-1,3.051757812E-4
1.117708333E-1,-1.525878906E-4
1.117916667E-1,7.019042969E-4
1.118125000E-1,-9.765625000E-4
1.118333333E-1,-7.019042969E-4
1.118541667E-1,-2.136230469E-4
1.118750000E-1,-1.007080078E-3
1.118958333E-1,1.220703125E-4
1.119166667E-1,-6.103515625E-5
1.119375000E-1,3.051757812E-5
1.119583333E-1,4.577636719E-4
1.119791667E-1,-2.441406250E-4
1.120000000E-1,5.493164062E-4
1.120208333E-1,9.460449219E-4
1.120416667E-1,1.098632812E-3
1.120625000E-1,7.629394531E-4
1.120833333E-1,9.460449219E-4
1.121041667E-1,9.765625000E-4
1.121250000E-1,1.831054688E-4
1.121458333E-1,1.007080078E-3
1.121666667E-1,5.493164062E-4
1.121875000E-1,1.220703125E-4
1.122083333E-1,1.525878906E-4
1.122291667E-1,-3.051757812E-5
1.122500000E-1,6.103515625E-4
1.122708333E-1,0.000000000E0
1.122916667E-1,1.068115234E-3
1.123125000E-1,9.155273438E-4
1.123333333E-1,1.312255859E-3
1.123541667E-1,1.708984375E-3
1.123750000E-1,1.464843750E-3
1.123958333E-1,1.007080078E-3
1.124166667E-1,6.103515625E-5
1.124375000E-1,4.272460938E-4
1.124583333E-1,-2.746582031E-4
1.124791667E-1,-4.577636719E-4
1.125000000E-1,7.629394531E-4
1.125208333E-1,2.746582031E-4
1.125416667E-1,1.220703125E-4
1.125625000E-1,3.051757812E-4
1.125833333E-1,2.136230469E-4
1.126041667E-1,1.220703125E-4
1.126250000E-1,-3.967285156E-4
1.126458333E-1,1.159667969E-3
1.126666667E-1,-3.051757812E-5
1.126875000E-1,-3.051757812E-4
1.127083333E-1,5.493164062E-4
1.127291667E-1,-3.967285156E-4
1.127500000E-1,6.103515625E-5
1.127708333E-1,-1.220703125E-4
1.127916667E-1,5.798339844E-4
1.128125000E-1,6.713867188E-4
1.128333333E-1,2.136230469E-4
1.128541667E-1,1.220703125E-4
1.128750000E-1,-4.882812500E-4
1.128958333E-1,6.103515625E-4
1.129166667E-1,1.098632812E-3
1.129375000E-1,3.662109375E-4
1.129583333E-1,1.434326172E-3
1.129791667E-1,1.098632812E-3
1.130000000E-1,1.464843750E-3
1.130208333E-1,1.098632812E-3
1.130416667E-1,1.190185547E-3
1.130625000E-1,2.014160156E-3
1.130833333E-1,1.159667969E-3
1.131041667E-1,1.678466797E-3
1.131250000E-1,9.460449219E-4
1.131458333E-1,1.068115234E-3
1.131666667E-1,7.629394531E-4
1.131875000E-1,7.324218750E-4
1.132083333E-1,1.251220703E-3
1.132291667E-1,1.068115234E-3
1.132500000E-1,1.678466797E-3
1.132708333E-1,1.617431641E-3
1.132916667E-1,1.647949219E-3
1.133125000E-1,1.525878906E-3
1.133333333E-1,1.770019531E-3
1.133541667E-1,9.155273438E-4
1.133750000E-1,1.556396484E-3
1.133958333E-1,1.525878906E-3
1.134166667E-1,1.281738281E-3
1.134375000E-1,1.037597656E-3
1.134583333E-1,0.000000000E0
1.134791667E-1,6.713867188E-4
1.135000000E-1,-2.441406250E-4
1.135208333E-1,6.103515625E-4
1.135416667E-1,4.577636719E-4
1.135625000E-1,7.324218750E-4
1.135833333E-1,1.068115234E-3
1.136041667E-1,1.037597656E-3
1.136250000E-1,1.190185547E-3
1.136458333E-1,1.312255859E-3
1.136666667E-1,8.544921875E-4
1.136875000E-1,9.155273438E-4
1.137083333E-1,4.577636719E-4
1.137291667E-1,3.051757812E-5
1.137500000E-1,3.662109375E-4
1.137708333E-1,0.000000000E0
1.137916667E-1,6.103515625E-4
1.138125000E-1,6.103515625E-5
1.138333333E-1,4.272460938E-4
1.138541667E-1,6.103515625E-5
1.138750000E-1,-1.525878906E-4
1.138958333E-1,9.155273438E-5
1.139166667E-1,-6.408691406E-4
1.139375000E-1,-5.187988281E-4
1.139583333E-1,-6.103515625E-5
1.139791667E-1,-5.493164062E-4
1.140000000E-1,-3.967285156E-4
1.140208333E-1,4.882812500E-4
1.140416667E-1,0.000000000E0
1.140625000E-1,6.103515625E-4
1.140833333E-1,9.155273438E-4
1.141041667E-1,5.187988281E-4
1.141250000E-1,1.007080078E-3
1.141458333E-1,1.037597656E-3
1.141666667E-1,-1.525878906E-4
1.141875000E-1,1.525878906E-4
1.142083333E-1,1.525878906E-4
1.142291667E-1,6.103515625E-4
1.142500000E-1,0.000000000E0
1.142708333E-1,-9.460449219E-4
1.142916667E-1,-6.103515625E-5
1.143125000E-1,-1.129150391E-3
1.143333333E-1,-4.882812500E-4
1.143541667E-1,-1.251220703E-3
1.143750000E-1,-1.831054688E-4
1.143958333E-1,2.441406250E-4
1.144166667E-1,-9.155273438E-5
1.144375000E-1,7.934570312E-4
1.144583333E-1,-8.850097656E-4
1.144791667E-1,3.051757812E-5
1.145000000E-1,-8.239746094E-4
1.145208333E-1,-8.544921875E-4
1.145416667E-1,1.525878906E-4
1.145625000E-1,-8.544921875E-4
1.145833333E-1,4.577636719E-4
1.146041667E-1,-5.798339844E-4
1.146250000E-1,2.136230469E-4
1.146458333E-1,0.000000000E0
1.146666667E-1,-8.239746094E-4
1.146875000E-1,-2.746582031E-4
1.147083333E-1,-1.281738281E-3
1.147291667E-1,1.525878906E-4
1.147500000E-1,2.441406250E-4
1.147708333E-1,1.525878906E-4
1.147916667E-1,-3.662109375E-4
1.148125000E-1,-4.272460938E-4
1.148333333E-1,6.713867188E-4
1.148541667E-1,-7.934570312E-4
1.148750000E-1,4.272460938E-4
1.148958333E-1,3.051757812E-5
1.149166667E-1,-5.187988281E-4
1.149375000E-1,4.272460938E-4
1.149583333E-1,-3.051757812E-5
1.149791667E-1,2.746582031E-4
1.150000000E-1,0.000000000E0
1.150208333E-1,1.831054688E-4
1.150416667E-1,-3.356933594E-4
1.150625000E-1,-3.051757812E-5
1.150833333E-1,4.882812500E-4
1.151041667E-1,7.324218750E-4
1.151250000E-1,4.577636719E-4
1.151458333E-1,9.155273438E-4
1.151666667E-1,3.051757812E-4
1.151875000E-1,5.493164062E-4
1.152083333E-1,7.324218750E-4
1.152291667E-1,-5.187988281E-4
1.152500000E-1,6.103515625E-5
1.152708333E-1,-2.746582031E-4
1.152916667E-1,3.967285156E-4
1.153125000E-1,5.187988281E-4
1.153333333E-1,6.713867188E-4
1.153541667E-1,7.629394531E-4
1.153750000E-1,1.831054688E-4
1.153958333E-1,4.882812500E-4
1.154166667E-1,1.220703125E-4
1.154375000E-1,1.190185547E-3
1.154583333E-1,5.493164062E-4
1.154791667E-1,7.934570312E-4
1.155000000E-1,7.019042969E-4
1.155208333E-1,-9.155273438E-5
1.155416667E-1,4.577636719E-4
1.155625000E-1,-6.103515625E-4
1.155833333E-1,6.103515625E-5
1.156041667E-1,-1.220703125E-4
1.156250000E-1,-4.577636719E-4
1.156458333E-1,-6.103515625E-5
1.156666667E-1,-4.882812500E-4
1.156875000E-1,6.103515625E-4
1.157083333E-1,4.272460938E-4
1.157291667E-1,-9.155273438E-5
1.157500000E-1,3.051757812E-5
1.157708333E-1,-9.765625000E-4
1.157916667E-1,1.831054688E-4
1.158125000E-1,-1.831054688E-4
1.158333333E-1,-4.272460938E-4
1.158541667E-1,7.019042969E-4
1.158750000E-1,3.051757812E-4
1.158958333E-1,5.493164062E-4
1.159166667E-1,1.007080078E-3
1.159375000E-1,3.051757812E-5
1.159583333E-1,1.831054688E-4
1.159791667E-1,-3.051757812E-5
1.160000000E-1,-9.155273438E-4
1.160208333E-1,-8.850097656E-4
1.160416667E-1,-9.460449219E-4
1.160625000E-1,-2.746582031E-4
1.160833333E-1,-5.493164062E-4
1.161041667E-1,6.103515625E-5
1.161250000E-1,-2.746582031E-4
1.161458333E-1,-2.136230469E-4
1.161666667E-1,4.882812500E-4
1.161875000E-1,-1.647949219E-3
1.162083333E-1,-6.408691406E-4
1.162291667E-1,-1.678466797E-3
1.162500000E-1,-1.098632812E-3
1.162708333E-1,-1.098632812E-3
1.162916667E-1,-1.495361328E-3
1.163125000E-1,-3.051757812E-4
1.163333333E-1,-2.502441406E-3
1.163541667E-1,-5.493164062E-4
1.163750000E-1,-1.037597656E-3
1.163958333E-1,-1.007080078E-3
1.164166667E-1,-3.051757812E-4
1.164375000E-1,-2.349853516E-3
1.164583333E-1,-1.312255859E-3
1.164791667E-1,-2.319335938E-3
1.165000000E-1,-1.464843750E-3
1.165208333E-1,-9.155273438E-4
1.165416667E-1,-1.037597656E-3
1.165625000E-1,-9.765625000E-4
1.165833333E-1,-6.408691406E-4
1.166041667E-1,3.051757812E-5
1.166250000E-1,-1.373291016E-3
1.166458333E-1,-1.220703125E-3
1.166666667E-1,-1.037597656E-3
1.166875000E-1,-3.051757812E-4
1.167083333E-1,-6.408691406E-4
1.167291667E-1,-9.765625000E-4
1.167500000E-1,2.441406250E-4
1.167708333E-1,-1.708984375E-3
1.167916667E-1,-7.934570312E-4
1.168125000E-1,-9.155273438E-4
1.168333333E-1,-2.075195312E-3
1.168541667E-1,2.746582031E-4
1.168750000E-1,-1.068115234E-3
1.168958333E-1,1.525878906E-4
1.169166667E-1,4.577636719E-4
1.169375000E-1,-8.850097656E-4
1.169583333E-1,-7.934570312E-4
1.169791667E-1,-2.166748047E-3
1.170000000E-1,-8.239746094E-4
1.170208333E-1,-2.410888672E-3
1.170416667E-1,-1.617431641E-3
1.170625000E-1,-5.798339844E-4
1.170833333E-1,-1.342773438E-3
1.171041667E-1,-9.460449219E-4
1.171250000E-1,-1.129150391E-3
1.171458333E-1,-1.434326172E-3
1.171666667E-1,-2.197265625E-3
1.171875000E-1,-8.544921875E-4
1.172083333E-1,-3.356933594E-4
1.172291667E-1,-2.136230469E-4
1.172500000E-1,-2.746582031E-4
1.172708333E-1,-2.746582031E-4
1.172916667E-1,1.525878906E-4
1.173125000E-1,-7.019042969E-4
1.173333333E-1,8.239746094E-4
1.173541667E-1,6.408691406E-4
1.173750000E-1,5.798339844E-4
1.173958333E-1,1.373291016E-3
1.174166667E-1,1.220703125E-4
1.174375000E-1,1.220703125E-4
1.174583333E-1,6.103515625E-5
1.174791667E-1,3.662109375E-4
1.175000000E-1,-3.967285156E-4
1.175208333E-1,-5.187988281E-4
1.175416667E-1,-6.103515625E-5
1.175625000E-1,-3.051757812E-5
1.175833333E-1,-3.051757812E-4
1.176041667E-1,-6.103515625E-5
1.176250000E-1,5.798339844E-4
1.176458333E-1,-9.155273438E-5
1.176666667E-1,9.155273438E-5
1.176875000E-1,-1.129150391E-3
1.177083333E-1,-8.239746094E-4
1.177291667E-1,-6.103515625E-5
1.177500000E-1,-5.798339844E-4
1.177708333E-1,0.000000000E0
1.177916667E-1,-1.434326172E-3
1.178125000E-1,-5.493164062E-4
1.178333333E-1,-5.798339844E-4
1.178541667E-1,-9.155273438E-4
1.178750000E-1,3.662109375E-4
1.178958333E-1,-1.220703125E-4
1.179166667E-1,8.850097656E-4
1.179375000E-1,5.493164062E-4
1.179583333E-1,3.662109375E-4
1.179791667E-1,-9.155273438E-5
1.180000000E-1,-3.051757812E-5
1.180208333E-1,1.342773438E-3
1.180416667E-1,2.746582031E-4
1.180625000E-1,9.765625000E-4
1.180833333E-1,-2.136230469E-4
1.181041667E-1,7.934570312E-4
1.181250000E-1,6.103515625E-4
1.181458333E-1,4.577636719E-4
1.181666667E-1,1.464843750E-3
1.181875000E-1,1.831054688E-4
1.182083333E-1,1.129150391E-3
1.182291667E-1,-1.220703125E-4
1.182500000E-1,3.662109375E-4
1.182708333E-1,3.051757812E-4
1.182916667E-1,9.155273438E-5
1.183125000E-1,3.356933594E-4
1.183333333E-1,-1.037597656E-3
1.183541667E-1,-2.136230469E-4
1.183750000E-1,2.136230469E-4
1.183958333E-1,1.831054688E-4
1.184166667E-1,0.000000000E0
1.184375000E-1,2.441406250E-4
1.184583333E-1,9.155273438E-5
1.184791667E-1,4.577636719E-4
1.185000000E-1,6.103515625E-5
1.185208333E-1,-1.220703125E-4
1.185416667E-1,-3.051757812E-5
1.185625000E-1,-1.281738281E-3
1.185833333E-1,-6.103515625E-4
1.186041667E-1,-1.892089844E-3
1.186250000E-1,-3.356933594E-4
1.186458333E-1,-9.765625000E-4
1.186666667E-1,-1.220703125E-3
1.186875000E-1,-1.831054688E-4
1.187083333E-1,-2.105712891E-3
1.187291667E-1,-5.493164062E-4
1.187500000E-1,-1.739501953E-3
1.187708333E-1,-8.544921875E-4
1.187916667E-1,-3.967285156E-4
1.188125000E-1,-1.281738281E-3
1.188333333E-1,-2.441406250E-4
1.188541667E-1,-9.765625000E-4
1.188750000E-1,-7.324218750E-4
1.188958333E-1,-2.441406250E-4
1.189166667E-1,4.577636719E-4
1.189375000E-1,-1.037597656E-3
1.189583333E-1,-2.746582031E-4
1.189791667E-1,-2.136230469E-4
1.190000000E-1,9.155273438E-5
1.190208333E-1,1.129150391E-3
1.190416667E-1,-2.746582031E-4
1.190625000E-1,1.098632812E-3
1.190833333E-1,-6.713867188E-4
1.191041667E-1,1.220703125E-4
1.191250000E-1,8.544921875E-4
1.191458333E-1,3.051757812E-4
1.191666667E-1,1.190185547E-3
1.191875000E-1,9.155273438E-5
1.192083333E-1,4.577636719E-4
1.192291667E-1,3.662109375E-4
1.192500000E-1,3.356933594E-4
1.192708333E-1,1.556396484E-3
1.192916667E-1,9.155273438E-4
1.193125000E-1,1.190185547E-3
1.193333333E-1,1.037597656E-3
1.193541667E-1,-2.746582031E-4
1.193750000E-1,4.272460938E-4
1.193958333E-1,7.019042969E-4
1.194166667E-1,-2.136230469E-4
1.194375000E-1,-9.155273438E-5
1.194583333E-1,8.239746094E-4
1.194791667E-1,-1.220703125E-4
1.195000000E-1,7.019042969E-4
1.195208333E-1,-1.525878906E-4
1.195416667E-1,-5.798339844E-4
1.195625000E-1,-6.103515625E-5
1.195833333E-1,-3.356933594E-4
1.196041667E-1,-1.525878906E-4
1.196250000E-1,-9.765625000E-4
1.196458333E-1,1.525878906E-4
1.196666667E-1,-3.051757812E-4
1.196875000E-1,-4.577636719E-4
1.197083333E-1,-2.136230469E-4
1.197291667E-1,-8.850097656E-4
1.197500000E-1,4.272460938E-4
1.197708333E-1,5.187988281E-4
1.197916667E-1,1.525878906E-4
1.198125000E-1,1.220703125E-4
1.198333333E-1,-6.103515625E-5
1.198541667E-1,-9.155273438E-5
1.198750000E-1,-3.051757812E-5
1.198958333E-1,1.190185547E-3
1.199166667E-1,1.800537109E-3
1.199375000E-1,9.460449219E-4
1.199583333E-1,7.934570312E-4
1.199791667E-1,8.850097656E-4
1.200000000E-1,9.460449219E-4
1.200208333E-1,9.460449219E-4
1.200416667E-1,2.166748047E-3
1.200625000E-1,8.850097656E-4
1.200833333E-1,1.342773438E-3
1.201041667E-1,1.495361328E-3
1.201250000E-1,1.098632812E-3
1.201458333E-1,1.983642578E-3
1.201666667E-1,7.934570312E-4
1.201875000E-1,1.647949219E-3
1.202083333E-1,2.136230469E-4
1.202291667E-1,7.629394531E-4
1.202500000E-1,6.408691406E-4
1.202708333E-1,-3.051757812E-5
1.202916667E-1,1.892089844E-3
1.203125000E-1,4.272460938E-4
1.203333333E-1,9.155273438E-4
1.203541667E-1,9.460449219E-4
1.203750000E-1,7.934570312E-4
1.203958333E-1,6.713867188E-4
1.204166667E-1,3.051757812E-5
1.204375000E-1,1.831054688E-4
1.204583333E-1,9.460449219E-4
1.204791667E-1,2.136230469E-4
1.205000000E-1,5.493164062E-4
1.205208333E-1,2.258300781E-3
1.205416667E-1,1.922607422E-3
1.205625000E-1,1.983642578E-3
1.205833333E-1,2.410888672E-3
1.206041667E-1,7.629394531E-4
1.206250000E-1,4.882812500E-4
1.206458333E-1,3.051757812E-4
1.206666667E-1,3.662109375E-4
1.206875000E-1,5.798339844E-4
1.207083333E-1,6.713867188E-4
1.207291667E-1,3.662109375E-4
1.207500000E-1,1.037597656E-3
1.207708333E-1,1.556396484E-3
1.207916667E-1,3.356933594E-4
1.208125000E-1,1.464843750E-3
1.208333333E-1,-4.272460938E-4
1.208541667E-1,-5.493164062E-4
1.208750000E-1,-4.272460938E-4
1.208958333E-1,-6.408691406E-4
1.209166667E-1,1.098632812E-3
1.209375000E-1,-7.934570312E-4
1.209583333E-1,4.577636719E-4
1.209791667E-1,-8.544921875E-4
1.210000000E-1,-9.765625000E-4
1.210208333E-1,3.967285156E-4
1.210416667E-1,-1.098632812E-3
1.210625000E-1,7.934570312E-4
1.210833333E-1,-4.577636719E-4
1.211041667E-1,3.356933594E-4
1.211250000E-1,-3.967285156E-4
1.211458333E-1,1.220703125E-4
1.211666667E-1,4.882812500E-4
1.211875000E-1,-8.239746094E-4
1.212083333E-1,9.155273438E-4
1.212291667E-1,-4.272460938E-4
1.212500000E-1,4.272460938E-4
1.212708333E-1,4.577636719E-4
1.212916667E-1,-4.272460938E-4
1.213125000E-1,2.136230469E-4
1.213333333E-1,1.525878906E-4
1.213541667E-1,4.577636719E-4
1.213750000E-1,-3.051757812E-5
1.213958333E-1,-6.103515625E-5
1.214166667E-1,1.525878906E-4
1.214375000E-1,-7.019042969E-4
1.214583333E-1,1.525878906E-4
1.214791667E-1,3.051757812E-5
1.215000000E-1,6.103515625E-5
1.215208333E-1,6.713867188E-4
1.215416667E-1,-6.103515625E-4
1.215625000E-1,4.882812500E-4
1.215833333E-1,-8.239746094E-4
1.216041667E-1,-1.403808594E-3
1.216250000E-1,3.051757812E-5
1.216458333E-1,-1.190185547E-3
1.216666667E-1,-9.155273438E-5
1.216875000E-1,-1.525878906E-4
1.217083333E-1,-2.441406250E-4
1.217291667E-1,-5.798339844E-4
1.217500000E-1,-1.129150391E-3
1.217708333E-1,-2.746582031E-4
1.217916667E-1,-4.272460938E-4
1.218125000E-1,3.051757812E-4
1.218333333E-1,-4.272460938E-4
1.218541667E-1,-5.493164062E-4
1.218750000E-1,-7.629394531E-4
1.218958333E-1,-1.068115234E-3
1.219166667E-1,-1.708984375E-3
1.219375000E-1,-1.281738281E-3
1.219583333E-1,-4.882812500E-4
1.219791667E-1,-1.831054688E-3
1.220000000E-1,-9.155273438E-4
1.220208333E-1,-1.495361328E-3
1.220416667E-1,-1.556396484E-3
1.220625000E-1,-6.713867188E-4
1.220833333E-1,-1.068115234E-3
1.221041667E-1,-7.934570312E-4
1.221250000E-1,-1.373291016E-3
1.221458333E-1,-6.103515625E-5
1.221666667E-1,-2.441406250E-4
1.221875000E-1,-1.068115234E-3
1.222083333E-1,-8.544921875E-4
1.222291667E-1,-8.544921875E-4
1.222500000E-1,-7.934570312E-4
1.222708333E-1,-1.037597656E-3
1.222916667E-1,2.441406250E-4
1.223125000E-1,-2.441406250E-4
1.223333333E-1,-1.129150391E-3
1.223541667E-1,-1.220703125E-4
1.223750000E-1,2.136230469E-4
1.223958333E-1,3.662109375E-4
1.224166667E-1,1.342773438E-3
1.224375000E-1,4.577636719E-4
1.224583333E-1,2.746582031E-4
1.224791667E-1,-3.967285156E-4
1.225000000E-1,-6.408691406E-4
1.225208333E-1,4.272460938E-4
1.225416667E-1,-1.312255859E-3
1.225625000E-1,4.577636719E-4
1.225833333E-1,-8.850097656E-4
1.226041667E-1,-3.051757812E-4
1.226250000E-1,-1.220703125E-4
1.226458333E-1,-1.312255859E-3
1.226666667E-1,1.098632812E-3
1.226875000E-1,-5.187988281E-4
1.227083333E-1,-4.272460938E-4
1.227291667E-1,-6.408691406E-4
1.227500000E-1,-1.312255859E-3
1.227708333E-1,-1.708984375E-3
1.227916667E-1,-1.495361328E-3
1.228125000E-1,-7.629394531E-4
1.228333333E-1,-7.324218750E-4
1.228541667E-1,-7.324218750E-4
1.228750000E-1,-1.556396484E-3
1.228958333E-1,-1.525878906E-3
1.229166667E-1,-1.037597656E-3
1.229375000E-1,-1.220703125E-3
1.229583333E-1,-3.051757812E-4
1.229791667E-1,2.441406250E-4
1.230000000E-1,-8.850097656E-4
1.230208333E-1,5.798339844E-4
1.230416667E-1,1.831054688E-4
1.230625000E-1,1.190185547E-3
1.230833333E-1,1.159667969E-3
1.231041667E-1,1.220703125E-4
1.231250000E-1,1.556396484E-3
1.231458333E-1,-1.525878906E-4
1.231666667E-1,1.129150391E-3
1.231875000E-1,1.586914062E-3
1.232083333E-1,6.408691406E-4
1.232291667E-1,1.190185547E-3
1.232500000E-1,4.577636719E-4
1.232708333E-1,1.403808594E-3
1.232916667E-1,9.765625000E-4
1.233125000E-1,7.934570312E-4
1.233333333E-1,1.007080078E-3
1.233541667E-1,4.272460938E-4
1.233750000E-1,7.629394531E-4
1.233958333E-1,1.373291016E-3
1.234166667E-1,1.281738281E-3
1.234375000E-1,3.662109375E-4
1.234583333E-1,8.850097656E-4
1.234791667E-1,6.408691406E-4
1.235000000E-1,6.103515625E-5
1.235208333E-1,9.155273438E-5
1.235416667E-1,-8.239746094E-4
1.235625000E-1,9.155273438E-5
1.235833333E-1,6.103515625E-5
1.236041667E-1,5.798339844E-4
1.236250000E-1,1.251220703E-3
1.236458333E-1,1.831054688E-4
1.236666667E-1,3.356933594E-4
1.236875000E-1,-9.765625000E-4
1.237083333E-1,-7.629394531E-4
1.237291667E-1,-4.882812500E-4
1.237500000E-1,-9.155273438E-5
1.237708333E-1,-3.356933594E-4
1.237916667E-1,-5.493164062E-4
1.238125000E-1,8.850097656E-4
1.238333333E-1,-7.629394531E-4
1.238541667E-1,1.831054688E-4
1.238750000E-1,-2.441406250E-4
1.238958333E-1,-7.324218750E-4
1.239166667E-1,4.272460938E-4
1.239375000E-1,-3.051757812E-5
1.239583333E-1,8.239746094E-4
1.239791667E-1,-3.662109375E-4
1.240000000E-1,7.934570312E-4
1.240208333E-1,-8.544921875E-4
1.240416667E-1,-1.373291016E-3
1.240625000E-1,0.000000000E0
1.240833333E-1,-1.190185547E-3
1.241041667E-1,-7.019042969E-4
1.241250000E-1,-1.464843750E-3
1.241458333E-1,-7.629394531E-4
1.241666667E-1,-1.068115234E-3
1.241875000E-1,-1.647949219E-3
1.242083333E-1,-5.798339844E-4
1.242291667E-1,-9.460449219E-4
1.242500000E-1,-5.187988281E-4
1.242708333E-1,-2.136230469E-4
1.242916667E-1,-1.831054688E-4
1.243125000E-1,0.000000000E0
1.243333333E-1,-3.967285156E-4
1.243541667E-1,3.356933594E-4
1.243750000E-1,-1.220703125E-4
1.243958333E-1,-1.831054688E-4
1.244166667E-1,-9.765625000E-4
1.244375000E-1,1.220703125E-4
1.244583333E-1,-1.831054688E-4
1.244791667E-1,-6.408691406E-4
1.245000000E-1,9.155273438E-4
1.245208333E-1,-9.155273438E-4
1.245416667E-1,6.103515625E-4
1.245625000E-1,-2.136230469E-4
1.245833333E-1,2.746582031E-4
1.246041667E-1,3.662109375E-4
1.246250000E-1,-4.882812500E-4
1.246458333E-1,6.713867188E-4
1.246666667E-1,-2.746582031E-4
1.246875000E-1,1.037597656E-3
1.247083333E-1,3.051757812E-4
1.247291667E-1,9.155273438E-4
1.247500000E-1,1.617431641E-3
1.247708333E-1,1.159667969E-3
1.247916667E-1,9.765625000E-4
1.248125000E-1,5.187988281E-4
1.248333333E-1,6.713867188E-4
1.248541667E-1,2.746582031E-4
1.248750000E-1,9.155273438E-4
1.248958333E-1,9.155273438E-4
1.249166667E-1,5.798339844E-4
1.249375000E-1,8.544921875E-4
1.249583333E-1,1.007080078E-3
1.249791667E-1,8.544921875E-4
1.250000000E-1,1.586914062E-3
1.250208333E-1,1.220703125E-3
1.250416667E-1,5.187988281E-4
1.250625000E-1,5.493164062E-4
1.250833333E-1,-3.051757812E-5
1.251041667E-1,1.220703125E-4
1.251250000E-1,-4.577636719E-4
1.251458333E-1,-3.662109375E-4
1.251666667E-1,4.577636719E-4
1.251875000E-1,-1.525878906E-4
1.252083333E-1,8.544921875E-4
1.252291667E-1,6.713867188E-4
1.252500000E-1,6.103515625E-5
1.252708333E-1,1.220703125E-3
1.252916667E-1,-5.798339844E-4
1.253125000E-1,-9.155273438E-5
1.253333333E-1,-7.934570312E-4
1.253541667E-1,-1.678466797E-3
1.253750000E-1,-2.136230469E-4
1.253958333E-1,6.103515625E-5
1.254166667E-1,7.934570312E-4
1.254375000E-1,4.882812500E-4
1.254583333E-1,1.007080078E-3
1.254791667E-1,6.103515625E-4
1.255000000E-1,6.103515625E-4
1.255208333E-1,8.850097656E-4
1.255416667E-1,1.525878906E-4
1.255625000E-1,9.155273438E-5
1.255833333E-1,-5.493164062E-4
1.256041667E-1,6.103515625E-5
1.256250000E-1,-1.831054688E-4
1.256458333E-1,6.408691406E-4
1.256666667E-1,8.850097656E-4
1.256875000E-1,1.251220703E-3
1.257083333E-1,1.251220703E-3
1.257291667E-1,6.103515625E-5
1.257500000E-1,1.220703125E-3
1.257708333E-1,8.239746094E-4
1.257916667E-1,0.000000000E0
1.258125000E-1,6.103515625E-4
1.258333333E-1,8.239746094E-4
1.258541667E-1,9.155273438E-4
1.258750000E-1,3.662109375E-4
1.258958333E-1,3.051757812E-4
1.259166667E-1,4.882812500E-4
1.259375000E-1,6.713867188E-4
1.259583333E-1,7.629394531E-4
1.259791667E-1,5.493164062E-4
1.260000000E-1,6.713867188E-4
1.260208333E-1,9.765625000E-4
1.260416667E-1,3.662109375E-4
1.260625000E-1,-2.441406250E-4
1.260833333E-1,5.187988281E-4
1.261041667E-1,3.967285156E-4
1.261250000E-1,5.798339844E-4
1.261458333E-1,5.187988281E-4
1.261666667E-1,-3.356933594E-4
1.261875000E-1,2.136230469E-4
1.262083333E-1,-2.746582031E-4
1.262291667E-1,-3.356933594E-4
1.262500000E-1,-9.155273438E-5
1.262708333E-1,1.831054688E-4
1.262916667E-1,2.136230469E-4
1.263125000E-1,-3.051757812E-5
1.263333333E-1,-1.831054688E-4
1.263541667E-1,-1.007080078E-3
1.263750000E-1,-1.098632812E-3
1.263958333E-1,-4.577636719E-4
1.264166667E-1,-3.356933594E-4
1.264375000E-1,-2.136230469E-4
1.264583333E-1,5.493164062E-4
1.264791667E-1,3.051757812E-5
1.265000000E-1,1.831054688E-4
1.265208333E-1,1.159667969E-3
1.265416667E-1,1.190185547E-3
1.265625000E-1,1.159667969E-3
1.265833333E-1,6.103515625E-5
1.266041667E-1,3.662109375E-4
1.266250000E-1,8.239746094E-4
1.266458333E-1,3.051757812E-5
1.266666667E-1,6.103515625E-4
1.266875000E-1,4.882812500E-4
1.267083333E-1,7.629394531E-4
1.267291667E-1,8.544921875E-4
1.267500000E-1,1.739501953E-3
1.267708333E-1,1.464843750E-3
1.267916667E-1,9.765625000E-4
1.268125000E-1,9.155273438E-4
1.268333333E-1,-2.136230469E-4
1.268541667E-1,2.136230469E-4
1.268750000E-1,4.577636719E-4
1.268958333E-1,7.934570312E-4
1.269166667E-1,1.007080078E-3
1.269375000E-1,8.239746094E-4
1.269583333E-1,6.408691406E-4
1.269791667E-1,8.544921875E-4
1.270000000E-1,3.356933594E-4
1.270208333E-1,5.798339844E-4
1.270416667E-1,9.155273438E-5
1.270625000E-1,-2.441406250E-4
1.270833333E-1,1.434326172E-3
1.271041667E-1,-1.831054688E-4
1.271250000E-1,1.434326172E-3
1.271458333E-1,8.239746094E-4
1.271666667E-1,1.525878906E-4
1.271875000E-1,6.103515625E-4
1.272083333E-1,-8.239746094E-4
1.272291667E-1,4.882812500E-4
1.272500000E-1,-4.272460938E-4
1.272708333E-1,2.746582031E-4
1.272916667E-1,3.051757812E-4
1.273125000E-1,-1.525878906E-4
1.273333333E-1,3.967285156E-4
1.273541667E-1,1.831054688E-4
1.273750000E-1,4.577636719E-4
1.273958333E-1,-1.525878906E-4
1.274166667E-1,1.434326172E-3
1.274375000E-1,4.272460938E-4
1.274583333E-1,6.103515625E-4
1.274791667E-1,9.765625000E-4
1.275000000E-1,6.103515625E-5
1.275208333E-1,9.460449219E-4
1.275416667E-1,2.136230469E-4
1.275625000E-1,1.037597656E-3
1.275833333E-1,1.373291016E-3
1.276041667E-1,8.850097656E-4
1.276250000E-1,1.647949219E-3
1.276458333E-1,5.493164062E-4
1.276666667E-1,1.312255859E-3
1.276875000E-1,8.850097656E-4
1.277083333E-1,1.617431641E-3
1.277291667E-1,1.281738281E-3
1.277500000E-1,6.408691406E-4
1.277708333E-1,1.312255859E-3
1.277916667E-1,6.408691406E-4
1.278125000E-1,7.629394531E-4
1.278333333E-1,-2.441406250E-4
1.278541667E-1,5.798339844E-4
1.278750000E-1,1.007080078E-3
1.278958333E-1,2.441406250E-4
1.279166667E-1,1.312255859E-3
1.279375000E-1,3.051757812E-4
1.279583333E-1,-1.525878906E-4
1.279791667E-1,-2.746582031E-4
1.280000000E-1,-4.882812500E-4
1.280208333E-1,0.000000000E0
1.280416667E-1,9.155273438E-5
1.280625000E-1,2.746582031E-4
1.280833333E-1,-3.356933594E-4
1.281041667E-1,-1.037597656E-3
1.281250000E-1,-7.934570312E-4
1.281458333E-1,-1.312255859E-3
1.281666667E-1,-1.525878906E-3
1.281875000E-1,-1.098632812E-3
1.282083333E-1,-1.373291016E-3
1.282291667E-1,-9.460449219E-4
1.282500000E-1,-1.586914062E-3
1.282708333E-1,-1.129150391E-3
1.282916667E-1,-1.190185547E-3
1.283125000E-1,-1.617431641E-3
1.283333333E-1,-1.159667969E-3
1.283541667E-1,-1.037597656E-3
1.283750000E-1,-1.251220703E-3
1.283958333E-1,-3.967285156E-4
1.284166667E-1,0.000000000E0
1.284375000E-1,-1.281738281E-3
1.284583333E-1,-4.882812500E-4
1.284791667E-1,-6.713867188E-4
1.285000000E-1,-1.129150391E-3
1.285208333E-1,-9.155273438E-4
1.285416667E-1,-1.159667969E-3
1.285625000E-1,-1.220703125E-3
1.285833333E-1,-1.586914062E-3
1.286041667E-1,-1.159667969E-3
1.286250000E-1,-9.765625000E-4
1.286458333E-1,-1.007080078E-3
1.286666667E-1,-9.155273438E-5
1.286875000E-1,-1.068115234E-3
1.287083333E-1,-1.159667969E-3
1.287291667E-1,-1.281738281E-3
1.287500000E-1,-1.495361328E-3
1.287708333E-1,-1.098632812E-3
1.287916667E-1,-1.373291016E-3
1.288125000E-1,-3.356933594E-4
1.288333333E-1,-1.068115234E-3
1.288541667E-1,-4.882812500E-4
1.288750000E-1,-1.373291016E-3
1.288958333E-1,-1.556396484E-3
1.289166667E-1,-1.037597656E-3
1.289375000E-1,-1.525878906E-3
1.289583333E-1,-5.187988281E-4
1.289791667E-1,-9.155273438E-4
1.290000000E-1,-4.577636719E-4
1.290208333E-1,-3.662109375E-4
1.290416667E-1,-7.324218750E-4
1.290625000E-1,-5.187988281E-4
1.290833333E-1,-4.882812500E-4
1.291041667E-1,6.103515625E-4
1.291250000E-1,-7.629394531E-4
1.291458333E-1,1.831054688E-4
1.291666667E-1,3.051757812E-5
1.291875000E-1,-7.324218750E-4
1.292083333E-1,3.356933594E-4
1.292291667E-1,-8.850097656E-4
1.292500000E-1,-3.051757812E-4
1.292708333E-1,-6.103515625E-5
1.292916667E-1,2.136230469E-4
1.293125000E-1,5.187988281E-4
1.293333333E-1,-3.051757812E-5
1.293541667E-1,-6.408691406E-4
1.293750000E-1,-1.098632812E-3
1.293958333E-1,-8.544921875E-4
1.294166667E-1,-8.850097656E-4
1.294375000E-1,-6.103515625E-4
1.294583333E-1,-2.441406250E-4
1.294791667E-1,-3.051757812E-4
1.295000000E-1,-6.408691406E-4
1.295208333E-1,1.525878906E-4
1.295416667E-1,-2.441406250E-4
1.295625000E-1,-2.136230469E-4
1.295833333E-1,7.019042969E-4
1.296041667E-1,-1.220703125E-4
1.296250000E-1,6.713867188E-4
1.296458333E-1,2.136230469E-4
1.296666667E-1,3.967285156E-4
1.296875000E-1,9.155273438E-5
1.297083333E-1,-5.187988281E-4
1.297291667E-1,2.136230469E-4
1.297500000E-1,-6.103515625E-5
1.297708333E-1,2.441406250E-4
1.297916667E-1,6.408691406E-4
1.298125000E-1,6.103515625E-4
1.298333333E-1,1.464843750E-3
1.298541667E-1,1.068115234E-3
1.298750000E-1,1.037597656E-3
1.298958333E-1,8.850097656E-4
1.299166667E-1,5.187988281E-4
1.299375000E-1,7.324218750E-4
1.299583333E-1,-6.103515625E-5
1.299791667E-1,3.662109375E-4
1.300000000E-1,3.662109375E-4
1.300208333E-1,3.967285156E-4
1.300416667E-1,4.577636719E-4
1.300625000E-1,4.272460938E-4
1.300833333E-1,1.220703125E-3
1.301041667E-1,9.155273438E-4
1.301250000E-1,1.495361328E-3
1.301458333E-1,1.739501953E-3
1.301666667E-1,7.019042969E-4
1.301875000E-1,1.037597656E-3
1.302083333E-1,1.464843750E-3
1.302291667E-1,7.629394531E-4
1.302500000E-1,1.464843750E-3
1.302708333E-1,1.312255859E-3
1.302916667E-1,1.190185547E-3
1.303125000E-1,1.770019531E-3
1.303333333E-1,9.765625000E-4
1.303541667E-1,1.068115234E-3
1.303750000E-1,1.251220703E-3
1.303958333E-1,9.155273438E-4
1.304166667E-1,1.220703125E-3
1.304375000E-1,8.544921875E-4
1.304583333E-1,9.155273438E-5
1.304791667E-1,6.103515625E-4
1.305000000E-1,8.850097656E-4
1.305208333E-1,8.239746094E-4
1.305416667E-1,3.967285156E-4
1.305625000E-1,3.662109375E-4
1.305833333E-1,5.798339844E-4
1.306041667E-1,-8.544921875E-4
1.306250000E-1,-8.239746094E-4
1.306458333E-1,-9.460449219E-4
1.306666667E-1,-8.239746094E-4
1.306875000E-1,-6.103515625E-4
1.307083333E-1,-6.103515625E-4
1.307291667E-1,9.155273438E-5
1.307500000E-1,-6.713867188E-4
1.307708333E-1,-3.967285156E-4
1.307916667E-1,-5.798339844E-4
1.308125000E-1,-1.068115234E-3
1.308333333E-1,-9.765625000E-4
1.308541667E-1,-1.037597656E-3
1.308750000E-1,-4.882812500E-4
1.308958333E-1,-4.882812500E-4
1.309166667E-1,6.713867188E-4
1.309375000E-1,4.272460938E-4
1.309583333E-1,6.103515625E-5
1.309791667E-1,-1.831054688E-4
1.310000000E-1,-5.798339844E-4
1.310208333E-1,-8.544921875E-4
1.310416667E-1,-9.155273438E-4
1.310625000E-1,-2.441406250E-4
1.310833333E-1,-2.136230469E-4
1.311041667E-1,9.765625000E-4
1.311250000E-1,4.577636719E-4
1.311458333E-1,-3.356933594E-4
1.311666667E-1,-8.239746094E-4
1.311875000E-1,-6.408691406E-4
1.312083333E-1,-1.525878906E-4
1.312291667E-1,-5.493164062E-4
1.312500000E-1,2.136230469E-4
1.312708333E-1,-1.831054688E-4
1.312916667E-1,5.493164062E-4
1.313125000E-1,8.544921875E-4
1.313333333E-1,1.007080078E-3
1.313541667E-1,1.190185547E-3
1.313750000E-1,7.324218750E-4
1.313958333E-1,7.324218750E-4
1.314166667E-1,1.037597656E-3
1.314375000E-1,1.525878906E-3
1.314583333E-1,1.373291016E-3
1.314791667E-1,2.197265625E-3
1.315000000E-1,8.850097656E-4
1.315208333E-1,3.662109375E-4
1.315416667E-1,1.098632812E-3
1.315625000E-1,4.577636719E-4
1.315833333E-1,6.408691406E-4
1.316041667E-1,6.408691406E-4
1.316250000E-1,3.051757812E-5
1.316458333E-1,9.460449219E-4
1.316666667E-1,6.103515625E-5
1.316875000E-1,0.000000000E0
1.317083333E-1,6.103515625E-4
1.317291667E-1,-2.441406250E-4
1.317500000E-1,7.629394531E-4
1.317708333E-1,4.577636719E-4
1.317916667E-1,4.577636719E-4
1.318125000E-1,0.000000000E0
1.318333333E-1,-3.662109375E-4
1.318541667E-1,5.493164062E-4
1.318750000E-1,-4.577636719E-4
1.318958333E-1,-4.272460938E-4
1.319166667E-1,1.525878906E-4
1.319375000E-1,-3.051757812E-5
1.319583333E-1,-8.544921875E-4
1.319791667E-1,3.662109375E-4
1.320000000E-1,-1.220703125E-4
1.320208333E-1,-6.713867188E-4
1.320416667E-1,-1.831054688E-4
1.320625000E-1,-6.103515625E-4
1.320833333E-1,2.441406250E-4
1.321041667E-1,6.713867188E-4
1.321250000E-1,1.190185547E-3
1.321458333E-1,1.159667969E-3
1.321666667E-1,3.051757812E-5
1.321875000E-1,4.272460938E-4
1.322083333E-1,3.051757812E-5
1.322291667E-1,-1.220703125E-3
1.322500000E-1,-4.577636719E-4
1.322708333E-1,-1.037597656E-3
1.322916667E-1,-2.746582031E-4
1.323125000E-1,-6.103515625E-5
1.323333333E-1,-1.525878906E-4
1.323541667E-1,1.831054688E-4
1.323750000E-1,3.051757812E-5
1.323958333E-1,-1.525878906E-4
1.324166667E-1,1.220703125E-4
1.324375000E-1,-9.155273438E-5
1.324583333E-1,-1.220703125E-4
1.324791667E-1,-7.019042969E-4
1.325000000E-1,1.831054688E-4
1.325208333E-1,4.577636719E-4
1.325416667E-1,-1.831054688E-4
1.325625000E-1,3.356933594E-4
1.325833333E-1,-7.324218750E-4
1.326041667E-1,1.220703125E-4
1.326250000E-1,-3.051757812E-5
1.326458333E-1,-3.051757812E-5
1.326666667E-1,-3.051757812E-4
1.326875000E-1,0.000000000E0
1.327083333E-1,5.187988281E-4
1.327291667E-1,3.051757812E-4
1.327500000E-1,-1.220703125E-4
1.327708333E-1,1.220703125E-4
1.327916667E-1,7.324218750E-4
1.328125000E-1,-5.187988281E-4
1.328333333E-1,-3.051757812E-5
1.328541667E-1,1.525878906E-4
1.328750000E-1,3.967285156E-4
1.328958333E-1,1.220703125E-4
1.329166667E-1,2.746582031E-4
1.329375000E-1,6.103515625E-5
1.329583333E-1,-5.798339844E-4
1.329791667E-1,-8.850097656E-4
1.330000000E-1,-8.544921875E-4
1.330208333E-1,-2.746582031E-4
1.330416667E-1,-8.544921875E-4
1.330625000E-1,2.441406250E-4
1.330833333E-1,-1.007080078E-3
1.331041667E-1,-1.190185547E-3
1.331250000E-1,-1.068115234E-3
1.331458333E-1,-1.922607422E-3
1.331666667E-1,-9.155273438E-4
1.331875000E-1,-1.281738281E-3
1.332083333E-1,-3.051757812E-4
1.332291667E-1,-6.713867188E-4
1.332500000E-1,-1.159667969E-3
1.332708333E-1,-1.190185547E-3
1.332916667E-1,-1.983642578E-3
1.333125000E-1,-1.007080078E-3
1.333333333E-1,-1.312255859E-3
1.333541667E-1,-3.967285156E-4
1.333750000E-1,-4.272460938E-4
1.333958333E-1,-7.324218750E-4
1.334166667E-1,-7.934570312E-4
1.334375000E-1,-1.647949219E-3
1.334583333E-1,-9.765625000E-4
1.334791667E-1,-1.068115234E-3
1.335000000E-1,-9.460449219E-4
1.335208333E-1,-7.934570312E-4
1.335416667E-1,-9.765625000E-4
1.335625000E-1,-1.831054688E-4
1.335833333E-1,-4.577636719E-4
1.336041667E-1,-5.493164062E-4
1.336250000E-1,-1.007080078E-3
1.336458333E-1,-1.342773438E-3
1.336666667E-1,-1.556396484E-3
1.336875000E-1,-1.556396484E-3
1.337083333E-1,-1.068115234E-3
1.337291667E-1,-1.312255859E-3
1.337500000E-1,-1.495361328E-3
1.337708333E-1,-1.617431641E-3
1.337916667E-1,-1.892089844E-3
1.338125000E-1,-1.403808594E-3
1.338333333E-1,-7.629394531E-4
1.338541667E-1,-8.544921875E-4
1.338750000E-1,-1.403808594E-3
1.338958333E-1,-5.798339844E-4
1.339166667E-1,-1.190185547E-3
1.339375000E-1,-1.342773438E-3
1.339583333E-1,-4.577636719E-4
1.339791667E-1,-1.007080078E-3
1.340000000E-1,-1.831054688E-4
1.340208333E-1,-3.356933594E-4
1.340416667E-1,-7.019042969E-4
1.340625000E-1,-9.155273438E-4
1.340833333E-1,-1.403808594E-3
1.341041667E-1,-9.765625000E-4
1.341250000E-1,-7.324218750E-4
1.341458333E-1,-9.155273438E-4
1.341666667E-1,-2.441406250E-4
1.341875000E-1,1.525878906E-4
1.342083333E-1,-2.441406250E-4
1.342291667E-1,-3.662109375E-4
1.342500000E-1,-8.850097656E-4
1.342708333E-1,-1.739501953E-3
1.342916667E-1,-1.617431641E-3
1.343125000E-1,-1.647949219E-3
1.343333333E-1,-4.577636719E-4
1.343541667E-1,-7.934570312E-4
1.343750000E-1,-7.934570312E-4
1.343958333E-1,-3.356933594E-4
1.344166667E-1,-1.953125000E-3
1.344375000E-1,-8.850097656E-4
1.344583333E-1,-2.197265625E-3
1.344791667E-1,-1.647949219E-3
1.345000000E-1,-1.373291016E-3
1.345208333E-1,-1.953125000E-3
1.345416667E-1,-1.220703125E-3
1.345625000E-1,-6.103515625E-4
1.345833333E-1,-5.187988281E-4
1.346041667E-1,-2.746582031E-4
1.346250000E-1,1.220703125E-4
1.346458333E-1,-1.464843750E-3
1.346666667E-1,-6.103515625E-4
1.346875000E-1,-1.373291016E-3
1.347083333E-1,-1.495361328E-3
1.347291667E-1,-9.765625000E-4
1.347500000E-1,-5.798339844E-4
1.347708333E-1,-9.155273438E-5
1.347916667E-1,0.000000000E0
1.348125000E-1,-5.187988281E-4
1.348333333E-1,-6.103515625E-4
1.348541667E-1,-7.019042969E-4
1.348750000E-1,1.831054688E-4
1.348958333E-1,6.103515625E-4
1.349166667E-1,-3.967285156E-4
1.349375000E-1,2.441406250E-4
1.349583333E-1,-4.577636719E-4
1.349791667E-1,-6.408691406E-4
1.350000000E-1,-1.251220703E-3
1.350208333E-1,-3.967285156E-4
1.350416667E-1,-4.577636719E-4
1.350625000E-1,-7.934570312E-4
1.350833333E-1,4.272460938E-4
1.351041667E-1,-6.408691406E-4
1.351250000E-1,0.000000000E0
1.351458333E-1,6.103515625E-4
1.351666667E-1,1.220703125E-4
1.351875000E-1,-6.103515625E-5
1.352083333E-1,3.051757812E-5
1.352291667E-1,7.019042969E-4
1.352500000E-1,3.051757812E-5
1.352708333E-1,4.577636719E-4
1.352916667E-1,4.882812500E-4
1.353125000E-1,3.662109375E-4
1.353333333E-1,6.103515625E-4
1.353541667E-1,-3.967285156E-4
1.353750000E-1,9.155273438E-5
1.353958333E-1,3.967285156E-4
1.354166667E-1,3.662109375E-4
1.354375000E-1,8.544921875E-4
1.354583333E-1,5.493164062E-4
1.354791667E-1,1.251220703E-3
1.355000000E-1,4.272460938E-4
1.355208333E-1,3.967285156E-4
1.355416667E-1,1.007080078E-3
1.355625000E-1,-6.103515625E-5
1.355833333E-1,7.324218750E-4
1.356041667E-1,-3.051757812E-5
1.356250000E-1,3.051757812E-4
1.356458333E-1,-1.831054688E-4
1.356666667E-1,-3.051757812E-4
1.356875000E-1,0.000000000E0
1.357083333E-1,-3.662109375E-4
1.357291667E-1,3.051757812E-5
1.357500000E-1,-1.373291016E-3
1.357708333E-1,-1.525878906E-4
1.357916667E-1,-3.356933594E-4
1.358125000E-1,9.155273438E-5
1.358333333E-1,3.356933594E-4
1.358541667E-1,-9.155273438E-5
1.358750000E-1,2.136230469E-4
1.358958333E-1,-7.019042969E-4
1.359166667E-1,-3.662109375E-4
1.359375000E-1,-5.798339844E-4
1.359583333E-1,-4.577636719E-4
1.359791667E-1,-9.155273438E-4
1.360000000E-1,-6.408691406E-4
1.360208333E-1,-4.577636719E-4
1.360416667E-1,-2.136230469E-4
1.360625000E-1,1.220703125E-4
1.360833333E-1,-5.798339844E-4
1.361041667E-1,3.662109375E-4
1.361250000E-1,-2.136230469E-4
1.361458333E-1,-1.220703125E-4
1.361666667E-1,-1.220703125E-4
1.361875000E-1,-9.155273438E-5
1.362083333E-1,4.577636719E-4
1.362291667E-1,-3.967285156E-4
1.362500000E-1,9.155273438E-5
1.362708333E-1,-4.882812500E-4
1.362916667E-1,-2.746582031E-4
1.363125000E-1,-5.798339844E-4
1.363333333E-1,-8.239746094E-4
1.363541667E-1,1.007080078E-3
1.363750000E-1,4.882812500E-4
1.363958333E-1,1.098632812E-3
1.364166667E-1,1.281738281E-3
1.364375000E-1,-2.441406250E-4
1.364583333E-1,7.324218750E-4
1.364791667E-1,6.408691406E-4
1.365000000E-1,1.495361328E-3
1.365208333E-1,1.708984375E-3
1.365416667E-1,1.434326172E-3
1.365625000E-1,1.739501953E-3
1.365833333E-1,8.239746094E-4
1.366041667E-1,6.408691406E-4
1.366250000E-1,4.882812500E-4
1.366458333E-1,1.037597656E-3
1.366666667E-1,1.068115234E-3
1.366875000E-1,1.129150391E-3
1.367083333E-1,1.739501953E-3
1.367291667E-1,1.220703125E-3
1.367500000E-1,1.586914062E-3
1.367708333E-1,7.629394531E-4
1.367916667E-1,3.051757812E-4
1.368125000E-1,1.007080078E-3
1.368333333E-1,5.493164062E-4
1.368541667E-1,1.312255859E-3
1.368750000E-1,3.662109375E-4
1.368958333E-1,-2.746582031E-4
1.369166667E-1,-6.103515625E-4
1.369375000E-1,-3.051757812E-4
1.369583333E-1,3.051757812E-5
1.369791667E-1,-2.441406250E-4
1.370000000E-1,7.019042969E-4
1.370208333E-1,-9.155273438E-5
1.370416667E-1,-9.765625000E-4
1.370625000E-1,-4.272460938E-4
1.370833333E-1,3.662109375E-4
1.371041667E-1,-3.356933594E-4
1.371250000E-1,-7.629394531E-4
1.371458333E-1,-1.007080078E-3
1.371666667E-1,-1.281738281E-3
1.371875000E-1,-4.272460938E-4
1.372083333E-1,-7.629394531E-4
1.372291667E-1,-7.324218750E-4
1.372500000E-1,6.103515625E-5
1.372708333E-1,-3.051757812E-4
1.372916667E-1,5.493164062E-4
1.373125000E-1,9.460449219E-4
1.373333333E-1,1.037597656E-3
1.373541667E-1,1.190185547E-3
1.373750000E-1,6.103515625E-4
1.373958333E-1,4.882812500E-4
1.374166667E-1,6.103515625E-4
1.374375000E-1,1.007080078E-3
1.374583333E-1,6.713867188E-4
1.374791667E-1,1.434326172E-3
1.375000000E-1,6.103515625E-5
1.375208333E-1,-3.051757812E-5
1.375416667E-1,-6.103515625E-5
1.375625000E-1,-3.051757812E-4
1.375833333E-1,-6.103515625E-5
1.376041667E-1,-4.577636719E-4
1.376250000E-1,1.220703125E-4
1.376458333E-1,-3.051757812E-4
1.376666667E-1,1.831054688E-4
1.376875000E-1,-1.098632812E-3
1.377083333E-1,-8.850097656E-4
1.377291667E-1,-1.708984375E-3
1.377500000E-1,-1.861572266E-3
1.377708333E-1,-6.408691406E-4
1.377916667E-1,-1.190185547E-3
1.378125000E-1,-3.356933594E-4
1.378333333E-1,-1.129150391E-3
1.378541667E-1,-7.324218750E-4
1.378750000E-1,-4.882812500E-4
1.378958333E-1,-6.713867188E-4
1.379166667E-1,-1.403808594E-3
1.379375000E-1,-1.861572266E-3
1.379583333E-1,-1.556396484E-3
1.379791667E-1,-1.525878906E-3
1.380000000E-1,0.000000000E0
1.380208333E-1,-3.356933594E-4
1.380416667E-1,-1.220703125E-4
1.380625000E-1,4.272460938E-4
1.380833333E-1,4.882812500E-4
1.381041667E-1,8.544921875E-4
1.381250000E-1,0.000000000E0
1.381458333E-1,-4.577636719E-4
1.381666667E-1,3.356933594E-4
1.381875000E-1,9.155273438E-5
1.382083333E-1,9.460449219E-4
1.382291667E-1,6.408691406E-4
1.382500000E-1,1.190185547E-3
1.382708333E-1,4.882812500E-4
1.382916667E-1,8.239746094E-4
1.383125000E-1,1.251220703E-3
1.383333333E-1,3.356933594E-4
1.383541667E-1,1.434326172E-3
1.383750000E-1,4.882812500E-4
1.383958333E-1,1.068115234E-3
1.384166667E-1,1.159667969E-3
1.384375000E-1,1.159667969E-3
1.384583333E-1,1.556396484E-3
1.384791667E-1,1.159667969E-3
1.385000000E-1,2.319335938E-3
1.385208333E-1,1.129150391E-3
1.385416667E-1,1.434326172E-3
1.385625000E-1,1.983642578E-3
1.385833333E-1,6.103515625E-4
1.386041667E-1,1.953125000E-3
1.386250000E-1,7.324218750E-4
1.386458333E-1,6.713867188E-4
1.386666667E-1,9.765625000E-4
1.386875000E-1,7.934570312E-4
1.387083333E-1,1.708984375E-3
1.387291667E-1,6.408691406E-4
1.387500000E-1,9.460449219E-4
1.387708333E-1,2.441406250E-4
1.387916667E-1,9.460449219E-4
1.388125000E-1,7.629394531E-4
1.388333333E-1,-2.441406250E-4
1.388541667E-1,4.272460938E-4
1.388750000E-1,-3.051757812E-4
1.388958333E-1,8.544921875E-4
1.389166667E-1,1.251220703E-3
1.389375000E-1,3.051757812E-5
1.389583333E-1,0.000000000E0
1.389791667E-1,-6.103515625E-5
1.390000000E-1,6.408691406E-4
1.390208333E-1,7.324218750E-4
1.390416667E-1,1.525878906E-4
1.390625000E-1,3.967285156E-4
1.390833333E-1,3.051757812E-4
1.391041667E-1,1.220703125E-4
1.391250000E-1,7.629394531E-4
1.391458333E-1,4.577636719E-4
1.391666667E-1,4.577636719E-4
1.391875000E-1,-1.525878906E-4
1.392083333E-1,-6.103515625E-5
1.392291667E-1,4.272460938E-4
1.392500000E-1,-6.713867188E-4
1.392708333E-1,1.831054688E-4
1.392916667E-1,-6.713867188E-4
1.393125000E-1,-2.746582031E-4
1.393333333E-1,-7.629394531E-4
1.393541667E-1,-8.544921875E-4
1.393750000E-1,-3.356933594E-4
1.393958333E-1,-8.239746094E-4
1.394166667E-1,-1.220703125E-4
1.394375000E-1,-1.190185547E-3
1.394583333E-1,-2.746582031E-4
1.394791667E-1,-9.765625000E-4
1.395000000E-1,-1.403808594E-3
1.395208333E-1,-1.831054688E-4
1.395416667E-1,-6.713867188E-4
1.395625000E-1,3.356933594E-4
1.395833333E-1,-3.967285156E-4
1.396041667E-1,2.441406250E-4
1.396250000E-1,3.051757812E-5
1.396458333E-1,-6.408691406E-4
1.396666667E-1,4.882812500E-4
1.396875000E-1,-8.850097656E-4
1.397083333E-1,-9.155273438E-5
1.397291667E-1,2.746582031E-4
1.397500000E-1,6.408691406E-4
1.397708333E-1,3.662109375E-4
1.397916667E-1,-1.220703125E-4
1.398125000E-1,4.882812500E-4
1.398333333E-1,7.934570312E-4
1.398541667E-1,1.831054688E-4
1.398750000E-1,-3.051757812E-5
1.398958333E-1,3.967285156E-4
1.399166667E-1,0.000000000E0
1.399375000E-1,-9.155273438E-5
1.399583333E-1,-1.220703125E-4
1.399791667E-1,-6.103515625E-5
1.400000000E-1,9.460449219E-4
1.400208333E-1,9.155273438E-4
1.400416667E-1,6.713867188E-4
1.400625000E-1,1.831054688E-4
1.400833333E-1,3.356933594E-4
1.401041667E-1,3.051757812E-4
1.401250000E-1,5.798339844E-4
1.401458333E-1,1.190185547E-3
1.401666667E-1,4.577636719E-4
1.401875000E-1,5.187988281E-4
1.402083333E-1,2.746582031E-4
1.402291667E-1,-6.103515625E-4
1.402500000E-1,6.713867188E-4
1.402708333E-1,7.019042969E-4
1.402916667E-1,-9.155273438E-4
1.403125000E-1,-5.798339844E-4
1.403333333E-1,-3.356933594E-4
1.403541667E-1,1.312255859E-3
1.403750000E-1,1.007080078E-3
1.403958333E-1,9.765625000E-4
1.404166667E-1,7.324218750E-4
1.404375000E-1,-3.662109375E-4
1.404583333E-1,-1.220703125E-4
1.404791667E-1,-7.629394531E-4
1.405000000E-1,3.356933594E-4
1.405208333E-1,-5.493164062E-4
1.405416667E-1,1.525878906E-4
1.405625000E-1,-1.220703125E-4
1.405833333E-1,-1.098632812E-3
1.406041667E-1,9.155273438E-5
1.406250000E-1,-4.272460938E-4
1.406458333E-1,8.850097656E-4
1.406666667E-1,7.934570312E-4
1.406875000E-1,6.408691406E-4
1.407083333E-1,1.220703125E-3
1.407291667E-1,2.441406250E-4
1.407500000E-1,5.798339844E-4
1.407708333E-1,7.324218750E-4
1.407916667E-1,6.103515625E-4
1.408125000E-1,1.373291016E-3
1.408333333E-1,1.739501953E-3
1.408541667E-1,1.068115234E-3
1.408750000E-1,4.272460938E-4
1.408958333E-1,5.187988281E-4
1.409166667E-1,2.441406250E-4
1.409375000E-1,5.798339844E-4
1.409583333E-1,6.713867188E-4
1.409791667E-1,6.408691406E-4
1.410000000E-1,1.190185547E-3
1.410208333E-1,5.493164062E-4
1.410416667E-1,1.068115234E-3
1.410625000E-1,2.746582031E-4
1.410833333E-1,0.000000000E0
1.411041667E-1,-1.220703125E-4
1.411250000E-1,4.577636719E-4
1.411458333E-1,9.155273438E-5
1.411666667E-1,1.831054688E-4
1.411875000E-1,8.544921875E-4
1.412083333E-1,-5.493164062E-4
1.412291667E-1,-8.239746094E-4
1.412500000E-1,-1.525878906E-3
1.412708333E-1,-8.850097656E-4
1.412916667E-1,9.155273438E-5
1.413125000E-1,-4.272460938E-4
1.413333333E-1,7.629394531E-4
1.413541667E-1,-9.155273438E-5
1.413750000E-1,6.103515625E-5
1.413958333E-1,8.850097656E-4
1.414166667E-1,-1.220703125E-4
1.414375000E-1,1.098632812E-3
1.414583333E-1,1.220703125E-3
1.414791667E-1,7.019042969E-4
1.415000000E-1,5.187988281E-4
1.415208333E-1,-6.103515625E-5
1.415416667E-1,1.525878906E-4
1.415625000E-1,3.662109375E-4
1.415833333E-1,-2.746582031E-4
1.416041667E-1,1.129150391E-3
1.416250000E-1,4.882812500E-4
1.416458333E-1,-1.831054688E-4
1.416666667E-1,1.159667969E-3
1.416875000E-1,-3.662109375E-4
1.417083333E-1,9.765625000E-4
1.417291667E-1,3.967285156E-4
1.417500000E-1,2.441406250E-4
1.417708333E-1,1.251220703E-3
1.417916667E-1,6.103515625E-5
1.418125000E-1,1.739501953E-3
1.418333333E-1,5.798339844E-4
1.418541667E-1,3.662109375E-4
1.418750000E-1,1.525878906E-4
1.418958333E-1,9.155273438E-5
1.419166667E-1,1.281738281E-3
1.419375000E-1,1.190185547E-3
1.419583333E-1,2.105712891E-3
1.419791667E-1,1.342773438E-3
1.420000000E-1,1.495361328E-3
1.420208333E-1,1.342773438E-3
1.420416667E-1,1.373291016E-3
1.420625000E-1,1.556396484E-3
1.420833333E-1,1.312255859E-3
1.421041667E-1,9.765625000E-4
1.421250000E-1,1.556396484E-3
1.421458333E-1,1.220703125E-3
1.421666667E-1,1.708984375E-3
1.421875000E-1,1.831054688E-3
1.422083333E-1,2.471923828E-3
1.422291667E-1,2.655029297E-3
1.422500000E-1,6.408691406E-4
1.422708333E-1,1.586914062E-3
1.422916667E-1,7.019042969E-4
1.423125000E-1,1.220703125E-3
1.423333333E-1,1.068115234E-3
1.423541667E-1,7.019042969E-4
1.423750000E-1,1.800537109E-3
1.423958333E-1,2.136230469E-4
1.424166667E-1,-7.324218750E-4
1.424375000E-1,-6.103515625E-5
1.424583333E-1,3.051757812E-4
1.424791667E-1,6.408691406E-4
1.425000000E-1,6.713867188E-4
1.425208333E-1,-3.051757812E-4
1.425416667E-1,-7.324218750E-4
1.425625000E-1,3.051757812E-4
1.425833333E-1,1.220703125E-3
1.426041667E-1,4.882812500E-4
1.426250000E-1,-4.272460938E-4
1.426458333E-1,-4.577636719E-4
1.426666667E-1,-3.051757812E-4
1.426875000E-1,-2.441406250E-4
1.427083333E-1,1.403808594E-3
1.427291667E-1,9.460449219E-4
1.427500000E-1,1.129150391E-3
1.427708333E-1,1.647949219E-3
1.427916667E-1,1.190185547E-3
1.428125000E-1,1.556396484E-3
1.428333333E-1,-3.051757812E-5
1.428541667E-1,1.068115234E-3
1.428750000E-1,2.441406250E-4
1.428958333E-1,7.324218750E-4
1.429166667E-1,2.044677734E-3
1.429375000E-1,1.647949219E-3
1.429583333E-1,2.441406250E-3
1.429791667E-1,1.831054688E-3
1.430000000E-1,1.373291016E-3
1.430208333E-1,1.068115234E-3
1.430416667E-1,-1.220703125E-4
1.430625000E-1,-1.831054688E-4
1.430833333E-1,-9.155273438E-5
1.431041667E-1,-3.967285156E-4
1.431250000E-1,-1.220703125E-4
1.431458333E-1,5.187988281E-4
1.431666667E-1,7.934570312E-4
1.431875000E-1,6.103515625E-4
1.432083333E-1,5.493164062E-4
1.432291667E-1,6.713867188E-4
1.432500000E-1,6.103515625E-5
1.432708333E-1,-6.103515625E-4
1.432916667E-1,3.051757812E-4
1.433125000E-1,7.629394531E-4
1.433333333E-1,3.356933594E-4
1.433541667E-1,-2.746582031E-4
1.433750000E-1,-6.103515625E-5
1.433958333E-1,-2.441406250E-4
1.434166667E-1,9.155273438E-5
1.434375000E-1,3.051757812E-4
1.434583333E-1,-1.831054688E-4
1.434791667E-1,5.187988281E-4
1.435000000E-1,6.713867188E-4
1.435208333E-1,-3.662109375E-4
1.435416667E-1,-1.525878906E-4
1.435625000E-1,-1.831054688E-4
1.435833333E-1,-1.525878906E-4
1.436041667E-1,1.525878906E-4
1.436250000E-1,4.882812500E-4
1.436458333E-1,4.272460938E-4
1.436666667E-1,-2.746582031E-4
1.436875000E-1,-4.272460938E-4
1.437083333E-1,-3.356933594E-4
1.437291667E-1,0.000000000E0
1.437500000E-1,5.187988281E-4
1.437708333E-1,6.713867188E-4
1.437916667E-1,3.662109375E-4
1.438125000E-1,-6.103515625E-5
1.438333333E-1,-1.831054688E-4
1.438541667E-1,1.525878906E-4
1.438750000E-1,5.187988281E-4
1.438958333E-1,9.155273438E-5
1.439166667E-1,-1.525878906E-4
1.439375000E-1,-7.019042969E-4
1.439583333E-1,-1.800537109E-3
1.439791667E-1,-1.403808594E-3
1.440000000E-1,-1.190185547E-3
1.440208333E-1,-6.103515625E-4
1.440416667E-1,-1.403808594E-3
1.440625000E-1,-1.525878906E-3
1.440833333E-1,-8.544921875E-4
1.441041667E-1,-1.190185547E-3
1.441250000E-1,-9.155273438E-5
1.441458333E-1,-1.983642578E-3
1.441666667E-1,-1.281738281E-3
1.441875000E-1,-1.708984375E-3
1.442083333E-1,-2.044677734E-3
1.442291667E-1,-8.544921875E-4
1.442500000E-1,-2.319335938E-3
1.442708333E-1,-1.129150391E-3
1.442916667E-1,-1.190185547E-3
1.443125000E-1,-1.464843750E-3
1.443333333E-1,-3.356933594E-4
1.443541667E-1,-1.281738281E-3
1.443750000E-1,-9.155273438E-4
1.443958333E-1,-9.460449219E-4
1.444166667E-1,-9.765625000E-4
1.444375000E-1,-1.159667969E-3
1.444583333E-1,-1.281738281E-3
1.444791667E-1,-1.068115234E-3
1.445000000E-1,-8.850097656E-4
1.445208333E-1,-7.934570312E-4
1.445416667E-1,-7.934570312E-4
1.445625000E-1,-3.967285156E-4
1.445833333E-1,-2.746582031E-4
1.446041667E-1,-8.850097656E-4
1.446250000E-1,-3.356933594E-4
1.446458333E-1,-6.713867188E-4
1.446666667E-1,-4.882812500E-4
1.446875000E-1,-4.577636719E-4
1.447083333E-1,-2.746582031E-4
1.447291667E-1,1.831054688E-4
1.447500000E-1,-9.155273438E-4
1.447708333E-1,3.051757812E-4
1.447916667E-1,-7.629394531E-4
1.448125000E-1,-1.831054688E-4
1.448333333E-1,2.136230469E-4
1.448541667E-1,3.051757812E-5
1.448750000E-1,1.251220703E-3
1.448958333E-1,2.441406250E-4
1.449166667E-1,9.460449219E-4
1.449375000E-1,5.187988281E-4
1.449583333E-1,-4.272460938E-4
1.449791667E-1,-3.356933594E-4
1.450000000E-1,-2.746582031E-4
1.450208333E-1,9.155273438E-5
1.450416667E-1,-2.136230469E-4
1.450625000E-1,1.831054688E-4
1.450833333E-1,-1.525878906E-4
1.451041667E-1,3.051757812E-5
1.451250000E-1,-5.187988281E-4
1.451458333E-1,-1.159667969E-3
1.451666667E-1,-6.713867188E-4
1.451875000E-1,-1.251220703E-3
1.452083333E-1,-6.103515625E-4
1.452291667E-1,-9.765625000E-4
1.452500000E-1,-1.007080078E-3
1.452708333E-1,-8.850097656E-4
1.452916667E-1,-7.629394531E-4
1.453125000E-1,-1.220703125E-3
1.453333333E-1,-1.251220703E-3
1.453541667E-1,-3.662109375E-4
1.453750000E-1,-6.713867188E-4
1.453958333E-1,2.136230469E-4
1.454166667E-1,1.831054688E-4
1.454375000E-1,-3.967285156E-4
1.454583333E-1,3.662109375E-4
1.454791667E-1,-1.831054688E-4
1.455000000E-1,4.577636719E-4
1.455208333E-1,-3.051757812E-5
1.455416667E-1,-1.159667969E-3
1.455625000E-1,-5.187988281E-4
1.455833333E-1,-1.403808594E-3
1.456041667E-1,-1.831054688E-4
1.456250000E-1,2.136230469E-4
1.456458333E-1,2.441406250E-4
1.456666667E-1,-4.577636719E-4
1.456875000E-1,-5.187988281E-4
1.457083333E-1,2.441406250E-4
1.457291667E-1,3.967285156E-4
1.457500000E-1,3.662109375E-4
1.457708333E-1,8.239746094E-4
1.457916667E-1,7.324218750E-4
1.458125000E-1,9.155273438E-5
1.458333333E-1,9.155273438E-5
1.458541667E-1,6.103515625E-5
1.458750000E-1,1.220703125E-4
1.458958333E-1,-1.220703125E-4
1.459166667E-1,-1.525878906E-4
1.459375000E-1,1.525878906E-4
1.459583333E-1,-5.187988281E-4
1.459791667E-1,-3.356933594E-4
1.460000000E-1,-1.525878906E-4
1.460208333E-1,-7.934570312E-4
1.460416667E-1,0.000000000E0
1.460625000E-1,1.220703125E-4
1.460833333E-1,3.051757812E-4
1.461041667E-1,2.136230469E-4
1.461250000E-1,-9.155273438E-5
1.461458333E-1,-3.051757812E-5
1.461666667E-1,-7.629394531E-4
1.461875000E-1,6.408691406E-4
1.462083333E-1,1.525878906E-4
1.462291667E-1,6.103515625E-4
1.462500000E-1,7.019042969E-4
1.462708333E-1,5.798339844E-4
1.462916667E-1,7.629394531E-4
1.463125000E-1,-4.882812500E-4
1.463333333E-1,6.103515625E-4
1.463541667E-1,9.155273438E-5
1.463750000E-1,3.051757812E-4
1.463958333E-1,7.324218750E-4
1.464166667E-1,7.629394531E-4
1.464375000E-1,7.629394531E-4
1.464583333E-1,4.272460938E-4
1.464791667E-1,1.525878906E-3
1.465000000E-1,6.713867188E-4
1.465208333E-1,7.629394531E-4
1.465416667E-1,2.746582031E-4
1.465625000E-1,2.746582031E-4
1.465833333E-1,1.739501953E-3
1.466041667E-1,9.765625000E-4
1.466250000E-1,7.629394531E-4
1.466458333E-1,3.051757812E-5
1.466666667E-1,-4.577636719E-4
1.466875000E-1,-8.239746094E-4
1.467083333E-1,-2.441406250E-4
1.467291667E-1,1.037597656E-3
1.467500000E-1,6.408691406E-4
1.467708333E-1,1.098632812E-3
1.467916667E-1,1.525878906E-4
1.468125000E-1,3.051757812E-5
1.468333333E-1,2.441406250E-4
1.468541667E-1,-9.765625000E-4
1.468750000E-1,2.441406250E-4
1.468958333E-1,-9.765625000E-4
1.469166667E-1,-6.103515625E-5
1.469375000E-1,-3.051757812E-4
1.469583333E-1,-7.629394531E-4
1.469791667E-1,9.155273438E-5
1.470000000E-1,-1.159667969E-3
1.470208333E-1,3.051757812E-4
1.470416667E-1,-4.577636719E-4
1.470625000E-1,2.441406250E-4
1.470833333E-1,1.068115234E-3
1.471041667E-1,5.187988281E-4
1.471250000E-1,9.155273438E-4
1.471458333E-1,3.356933594E-4
1.471666667E-1,5.493164062E-4
1.471875000E-1,-4.882812500E-4
1.472083333E-1,-5.798339844E-4
1.472291667E-1,-4.882812500E-4
1.472500000E-1,-9.460449219E-4
1.472708333E-1,-6.713867188E-4
1.472916667E-1,-6.408691406E-4
1.473125000E-1,-9.155273438E-4
1.473333333E-1,-7.934570312E-4
1.473541667E-1,-7.324218750E-4
1.473750000E-1,-7.324218750E-4
1.473958333E-1,1.831054688E-4
1.474166667E-1,-2.441406250E-4
1.474375000E-1,-5.798339844E-4
1.474583333E-1,-9.765625000E-4
1.474791667E-1,-1.678466797E-3
1.475000000E-1,-4.577636719E-4
1.475208333E-1,-4.272460938E-4
1.475416667E-1,-7.324218750E-4
1.475625000E-1,-7.629394531E-4
1.475833333E-1,-9.460449219E-4
1.476041667E-1,-7.324218750E-4
1.476250000E-1,-3.967285156E-4
1.476458333E-1,-5.187988281E-4
1.476666667E-1,-4.272460938E-4
1.476875000E-1,1.525878906E-4
1.477083333E-1,0.000000000E0
1.477291667E-1,1.831054688E-4
1.477500000E-1,5.187988281E-4
1.477708333E-1,-2.136230469E-4
1.477916667E-1,-1.525878906E-4
1.478125000E-1,-3.662109375E-4
1.478333333E-1,-3.662109375E-4
1.478541667E-1,9.765625000E-4
1.478750000E-1,-7.934570312E-4
1.478958333E-1,-1.220703125E-4
1.479166667E-1,3.051757812E-4
1.479375000E-1,-3.051757812E-5
1.479583333E-1,2.746582031E-4
1.479791667E-1,-6.103515625E-4
1.480000000E-1,1.525878906E-4
1.480208333E-1,-4.272460938E-4
1.480416667E-1,-3.967285156E-4
1.480625000E-1,7.324218750E-4
1.480833333E-1,2.441406250E-4
1.481041667E-1,9.460449219E-4
1.481250000E-1,4.577636719E-4
1.481458333E-1,-2.441406250E-4
1.481666667E-1,3.051757812E-4
1.481875000E-1,1.220703125E-4
1.482083333E-1,6.408691406E-4
1.482291667E-1,6.103515625E-5
1.482500000E-1,3.967285156E-4
1.482708333E-1,3.356933594E-4
1.482916667E-1,8.239746094E-4
1.483125000E-1,9.155273438E-4
1.483333333E-1,8.544921875E-4
1.483541667E-1,1.007080078E-3
1.483750000E-1,8.239746094E-4
1.483958333E-1,1.586914062E-3
1.484166667E-1,1.007080078E-3
1.484375000E-1,6.713867188E-4
1.484583333E-1,9.460449219E-4
1.484791667E-1,9.765625000E-4
1.485000000E-1,1.251220703E-3
1.485208333E-1,1.281738281E-3
1.485416667E-1,3.662109375E-4
1.485625000E-1,1.220703125E-3
1.485833333E-1,7.629394531E-4
1.486041667E-1,3.051757812E-5
1.486250000E-1,1.525878906E-4
1.486458333E-1,4.577636719E-4
1.486666667E-1,6.713867188E-4
1.486875000E-1,4.577636719E-4
1.487083333E-1,1.037597656E-3
1.487291667E-1,7.629394531E-4
1.487500000E-1,2.441406250E-4
1.487708333E-1,9.460449219E-4
1.487916667E-1,2.746582031E-4
1.488125000E-1,9.155273438E-5
1.488333333E-1,2.441406250E-4
1.488541667E-1,1.525878906E-4
1.488750000E-1,4.272460938E-4
1.488958333E-1,1.831054688E-4
1.489166667E-1,7.324218750E-4
1.489375000E-1,3.356933594E-4
1.489583333E-1,-9.155273438E-5
1.489791667E-1,-3.051757812E-5
1.490000000E-1,0.000000000E0
1.490208333E-1,1.220703125E-4
1.490416667E-1,-1.190185547E-3
1.490625000E-1,-9.765625000E-4
1.490833333E-1,-1.007080078E-3
1.491041667E-1,-7.934570312E-4
1.491250000E-1,1.525878906E-4
1.491458333E-1,-7.019042969E-4
1.491666667E-1,-5.798339844E-4
1.491875000E-1,-1.251220703E-3
1.492083333E-1,-1.281738281E-3
1.492291667E-1,-1.251220703E-3
1.492500000E-1,-1.159667969E-3
1.492708333E-1,-2.136230469E-4
1.492916667E-1,-2.136230469E-4
1.493125000E-1,4.577636719E-4
1.493333333E-1,3.051757812E-5
1.493541667E-1,-7.629394531E-4
1.493750000E-1,-1.403808594E-3
1.493958333E-1,-1.800537109E-3
1.494166667E-1,-8.239746094E-4
1.494375000E-1,-7.934570312E-4
1.494583333E-1,-4.577636719E-4
1.494791667E-1,-3.967285156E-4
1.495000000E-1,-6.713867188E-4
1.495208333E-1,-3.662109375E-4
1.495416667E-1,-6.408691406E-4
1.495625000E-1,-3.662109375E-4
1.495833333E-1,-1.190185547E-3
1.496041667E-1,-4.272460938E-4
1.496250000E-1,-7.934570312E-4
1.496458333E-1,-1.159667969E-3
1.496666667E-1,-8.239746094E-4
1.496875000E-1,-6.713867188E-4
1.497083333E-1,-1.129150391E-3
1.497291667E-1,-1.159667969E-3
1.497500000E-1,2.746582031E-4
1.497708333E-1,1.525878906E-4
1.497916667E-1,-5.187988281E-4
1.498125000E-1,-1.464843750E-3
1.498333333E-1,-8.544921875E-4
1.498541667E-1,-6.103515625E-4
1.498750000E-1,-5.187988281E-4
1.498958333E-1,-2.441406250E-4
1.499166667E-1,-1.831054688E-3
1.499375000E-1,-2.441406250E-4
1.499583333E-1,3.051757812E-4
1.499791667E-1,1.342773438E-3
1.500000000E-1,1.647949219E-3
1.500208333E-1,-9.155273438E-5
1.500416667E-1,-6.103515625E-5
1.500625000E-1,-5.493164062E-4
1.500833333E-1,3.662109375E-4
1.501041667E-1,-4.577636719E-4
1.501250000E-1,-2.136230469E-4
1.501458333E-1,-9.460449219E-4
1.501666667E-1,-1.098632812E-3
1.501875000E-1,2.136230469E-4
1.502083333E-1,-7.629394531E-4
1.502291667E-1,-1.831054688E-4
1.502500000E-1,-7.019042969E-4
1.502708333E-1,-7.324218750E-4
1.502916667E-1,-1.281738281E-3
1.503125000E-1,-1.434326172E-3
1.503333333E-1,-1.220703125E-3
1.503541667E-1,-1.800537109E-3
1.503750000E-1,-1.403808594E-3
1.503958333E-1,-1.312255859E-3
1.504166667E-1,-9.460449219E-4
1.504375000E-1,-1.861572266E-3
1.504583333E-1,-1.403808594E-3
1.504791667E-1,-3.051757812E-4
1.505000000E-1,-1.159667969E-3
1.505208333E-1,-1.770019531E-3
1.505416667E-1,-1.953125000E-3
1.505625000E-1,-1.159667969E-3
1.505833333E-1,-1.373291016E-3
1.506041667E-1,-1.647949219E-3
1.506250000E-1,-1.159667969E-3
1.506458333E-1,-1.831054688E-3
1.506666667E-1,-1.312255859E-3
1.506875000E-1,-9.460449219E-4
1.507083333E-1,-7.019042969E-4
1.507291667E-1,0.000000000E0
1.507500000E-1,-1.007080078E-3
1.507708333E-1,-1.007080078E-3
1.507916667E-1,-7.019042969E-4
1.508125000E-1,-7.934570312E-4
1.508333333E-1,-1.129150391E-3
1.508541667E-1,-1.373291016E-3
1.508750000E-1,-9.765625000E-4
1.508958333E-1,-2.441406250E-4
1.509166667E-1,-1.129150391E-3
1.509375000E-1,-4.577636719E-4
1.509583333E-1,-5.798339844E-4
1.509791667E-1,-1.098632812E-3
1.510000000E-1,6.713867188E-4
1.510208333E-1,7.629394531E-4
1.510416667E-1,8.544921875E-4
1.510625000E-1,1.495361328E-3
1.510833333E-1,9.765625000E-4
1.511041667E-1,1.312255859E-3
1.511250000E-1,6.713867188E-4
1.511458333E-1,9.155273438E-5
1.511666667E-1,1.342773438E-3
1.511875000E-1,9.460449219E-4
1.512083333E-1,6.408691406E-4
1.512291667E-1,8.239746094E-4
1.512500000E-1,6.408691406E-4
1.512708333E-1,6.713867188E-4
1.512916667E-1,6.713867188E-4
1.513125000E-1,4.272460938E-4
1.513333333E-1,8.850097656E-4
1.513541667E-1,6.103515625E-4
1.513750000E-1,0.000000000E0
1.513958333E-1,4.272460938E-4
1.514166667E-1,3.051757812E-5
1.514375000E-1,3.662109375E-4
1.514583333E-1,-9.155273438E-5
1.514791667E-1,-3.967285156E-4
1.515000000E-1,5.798339844E-4
1.515208333E-1,9.460449219E-4
1.515416667E-1,-6.103515625E-5
1.515625000E-1,0.000000000E0
1.515833333E-1,-4.577636719E-4
1.516041667E-1,3.356933594E-4
1.516250000E-1,7.019042969E-4
1.516458333E-1,9.155273438E-5
1.516666667E-1,6.713867188E-4
1.516875000E-1,4.272460938E-4
1.517083333E-1,3.051757812E-5
1.517291667E-1,-4.882812500E-4
1.517500000E-1,-7.324218750E-4
1.517708333E-1,-1.068115234E-3
1.517916667E-1,-7.324218750E-4
1.518125000E-1,-2.136230469E-4
1.518333333E-1,-6.103515625E-4
1.518541667E-1,-2.136230469E-4
1.518750000E-1,-1.190185547E-3
1.518958333E-1,-6.713867188E-4
1.519166667E-1,-6.103515625E-4
1.519375000E-1,-7.019042969E-4
1.519583333E-1,-4.577636719E-4
1.519791667E-1,-1.220703125E-3
1.520000000E-1,-1.007080078E-3
1.520208333E-1,-1.556396484E-3
1.520416667E-1,-1.159667969E-3
1.520625000E-1,-1.159667969E-3
1.520833333E-1,-6.408691406E-4
1.521041667E-1,-7.934570312E-4
1.521250000E-1,-4.577636719E-4
1.521458333E-1,-6.408691406E-4
1.521666667E-1,-1.159667969E-3
1.521875000E-1,1.220703125E-4
1.522083333E-1,-2.746582031E-4
1.522291667E-1,-6.103515625E-5
1.522500000E-1,-4.272460938E-4
1.522708333E-1,-6.408691406E-4
1.522916667E-1,3.051757812E-4
1.523125000E-1,-7.019042969E-4
1.523333333E-1,1.007080078E-3
1.523541667E-1,-1.220703125E-4
1.523750000E-1,1.525878906E-4
1.523958333E-1,9.155273438E-4
1.524166667E-1,-3.356933594E-4
1.524375000E-1,7.629394531E-4
1.524583333E-1,3.051757812E-5
1.524791667E-1,3.051757812E-5
1.525000000E-1,-6.103515625E-5
1.525208333E-1,6.713867188E-4
1.525416667E-1,4.577636719E-4
1.525625000E-1,3.967285156E-4
1.525833333E-1,-1.831054688E-4
1.526041667E-1,-3.356933594E-4
1.526250000E-1,6.408691406E-4
1.526458333E-1,6.103515625E-4
1.526666667E-1,1.831054688E-3
1.526875000E-1,-1.525878906E-4
1.527083333E-1,1.220703125E-4
1.527291667E-1,-2.136230469E-4
1.527500000E-1,-1.129150391E-3
1.527708333E-1,0.000000000E0
1.527916667E-1,-1.678466797E-3
1.528125000E-1,-3.662109375E-4
1.528333333E-1,-4.577636719E-4
1.528541667E-1,-4.577636719E-4
1.528750000E-1,-3.662109375E-4
1.528958333E-1,-6.408691406E-4
1.529166667E-1,-1.220703125E-4
1.529375000E-1,-5.493164062E-4
1.529583333E-1,-4.577636719E-4
1.529791667E-1,-1.434326172E-3
1.530000000E-1,-2.014160156E-3
1.530208333E-1,-6.408691406E-4
1.530416667E-1,-2.136230469E-4
1.530625000E-1,-2.441406250E-4
1.530833333E-1,-1.831054688E-4
1.531041667E-1,3.662109375E-4
1.531250000E-1,-2.441406250E-4
1.531458333E-1,1.525878906E-4
1.531666667E-1,5.798339844E-4
1.531875000E-1,9.460449219E-4
1.532083333E-1,1.281738281E-3
1.532291667E-1,4.882812500E-4
1.532500000E-1,1.007080078E-3
1.532708333E-1,9.155273438E-4
1.532916667E-1,1.068115234E-3
1.533125000E-1,1.068115234E-3
1.533333333E-1,5.493164062E-4
1.533541667E-1,2.441406250E-4
1.533750000E-1,0.000000000E0
1.533958333E-1,4.272460938E-4
1.534166667E-1,-9.155273438E-5
1.534375000E-1,-1.525878906E-4
1.534583333E-1,1.220703125E-4
1.534791667E-1,-1.220703125E-4
1.535000000E-1,-3.967285156E-4
1.535208333E-1,-5.798339844E-4
1.535416667E-1,-1.007080078E-3
1.535625000E-1,-3.051757812E-5
1.535833333E-1,-3.051757812E-5
1.536041667E-1,-3.356933594E-4
1.536250000E-1,-7.934570312E-4
1.536458333E-1,-1.037597656E-3
1.536666667E-1,-6.103515625E-4
1.536875000E-1,-1.190185547E-3
1.537083333E-1,-1.190185547E-3
1.537291667E-1,-8.544921875E-4
1.537500000E-1,-7.019042969E-4
1.537708333E-1,-1.068115234E-3
1.537916667E-1,-1.586914062E-3
1.538125000E-1,-1.342773438E-3
1.538333333E-1,-8.544921875E-4
1.538541667E-1,-2.136230469E-4
1.538750000E-1,-4.882812500E-4
1.538958333E-1,-5.187988281E-4
1.539166667E-1,-7.324218750E-4
1.539375000E-1,1.525878906E-4
1.539583333E-1,6.103515625E-5
1.539791667E-1,-6.408691406E-4
1.540000000E-1,7.324218750E-4
1.540208333E-1,-6.103515625E-5
1.540416667E-1,-3.051757812E-5
1.540625000E-1,-2.441406250E-4
1.540833333E-1,-3.967285156E-4
1.541041667E-1,2.441406250E-4
1.541250000E-1,-6.103515625E-5
1.541458333E-1,3.662109375E-4
1.541666667E-1,3.967285156E-4
1.541875000E-1,6.103515625E-5
1.542083333E-1,-3.051757812E-5
1.542291667E-1,-6.103515625E-5
1.542500000E-1,5.798339844E-4
1.542708333E-1,-2.441406250E-4
1.542916667E-1,4.577636719E-4
1.543125000E-1,4.272460938E-4
1.543333333E-1,1.831054688E-4
1.543541667E-1,4.577636719E-4
1.543750000E-1,2.441406250E-4
1.543958333E-1,6.103515625E-4
1.544166667E-1,9.155273438E-5
1.544375000E-1,1.434326172E-3
1.544583333E-1,1.037597656E-3
1.544791667E-1,1.220703125E-3
1.545000000E-1,5.493164062E-4
1.545208333E-1,3.967285156E-4
1.545416667E-1,1.037597656E-3
1.545625000E-1,1.342773438E-3
1.545833333E-1,1.190185547E-3
1.546041667E-1,8.850097656E-4
1.546250000E-1,1.831054688E-3
1.546458333E-1,1.007080078E-3
1.546666667E-1,1.556396484E-3
1.546875000E-1,1.098632812E-3
1.547083333E-1,6.408691406E-4
1.547291667E-1,6.103515625E-4
1.547500000E-1,6.713867188E-4
1.547708333E-1,1.312255859E-3
1.547916667E-1,-6.103515625E-5
1.548125000E-1,3.051757812E-5
1.548333333E-1,-3.051757812E-5
1.548541667E-1,-1.129150391E-3
1.548750000E-1,-9.155273438E-5
1.548958333E-1,1.831054688E-4
1.549166667E-1,6.103515625E-4
1.549375000E-1,1.220703125E-3
1.549583333E-1,9.765625000E-4
1.549791667E-1,6.408691406E-4
1.550000000E-1,4.882812500E-4
1.550208333E-1,5.493164062E-4
1.550416667E-1,7.629394531E-4
1.550625000E-1,7.019042969E-4
1.550833333E-1,1.190185547E-3
1.551041667E-1,1.129150391E-3
1.551250000E-1,1.220703125E-3
1.551458333E-1,2.105712891E-3
1.551666667E-1,2.197265625E-3
1.551875000E-1,2.349853516E-3
1.552083333E-1,2.349853516E-3
1.552291667E-1,1.739501953E-3
1.552500000E-1,1.922607422E-3
1.552708333E-1,8.850097656E-4
1.552916667E-1,8.544921875E-4
1.553125000E-1,7.629394531E-4
1.553333333E-1,3.967285156E-4
1.553541667E-1,9.460449219E-4
1.553750000E-1,5.798339844E-4
1.553958333E-1,1.190185547E-3
1.554166667E-1,8.239746094E-4
1.554375000E-1,1.464843750E-3
1.554583333E-1,7.324218750E-4
1.554791667E-1,-6.103515625E-5
1.555000000E-1,-9.155273438E-5
1.555208333E-1,-1.831054688E-4
1.555416667E-1,9.155273438E-5
1.555625000E-1,-3.051757812E-4
1.555833333E-1,4.882812500E-4
1.556041667E-1,-4.272460938E-4
1.556250000E-1,-3.356933594E-4
1.556458333E-1,-7.629394531E-4
1.556666667E-1,-9.765625000E-4
1.556875000E-1,7.324218750E-4
1.557083333E-1,-3.356933594E-4
1.557291667E-1,-3.356933594E-4
1.557500000E-1,0.000000000E0
1.557708333E-1,-1.037597656E-3
1.557916667E-1,-4.882812500E-4
1.558125000E-1,-6.713867188E-4
1.558333333E-1,-5.493164062E-4
1.558541667E-1,-1.220703125E-4
1.558750000E-1,-4.272460938E-4
1.558958333E-1,2.136230469E-4
1.559166667E-1,-3.051757812E-4
1.559375000E-1,-2.136230469E-4
1.559583333E-1,2.746582031E-4
1.559791667E-1,-1.159667969E-3
1.560000000E-1,-6.713867188E-4
1.560208333E-1,1.831054688E-4
1.560416667E-1,-7.019042969E-4
1.560625000E-1,-9.155273438E-5
1.560833333E-1,1.525878906E-4
1.561041667E-1,3.356933594E-4
1.561250000E-1,1.464843750E-3
1.561458333E-1,8.239746094E-4
1.561666667E-1,4.272460938E-4
1.561875000E-1,-6.408691406E-4
1.562083333E-1,-7.324218750E-4
1.562291667E-1,-3.662109375E-4
1.562500000E-1,-3.967285156E-4
1.562708333E-1,-1.525878906E-4
1.562916667E-1,-5.798339844E-4
1.563125000E-1,1.007080078E-3
1.563333333E-1,7.019042969E-4
1.563541667E-1,9.765625000E-4
1.563750000E-1,8.850097656E-4
1.563958333E-1,2.136230469E-4
1.564166667E-1,3.662109375E-4
1.564375000E-1,-3.051757812E-5
1.564583333E-1,6.713867188E-4
1.564791667E-1,3.356933594E-4
1.565000000E-1,2.441406250E-4
1.565208333E-1,5.798339844E-4
1.565416667E-1,2.136230469E-4
1.565625000E-1,4.272460938E-4
1.565833333E-1,7.934570312E-4
1.566041667E-1,1.159667969E-3
1.566250000E-1,3.967285156E-4
1.566458333E-1,3.051757812E-4
1.566666667E-1,9.155273438E-5
1.566875000E-1,-3.051757812E-4
1.567083333E-1,-3.051757812E-4
1.567291667E-1,-3.662109375E-4
1.567500000E-1,1.190185547E-3
1.567708333E-1,9.460449219E-4
1.567916667E-1,9.155273438E-4
1.568125000E-1,1.190185547E-3
1.568333333E-1,7.629394531E-4
1.568541667E-1,4.577636719E-4
1.568750000E-1,-2.441406250E-4
1.568958333E-1,-3.051757812E-5
1.569166667E-1,-9.155273438E-5
1.569375000E-1,3.662109375E-4
1.569583333E-1,-3.051757812E-4
1.569791667E-1,4.577636719E-4
1.570000000E-1,-3.356933594E-4
1.570208333E-1,-1.525878906E-4
1.570416667E-1,7.629394531E-4
1.570625000E-1,3.356933594E-4
1.570833333E-1,9.460449219E-4
1.571041667E-1,2.136230469E-4
1.571250000E-1,0.000000000E0
1.571458333E-1,-1.831054688E-4
1.571666667E-1,-9.155273438E-5
1.571875000E-1,1.342773438E-3
1.572083333E-1,5.493164062E-4
1.572291667E-1,8.850097656E-4
1.572500000E-1,9.765625000E-4
1.572708333E-1,9.155273438E-5
1.572916667E-1,3.051757812E-5
1.573125000E-1,-4.577636719E-4
1.573333333E-1,-2.136230469E-4
1.573541667E-1,1.525878906E-4
1.573750000E-1,5.187988281E-4
1.573958333E-1,1.312255859E-3
1.574166667E-1,6.713867188E-4
1.574375000E-1,9.155273438E-4
1.574583333E-1,8.544921875E-4
1.574791667E-1,-2.746582031E-4
1.575000000E-1,9.155273438E-5
1.575208333E-1,-5.798339844E-4
1.575416667E-1,3.662109375E-4
1.575625000E-1,4.882812500E-4
1.575833333E-1,7.019042969E-4
1.576041667E-1,7.934570312E-4
1.576250000E-1,1.220703125E-4
1.576458333E-1,9.155273438E-4
1.576666667E-1,1.007080078E-3
1.576875000E-1,9.155273438E-5
1.577083333E-1,0.000000000E0
1.577291667E-1,3.356933594E-4
1.577500000E-1,1.007080078E-3
1.577708333E-1,7.629394531E-4
1.577916667E-1,1.190185547E-3
1.578125000E-1,8.544921875E-4
1.578333333E-1,6.408691406E-4
1.578541667E-1,-4.272460938E-4
1.578750000E-1,-1.312255859E-3
1.578958333E-1,3.356933594E-4
1.579166667E-1,-5.493164062E-4
1.579375000E-1,4.882812500E-4
1.579583333E-1,1.220703125E-4
1.579791667E-1,3.051757812E-5
1.580000000E-1,4.882812500E-4
1.580208333E-1,-9.765625000E-4
1.580416667E-1,-7.019042969E-4
1.580625000E-1,-1.220703125E-3
1.580833333E-1,-3.051757812E-5
1.581041667E-1,-2.746582031E-4
1.581250000E-1,8.850097656E-4
1.581458333E-1,6.103515625E-4
1.581666667E-1,3.662109375E-4
1.581875000E-1,7.019042969E-4
1.582083333E-1,-1.220703125E-3
1.582291667E-1,-2.136230469E-4
1.582500000E-1,-8.544921875E-4
1.582708333E-1,-3.662109375E-4
1.582916667E-1,3.662109375E-4
1.583125000E-1,-6.408691406E-4
1.583333333E-1,3.662109375E-4
1.583541667E-1,-9.155273438E-5
1.583750000E-1,-1.831054688E-4
1.583958333E-1,4.577636719E-4
1.584166667E-1,3.967285156E-4
1.584375000E-1,5.187988281E-4
1.584583333E-1,-2.441406250E-4
1.584791667E-1,-3.356933594E-4
1.585000000E-1,-6.103515625E-5
1.585208333E-1,-5.798339844E-4
1.585416667E-1,-1.525878906E-4
1.585625000E-1,-2.746582031E-4
1.585833333E-1,-2.746582031E-4
1.586041667E-1,0.000000000E0
1.586250000E-1,-1.037597656E-3
1.586458333E-1,-8.239746094E-4
1.586666667E-1,0.000000000E0
1.586875000E-1,-6.713867188E-4
1.587083333E-1,9.460449219E-4
1.587291667E-1,-1.831054688E-4
1.587500000E-1,-6.408691406E-4
1.587708333E-1,-1.525878906E-4
1.587916667E-1,-8.239746094E-4
1.588125000E-1,6.713867188E-4
1.588333333E-1,-1.220703125E-4
1.588541667E-1,-2.136230469E-4
1.588750000E-1,0.000000000E0
1.588958333E-1,6.103515625E-5
1.589166667E-1,9.155273438E-5
1.589375000E-1,-9.460449219E-4
1.589583333E-1,-7.324218750E-4
1.589791667E-1,-1.190185547E-3
1.590000000E-1,-6.713867188E-4
1.590208333E-1,-6.103515625E-4
1.590416667E-1,-8.239746094E-4
1.590625000E-1,-5.493164062E-4
1.590833333E-1,-1.098632812E-3
1.591041667E-1,-9.765625000E-4
1.591250000E-1,-1.800537109E-3
1.591458333E-1,-1.831054688E-3
1.591666667E-1,-6.408691406E-4
1.591875000E-1,-9.155273438E-4
1.592083333E-1,-7.629394531E-4
1.592291667E-1,-6.713867188E-4
1.592500000E-1,4.577636719E-4
1.592708333E-1,2.136230469E-4
1.592916667E-1,-4.577636719E-4
1.593125000E-1,9.155273438E-5
1.593333333E-1,-3.967285156E-4
1.593541667E-1,-7.019042969E-4
1.593750000E-1,-7.019042969E-4
1.593958333E-1,-3.662109375E-4
1.594166667E-1,-2.746582031E-4
1.594375000E-1,5.798339844E-4
1.594583333E-1,2.746582031E-4
1.594791667E-1,-6.103515625E-5
1.595000000E-1,6.713867188E-4
1.595208333E-1,-1.220703125E-4
1.595416667E-1,-1.220703125E-4
1.595625000E-1,4.272460938E-4
1.595833333E-1,5.493164062E-4
1.596041667E-1,9.765625000E-4
1.596250000E-1,1.007080078E-3
1.596458333E-1,1.647949219E-3
1.596666667E-1,3.662109375E-4
1.596875000E-1,3.967285156E-4
1.597083333E-1,4.882812500E-4
1.597291667E-1,4.577636719E-4
1.597500000E-1,-5.493164062E-4
1.597708333E-1,-1.525878906E-3
1.597916667E-1,-1.434326172E-3
1.598125000E-1,-1.831054688E-3
1.598333333E-1,-1.159667969E-3
1.598541667E-1,-4.882812500E-4
1.598750000E-1,-4.882812500E-4
1.598958333E-1,-1.312255859E-3
1.599166667E-1,-6.713867188E-4
1.599375000E-1,-1.129150391E-3
1.599583333E-1,-1.159667969E-3
1.599791667E-1,-5.798339844E-4
1.600000000E-1,-1.220703125E-3
1.600208333E-1,-2.136230469E-4
1.600416667E-1,-4.882812500E-4
1.600625000E-1,-7.019042969E-4
1.600833333E-1,-4.272460938E-4
1.601041667E-1,-8.239746094E-4
1.601250000E-1,-3.356933594E-4
1.601458333E-1,2.136230469E-4
1.601666667E-1,9.155273438E-5
1.601875000E-1,1.525878906E-4
1.602083333E-1,9.155273438E-5
1.602291667E-1,-7.629394531E-4
1.602500000E-1,-1.068115234E-3
1.602708333E-1,-8.544921875E-4
1.602916667E-1,-6.408691406E-4
1.603125000E-1,1.129150391E-3
1.603333333E-1,1.068115234E-3
1.603541667E-1,5.798339844E-4
1.603750000E-1,1.281738281E-3
1.603958333E-1,1.129150391E-3
1.604166667E-1,6.103515625E-4
1.604375000E-1,-2.746582031E-4
1.604583333E-1,-2.136230469E-4
1.604791667E-1,1.525878906E-4
1.605000000E-1,-9.155273438E-5
1.605208333E-1,1.129150391E-3
1.605416667E-1,1.586914062E-3
1.605625000E-1,1.525878906E-3
1.605833333E-1,1.586914062E-3
1.606041667E-1,2.014160156E-3
1.606250000E-1,1.556396484E-3
1.606458333E-1,2.014160156E-3
1.606666667E-1,2.685546875E-3
1.606875000E-1,1.281738281E-3
1.607083333E-1,1.342773438E-3
1.607291667E-1,9.460449219E-4
1.607500000E-1,1.312255859E-3
1.607708333E-1,2.014160156E-3
1.607916667E-1,1.861572266E-3
1.608125000E-1,1.525878906E-3
1.608333333E-1,8.544921875E-4
1.608541667E-1,5.493164062E-4
1.608750000E-1,0.000000000E0
1.608958333E-1,-9.765625000E-4
1.609166667E-1,-9.155273438E-4
1.609375000E-1,0.000000000E0
1.609583333E-1,-7.019042969E-4
1.609791667E-1,-4.577636719E-4
1.610000000E-1,-2.136230469E-4
1.610208333E-1,-1.525878906E-4
1.610416667E-1,-2.441406250E-4
1.610625000E-1,-1.220703125E-3
1.610833333E-1,-1.373291016E-3
1.611041667E-1,-1.129150391E-3
1.611250000E-1,-2.136230469E-4
1.611458333E-1,-8.850097656E-4
1.611666667E-1,-1.129150391E-3
1.611875000E-1,-1.251220703E-3
1.612083333E-1,-1.861572266E-3
1.612291667E-1,-1.251220703E-3
1.612500000E-1,-1.098632812E-3
1.612708333E-1,-6.103515625E-5
1.612916667E-1,6.103515625E-4
1.613125000E-1,4.882812500E-4
1.613333333E-1,9.155273438E-4
1.613541667E-1,7.629394531E-4
1.613750000E-1,1.098632812E-3
1.613958333E-1,8.850097656E-4
1.614166667E-1,8.239746094E-4
1.614375000E-1,8.850097656E-4
1.614583333E-1,9.155273438E-5
1.614791667E-1,3.967285156E-4
1.615000000E-1,3.662109375E-4
1.615208333E-1,-1.007080078E-3
1.615416667E-1,-3.662109375E-4
1.615625000E-1,3.051757812E-5
1.615833333E-1,4.882812500E-4
1.616041667E-1,3.967285156E-4
1.616250000E-1,4.577636719E-4
1.616458333E-1,0.000000000E0
1.616666667E-1,1.525878906E-4
1.616875000E-1,7.934570312E-4
1.617083333E-1,1.281738281E-3
1.617291667E-1,1.220703125E-3
1.617500000E-1,8.239746094E-4
1.617708333E-1,1.312255859E-3
1.617916667E-1,5.493164062E-4
1.618125000E-1,1.831054688E-4
1.618333333E-1,9.460449219E-4
1.618541667E-1,3.662109375E-4
1.618750000E-1,-2.746582031E-4
1.618958333E-1,3.051757812E-4
1.619166667E-1,-2.746582031E-4
1.619375000E-1,-8.544921875E-4
1.619583333E-1,-5.493164062E-4
1.619791667E-1,-7.629394531E-4
1.620000000E-1,3.356933594E-4
1.620208333E-1,5.493164062E-4
1.620416667E-1,3.051757812E-4
1.620625000E-1,2.441406250E-4
1.620833333E-1,-3.051757812E-5
1.621041667E-1,-9.155273438E-5
1.621250000E-1,-1.098632812E-3
1.621458333E-1,-1.281738281E-3
1.621666667E-1,-4.577636719E-4
1.621875000E-1,-7.629394531E-4
1.622083333E-1,-1.129150391E-3
1.622291667E-1,-2.746582031E-4
1.622500000E-1,-8.544921875E-4
1.622708333E-1,-6.103515625E-5
1.622916667E-1,-6.103515625E-5
1.623125000E-1,-1.007080078E-3
1.623333333E-1,-5.493164062E-4
1.623541667E-1,-1.373291016E-3
1.623750000E-1,-5.798339844E-4
1.623958333E-1,-2.044677734E-3
1.624166667E-1,-2.197265625E-3
1.624375000E-1,-7.019042969E-4
1.624583333E-1,-1.129150391E-3
1.624791667E-1,-1.495361328E-3
1.625000000E-1,-1.800537109E-3
1.625208333E-1,-1.525878906E-3
1.625416667E-1,-8.544921875E-4
1.625625000E-1,-7.629394531E-4
1.625833333E-1,-5.493164062E-4
1.626041667E-1,-1.068115234E-3
1.626250000E-1,-1.922607422E-3
1.626458333E-1,-9.765625000E-4
1.626666667E-1,-1.007080078E-3
1.626875000E-1,-1.037597656E-3
1.627083333E-1,-8.544921875E-4
1.627291667E-1,-5.493164062E-4
1.627500000E-1,6.103515625E-4
1.627708333E-1,-9.155273438E-5
1.627916667E-1,5.798339844E-4
1.628125000E-1,3.662109375E-4
1.628333333E-1,-3.051757812E-4
1.628541667E-1,-9.765625000E-4
1.628750000E-1,-1.220703125E-3
1.628958333E-1,-4.882812500E-4
1.629166667E-1,-1.068115234E-3
1.629375000E-1,-3.356933594E-4
1.629583333E-1,-7.934570312E-4
1.629791667E-1,1.831054688E-4
1.630000000E-1,-5.187988281E-4
1.630208333E-1,-3.356933594E-4
1.630416667E-1,6.713867188E-4
1.630625000E-1,2.441406250E-4
1.630833333E-1,7.324218750E-4
1.631041667E-1,4.577636719E-4
1.631250000E-1,7.324218750E-4
1.631458333E-1,1.220703125E-4
1.631666667E-1,6.103515625E-4
1.631875000E-1,3.662109375E-4
1.632083333E-1,2.136230469E-4
1.632291667E-1,5.187988281E-4
1.632500000E-1,3.356933594E-4
1.632708333E-1,6.713867188E-4
1.632916667E-1,-6.103515625E-4
1.633125000E-1,2.746582031E-4
1.633333333E-1,1.251220703E-3
1.633541667E-1,6.713867188E-4
1.633750000E-1,6.103515625E-4
1.633958333E-1,-6.408691406E-4
1.634166667E-1,-1.525878906E-4
1.634375000E-1,6.103515625E-4
1.634583333E-1,7.324218750E-4
1.634791667E-1,3.967285156E-4
1.635000000E-1,-6.103515625E-4
1.635208333E-1,-9.765625000E-4
1.635416667E-1,-1.739501953E-3
1.635625000E-1,-1.129150391E-3
1.635833333E-1,-8.239746094E-4
1.636041667E-1,2.441406250E-4
1.636250000E-1,-4.577636719E-4
1.636458333E-1,-6.103515625E-5
1.636666667E-1,2.746582031E-4
1.636875000E-1,-7.934570312E-4
1.637083333E-1,-2.136230469E-4
1.637291667E-1,-4.882812500E-4
1.637500000E-1,-7.324218750E-4
1.637708333E-1,-6.103515625E-5
1.637916667E-1,1.831054688E-4
1.638125000E-1,-4.577636719E-4
1.638333333E-1,1.831054688E-4
1.638541667E-1,3.051757812E-4
1.638750000E-1,4.882812500E-4
1.638958333E-1,1.556396484E-3
1.639166667E-1,1.678466797E-3
1.639375000E-1,9.765625000E-4
1.639583333E-1,6.408691406E-4
1.639791667E-1,1.922607422E-3
1.640000000E-1,7.019042969E-4
1.640208333E-1,1.098632812E-3
1.640416667E-1,8.850097656E-4
1.640625000E-1,9.155273438E-5
1.640833333E-1,2.746582031E-4
1.641041667E-1,3.356933594E-4
1.641250000E-1,1.312255859E-3
1.641458333E-1,7.324218750E-4
1.641666667E-1,9.155273438E-4
1.641875000E-1,4.577636719E-4
1.642083333E-1,1.678466797E-3
1.642291667E-1,1.251220703E-3
1.642500000E-1,1.068115234E-3
1.642708333E-1,1.495361328E-3
1.642916667E-1,2.746582031E-4
1.643125000E-1,0.000000000E0
1.643333333E-1,5.187988281E-4
1.643541667E-1,5.798339844E-4
1.643750000E-1,-6.103515625E-5
1.643958333E-1,-5.187988281E-4
1.644166667E-1,-8.544921875E-4
1.644375000E-1,-1.342773438E-3
1.644583333E-1,-1.281738281E-3
1.644791667E-1,3.051757812E-4
1.645000000E-1,1.403808594E-3
1.645208333E-1,1.678466797E-3
1.645416667E-1,9.460449219E-4
1.645625000E-1,3.356933594E-4
1.645833333E-1,-5.493164062E-4
1.646041667E-1,-1.220703125E-4
1.646250000E-1,4.577636719E-4
1.646458333E-1,2.746582031E-4
1.646666667E-1,8.544921875E-4
1.646875000E-1,5.798339844E-4
1.647083333E-1,7.629394531E-4
1.647291667E-1,1.098632812E-3
1.647500000E-1,5.187988281E-4
1.647708333E-1,1.220703125E-4
1.647916667E-1,-5.493164062E-4
1.648125000E-1,-6.103515625E-4
1.648333333E-1,-9.155273438E-5
1.648541667E-1,3.356933594E-4
1.648750000E-1,1.007080078E-3
1.648958333E-1,1.464843750E-3
1.649166667E-1,2.166748047E-3
1.649375000E-1,1.739501953E-3
1.649583333E-1,1.129150391E-3
1.649791667E-1,1.525878906E-4
1.650000000E-1,-7.324218750E-4
1.650208333E-1,-6.713867188E-4
1.650416667E-1,-2.441406250E-4
1.650625000E-1,6.713867188E-4
1.650833333E-1,2.136230469E-4
1.651041667E-1,3.967285156E-4
1.651250000E-1,2.441406250E-4
1.651458333E-1,-1.220703125E-4
1.651666667E-1,5.187988281E-4
1.651875000E-1,1.525878906E-4
1.652083333E-1,3.662109375E-4
1.652291667E-1,0.000000000E0
1.652500000E-1,-2.441406250E-4
1.652708333E-1,-6.408691406E-4
1.652916667E-1,-1.495361328E-3
1.653125000E-1,5.493164062E-4
1.653333333E-1,3.356933594E-4
1.653541667E-1,9.765625000E-4
1.653750000E-1,5.493164062E-4
1.653958333E-1,-1.037597656E-3
1.654166667E-1,-3.051757812E-4
1.654375000E-1,-9.460449219E-4
1.654583333E-1,2.136230469E-4
1.654791667E-1,-2.746582031E-4
1.655000000E-1,-2.136230469E-4
1.655208333E-1,1.037597656E-3
1.655416667E-1,2.746582031E-4
1.655625000E-1,3.356933594E-4
1.655833333E-1,6.103515625E-4
1.656041667E-1,-7.019042969E-4
1.656250000E-1,3.662109375E-4
1.656458333E-1,-5.493164062E-4
1.656666667E-1,-6.103515625E-4
1.656875000E-1,2.441406250E-4
1.657083333E-1,1.525878906E-4
1.657291667E-1,-6.103515625E-5
1.657500000E-1,-9.155273438E-5
1.657708333E-1,1.190185547E-3
1.657916667E-1,8.850097656E-4
1.658125000E-1,7.019042969E-4
1.658333333E-1,1.007080078E-3
1.658541667E-1,1.007080078E-3
1.658750000E-1,-1.220703125E-4
1.658958333E-1,3.051757812E-4
1.659166667E-1,-5.187988281E-4
1.659375000E-1,-9.155273438E-4
1.659583333E-1,-2.746582031E-4
1.659791667E-1,-5.187988281E-4
1.660000000E-1,1.983642578E-3
1.660208333E-1,1.861572266E-3
1.660416667E-1,7.934570312E-4
1.660625000E-1,5.187988281E-4
1.660833333E-1,-3.967285156E-4
1.661041667E-1,-3.662109375E-4
1.661250000E-1,-5.187988281E-4
1.661458333E-1,2.746582031E-4
1.661666667E-1,-3.051757812E-5
1.661875000E-1,-8.850097656E-4
1.662083333E-1,6.103515625E-5
1.662291667E-1,-1.831054688E-4
1.662500000E-1,-7.629394531E-4
1.662708333E-1,-1.281738281E-3
1.662916667E-1,-1.129150391E-3
1.663125000E-1,-8.850097656E-4
1.663333333E-1,-1.525878906E-3
1.663541667E-1,-1.251220703E-3
1.663750000E-1,-1.037597656E-3
1.663958333E-1,-8.544921875E-4
1.664166667E-1,-6.103515625E-5
1.664375000E-1,-5.493164062E-4
1.664583333E-1,-3.967285156E-4
1.664791667E-1,2.746582031E-4
1.665000000E-1,5.187988281E-4
1.665208333E-1,3.967285156E-4
1.665416667E-1,6.103515625E-5
1.665625000E-1,-2.746582031E-4
1.665833333E-1,-2.441406250E-4
1.666041667E-1,-1.037597656E-3
1.666250000E-1,-4.577636719E-4
1.666458333E-1,6.408691406E-4
1.666666667E-1,5.493164062E-4
1.666875000E-1,7.629394531E-4
1.667083333E-1,-6.103515625E-5
1.667291667E-1,1.098632812E-3
1.667500000E-1,1.434326172E-3
1.667708333E-1,4.272460938E-4
1.667916667E-1,-1.831054688E-4
1.668125000E-1,-4.577636719E-4
1.668333333E-1,-2.136230469E-4
1.668541667E-1,-6.103515625E-5
1.668750000E-1,-1.220703125E-4
1.668958333E-1,-1.098632812E-3
1.669166667E-1,-1.007080078E-3
1.669375000E-1,-1.922607422E-3
1.669583333E-1,-4.882812500E-4
1.669791667E-1,5.493164062E-4
1.670000000E-1,8.239746094E-4
1.670208333E-1,1.770019531E-3
1.670416667E-1,2.746582031E-4
1.670625000E-1,5.187988281E-4
1.670833333E-1,2.746582031E-4
1.671041667E-1,9.155273438E-5
1.671250000E-1,-3.967285156E-4
1.671458333E-1,-1.251220703E-3
1.671666667E-1,-4.272460938E-4
1.671875000E-1,-3.051757812E-5
1.672083333E-1,2.136230469E-4
1.672291667E-1,6.408691406E-4
1.672500000E-1,-5.798339844E-4
1.672708333E-1,6.103515625E-4
1.672916667E-1,4.577636719E-4
1.673125000E-1,-1.525878906E-4
1.673333333E-1,5.187988281E-4
1.673541667E-1,-9.155273438E-4
1.673750000E-1,-2.441406250E-4
1.673958333E-1,9.155273438E-5
1.674166667E-1,9.155273438E-4
1.674375000E-1,3.051757812E-4
1.674583333E-1,1.159667969E-3
1.674791667E-1,6.408691406E-4
1.675000000E-1,3.051757812E-5
1.675208333E-1,5.187988281E-4
1.675416667E-1,-1.403808594E-3
1.675625000E-1,9.155273438E-5
1.675833333E-1,-1.373291016E-3
1.676041667E-1,-2.441406250E-4
1.676250000E-1,1.525878906E-4
1.676458333E-1,-1.342773438E-3
1.676666667E-1,-7.019042969E-4
1.676875000E-1,-1.708984375E-3
1.677083333E-1,-7.019042969E-4
1.677291667E-1,-1.434326172E-3
1.677500000E-1,-2.044677734E-3
1.677708333E-1,-2.502441406E-3
1.677916667E-1,-2.197265625E-3
1.678125000E-1,-1.190185547E-3
1.678333333E-1,-1.403808594E-3
1.678541667E-1,-7.019042969E-4
1.678750000E-1,-6.103515625E-4
1.678958333E-1,-6.408691406E-4
1.679166667E-1,-1.220703125E-4
1.679375000E-1,-1.831054688E-4
1.679583333E-1,-6.103515625E-5
1.679791667E-1,-8.544921875E-4
1.680000000E-1,-2.441406250E-4
1.680208333E-1,-2.746582031E-4
1.680416667E-1,-1.678466797E-3
1.680625000E-1,-1.037597656E-3
1.680833333E-1,-5.798339844E-4
1.681041667E-1,1.525878906E-4
1.681250000E-1,7.629394531E-4
1.681458333E-1,5.187988281E-4
1.681666667E-1,6.408691406E-4
1.681875000E-1,-6.103515625E-5
1.682083333E-1,1.220703125E-4
1.682291667E-1,1.220703125E-4
1.682500000E-1,-4.272460938E-4
1.682708333E-1,1.220703125E-4
1.682916667E-1,3.051757812E-5
1.683125000E-1,1.525878906E-4
1.683333333E-1,2.746582031E-4
1.683541667E-1,-3.051757812E-5
1.683750000E-1,2.441406250E-4
1.683958333E-1,-5.187988281E-4
1.684166667E-1,-6.408691406E-4
1.684375000E-1,-6.713867188E-4
1.684583333E-1,-2.136230469E-4
1.684791667E-1,5.798339844E-4
1.685000000E-1,8.544921875E-4
1.685208333E-1,6.103515625E-4
1.685416667E-1,7.019042969E-4
1.685625000E-1,-6.103515625E-5
1.685833333E-1,-3.356933594E-4
1.686041667E-1,-3.662109375E-4
1.686250000E-1,-1.831054688E-4
1.686458333E-1,-9.155273438E-5
1.686666667E-1,-1.525878906E-4
1.686875000E-1,5.798339844E-4
1.687083333E-1,-1.831054688E-4
1.687291667E-1,-5.493164062E-4
1.687500000E-1,-8.850097656E-4
1.687708333E-1,-1.037597656E-3
1.687916667E-1,-6.103515625E-4
1.688125000E-1,-5.798339844E-4
1.688333333E-1,-1.373291016E-3
1.688541667E-1,-5.493164062E-4
1.688750000E-1,-4.577636719E-4
1.688958333E-1,-1.525878906E-4
1.689166667E-1,-9.460449219E-4
1.689375000E-1,-1.251220703E-3
1.689583333E-1,-1.220703125E-4
1.689791667E-1,-6.103515625E-4
1.690000000E-1,3.051757812E-5
1.690208333E-1,-3.967285156E-4
1.690416667E-1,2.746582031E-4
1.690625000E-1,4.882812500E-4
1.690833333E-1,1.220703125E-4
1.691041667E-1,4.577636719E-4
1.691250000E-1,9.155273438E-4
1.691458333E-1,1.495361328E-3
1.691666667E-1,1.342773438E-3
1.691875000E-1,2.014160156E-3
1.692083333E-1,8.850097656E-4
1.692291667E-1,7.019042969E-4
1.692500000E-1,6.713867188E-4
1.692708333E-1,-9.155273438E-5
1.692916667E-1,6.408691406E-4
1.693125000E-1,-3.662109375E-4
1.693333333E-1,-2.746582031E-4
1.693541667E-1,0.000000000E0
1.693750000E-1,4.577636719E-4
1.693958333E-1,1.831054688E-4
1.694166667E-1,-3.051757812E-4
1.694375000E-1,-2.136230469E-4
1.694583333E-1,-1.251220703E-3
1.694791667E-1,-1.098632812E-3
1.695000000E-1,-3.967285156E-4
1.695208333E-1,-9.460449219E-4
1.695416667E-1,0.000000000E0
1.695625000E-1,5.493164062E-4
1.695833333E-1,9.460449219E-4
1.696041667E-1,5.798339844E-4
1.696250000E-1,-1.037597656E-3
1.696458333E-1,-1.556396484E-3
1.696666667E-1,-2.410888672E-3
1.696875000E-1,-1.678466797E-3
1.697083333E-1,-3.662109375E-4
1.697291667E-1,-1.068115234E-3
1.697500000E-1,-3.967285156E-4
1.697708333E-1,-2.136230469E-4
1.697916667E-1,4.577636719E-4
1.698125000E-1,2.746582031E-4
1.698333333E-1,2.136230469E-4
1.698541667E-1,1.068115234E-3
1.698750000E-1,6.103515625E-5
1.698958333E-1,-6.408691406E-4
1.699166667E-1,-5.187988281E-4
1.699375000E-1,-3.051757812E-5
1.699583333E-1,-3.662109375E-4
1.699791667E-1,-8.544921875E-4
1.700000000E-1,3.051757812E-5
1.700208333E-1,0.000000000E0
1.700416667E-1,-9.155273438E-5
1.700625000E-1,9.155273438E-5
1.700833333E-1,-3.051757812E-4
1.701041667E-1,3.967285156E-4
1.701250000E-1,1.525878906E-4
1.701458333E-1,2.441406250E-4
1.701666667E-1,1.098632812E-3
1.701875000E-1,9.460449219E-4
1.702083333E-1,1.373291016E-3
1.702291667E-1,1.129150391E-3
1.702500000E-1,9.765625000E-4
1.702708333E-1,5.493164062E-4
1.702916667E-1,6.103515625E-5
1.703125000E-1,-1.129150391E-3
1.703333333E-1,-1.373291016E-3
1.703541667E-1,-1.403808594E-3
1.703750000E-1,-7.934570312E-4
1.703958333E-1,4.272460938E-4
1.704166667E-1,-2.746582031E-4
1.704375000E-1,-9.155273438E-5
1.704583333E-1,-1.220703125E-4
1.704791667E-1,-7.324218750E-4
1.705000000E-1,7.934570312E-4
1.705208333E-1,-3.051757812E-5
1.705416667E-1,3.051757812E-5
1.705625000E-1,6.103515625E-5
1.705833333E-1,-8.544921875E-4
1.706041667E-1,-3.051757812E-5
1.706250000E-1,-1.281738281E-3
1.706458333E-1,-3.051757812E-5
1.706666667E-1,-3.051757812E-4
1.706875000E-1,1.831054688E-4
1.707083333E-1,7.324218750E-4
1.707291667E-1,1.464843750E-3
1.707500000E-1,8.544921875E-4
1.707708333E-1,-3.051757812E-4
1.707916667E-1,3.051757812E-4
1.708125000E-1,-1.312255859E-3
1.708333333E-1,1.129150391E-3
1.708541667E-1,9.765625000E-4
1.708750000E-1,4.577636719E-4
1.708958333E-1,1.373291016E-3
1.709166667E-1,9.155273438E-5
1.709375000E-1,1.586914062E-3
1.709583333E-1,3.662109375E-4
1.709791667E-1,6.103515625E-5
1.710000000E-1,9.155273438E-4
1.710208333E-1,-6.103515625E-5
1.710416667E-1,6.103515625E-4
1.710625000E-1,1.464843750E-3
1.710833333E-1,2.197265625E-3
1.711041667E-1,4.272460938E-4
1.711250000E-1,5.493164062E-4
1.711458333E-1,9.765625000E-4
1.711666667E-1,7.019042969E-4
1.711875000E-1,1.129150391E-3
1.712083333E-1,1.770019531E-3
1.712291667E-1,1.831054688E-3
1.712500000E-1,5.187988281E-4
1.712708333E-1,7.019042969E-4
1.712916667E-1,3.356933594E-4
1.713125000E-1,6.408691406E-4
1.713333333E-1,3.356933594E-4
1.713541667E-1,-5.493164062E-4
1.713750000E-1,4.882812500E-4
1.713958333E-1,7.019042969E-4
1.714166667E-1,1.281738281E-3
1.714375000E-1,1.312255859E-3
1.714583333E-1,5.187988281E-4
1.714791667E-1,3.356933594E-4
1.715000000E-1,1.220703125E-4
1.715208333E-1,3.051757812E-4
1.715416667E-1,1.098632812E-3
1.715625000E-1,1.373291016E-3
1.715833333E-1,1.251220703E-3
1.716041667E-1,8.239746094E-4
1.716250000E-1,1.007080078E-3
1.716458333E-1,2.441406250E-4
1.716666667E-1,7.324218750E-4
1.716875000E-1,2.441406250E-4
1.717083333E-1,-4.272460938E-4
1.717291667E-1,9.460449219E-4
1.717500000E-1,1.525878906E-4
1.717708333E-1,7.324218750E-4
1.717916667E-1,2.441406250E-4
1.718125000E-1,-1.831054688E-4
1.718333333E-1,8.239746094E-4
1.718541667E-1,-3.356933594E-4
1.718750000E-1,6.103515625E-4
1.718958333E-1,-3.051757812E-5
1.719166667E-1,-4.577636719E-4
1.719375000E-1,4.272460938E-4
1.719583333E-1,-1.464843750E-3
1.719791667E-1,-1.373291016E-3
1.720000000E-1,-1.159667969E-3
1.720208333E-1,-8.544921875E-4
1.720416667E-1,-1.220703125E-4
1.720625000E-1,-1.281738281E-3
1.720833333E-1,-1.464843750E-3
1.721041667E-1,-1.678466797E-3
1.721250000E-1,-1.220703125E-4
1.721458333E-1,4.577636719E-4
1.721666667E-1,-1.831054688E-4
1.721875000E-1,7.934570312E-4
1.722083333E-1,9.155273438E-5
1.722291667E-1,1.068115234E-3
1.722500000E-1,3.967285156E-4
1.722708333E-1,2.136230469E-4
1.722916667E-1,5.798339844E-4
1.723125000E-1,-4.577636719E-4
1.723333333E-1,3.967285156E-4
1.723541667E-1,5.187988281E-4
1.723750000E-1,7.324218750E-4
1.723958333E-1,6.713867188E-4
1.724166667E-1,-5.493164062E-4
1.724375000E-1,-7.934570312E-4
1.724583333E-1,-9.155273438E-4
1.724791667E-1,-1.831054688E-4
1.725000000E-1,7.324218750E-4
1.725208333E-1,2.136230469E-4
1.725416667E-1,-1.159667969E-3
1.725625000E-1,-7.629394531E-4
1.725833333E-1,-1.586914062E-3
1.726041667E-1,-1.007080078E-3
1.726250000E-1,1.525878906E-4
1.726458333E-1,-9.155273438E-4
1.726666667E-1,2.441406250E-4
1.726875000E-1,-1.098632812E-3
1.727083333E-1,-1.220703125E-4
1.727291667E-1,2.044677734E-3
1.727500000E-1,1.037597656E-3
1.727708333E-1,1.525878906E-4
1.727916667E-1,-6.713867188E-4
1.728125000E-1,-7.934570312E-4
1.728333333E-1,-2.136230469E-4
1.728541667E-1,7.324218750E-4
1.728750000E-1,1.556396484E-3
1.728958333E-1,7.019042969E-4
1.729166667E-1,4.272460938E-4
1.729375000E-1,6.713867188E-4
1.729583333E-1,7.934570312E-4
1.729791667E-1,-2.746582031E-4
1.730000000E-1,4.577636719E-4
1.730208333E-1,-3.051757812E-4
1.730416667E-1,-1.190185547E-3
1.730625000E-1,-3.356933594E-4
1.730833333E-1,-3.051757812E-5
1.731041667E-1,6.103515625E-4
1.731250000E-1,6.103515625E-5
1.731458333E-1,7.019042969E-4
1.731666667E-1,6.103515625E-4
1.731875000E-1,1.159667969E-3
1.732083333E-1,4.882812500E-4
1.732291667E-1,4.577636719E-4
1.732500000E-1,5.493164062E-4
1.732708333E-1,-9.460449219E-4
1.732916667E-1,2.441406250E-4
1.733125000E-1,-9.155273438E-4
1.733333333E-1,-3.051757812E-5
1.733541667E-1,-6.103515625E-4
1.733750000E-1,-1.342773438E-3
1.733958333E-1,-2.746582031E-4
1.734166667E-1,-3.051757812E-5
1.734375000E-1,5.798339844E-4
1.734583333E-1,3.051757812E-4
1.734791667E-1,4.577636719E-4
1.735000000E-1,7.934570312E-4
1.735208333E-1,-3.051757812E-4
1.735416667E-1,9.155273438E-5
1.735625000E-1,-3.051757812E-4
1.735833333E-1,-3.967285156E-4
1.736041667E-1,7.629394531E-4
1.736250000E-1,5.798339844E-4
1.736458333E-1,4.272460938E-4
1.736666667E-1,9.155273438E-4
1.736875000E-1,-4.882812500E-4
1.737083333E-1,-1.953125000E-3
1.737291667E-1,-1.251220703E-3
1.737500000E-1,-1.831054688E-4
1.737708333E-1,-2.441406250E-4
1.737916667E-1,4.882812500E-4
1.738125000E-1,3.356933594E-4
1.738333333E-1,3.967285156E-4
1.738541667E-1,-2.746582031E-4
1.738750000E-1,-3.051757812E-4
1.738958333E-1,1.647949219E-3
1.739166667E-1,9.765625000E-4
1.739375000E-1,5.187988281E-4
1.739583333E-1,-7.934570312E-4
1.739791667E-1,-1.525878906E-3
1.740000000E-1,-5.493164062E-4
1.740208333E-1,-4.882812500E-4
1.740416667E-1,1.342773438E-3
1.740625000E-1,6.103515625E-4
1.740833333E-1,6.103515625E-5
1.741041667E-1,1.129150391E-3
1.741250000E-1,5.493164062E-4
1.741458333E-1,1.464843750E-3
1.741666667E-1,6.103515625E-5
1.741875000E-1,3.967285156E-4
1.742083333E-1,-1.525878906E-4
1.742291667E-1,-1.037597656E-3
1.742500000E-1,-9.460449219E-4
1.742708333E-1,-6.103515625E-4
1.742916667E-1,-4.577636719E-4
1.743125000E-1,-6.408691406E-4
1.743333333E-1,2.441406250E-4
1.743541667E-1,-2.746582031E-4
1.743750000E-1,-4.882812500E-4
1.743958333E-1,-2.136230469E-4
1.744166667E-1,-2.746582031E-4
1.744375000E-1,-8.239746094E-4
1.744583333E-1,-3.662109375E-4
1.744791667E-1,6.103515625E-5
1.745000000E-1,-7.629394531E-4
1.745208333E-1,6.103515625E-5
1.745416667E-1,-4.577636719E-4
1.745625000E-1,-3.662109375E-4
1.745833333E-1,-1.281738281E-3
1.746041667E-1,-1.190185547E-3
1.746250000E-1,5.798339844E-4
1.746458333E-1,-9.155273438E-5
1.746666667E-1,8.544921875E-4
1.746875000E-1,3.967285156E-4
1.747083333E-1,-7.629394531E-4
1.747291667E-1,-6.103515625E-4
1.747500000E-1,-3.967285156E-4
1.747708333E-1,-6.103515625E-5
1.747916667E-1,-1.831054688E-3
1.748125000E-1,-4.577636719E-4
1.748333333E-1,-1.251220703E-3
1.748541667E-1,-7.934570312E-4
1.748750000E-1,1.007080078E-3
1.748958333E-1,-4.272460938E-4
1.749166667E-1,-6.713867188E-4
1.749375000E-1,-1.556396484E-3
1.749583333E-1,-8.544921875E-4
1.749791667E-1,-3.967285156E-4
1.750000000E-1,-3.967285156E-4
1.750208333E-1,-5.187988281E-4
1.750416667E-1,-6.103515625E-4
1.750625000E-1,-4.272460938E-4
1.750833333E-1,-8.850097656E-4
1.751041667E-1,-1.159667969E-3
1.751250000E-1,-1.220703125E-4
1.751458333E-1,-5.187988281E-4
1.751666667E-1,-6.103515625E-4
1.751875000E-1,6.408691406E-4
1.752083333E-1,-9.155273438E-4
1.752291667E-1,-1.220703125E-4
1.752500000E-1,-1.312255859E-3
1.752708333E-1,-2.166748047E-3
1.752916667E-1,-1.831054688E-4
1.753125000E-1,-1.403808594E-3
1.753333333E-1,-2.441406250E-4
1.753541667E-1,-2.136230469E-4
1.753750000E-1,-2.746582031E-4
1.753958333E-1,-7.019042969E-4
1.754166667E-1,-1.403808594E-3
1.754375000E-1,-6.103515625E-4
1.754583333E-1,-5.187988281E-4
1.754791667E-1,4.577636719E-4
1.755000000E-1,9.155273438E-5
1.755208333E-1,7.934570312E-4
1.755416667E-1,4.272460938E-4
1.755625000E-1,1.831054688E-4
1.755833333E-1,1.220703125E-4
1.756041667E-1,-7.934570312E-4
1.756250000E-1,-3.051757812E-5
1.756458333E-1,-1.159667969E-3
1.756666667E-1,-7.019042969E-4
1.756875000E-1,-4.882812500E-4
1.757083333E-1,-1.586914062E-3
1.757291667E-1,-4.272460938E-4
1.757500000E-1,-6.408691406E-4
1.757708333E-1,-5.493164062E-4
1.757916667E-1,1.495361328E-3
1.758125000E-1,6.408691406E-4
1.758333333E-1,-6.103515625E-4
1.758541667E-1,-4.577636719E-4
1.758750000E-1,-6.103515625E-5
1.758958333E-1,1.068115234E-3
1.759166667E-1,6.713867188E-4
1.759375000E-1,8.544921875E-4
1.759583333E-1,-8.239746094E-4
1.759791667E-1,-1.464843750E-3
1.760000000E-1,-1.007080078E-3
1.760208333E-1,-8.544921875E-4
1.760416667E-1,4.577636719E-4
1.760625000E-1,-1.831054688E-4
1.760833333E-1,-5.493164062E-4
1.761041667E-1,-3.051757812E-4
1.761250000E-1,-5.493164062E-4
1.761458333E-1,8.239746094E-4
1.761666667E-1,5.798339844E-4
1.761875000E-1,-5.187988281E-4
1.762083333E-1,-9.155273438E-4
1.762291667E-1,-1.434326172E-3
1.762500000E-1,-1.007080078E-3
1.762708333E-1,-8.544921875E-4
1.762916667E-1,-1.525878906E-4
1.763125000E-1,3.051757812E-4
1.763333333E-1,-2.441406250E-4
1.763541667E-1,-6.103515625E-5
1.763750000E-1,2.746582031E-4
1.763958333E-1,8.850097656E-4
1.764166667E-1,5.187988281E-4
1.764375000E-1,-2.746582031E-4
1.764583333E-1,-6.103515625E-5
1.764791667E-1,1.831054688E-4
1.765000000E-1,1.037597656E-3
1.765208333E-1,6.103515625E-4
1.765416667E-1,2.746582031E-4
1.765625000E-1,-3.967285156E-4
1.765833333E-1,-5.798339844E-4
1.766041667E-1,-3.662109375E-4
1.766250000E-1,-3.967285156E-4
1.766458333E-1,1.098632812E-3
1.766666667E-1,1.129150391E-3
1.766875000E-1,1.068115234E-3
1.767083333E-1,-6.103515625E-5
1.767291667E-1,-1.525878906E-4
1.767500000E-1,5.798339844E-4
1.767708333E-1,5.187988281E-4
1.767916667E-1,5.187988281E-4
1.768125000E-1,4.272460938E-4
1.768333333E-1,3.051757812E-5
1.768541667E-1,1.129150391E-3
1.768750000E-1,1.403808594E-3
1.768958333E-1,4.882812500E-4
1.769166667E-1,1.403808594E-3
1.769375000E-1,2.746582031E-4
1.769583333E-1,-8.239746094E-4
1.769791667E-1,3.051757812E-4
1.770000000E-1,-1.525878906E-4
1.770208333E-1,5.187988281E-4
1.770416667E-1,-3.356933594E-4
1.770625000E-1,-8.850097656E-4
1.770833333E-1,-4.882812500E-4
1.771041667E-1,-1.037597656E-3
1.771250000E-1,2.746582031E-4
1.771458333E-1,-2.136230469E-4
1.771666667E-1,8.850097656E-4
1.771875000E-1,2.441406250E-4
1.772083333E-1,-2.136230469E-4
1.772291667E-1,9.155273438E-5
1.772500000E-1,-1.708984375E-3
1.772708333E-1,-3.662109375E-4
1.772916667E-1,-1.434326172E-3
1.773125000E-1,-1.556396484E-3
1.773333333E-1,-3.662109375E-4
1.773541667E-1,-1.678466797E-3
1.773750000E-1,-1.220703125E-4
1.773958333E-1,-1.373291016E-3
1.774166667E-1,-3.356933594E-4
1.774375000E-1,-3.051757812E-4
1.774583333E-1,-1.403808594E-3
1.774791667E-1,-2.441406250E-4
1.775000000E-1,-2.044677734E-3
1.775208333E-1,-9.765625000E-4
1.775416667E-1,-1.678466797E-3
1.775625000E-1,-7.324218750E-4
1.775833333E-1,-7.019042969E-4
1.776041667E-1,-8.544921875E-4
1.776250000E-1,6.408691406E-4
1.776458333E-1,-1.068115234E-3
1.776666667E-1,7.324218750E-4
1.776875000E-1,4.577636719E-4
1.777083333E-1,7.629394531E-4
1.777291667E-1,1.190185547E-3
1.777500000E-1,3.967285156E-4
1.777708333E-1,7.629394531E-4
1.777916667E-1,-6.103515625E-4
1.778125000E-1,-9.155273438E-5
1.778333333E-1,-6.713867188E-4
1.778541667E-1,-1.831054688E-4
1.778750000E-1,9.765625000E-4
1.778958333E-1,8.544921875E-4
1.779166667E-1,1.586914062E-3
1.779375000E-1,6.713867188E-4
1.779583333E-1,1.129150391E-3
1.779791667E-1,3.356933594E-4
1.780000000E-1,-2.136230469E-4
1.780208333E-1,2.441406250E-4
1.780416667E-1,-9.460449219E-4
1.780625000E-1,4.577636719E-4
1.780833333E-1,-8.850097656E-4
1.781041667E-1,-1.068115234E-3
1.781250000E-1,7.629394531E-4
1.781458333E-1,7.324218750E-4
1.781666667E-1,6.103515625E-5
1.781875000E-1,3.051757812E-5
1.782083333E-1,-2.136230469E-4
1.782291667E-1,-1.190185547E-3
1.782500000E-1,-1.525878906E-4
1.782708333E-1,-5.798339844E-4
1.782916667E-1,-3.051757812E-4
1.783125000E-1,2.746582031E-4
1.783333333E-1,-2.136230469E-4
1.783541667E-1,-9.155273438E-5
1.783750000E-1,-3.051757812E-4
1.783958333E-1,1.220703125E-4
1.784166667E-1,-7.629394531E-4
1.784375000E-1,-3.051757812E-4
1.784583333E-1,-6.408691406E-4
1.784791667E-1,-1.159667969E-3
1.785000000E-1,-8.544921875E-4
1.785208333E-1,1.220703125E-4
1.785416667E-1,-2.441406250E-4
1.785625000E-1,1.525878906E-4
1.785833333E-1,1.220703125E-4
1.786041667E-1,2.746582031E-4
1.786250000E-1,9.155273438E-5
1.786458333E-1,-7.629394531E-4
1.786666667E-1,-9.155273438E-5
1.786875000E-1,-1.220703125E-3
1.787083333E-1,-2.441406250E-4
1.787291667E-1,7.629394531E-4
1.787500000E-1,-3.662109375E-4
1.787708333E-1,-6.103515625E-5
1.787916667E-1,2.441406250E-4
1.788125000E-1,-2.136230469E-4
1.788333333E-1,5.187988281E-4
1.788541667E-1,9.155273438E-4
1.788750000E-1,9.460449219E-4
1.788958333E-1,1.647949219E-3
1.789166667E-1,2.288818359E-3
1.789375000E-1,2.044677734E-3
1.789583333E-1,-6.103515625E-5
1.789791667E-1,-5.493164062E-4
1.790000000E-1,2.746582031E-4
1.790208333E-1,8.239746094E-4
1.790416667E-1,2.166748047E-3
1.790625000E-1,1.617431641E-3
1.790833333E-1,8.239746094E-4
1.791041667E-1,1.586914062E-3
1.791250000E-1,7.019042969E-4
1.791458333E-1,1.678466797E-3
1.791666667E-1,1.861572266E-3
1.791875000E-1,1.007080078E-3
1.792083333E-1,8.850097656E-4
1.792291667E-1,-2.136230469E-4
1.792500000E-1,-6.713867188E-4
1.792708333E-1,-7.019042969E-4
1.792916667E-1,5.187988281E-4
1.793125000E-1,0.000000000E0
1.793333333E-1,9.155273438E-5
1.793541667E-1,1.007080078E-3
1.793750000E-1,-1.525878906E-4
1.793958333E-1,-3.356933594E-4
1.794166667E-1,-1.525878906E-3
1.794375000E-1,-1.342773438E-3
1.794583333E-1,-1.220703125E-3
1.794791667E-1,-9.155273438E-4
1.795000000E-1,3.051757812E-5
1.795208333E-1,4.272460938E-4
1.795416667E-1,1.342773438E-3
1.795625000E-1,5.798339844E-4
1.795833333E-1,-3.356933594E-4
1.796041667E-1,-8.239746094E-4
1.796250000E-1,-5.798339844E-4
1.796458333E-1,-2.136230469E-4
1.796666667E-1,-2.136230469E-4
1.796875000E-1,1.190185547E-3
1.797083333E-1,1.342773438E-3
1.797291667E-1,5.493164062E-4
1.797500000E-1,4.882812500E-4
1.797708333E-1,0.000000000E0
1.797916667E-1,-1.159667969E-3
1.798125000E-1,-1.922607422E-3
1.798333333E-1,-1.464843750E-3
1.798541667E-1,-1.220703125E-3
1.798750000E-1,3.051757812E-4
1.798958333E-1,9.765625000E-4
1.799166667E-1,3.356933594E-4
1.799375000E-1,-3.967285156E-4
1.799583333E-1,-1.251220703E-3
1.799791667E-1,-1.342773438E-3
1.800000000E-1,-1.556396484E-3
1.800208333E-1,-1.342773438E-3
1.800416667E-1,3.356933594E-4
1.800625000E-1,1.831054688E-4
1.800833333E-1,1.831054688E-4
1.801041667E-1,-1.831054688E-4
1.801250000E-1,-9.155273438E-4
1.801458333E-1,-6.713867188E-4
1.801666667E-1,-9.460449219E-4
1.801875000E-1,-7.324218750E-4
1.802083333E-1,-1.831054688E-4
1.802291667E-1,-7.629394531E-4
1.802500000E-1,-1.129150391E-3
1.802708333E-1,2.746582031E-4
1.802916667E-1,3.051757812E-4
1.803125000E-1,3.967285156E-4
1.803333333E-1,-1.129150391E-3
1.803541667E-1,-2.075195312E-3
1.803750000E-1,-1.770019531E-3
1.803958333E-1,-1.159667969E-3
1.804166667E-1,-4.577636719E-4
1.804375000E-1,-4.272460938E-4
1.804583333E-1,1.892089844E-3
1.804791667E-1,7.934570312E-4
1.805000000E-1,5.187988281E-4
1.805208333E-1,1.190185547E-3
1.805416667E-1,3.051757812E-4
1.805625000E-1,2.136230469E-4
1.805833333E-1,1.312255859E-3
1.806041667E-1,1.800537109E-3
1.806250000E-1,4.882812500E-4
1.806458333E-1,5.187988281E-4
1.806666667E-1,-9.460449219E-4
1.806875000E-1,3.967285156E-4
1.807083333E-1,1.251220703E-3
1.807291667E-1,1.251220703E-3
1.807500000E-1,2.502441406E-3
1.807708333E-1,1.190185547E-3
1.807916667E-1,1.739501953E-3
1.808125000E-1,4.577636719E-4
1.808333333E-1,3.051757812E-5
1.808541667E-1,9.460449219E-4
1.808750000E-1,4.882812500E-4
1.808958333E-1,1.586914062E-3
1.809166667E-1,7.934570312E-4
1.809375000E-1,1.281738281E-3
1.809583333E-1,0.000000000E0
1.809791667E-1,-2.014160156E-3
1.810000000E-1,-8.544921875E-4
1.810208333E-1,-1.678466797E-3
1.810416667E-1,-1.007080078E-3
1.810625000E-1,-1.281738281E-3
1.810833333E-1,-1.281738281E-3
1.811041667E-1,-4.882812500E-4
1.811250000E-1,-7.019042969E-4
1.811458333E-1,-3.356933594E-4
1.811666667E-1,3.051757812E-5
1.811875000E-1,5.493164062E-4
1.812083333E-1,7.019042969E-4
1.812291667E-1,1.525878906E-4
1.812500000E-1,6.103515625E-4
1.812708333E-1,5.798339844E-4
1.812916667E-1,-2.746582031E-4
1.813125000E-1,3.051757812E-5
1.813333333E-1,8.239746094E-4
1.813541667E-1,2.136230469E-3
1.813750000E-1,2.746582031E-3
1.813958333E-1,8.850097656E-4
1.814166667E-1,2.441406250E-4
1.814375000E-1,5.493164062E-4
1.814583333E-1,6.713867188E-4
1.814791667E-1,8.850097656E-4
1.815000000E-1,4.272460938E-4
1.815208333E-1,1.251220703E-3
1.815416667E-1,7.934570312E-4
1.815625000E-1,7.629394531E-4
1.815833333E-1,3.662109375E-4
1.816041667E-1,3.356933594E-4
1.816250000E-1,1.007080078E-3
1.816458333E-1,1.525878906E-4
1.816666667E-1,1.190185547E-3
1.816875000E-1,1.251220703E-3
1.817083333E-1,1.098632812E-3
1.817291667E-1,1.098632812E-3
1.817500000E-1,9.155273438E-4
1.817708333E-1,2.441406250E-4
1.817916667E-1,1.220703125E-4
1.818125000E-1,3.051757812E-5
1.818333333E-1,-1.007080078E-3
1.818541667E-1,3.967285156E-4
1.818750000E-1,7.629394531E-4
1.818958333E-1,1.281738281E-3
1.819166667E-1,4.882812500E-4
1.819375000E-1,-9.155273438E-5
1.819583333E-1,-7.934570312E-4
1.819791667E-1,-1.556396484E-3
1.820000000E-1,-4.272460938E-4
1.820208333E-1,-1.403808594E-3
1.820416667E-1,-7.019042969E-4
1.820625000E-1,-7.019042969E-4
1.820833333E-1,-1.251220703E-3
1.821041667E-1,3.051757812E-4
1.821250000E-1,-8.850097656E-4
1.821458333E-1,-1.831054688E-4
1.821666667E-1,1.525878906E-4
1.821875000E-1,-4.272460938E-4
1.822083333E-1,-3.051757812E-5
1.822291667E-1,-1.098632812E-3
1.822500000E-1,-1.312255859E-3
1.822708333E-1,-1.037597656E-3
1.822916667E-1,2.746582031E-4
1.823125000E-1,1.373291016E-3
1.823333333E-1,1.525878906E-3
1.823541667E-1,2.288818359E-3
1.823750000E-1,2.105712891E-3
1.823958333E-1,6.103515625E-5
1.824166667E-1,-3.356933594E-4
1.824375000E-1,1.525878906E-4
1.824583333E-1,-7.629394531E-4
1.824791667E-1,-2.746582031E-4
1.825000000E-1,1.220703125E-3
1.825208333E-1,1.739501953E-3
1.825416667E-1,5.187988281E-4
1.825625000E-1,1.831054688E-4
1.825833333E-1,1.251220703E-3
1.826041667E-1,3.967285156E-4
1.826250000E-1,3.356933594E-4
1.826458333E-1,6.103515625E-5
1.826666667E-1,-8.544921875E-4
1.826875000E-1,-1.007080078E-3
1.827083333E-1,-8.239746094E-4
1.827291667E-1,-7.629394531E-4
1.827500000E-1,-1.342773438E-3
1.827708333E-1,-1.373291016E-3
1.827916667E-1,-1.159667969E-3
1.828125000E-1,-5.493164062E-4
1.828333333E-1,-9.460449219E-4
1.828541667E-1,-3.356933594E-4
1.828750000E-1,-1.220703125E-3
1.828958333E-1,-2.136230469E-3
1.829166667E-1,-1.800537109E-3
1.829375000E-1,-1.800537109E-3
1.829583333E-1,-1.037597656E-3
1.829791667E-1,-8.850097656E-4
1.830000000E-1,-2.441406250E-4
1.830208333E-1,-1.312255859E-3
1.830416667E-1,-1.464843750E-3
1.830625000E-1,-9.460449219E-4
1.830833333E-1,-1.922607422E-3
1.831041667E-1,-1.373291016E-3
1.831250000E-1,-1.342773438E-3
1.831458333E-1,-3.051757812E-5
1.831666667E-1,6.713867188E-4
1.831875000E-1,5.493164062E-4
1.832083333E-1,7.324218750E-4
1.832291667E-1,-2.746582031E-4
1.832500000E-1,6.713867188E-4
1.832708333E-1,-2.746582031E-4
1.832916667E-1,6.103515625E-5
1.833125000E-1,-1.190185547E-3
1.833333333E-1,-6.713867188E-4
1.833541667E-1,2.441406250E-4
1.833750000E-1,-7.934570312E-4
1.833958333E-1,9.155273438E-4
1.834166667E-1,7.629394531E-4
1.834375000E-1,1.556396484E-3
1.834583333E-1,-3.356933594E-4
1.834791667E-1,-7.324218750E-4
1.835000000E-1,6.103515625E-5
1.835208333E-1,-1.739501953E-3
1.835416667E-1,-1.068115234E-3
1.835625000E-1,-1.647949219E-3
1.835833333E-1,-1.586914062E-3
1.836041667E-1,-1.251220703E-3
1.836250000E-1,-2.075195312E-3
1.836458333E-1,-1.281738281E-3
1.836666667E-1,-9.765625000E-4
1.836875000E-1,-8.239746094E-4
1.837083333E-1,-1.800537109E-3
1.837291667E-1,-1.922607422E-3
1.837500000E-1,6.103515625E-5
1.837708333E-1,-1.281738281E-3
1.837916667E-1,9.155273438E-5
1.838125000E-1,8.239746094E-4
1.838333333E-1,5.187988281E-4
1.838541667E-1,2.502441406E-3
1.838750000E-1,1.647949219E-3
1.838958333E-1,2.075195312E-3
1.839166667E-1,1.342773438E-3
1.839375000E-1,7.934570312E-4
1.839583333E-1,9.155273438E-4
1.839791667E-1,-5.187988281E-4
1.840000000E-1,7.629394531E-4
1.840208333E-1,-3.967285156E-4
1.840416667E-1,8.239746094E-4
1.840625000E-1,1.281738281E-3
1.840833333E-1,-1.281738281E-3
1.841041667E-1,3.356933594E-4
1.841250000E-1,-9.460449219E-4
1.841458333E-1,6.103515625E-5
1.841666667E-1,-3.051757812E-5
1.841875000E-1,6.408691406E-4
1.842083333E-1,2.288818359E-3
1.842291667E-1,5.493164062E-4
1.842500000E-1,5.187988281E-4
1.842708333E-1,-7.629394531E-4
1.842916667E-1,-7.934570312E-4
1.843125000E-1,-1.831054688E-4
1.843333333E-1,4.272460938E-4
1.843541667E-1,5.187988281E-4
1.843750000E-1,1.586914062E-3
1.843958333E-1,1.770019531E-3
1.844166667E-1,2.136230469E-4
1.844375000E-1,5.798339844E-4
1.844583333E-1,2.136230469E-4
1.844791667E-1,-1.220703125E-4
1.845000000E-1,-3.356933594E-4
1.845208333E-1,-2.014160156E-3
1.845416667E-1,-1.586914062E-3
1.845625000E-1,-8.239746094E-4
1.845833333E-1,-2.319335938E-3
1.846041667E-1,-5.493164062E-4
1.846250000E-1,-1.068115234E-3
1.846458333E-1,-2.441406250E-3
1.846666667E-1,-1.739501953E-3
1.846875000E-1,-1.220703125E-3
1.847083333E-1,-1.403808594E-3
1.847291667E-1,-1.922607422E-3
1.847500000E-1,-1.129150391E-3
1.847708333E-1,-5.493164062E-4
1.847916667E-1,-1.800537109E-3
1.848125000E-1,-2.044677734E-3
1.848333333E-1,-1.678466797E-3
1.848541667E-1,-1.251220703E-3
1.848750000E-1,6.713867188E-4
1.848958333E-1,1.007080078E-3
1.849166667E-1,7.629394531E-4
1.849375000E-1,-3.967285156E-4
1.849583333E-1,4.882812500E-4
1.849791667E-1,1.068115234E-3
1.850000000E-1,1.617431641E-3
1.850208333E-1,2.349853516E-3
1.850416667E-1,1.007080078E-3
1.850625000E-1,1.342773438E-3
1.850833333E-1,1.281738281E-3
1.851041667E-1,1.586914062E-3
1.851250000E-1,1.831054688E-3
1.851458333E-1,1.556396484E-3
1.851666667E-1,-3.356933594E-4
1.851875000E-1,3.662109375E-4
1.852083333E-1,7.324218750E-4
1.852291667E-1,9.155273438E-5
1.852500000E-1,1.190185547E-3
1.852708333E-1,-1.251220703E-3
1.852916667E-1,-1.281738281E-3
1.853125000E-1,-4.882812500E-4
1.853333333E-1,-1.586914062E-3
1.853541667E-1,-3.662109375E-4
1.853750000E-1,-3.051757812E-5
1.853958333E-1,2.746582031E-4
1.854166667E-1,1.708984375E-3
1.854375000E-1,1.007080078E-3
1.854583333E-1,5.187988281E-4
1.854791667E-1,3.356933594E-4
1.855000000E-1,-6.408691406E-4
1.855208333E-1,2.136230469E-4
1.855416667E-1,1.525878906E-4
1.855625000E-1,9.460449219E-4
1.855833333E-1,0.000000000E0
1.856041667E-1,-5.798339844E-4
1.856250000E-1,9.155273438E-4
1.856458333E-1,9.155273438E-5
1.856666667E-1,5.798339844E-4
1.856875000E-1,-7.934570312E-4
1.857083333E-1,-7.629394531E-4
1.857291667E-1,3.051757812E-5
1.857500000E-1,-1.953125000E-3
1.857708333E-1,-1.373291016E-3
1.857916667E-1,-8.850097656E-4
1.858125000E-1,-7.019042969E-4
1.858333333E-1,-1.220703125E-4
1.858541667E-1,-7.934570312E-4
1.858750000E-1,-1.098632812E-3
1.858958333E-1,-7.019042969E-4
1.859166667E-1,-1.831054688E-4
1.859375000E-1,9.765625000E-4
1.859583333E-1,1.129150391E-3
1.859791667E-1,1.770019531E-3
1.860000000E-1,9.765625000E-4
1.860208333E-1,1.861572266E-3
1.860416667E-1,1.403808594E-3
1.860625000E-1,3.967285156E-4
1.860833333E-1,2.716064453E-3
1.861041667E-1,1.983642578E-3
1.861250000E-1,2.655029297E-3
1.861458333E-1,2.044677734E-3
1.861666667E-1,3.570556641E-3
1.861875000E-1,3.051757812E-3
1.862083333E-1,1.800537109E-3
1.862291667E-1,1.647949219E-3
1.862500000E-1,1.220703125E-3
1.862708333E-1,2.197265625E-3
1.862916667E-1,1.190185547E-3
1.863125000E-1,1.770019531E-3
1.863333333E-1,3.662109375E-4
1.863541667E-1,-6.408691406E-4
1.863750000E-1,2.136230469E-4
1.863958333E-1,8.544921875E-4
1.864166667E-1,8.850097656E-4
1.864375000E-1,-1.037597656E-3
1.864583333E-1,-1.068115234E-3
1.864791667E-1,-1.647949219E-3
1.865000000E-1,-1.220703125E-3
1.865208333E-1,2.136230469E-4
1.865416667E-1,6.713867188E-4
1.865625000E-1,9.765625000E-4
1.865833333E-1,3.662109375E-4
1.866041667E-1,8.850097656E-4
1.866250000E-1,0.000000000E0
1.866458333E-1,1.373291016E-3
1.866666667E-1,9.765625000E-4
1.866875000E-1,9.155273438E-5
1.867083333E-1,1.770019531E-3
1.867291667E-1,2.014160156E-3
1.867500000E-1,2.807617188E-3
1.867708333E-1,2.197265625E-3
1.867916667E-1,1.617431641E-3
1.868125000E-1,7.324218750E-4
1.868333333E-1,2.227783203E-3
1.868541667E-1,1.953125000E-3
1.868750000E-1,1.007080078E-3
1.868958333E-1,1.922607422E-3
1.869166667E-1,7.629394531E-4
1.869375000E-1,1.068115234E-3
1.869583333E-1,-2.136230469E-4
1.869791667E-1,1.525878906E-4
1.870000000E-1,-1.068115234E-3
1.870208333E-1,6.713867188E-4
1.870416667E-1,1.190185547E-3
1.870625000E-1,4.882812500E-4
1.870833333E-1,1.525878906E-3
1.871041667E-1,-1.831054688E-4
1.871250000E-1,1.586914062E-3
1.871458333E-1,6.408691406E-4
1.871666667E-1,-6.103515625E-5
1.871875000E-1,1.098632812E-3
1.872083333E-1,3.051757812E-5
1.872291667E-1,4.272460938E-4
1.872500000E-1,-2.441406250E-4
1.872708333E-1,-3.051757812E-5
1.872916667E-1,8.544921875E-4
1.873125000E-1,8.239746094E-4
1.873333333E-1,1.373291016E-3
1.873541667E-1,1.190185547E-3
1.873750000E-1,1.251220703E-3
1.873958333E-1,3.967285156E-4
1.874166667E-1,-1.831054688E-3
1.874375000E-1,-2.746582031E-3
1.874583333E-1,-3.234863281E-3
1.874791667E-1,-2.685546875E-3
1.875000000E-1,-7.324218750E-4
1.875208333E-1,2.441406250E-4
1.875416667E-1,-3.051757812E-5
1.875625000E-1,-1.525878906E-4
1.875833333E-1,-1.159667969E-3
1.876041667E-1,-2.105712891E-3
1.876250000E-1,-1.007080078E-3
1.876458333E-1,8.239746094E-4
1.876666667E-1,3.356933594E-4
1.876875000E-1,-4.882812500E-4
1.877083333E-1,-2.136230469E-3
1.877291667E-1,-1.678466797E-3
1.877500000E-1,-1.739501953E-3
1.877708333E-1,-9.155273438E-4
1.877916667E-1,3.356933594E-4
1.878125000E-1,-1.007080078E-3
1.878333333E-1,-2.441406250E-4
1.878541667E-1,-5.493164062E-4
1.878750000E-1,-1.373291016E-3
1.878958333E-1,-1.068115234E-3
1.879166667E-1,-1.464843750E-3
1.879375000E-1,-1.708984375E-3
1.879583333E-1,-1.983642578E-3
1.879791667E-1,-1.647949219E-3
1.880000000E-1,-1.068115234E-3
1.880208333E-1,-1.312255859E-3
1.880416667E-1,-2.441406250E-4
1.880625000E-1,5.798339844E-4
1.880833333E-1,7.629394531E-4
1.881041667E-1,4.882812500E-4
1.881250000E-1,-3.967285156E-4
1.881458333E-1,1.190185547E-3
1.881666667E-1,2.441406250E-4
1.881875000E-1,4.882812500E-4
1.882083333E-1,1.525878906E-4
1.882291667E-1,-8.239746094E-4
1.882500000E-1,-9.155273438E-5
1.882708333E-1,-6.408691406E-4
1.882916667E-1,-5.798339844E-4
1.883125000E-1,2.136230469E-4
1.883333333E-1,3.662109375E-4
1.883541667E-1,-5.187988281E-4
1.883750000E-1,-3.051757812E-4
1.883958333E-1,2.746582031E-4
1.884166667E-1,1.220703125E-3
1.884375000E-1,3.051757812E-4
1.884583333E-1,3.356933594E-4
1.884791667E-1,5.798339844E-4
1.885000000E-1,1.525878906E-4
1.885208333E-1,-3.051757812E-5
1.885416667E-1,-7.324218750E-4
1.885625000E-1,-1.708984375E-3
1.885833333E-1,-1.678466797E-3
1.886041667E-1,-1.373291016E-3
1.886250000E-1,-1.739501953E-3
1.886458333E-1,-1.342773438E-3
1.886666667E-1,-2.990722656E-3
1.886875000E-1,-1.800537109E-3
1.887083333E-1,-1.617431641E-3
1.887291667E-1,-2.136230469E-4
1.887500000E-1,9.155273438E-4
1.887708333E-1,-3.967285156E-4
1.887916667E-1,1.434326172E-3
1.888125000E-1,1.251220703E-3
1.888333333E-1,5.493164062E-4
1.888541667E-1,-3.967285156E-4
1.888750000E-1,4.882812500E-4
1.888958333E-1,8.239746094E-4
1.889166667E-1,-8.850097656E-4
1.889375000E-1,1.220703125E-4
1.889583333E-1,-5.798339844E-4
1.889791667E-1,-2.105712891E-3
1.890000000E-1,-2.288818359E-3
1.890208333E-1,-2.777099609E-3
1.890416667E-1,-1.403808594E-3
1.890625000E-1,-1.129150391E-3
1.890833333E-1,-2.136230469E-3
1.891041667E-1,-1.312255859E-3
1.891250000E-1,-2.105712891E-3
1.891458333E-1,-2.471923828E-3
1.891666667E-1,-2.075195312E-3
1.891875000E-1,-2.960205078E-3
1.892083333E-1,-2.593994141E-3
1.892291667E-1,-2.349853516E-3
1.892500000E-1,3.967285156E-4
1.892708333E-1,1.861572266E-3
1.892916667E-1,1.892089844E-3
1.893125000E-1,2.838134766E-3
1.893333333E-1,1.922607422E-3
1.893541667E-1,2.685546875E-3
1.893750000E-1,1.617431641E-3
1.893958333E-1,2.075195312E-3
1.894166667E-1,3.326416016E-3
1.894375000E-1,2.624511719E-3
1.894583333E-1,4.333496094E-3
1.894791667E-1,3.082275391E-3
1.895000000E-1,3.295898438E-3
1.895208333E-1,2.899169922E-3
1.895416667E-1,2.471923828E-3
1.895625000E-1,3.784179688E-3
1.895833333E-1,2.197265625E-3
1.896041667E-1,3.051757812E-3
1.896250000E-1,3.265380859E-3
1.896458333E-1,2.166748047E-3
1.896666667E-1,6.713867188E-4
1.896875000E-1,-3.051757812E-4
1.897083333E-1,2.136230469E-4
1.897291667E-1,-1.037597656E-3
1.897500000E-1,-2.166748047E-3
1.897708333E-1,-1.739501953E-3
1.897916667E-1,-2.288818359E-3
1.898125000E-1,-1.403808594E-3
1.898333333E-1,-1.586914062E-3
1.898541667E-1,-1.953125000E-3
1.898750000E-1,0.000000000E0
1.898958333E-1,-1.373291016E-3
1.899166667E-1,-1.190185547E-3
1.899375000E-1,-2.075195312E-3
1.899583333E-1,-2.136230469E-3
1.899791667E-1,-7.934570312E-4
1.900000000E-1,-2.044677734E-3
1.900208333E-1,-4.577636719E-4
1.900416667E-1,-1.495361328E-3
1.900625000E-1,-4.577636719E-4
1.900833333E-1,-8.239746094E-4
1.901041667E-1,-3.967285156E-4
1.901250000E-1,1.464843750E-3
1.901458333E-1,1.251220703E-3
1.901666667E-1,1.892089844E-3
1.901875000E-1,2.197265625E-3
1.902083333E-1,1.678466797E-3
1.902291667E-1,1.251220703E-3
1.902500000E-1,1.159667969E-3
1.902708333E-1,-2.136230469E-4
1.902916667E-1,-3.051757812E-5
1.903125000E-1,7.019042969E-4
1.903333333E-1,-2.441406250E-4
1.903541667E-1,-7.324218750E-4
1.903750000E-1,-6.103515625E-5
1.903958333E-1,1.220703125E-4
1.904166667E-1,-3.967285156E-4
1.904375000E-1,9.155273438E-5
1.904583333E-1,1.342773438E-3
1.904791667E-1,8.239746094E-4
1.905000000E-1,1.495361328E-3
1.905208333E-1,2.044677734E-3
1.905416667E-1,1.312255859E-3
1.905625000E-1,2.227783203E-3
1.905833333E-1,1.892089844E-3
1.906041667E-1,2.014160156E-3
1.906250000E-1,1.953125000E-3
1.906458333E-1,5.798339844E-4
1.906666667E-1,1.556396484E-3
1.906875000E-1,0.000000000E0
1.907083333E-1,-3.662109375E-4
1.907291667E-1,-4.577636719E-4
1.907500000E-1,-1.220703125E-4
1.907708333E-1,1.525878906E-4
1.907916667E-1,-1.220703125E-4
1.908125000E-1,-1.220703125E-4
1.908333333E-1,-6.103515625E-4
1.908541667E-1,-2.197265625E-3
1.908750000E-1,-3.021240234E-3
1.908958333E-1,-2.502441406E-3
1.909166667E-1,-3.204345703E-3
1.909375000E-1,-2.441406250E-3
1.909583333E-1,-2.746582031E-3
1.909791667E-1,-2.777099609E-3
1.910000000E-1,-2.288818359E-3
1.910208333E-1,-1.007080078E-3
1.910416667E-1,2.746582031E-4
1.910625000E-1,1.007080078E-3
1.910833333E-1,2.136230469E-3
1.911041667E-1,2.227783203E-3
1.911250000E-1,2.746582031E-3
1.911458333E-1,3.448486328E-3
1.911666667E-1,4.180908203E-3
1.911875000E-1,4.821777344E-3
1.912083333E-1,4.516601562E-3
1.912291667E-1,4.302978516E-3
1.912500000E-1,3.387451172E-3
1.912708333E-1,3.479003906E-3
1.912916667E-1,3.143310547E-3
1.913125000E-1,2.410888672E-3
1.913333333E-1,3.204345703E-3
1.913541667E-1,8.239746094E-4
1.913750000E-1,9.155273438E-4
1.913958333E-1,1.831054688E-3
1.914166667E-1,1.220703125E-3
1.914375000E-1,3.417968750E-3
1.914583333E-1,3.082275391E-3
1.914791667E-1,2.990722656E-3
1.915000000E-1,9.155273438E-4
1.915208333E-1,-7.324218750E-4
1.915416667E-1,-1.647949219E-3
1.915625000E-1,-3.326416016E-3
1.915833333E-1,-3.234863281E-3
1.916041667E-1,-3.875732422E-3
1.916250000E-1,-3.753662109E-3
1.916458333E-1,-3.540039062E-3
1.916666667E-1,-3.021240234E-3
1.916875000E-1,-3.845214844E-3
1.917083333E-1,-2.563476562E-3
1.917291667E-1,-1.159667969E-3
1.917500000E-1,-5.798339844E-4
1.917708333E-1,1.800537109E-3
1.917916667E-1,2.746582031E-4
1.918125000E-1,9.155273438E-4
1.918333333E-1,7.324218750E-4
1.918541667E-1,9.155273438E-4
1.918750000E-1,1.617431641E-3
1.918958333E-1,8.239746094E-4
1.919166667E-1,2.044677734E-3
1.919375000E-1,2.593994141E-3
1.919583333E-1,1.983642578E-3
1.919791667E-1,2.807617188E-3
1.920000000E-1,2.502441406E-3
1.920208333E-1,2.288818359E-3
1.920416667E-1,2.624511719E-3
1.920625000E-1,1.922607422E-3
1.920833333E-1,2.838134766E-3
1.921041667E-1,1.708984375E-3
1.921250000E-1,2.044677734E-3
1.921458333E-1,1.342773438E-3
1.921666667E-1,3.967285156E-4
1.921875000E-1,8.544921875E-4
1.922083333E-1,0.000000000E0
1.922291667E-1,-3.356933594E-4
1.922500000E-1,3.662109375E-4
1.922708333E-1,1.525878906E-4
1.922916667E-1,0.000000000E0
1.923125000E-1,9.155273438E-5
1.923333333E-1,-6.408691406E-4
1.923541667E-1,-7.934570312E-4
1.923750000E-1,-7.934570312E-4
1.923958333E-1,-9.765625000E-4
1.924166667E-1,-1.800537109E-3
1.924375000E-1,-1.647949219E-3
1.924583333E-1,-2.319335938E-3
1.924791667E-1,-2.105712891E-3
1.925000000E-1,-3.356933594E-4
1.925208333E-1,-9.765625000E-4
1.925416667E-1,-1.647949219E-3
1.925625000E-1,-2.624511719E-3
1.925833333E-1,-3.753662109E-3
1.926041667E-1,-2.655029297E-3
1.926250000E-1,-2.319335938E-3
1.926458333E-1,-2.258300781E-3
1.926666667E-1,-2.777099609E-3
1.926875000E-1,-2.197265625E-3
1.927083333E-1,-1.037597656E-3
1.927291667E-1,-1.403808594E-3
1.927500000E-1,-1.037597656E-3
1.927708333E-1,9.155273438E-5
1.927916667E-1,9.155273438E-4
1.928125000E-1,3.051757812E-4
1.928333333E-1,9.155273438E-5
1.928541667E-1,-8.239746094E-4
1.928750000E-1,-1.953125000E-3
1.928958333E-1,-1.586914062E-3
1.929166667E-1,-7.934570312E-4
1.929375000E-1,6.103515625E-5
1.929583333E-1,1.525878906E-4
1.929791667E-1,3.356933594E-4
1.930000000E-1,1.678466797E-3
1.930208333E-1,9.460449219E-4
1.930416667E-1,5.493164062E-4
1.930625000E-1,1.129150391E-3
1.930833333E-1,7.629394531E-4
1.931041667E-1,1.068115234E-3
1.931250000E-1,1.556396484E-3
1.931458333E-1,1.708984375E-3
1.931666667E-1,1.037597656E-3
1.931875000E-1,-1.190185547E-3
1.932083333E-1,-2.105712891E-3
1.932291667E-1,-2.410888672E-3
1.932500000E-1,-3.631591797E-3
1.932708333E-1,-4.180908203E-3
1.932916667E-1,-3.631591797E-3
1.933125000E-1,-2.777099609E-3
1.933333333E-1,-2.716064453E-3
1.933541667E-1,-3.753662109E-3
1.933750000E-1,-5.004882812E-3
1.933958333E-1,-5.645751953E-3
1.934166667E-1,-7.202148438E-3
1.934375000E-1,-8.239746094E-3
1.934583333E-1,-7.019042969E-3
1.934791667E-1,-6.835937500E-3
1.935000000E-1,-6.744384766E-3
1.935208333E-1,-6.591796875E-3
1.935416667E-1,-6.225585938E-3
1.935625000E-1,-3.845214844E-3
1.935833333E-1,-3.234863281E-3
1.936041667E-1,-4.180908203E-3
1.936250000E-1,-2.532958984E-3
1.936458333E-1,-2.075195312E-3
1.936666667E-1,-2.746582031E-3
1.936875000E-1,-2.502441406E-3
1.937083333E-1,-3.051757812E-4
1.937291667E-1,6.408691406E-4
1.937500000E-1,1.098632812E-3
1.937708333E-1,4.272460938E-3
1.937916667E-1,3.723144531E-3
1.938125000E-1,5.065917969E-3
1.938333333E-1,5.493164062E-3
1.938541667E-1,5.310058594E-3
1.938750000E-1,4.486083984E-3
1.938958333E-1,5.676269531E-3
1.939166667E-1,5.035400391E-3
1.939375000E-1,2.624511719E-3
1.939583333E-1,2.227783203E-3
1.939791667E-1,-6.408691406E-4
1.940000000E-1,-9.155273438E-4
1.940208333E-1,-2.014160156E-3
1.940416667E-1,-6.713867188E-4
1.940625000E-1,-1.159667969E-3
1.940833333E-1,1.831054688E-4
1.941041667E-1,1.098632812E-3
1.941250000E-1,-3.051757812E-5
1.941458333E-1,2.136230469E-4
1.941666667E-1,-2.838134766E-3
1.941875000E-1,-1.464843750E-3
1.942083333E-1,-3.051757812E-3
1.942291667E-1,-3.906250000E-3
1.942500000E-1,-3.021240234E-3
1.942708333E-1,-4.760742188E-3
1.942916667E-1,-3.082275391E-3
1.943125000E-1,-3.479003906E-3
1.943333333E-1,-2.227783203E-3
1.943541667E-1,-1.586914062E-3
1.943750000E-1,-1.068115234E-3
1.943958333E-1,-1.007080078E-3
1.944166667E-1,-1.068115234E-3
1.944375000E-1,7.324218750E-4
1.944583333E-1,7.934570312E-4
1.944791667E-1,1.251220703E-3
1.945000000E-1,6.713867188E-4
1.945208333E-1,1.342773438E-3
1.945416667E-1,1.922607422E-3
1.945625000E-1,1.922607422E-3
1.945833333E-1,1.953125000E-3
1.946041667E-1,2.258300781E-3
1.946250000E-1,2.655029297E-3
1.946458333E-1,2.960205078E-3
1.946666667E-1,3.784179688E-3
1.946875000E-1,4.364013672E-3
1.947083333E-1,3.784179688E-3
1.947291667E-1,3.021240234E-3
1.947500000E-1,3.173828125E-3
1.947708333E-1,1.647949219E-3
1.947916667E-1,2.624511719E-3
1.948125000E-1,7.629394531E-4
1.948333333E-1,9.155273438E-5
1.948541667E-1,2.136230469E-4
1.948750000E-1,-3.051757812E-5
1.948958333E-1,2.441406250E-4
1.949166667E-1,-6.713867188E-4
1.949375000E-1,-9.155273438E-5
1.949583333E-1,-1.068115234E-3
1.949791667E-1,-3.356933594E-4
1.950000000E-1,3.356933594E-4
1.950208333E-1,2.227783203E-3
1.950416667E-1,3.204345703E-3
1.950625000E-1,4.089355469E-3
1.950833333E-1,4.943847656E-3
1.951041667E-1,4.028320312E-3
1.951250000E-1,3.265380859E-3
1.951458333E-1,2.197265625E-3
1.951666667E-1,1.068115234E-3
1.951875000E-1,-3.662109375E-4
1.952083333E-1,-1.953125000E-3
1.952291667E-1,-9.155273438E-4
1.952500000E-1,1.220703125E-4
1.952708333E-1,1.678466797E-3
1.952916667E-1,2.258300781E-3
1.953125000E-1,1.800537109E-3
1.953333333E-1,2.502441406E-3
1.953541667E-1,1.373291016E-3
1.953750000E-1,9.155273438E-4
1.953958333E-1,4.577636719E-4
1.954166667E-1,-6.103515625E-5
1.954375000E-1,-4.882812500E-4
1.954583333E-1,-1.953125000E-3
1.954791667E-1,-1.678466797E-3
1.955000000E-1,-6.408691406E-4
1.955208333E-1,-1.068115234E-3
1.955416667E-1,-6.103515625E-4
1.955625000E-1,3.051757812E-4
1.955833333E-1,1.220703125E-4
1.956041667E-1,1.220703125E-3
1.956250000E-1,2.838134766E-3
1.956458333E-1,2.105712891E-3
1.956666667E-1,1.098632812E-3
1.956875000E-1,9.155273438E-4
1.957083333E-1,1.464843750E-3
1.957291667E-1,1.159667969E-3
1.957500000E-1,2.685546875E-3
1.957708333E-1,2.471923828E-3
1.957916667E-1,1.678466797E-3
1.958125000E-1,1.525878906E-3
1.958333333E-1,-8.239746094E-4
1.958541667E-1,-7.019042969E-4
1.958750000E-1,-2.624511719E-3
1.958958333E-1,-6.713867188E-4
1.959166667E-1,6.103515625E-4
1.959375000E-1,1.220703125E-4
1.959583333E-1,2.441406250E-3
1.959791667E-1,2.014160156E-3
1.960000000E-1,2.258300781E-3
1.960208333E-1,-5.187988281E-4
1.960416667E-1,-7.019042969E-4
1.960625000E-1,-2.136230469E-4
1.960833333E-1,-2.593994141E-3
1.961041667E-1,-2.319335938E-3
1.961250000E-1,-3.356933594E-3
1.961458333E-1,-1.129150391E-3
1.961666667E-1,-1.129150391E-3
1.961875000E-1,-1.129150391E-3
1.962083333E-1,-1.617431641E-3
1.962291667E-1,-3.692626953E-3
1.962500000E-1,-2.471923828E-3
1.962708333E-1,-3.448486328E-3
1.962916667E-1,-9.460449219E-4
1.963125000E-1,-1.007080078E-3
1.963333333E-1,1.831054688E-4
1.963541667E-1,-8.850097656E-4
1.963750000E-1,-2.349853516E-3
1.963958333E-1,-1.556396484E-3
1.964166667E-1,-2.075195312E-3
1.964375000E-1,-5.187988281E-4
1.964583333E-1,-2.075195312E-3
1.964791667E-1,-1.068115234E-3
1.965000000E-1,-6.103515625E-4
1.965208333E-1,7.324218750E-4
1.965416667E-1,2.258300781E-3
1.965625000E-1,2.838134766E-3
1.965833333E-1,4.241943359E-3
1.966041667E-1,4.913330078E-3
1.966250000E-1,6.134033203E-3
1.966458333E-1,5.065917969E-3
1.966666667E-1,5.340576172E-3
1.966875000E-1,4.699707031E-3
1.967083333E-1,2.471923828E-3
1.967291667E-1,2.471923828E-3
1.967500000E-1,2.899169922E-3
1.967708333E-1,4.150390625E-3
1.967916667E-1,3.173828125E-3
1.968125000E-1,1.647949219E-3
1.968333333E-1,-5.798339844E-4
1.968541667E-1,-3.662109375E-3
1.968750000E-1,-3.417968750E-3
1.968958333E-1,-5.187988281E-3
1.969166667E-1,-5.096435547E-3
1.969375000E-1,-6.225585938E-3
1.969583333E-1,-7.446289062E-3
1.969791667E-1,-6.134033203E-3
1.970000000E-1,-5.584716797E-3
1.970208333E-1,-4.211425781E-3
1.970416667E-1,-4.180908203E-3
1.970625000E-1,-3.784179688E-3
1.970833333E-1,-1.831054688E-3
1.971041667E-1,-4.577636719E-4
1.971250000E-1,1.922607422E-3
1.971458333E-1,2.655029297E-3
1.971666667E-1,1.953125000E-3
1.971875000E-1,2.288818359E-3
1.972083333E-1,1.434326172E-3
1.972291667E-1,2.380371094E-3
1.972500000E-1,3.417968750E-3
1.972708333E-1,2.502441406E-3
1.972916667E-1,5.371093750E-3
1.973125000E-1,5.126953125E-3
1.973333333E-1,4.730224609E-3
1.973541667E-1,4.760742188E-3
1.973750000E-1,4.119873047E-3
1.973958333E-1,5.004882812E-3
1.974166667E-1,3.601074219E-3
1.974375000E-1,3.631591797E-3
1.974583333E-1,3.997802734E-3
1.974791667E-1,3.326416016E-3
1.975000000E-1,3.631591797E-3
1.975208333E-1,3.265380859E-3
1.975416667E-1,2.014160156E-3
1.975625000E-1,2.136230469E-3
1.975833333E-1,1.770019531E-3
1.976041667E-1,-1.831054688E-4
1.976250000E-1,3.051757812E-5
1.976458333E-1,-1.098632812E-3
1.976666667E-1,-1.525878906E-3
1.976875000E-1,-1.647949219E-3
1.977083333E-1,-3.051757812E-3
1.977291667E-1,-1.312255859E-3
1.977500000E-1,-1.037597656E-3
1.977708333E-1,-1.190185547E-3
1.977916667E-1,-1.861572266E-3
1.978125000E-1,-1.983642578E-3
1.978333333E-1,-2.136230469E-3
1.978541667E-1,-3.387451172E-3
1.978750000E-1,-4.119873047E-3
1.978958333E-1,-4.272460938E-3
1.979166667E-1,-4.577636719E-3
1.979375000E-1,-3.906250000E-3
1.979583333E-1,-4.333496094E-3
1.979791667E-1,-5.310058594E-3
1.980000000E-1,-5.798339844E-3
1.980208333E-1,-6.317138672E-3
1.980416667E-1,-4.974365234E-3
1.980625000E-1,-4.119873047E-3
1.980833333E-1,-1.281738281E-3
1.981041667E-1,9.155273438E-4
1.981250000E-1,8.850097656E-4
1.981458333E-1,2.136230469E-4
1.981666667E-1,-6.713867188E-4
1.981875000E-1,4.272460938E-4
1.982083333E-1,1.861572266E-3
1.982291667E-1,2.166748047E-3
1.982500000E-1,2.319335938E-3
1.982708333E-1,1.464843750E-3
1.982916667E-1,2.380371094E-3
1.983125000E-1,1.251220703E-3
1.983333333E-1,1.281738281E-3
1.983541667E-1,2.288818359E-3
1.983750000E-1,7.019042969E-4
1.983958333E-1,1.464843750E-3
1.984166667E-1,5.187988281E-4
1.984375000E-1,0.000000000E0
1.984583333E-1,0.000000000E0
1.984791667E-1,-1.495361328E-3
1.985000000E-1,-1.983642578E-3
1.985208333E-1,-2.532958984E-3
1.985416667E-1,-3.692626953E-3
1.985625000E-1,-5.554199219E-3
1.985833333E-1,-5.737304688E-3
1.986041667E-1,-5.859375000E-3
1.986250000E-1,-5.462646484E-3
1.986458333E-1,-5.737304688E-3
1.986666667E-1,-6.011962891E-3
1.986875000E-1,-5.432128906E-3
1.987083333E-1,-6.347656250E-3
1.987291667E-1,-4.638671875E-3
1.987500000E-1,-3.601074219E-3
1.987708333E-1,-1.373291016E-3
1.987916667E-1,-1.068115234E-3
1.988125000E-1,-1.617431641E-3
1.988333333E-1,1.525878906E-4
1.988541667E-1,-3.051757812E-4
1.988750000E-1,2.746582031E-4
1.988958333E-1,-3.051757812E-4
1.989166667E-1,-7.019042969E-4
1.989375000E-1,-4.272460938E-4
1.989583333E-1,2.136230469E-4
1.989791667E-1,-6.408691406E-4
1.990000000E-1,-2.258300781E-3
1.990208333E-1,-3.326416016E-3
1.990416667E-1,-3.631591797E-3
1.990625000E-1,-2.990722656E-3
1.990833333E-1,-1.525878906E-3
1.991041667E-1,-1.068115234E-3
1.991250000E-1,-1.159667969E-3
1.991458333E-1,-1.312255859E-3
1.991666667E-1,-3.479003906E-3
1.991875000E-1,-2.899169922E-3
1.992083333E-1,-1.647949219E-3
1.992291667E-1,-5.187988281E-4
1.992500000E-1,2.258300781E-3
1.992708333E-1,3.326416016E-3
1.992916667E-1,3.082275391E-3
1.993125000E-1,2.899169922E-3
1.993333333E-1,3.570556641E-3
1.993541667E-1,2.929687500E-3
1.993750000E-1,2.136230469E-3
1.993958333E-1,2.593994141E-3
1.994166667E-1,2.319335938E-3
1.994375000E-1,3.570556641E-3
1.994583333E-1,4.730224609E-3
1.994791667E-1,4.608154297E-3
1.995000000E-1,5.187988281E-3
1.995208333E-1,3.784179688E-3
1.995416667E-1,2.838134766E-3
1.995625000E-1,2.716064453E-3
1.995833333E-1,2.716064453E-3
1.996041667E-1,3.570556641E-3
1.996250000E-1,4.669189453E-3
1.996458333E-1,4.058837891E-3
1.996666667E-1,9.155273438E-4
1.996875000E-1,-2.441406250E-4
1.997083333E-1,-9.155273438E-4
1.997291667E-1,-2.349853516E-3
1.997500000E-1,-1.220703125E-3
1.997708333E-1,1.556396484E-3
1.997916667E-1,2.044677734E-3
1.998125000E-1,7.934570312E-4
1.998333333E-1,6.103515625E-4
1.998541667E-1,-3.967285156E-4
1.998750000E-1,1.586914062E-3
1.998958333E-1,7.324218750E-4
1.999166667E-1,1.586914062E-3
1.999375000E-1,2.014160156E-3
1.999583333E-1,5.493164062E-4
1.999791667E-1,3.570556641E-3
2.000000000E-1,3.112792969E-3
2.000208333E-1,5.828857422E-3
2.000416667E-1,5.187988281E-3
2.000625000E-1,6.164550781E-3
2.000833333E-1,7.965087891E-3
2.001041667E-1,6.439208984E-3
2.001250000E-1,6.256103516E-3
2.001458333E-1,3.204345703E-3
2.001666667E-1,3.936767578E-3
2.001875000E-1,2.197265625E-3
2.002083333E-1,6.713867188E-4
2.002291667E-1,2.410888672E-3
2.002500000E-1,7.019042969E-4
2.002708333E-1,4.577636719E-4
2.002916667E-1,-1.525878906E-4
2.003125000E-1,-1.281738281E-3
2.003333333E-1,-3.967285156E-4
2.003541667E-1,-6.103515625E-5
2.003750000E-1,-6.408691406E-4
2.003958333E-1,-4.577636719E-4
2.004166667E-1,1.800537109E-3
2.004375000E-1,2.136230469E-3
2.004583333E-1,4.821777344E-3
2.004791667E-1,6.256103516E-3
2.005000000E-1,6.378173828E-3
2.005208333E-1,5.432128906E-3
2.005416667E-1,2.532958984E-3
2.005625000E-1,1.495361328E-3
2.005833333E-1,-1.220703125E-3
2.006041667E-1,-7.934570312E-4
2.006250000E-1,-1.037597656E-3
2.006458333E-1,-1.007080078E-3
2.006666667E-1,3.051757812E-5
2.006875000E-1,0.000000000E0
2.007083333E-1,7.324218750E-4
2.007291667E-1,-1.220703125E-4
2.007500000E-1,7.934570312E-4
2.007708333E-1,-2.807617188E-3
2.007916667E-1,-4.089355469E-3
2.008125000E-1,-4.150390625E-3
2.008333333E-1,-5.279541016E-3
2.008541667E-1,-2.532958984E-3
2.008750000E-1,-1.342773438E-3
2.008958333E-1,-2.136230469E-4
2.009166667E-1,-1.220703125E-4
2.009375000E-1,-2.746582031E-4
2.009583333E-1,-3.051757812E-5
2.009791667E-1,1.495361328E-3
2.010000000E-1,2.075195312E-3
2.010208333E-1,1.098632812E-3
2.010416667E-1,2.105712891E-3
2.010625000E-1,7.019042969E-4
2.010833333E-1,9.155273438E-4
2.011041667E-1,-4.272460938E-4
2.011250000E-1,-8.850097656E-4
2.011458333E-1,-4.882812500E-4
2.011666667E-1,-2.075195312E-3
2.011875000E-1,-2.502441406E-3
2.012083333E-1,-3.997802734E-3
2.012291667E-1,-5.432128906E-3
2.012500000E-1,-4.486083984E-3
2.012708333E-1,-4.119873047E-3
2.012916667E-1,-4.272460938E-3
2.013125000E-1,-3.631591797E-3
2.013333333E-1,-3.356933594E-3
2.013541667E-1,-2.075195312E-3
2.013750000E-1,-2.593994141E-3
2.013958333E-1,-2.807617188E-3
2.014166667E-1,-2.014160156E-3
2.014375000E-1,-1.495361328E-3
2.014583333E-1,-1.525878906E-4
2.014791667E-1,1.220703125E-4
2.015000000E-1,1.159667969E-3
2.015208333E-1,1.159667969E-3
2.015416667E-1,7.019042969E-4
2.015625000E-1,1.068115234E-3
2.015833333E-1,1.617431641E-3
2.016041667E-1,2.349853516E-3
2.016250000E-1,1.739501953E-3
2.016458333E-1,2.044677734E-3
2.016666667E-1,2.288818359E-3
2.016875000E-1,1.281738281E-3
2.017083333E-1,1.861572266E-3
2.017291667E-1,1.007080078E-3
2.017500000E-1,1.647949219E-3
2.017708333E-1,3.051757812E-4
2.017916667E-1,-1.098632812E-3
2.018125000E-1,-7.019042969E-4
2.018333333E-1,-1.922607422E-3
2.018541667E-1,-2.014160156E-3
2.018750000E-1,-3.295898438E-3
2.018958333E-1,-2.838134766E-3
2.019166667E-1,-2.380371094E-3
2.019375000E-1,-2.532958984E-3
2.019583333E-1,-1.403808594E-3
2.019791667E-1,-2.624511719E-3
2.020000000E-1,-1.708984375E-3
2.020208333E-1,-1.159667969E-3
2.020416667E-1,3.967285156E-4
2.020625000E-1,1.953125000E-3
2.020833333E-1,2.502441406E-3
2.021041667E-1,2.716064453E-3
2.021250000E-1,2.227783203E-3
2.021458333E-1,1.861572266E-3
2.021666667E-1,1.525878906E-3
2.021875000E-1,8.239746094E-4
2.022083333E-1,7.324218750E-4
2.022291667E-1,7.324218750E-4
2.022500000E-1,1.831054688E-4
2.022708333E-1,8.544921875E-4
2.022916667E-1,1.129150391E-3
2.023125000E-1,1.159667969E-3
2.023333333E-1,3.356933594E-4
2.023541667E-1,6.408691406E-4
2.023750000E-1,4.882812500E-4
2.023958333E-1,-6.103515625E-5
2.024166667E-1,-6.103515625E-5
2.024375000E-1,-5.187988281E-4
2.024583333E-1,-2.380371094E-3
2.024791667E-1,-3.540039062E-3
2.025000000E-1,-5.004882812E-3
2.025208333E-1,-5.767822266E-3
2.025416667E-1,-4.882812500E-3
2.025625000E-1,-4.272460938E-3
2.025833333E-1,-2.197265625E-3
2.026041667E-1,-3.051757812E-5
2.026250000E-1,6.408691406E-4
2.026458333E-1,1.281738281E-3
2.026666667E-1,2.868652344E-3
2.026875000E-1,3.631591797E-3
2.027083333E-1,3.906250000E-3
2.027291667E-1,3.875732422E-3
2.027500000E-1,3.631591797E-3
2.027708333E-1,3.204345703E-3
2.027916667E-1,4.028320312E-3
2.028125000E-1,3.295898438E-3
2.028333333E-1,2.014160156E-3
2.028541667E-1,2.136230469E-3
2.028750000E-1,1.892089844E-3
2.028958333E-1,3.356933594E-3
2.029166667E-1,3.540039062E-3
2.029375000E-1,3.448486328E-3
2.029583333E-1,1.617431641E-3
2.029791667E-1,3.356933594E-4
2.030000000E-1,3.967285156E-4
2.030208333E-1,-6.103515625E-4
2.030416667E-1,7.324218750E-4
2.030625000E-1,1.525878906E-4
2.030833333E-1,-1.739501953E-3
2.031041667E-1,-8.544921875E-4
2.031250000E-1,-2.227783203E-3
2.031458333E-1,-2.929687500E-3
2.031666667E-1,-3.356933594E-3
2.031875000E-1,-4.913330078E-3
2.032083333E-1,-4.302978516E-3
2.032291667E-1,-5.950927734E-3
2.032500000E-1,-5.493164062E-3
2.032708333E-1,-5.126953125E-3
2.032916667E-1,-2.746582031E-3
2.033125000E-1,-2.349853516E-3
2.033333333E-1,-2.349853516E-3
2.033541667E-1,-1.586914062E-3
2.033750000E-1,-2.197265625E-3
2.033958333E-1,8.544921875E-4
2.034166667E-1,1.708984375E-3
2.034375000E-1,4.180908203E-3
2.034583333E-1,3.570556641E-3
2.034791667E-1,1.831054688E-3
2.035000000E-1,5.798339844E-4
2.035208333E-1,7.324218750E-4
2.035416667E-1,2.685546875E-3
2.035625000E-1,1.159667969E-3
2.035833333E-1,1.464843750E-3
2.036041667E-1,6.103515625E-4
2.036250000E-1,1.251220703E-3
2.036458333E-1,1.403808594E-3
2.036666667E-1,-1.220703125E-4
2.036875000E-1,3.051757812E-4
2.037083333E-1,-1.892089844E-3
2.037291667E-1,-1.617431641E-3
2.037500000E-1,-2.380371094E-3
2.037708333E-1,-2.166748047E-3
2.037916667E-1,5.798339844E-4
2.038125000E-1,8.239746094E-4
2.038333333E-1,1.678466797E-3
2.038541667E-1,2.746582031E-4
2.038750000E-1,8.850097656E-4
2.038958333E-1,7.629394531E-4
2.039166667E-1,1.220703125E-4
2.039375000E-1,-4.882812500E-4
2.039583333E-1,-3.967285156E-4
2.039791667E-1,-6.408691406E-4
2.040000000E-1,-1.800537109E-3
2.040208333E-1,-2.502441406E-3
2.040416667E-1,-3.051757812E-3
2.040625000E-1,-3.509521484E-3
2.040833333E-1,-4.180908203E-3
2.041041667E-1,-2.471923828E-3
2.041250000E-1,-1.770019531E-3
2.041458333E-1,-2.838134766E-3
2.041666667E-1,-3.112792969E-3
2.041875000E-1,-3.234863281E-3
2.042083333E-1,-2.990722656E-3
2.042291667E-1,-3.143310547E-3
2.042500000E-1,-1.708984375E-3
2.042708333E-1,-1.129150391E-3
2.042916667E-1,-1.617431641E-3
2.043125000E-1,-6.103515625E-5
2.043333333E-1,8.850097656E-4
2.043541667E-1,1.129150391E-3
2.043750000E-1,2.136230469E-3
2.043958333E-1,2.349853516E-3
2.044166667E-1,2.899169922E-3
2.044375000E-1,3.417968750E-3
2.044583333E-1,3.173828125E-3
2.044791667E-1,3.601074219E-3
2.045000000E-1,4.180908203E-3
2.045208333E-1,1.403808594E-3
2.045416667E-1,3.662109375E-4
2.045625000E-1,1.983642578E-3
2.045833333E-1,2.502441406E-3
2.046041667E-1,2.899169922E-3
2.046250000E-1,4.211425781E-3
2.046458333E-1,2.990722656E-3
2.046666667E-1,1.373291016E-3
2.046875000E-1,6.103515625E-5
2.047083333E-1,-1.190185547E-3
2.047291667E-1,-1.464843750E-3
2.047500000E-1,-1.464843750E-3
2.047708333E-1,-2.288818359E-3
2.047916667E-1,-3.326416016E-3
2.048125000E-1,-4.150390625E-3
2.048333333E-1,-3.631591797E-3
2.048541667E-1,-4.394531250E-3
2.048750000E-1,-3.692626953E-3
2.048958333E-1,-3.570556641E-3
2.049166667E-1,-3.570556641E-3
2.049375000E-1,-7.324218750E-4
2.049583333E-1,-3.051757812E-4
2.049791667E-1,2.777099609E-3
2.050000000E-1,3.601074219E-3
2.050208333E-1,3.082275391E-3
2.050416667E-1,4.119873047E-3
2.050625000E-1,1.770019531E-3
2.050833333E-1,3.021240234E-3
2.051041667E-1,2.349853516E-3
2.051250000E-1,2.319335938E-3
2.051458333E-1,3.753662109E-3
2.051666667E-1,3.173828125E-3
2.051875000E-1,4.425048828E-3
2.052083333E-1,3.509521484E-3
2.052291667E-1,3.845214844E-3
2.052500000E-1,5.310058594E-3
2.052708333E-1,5.096435547E-3
2.052916667E-1,4.425048828E-3
2.053125000E-1,2.777099609E-3
2.053333333E-1,1.892089844E-3
2.053541667E-1,1.190185547E-3
2.053750000E-1,6.103515625E-5
2.053958333E-1,9.460449219E-4
2.054166667E-1,-9.155273438E-4
2.054375000E-1,-7.019042969E-4
2.054583333E-1,-3.356933594E-4
2.054791667E-1,-4.577636719E-4
2.055000000E-1,1.342773438E-3
2.055208333E-1,2.166748047E-3
2.055416667E-1,2.777099609E-3
2.055625000E-1,3.204345703E-3
2.055833333E-1,1.678466797E-3
2.056041667E-1,-3.051757812E-4
2.056250000E-1,2.746582031E-4
2.056458333E-1,6.103515625E-4
2.056666667E-1,-2.441406250E-4
2.056875000E-1,-6.713867188E-4
2.057083333E-1,-2.258300781E-3
2.057291667E-1,-2.014160156E-3
2.057500000E-1,-1.159667969E-3
2.057708333E-1,-5.187988281E-4
2.057916667E-1,1.190185547E-3
2.058125000E-1,1.403808594E-3
2.058333333E-1,2.044677734E-3
2.058541667E-1,1.007080078E-3
2.058750000E-1,3.662109375E-4
2.058958333E-1,3.051757812E-5
2.059166667E-1,-2.166748047E-3
2.059375000E-1,-1.495361328E-3
2.059583333E-1,-2.563476562E-3
2.059791667E-1,-2.838134766E-3
2.060000000E-1,-9.460449219E-4
2.060208333E-1,-1.129150391E-3
2.060416667E-1,4.882812500E-4
2.060625000E-1,1.495361328E-3
2.060833333E-1,1.159667969E-3
2.061041667E-1,1.556396484E-3
2.061250000E-1,4.577636719E-4
2.061458333E-1,6.103515625E-4
2.061666667E-1,2.136230469E-4
2.061875000E-1,-9.765625000E-4
2.062083333E-1,-1.678466797E-3
2.062291667E-1,-2.929687500E-3
2.062500000E-1,-8.850097656E-4
2.062708333E-1,-9.155273438E-4
2.062916667E-1,-1.525878906E-4
2.063125000E-1,-1.831054688E-4
2.063333333E-1,-8.239746094E-4
2.063541667E-1,-6.408691406E-4
2.063750000E-1,-1.342773438E-3
2.063958333E-1,-6.408691406E-4
2.064166667E-1,-1.098632812E-3
2.064375000E-1,5.187988281E-4
2.064583333E-1,3.662109375E-4
2.064791667E-1,3.967285156E-4
2.065000000E-1,1.159667969E-3
2.065208333E-1,-6.103515625E-4
2.065416667E-1,5.493164062E-4
2.065625000E-1,-1.159667969E-3
2.065833333E-1,-1.068115234E-3
2.066041667E-1,-1.708984375E-3
2.066250000E-1,-2.166748047E-3
2.066458333E-1,-1.098632812E-3
2.066666667E-1,-3.479003906E-3
2.066875000E-1,-2.441406250E-3
2.067083333E-1,-1.983642578E-3
2.067291667E-1,-1.617431641E-3
2.067500000E-1,-9.155273438E-4
2.067708333E-1,-1.007080078E-3
2.067916667E-1,7.324218750E-4
2.068125000E-1,4.577636719E-4
2.068333333E-1,6.713867188E-4
2.068541667E-1,4.882812500E-4
2.068750000E-1,1.770019531E-3
2.068958333E-1,2.624511719E-3
2.069166667E-1,2.075195312E-3
2.069375000E-1,2.929687500E-3
2.069583333E-1,2.105712891E-3
2.069791667E-1,8.850097656E-4
2.070000000E-1,1.831054688E-4
2.070208333E-1,-1.281738281E-3
2.070416667E-1,-1.953125000E-3
2.070625000E-1,-7.629394531E-4
2.070833333E-1,2.441406250E-4
2.071041667E-1,1.251220703E-3
2.071250000E-1,-1.525878906E-4
2.071458333E-1,-1.678466797E-3
2.071666667E-1,-1.586914062E-3
2.071875000E-1,-1.464843750E-3
2.072083333E-1,5.493164062E-4
2.072291667E-1,9.765625000E-4
2.072500000E-1,1.098632812E-3
2.072708333E-1,1.434326172E-3
2.072916667E-1,-2.136230469E-4
2.073125000E-1,1.159667969E-3
2.073333333E-1,1.586914062E-3
2.073541667E-1,1.373291016E-3
2.073750000E-1,1.464843750E-3
2.073958333E-1,6.713867188E-4
2.074166667E-1,1.190185547E-3
2.074375000E-1,-3.356933594E-4
2.074583333E-1,-2.136230469E-4
2.074791667E-1,-6.103515625E-4
2.075000000E-1,-5.798339844E-4
2.075208333E-1,-9.155273438E-4
2.075416667E-1,-2.227783203E-3
2.075625000E-1,-1.403808594E-3
2.075833333E-1,-2.349853516E-3
2.076041667E-1,-9.765625000E-4
2.076250000E-1,-2.075195312E-3
2.076458333E-1,-2.288818359E-3
2.076666667E-1,-1.373291016E-3
2.076875000E-1,-1.220703125E-3
2.077083333E-1,1.251220703E-3
2.077291667E-1,2.441406250E-4
2.077500000E-1,1.129150391E-3
2.077708333E-1,2.441406250E-4
2.077916667E-1,-6.408691406E-4
2.078125000E-1,7.934570312E-4
2.078333333E-1,2.014160156E-3
2.078541667E-1,3.326416016E-3
2.078750000E-1,2.838134766E-3
2.078958333E-1,2.380371094E-3
2.079166667E-1,1.068115234E-3
2.079375000E-1,1.464843750E-3
2.079583333E-1,2.227783203E-3
2.079791667E-1,2.105712891E-3
2.080000000E-1,1.586914062E-3
2.080208333E-1,1.251220703E-3
2.080416667E-1,1.831054688E-3
2.080625000E-1,5.798339844E-4
2.080833333E-1,8.850097656E-4
2.081041667E-1,8.239746094E-4
2.081250000E-1,6.103515625E-5
2.081458333E-1,-1.220703125E-3
2.081666667E-1,-2.563476562E-3
2.081875000E-1,-1.983642578E-3
2.082083333E-1,-2.532958984E-3
2.082291667E-1,-2.075195312E-3
2.082500000E-1,-2.349853516E-3
2.082708333E-1,-1.892089844E-3
2.082916667E-1,-1.647949219E-3
2.083125000E-1,-9.155273438E-4
2.083333333E-1,-3.662109375E-4
2.083541667E-1,-1.770019531E-3
2.083750000E-1,-1.434326172E-3
2.083958333E-1,-2.166748047E-3
2.084166667E-1,-2.105712891E-3
2.084375000E-1,-3.448486328E-3
2.084583333E-1,-4.394531250E-3
2.084791667E-1,-3.204345703E-3
2.085000000E-1,-3.845214844E-3
2.085208333E-1,-4.211425781E-3
2.085416667E-1,-4.608154297E-3
2.085625000E-1,-5.065917969E-3
2.085833333E-1,-5.249023438E-3
2.086041667E-1,-5.432128906E-3
2.086250000E-1,-5.645751953E-3
2.086458333E-1,-3.662109375E-3
2.086666667E-1,-2.014160156E-3
2.086875000E-1,-1.403808594E-3
2.087083333E-1,-1.403808594E-3
2.087291667E-1,-1.556396484E-3
2.087500000E-1,1.831054688E-4
2.087708333E-1,-3.051757812E-5
2.087916667E-1,2.136230469E-4
2.088125000E-1,6.103515625E-5
2.088333333E-1,-3.051757812E-4
2.088541667E-1,8.850097656E-4
2.088750000E-1,9.155273438E-5
2.088958333E-1,2.929687500E-3
2.089166667E-1,3.143310547E-3
2.089375000E-1,3.997802734E-3
2.089583333E-1,5.859375000E-3
2.089791667E-1,5.187988281E-3
2.090000000E-1,4.791259766E-3
2.090208333E-1,1.403808594E-3
2.090416667E-1,-3.051757812E-5
2.090625000E-1,-1.892089844E-3
2.090833333E-1,-2.410888672E-3
2.091041667E-1,-1.281738281E-3
2.091250000E-1,-1.037597656E-3
2.091458333E-1,-7.629394531E-4
2.091666667E-1,-1.037597656E-3
2.091875000E-1,-3.051757812E-4
2.092083333E-1,-6.408691406E-4
2.092291667E-1,-9.460449219E-4
2.092500000E-1,-6.408691406E-4
2.092708333E-1,-2.197265625E-3
2.092916667E-1,-1.861572266E-3
2.093125000E-1,-2.990722656E-3
2.093333333E-1,-2.685546875E-3
2.093541667E-1,8.544921875E-4
2.093750000E-1,1.068115234E-3
2.093958333E-1,1.831054688E-3
2.094166667E-1,9.460449219E-4
2.094375000E-1,1.037597656E-3
2.094583333E-1,1.556396484E-3
2.094791667E-1,1.708984375E-3
2.095000000E-1,2.746582031E-3
2.095208333E-1,1.922607422E-3
2.095416667E-1,2.197265625E-3
2.095625000E-1,1.739501953E-3
2.095833333E-1,1.037597656E-3
2.096041667E-1,9.155273438E-4
2.096250000E-1,6.408691406E-4
2.096458333E-1,-5.187988281E-4
2.096666667E-1,-2.746582031E-4
2.096875000E-1,1.525878906E-4
2.097083333E-1,7.934570312E-4
2.097291667E-1,1.892089844E-3
2.097500000E-1,1.739501953E-3
2.097708333E-1,1.678466797E-3
2.097916667E-1,7.629394531E-4
2.098125000E-1,9.460449219E-4
2.098333333E-1,1.190185547E-3
2.098541667E-1,6.408691406E-4
2.098750000E-1,7.629394531E-4
2.098958333E-1,-5.493164062E-4
2.099166667E-1,9.765625000E-4
2.099375000E-1,1.861572266E-3
2.099583333E-1,2.319335938E-3
2.099791667E-1,3.570556641E-3
2.100000000E-1,3.479003906E-3
2.100208333E-1,4.791259766E-3
2.100416667E-1,4.821777344E-3
2.100625000E-1,4.150390625E-3
2.100833333E-1,2.960205078E-3
2.101041667E-1,1.831054688E-3
2.101250000E-1,1.159667969E-3
2.101458333E-1,0.000000000E0
2.101666667E-1,-7.019042969E-4
2.101875000E-1,-1.495361328E-3
2.102083333E-1,-2.441406250E-4
2.102291667E-1,2.441406250E-4
2.102500000E-1,4.577636719E-4
2.102708333E-1,1.800537109E-3
2.102916667E-1,2.380371094E-3
2.103125000E-1,1.708984375E-3
2.103333333E-1,-9.155273438E-5
2.103541667E-1,-5.798339844E-4
2.103750000E-1,2.136230469E-4
2.103958333E-1,6.103515625E-5
2.104166667E-1,-3.356933594E-4
2.104375000E-1,8.544921875E-4
2.104583333E-1,4.272460938E-4
2.104791667E-1,-1.281738281E-3
2.105000000E-1,-7.629394531E-4
2.105208333E-1,-9.155273438E-4
2.105416667E-1,9.155273438E-5
2.105625000E-1,3.356933594E-4
2.105833333E-1,-2.746582031E-4
2.106041667E-1,2.136230469E-4
2.106250000E-1,-1.129150391E-3
2.106458333E-1,-2.746582031E-4
2.106666667E-1,-8.239746094E-4
2.106875000E-1,-9.155273438E-5
2.107083333E-1,-2.136230469E-4
2.107291667E-1,0.000000000E0
2.107500000E-1,9.460449219E-4
2.107708333E-1,3.662109375E-4
2.107916667E-1,1.220703125E-4
2.108125000E-1,-2.075195312E-3
2.108333333E-1,-1.342773438E-3
2.108541667E-1,-1.953125000E-3
2.108750000E-1,-2.593994141E-3
2.108958333E-1,-2.288818359E-3
2.109166667E-1,-2.471923828E-3
2.109375000E-1,-8.544921875E-4
2.109583333E-1,5.493164062E-4
2.109791667E-1,4.577636719E-4
2.110000000E-1,-3.662109375E-4
2.110208333E-1,6.713867188E-4
2.110416667E-1,4.272460938E-4
2.110625000E-1,-9.460449219E-4
2.110833333E-1,-2.288818359E-3
2.111041667E-1,-2.197265625E-3
2.111250000E-1,-1.800537109E-3
2.111458333E-1,-4.272460938E-4
2.111666667E-1,4.272460938E-4
2.111875000E-1,1.159667969E-3
2.112083333E-1,-9.155273438E-5
2.112291667E-1,-3.051757812E-4
2.112500000E-1,5.187988281E-4
2.112708333E-1,4.272460938E-4
2.112916667E-1,1.953125000E-3
2.113125000E-1,1.220703125E-3
2.113333333E-1,1.373291016E-3
2.113541667E-1,1.220703125E-3
2.113750000E-1,9.460449219E-4
2.113958333E-1,5.798339844E-4
2.114166667E-1,6.103515625E-4
2.114375000E-1,7.934570312E-4
2.114583333E-1,-9.765625000E-4
2.114791667E-1,-1.617431641E-3
2.115000000E-1,-2.868652344E-3
2.115208333E-1,-3.662109375E-3
2.115416667E-1,-3.265380859E-3
2.115625000E-1,-2.105712891E-3
2.115833333E-1,-1.220703125E-3
2.116041667E-1,-1.312255859E-3
2.116250000E-1,-1.403808594E-3
2.116458333E-1,-1.800537109E-3
2.116666667E-1,-1.922607422E-3
2.116875000E-1,-2.746582031E-3
2.117083333E-1,-2.410888672E-3
2.117291667E-1,-1.708984375E-3
2.117500000E-1,-1.068115234E-3
2.117708333E-1,5.798339844E-4
2.117916667E-1,1.525878906E-3
2.118125000E-1,1.983642578E-3
2.118333333E-1,1.037597656E-3
2.118541667E-1,6.713867188E-4
2.118750000E-1,-9.155273438E-5
2.118958333E-1,-1.098632812E-3
2.119166667E-1,-2.746582031E-4
2.119375000E-1,-2.685546875E-3
2.119583333E-1,-2.685546875E-3
2.119791667E-1,-3.295898438E-3
2.120000000E-1,-3.479003906E-3
2.120208333E-1,-2.807617188E-3
2.120416667E-1,-2.960205078E-3
2.120625000E-1,-2.899169922E-3
2.120833333E-1,-4.730224609E-3
2.121041667E-1,-4.272460938E-3
2.121250000E-1,-3.845214844E-3
2.121458333E-1,-3.021240234E-3
2.121666667E-1,-2.929687500E-3
2.121875000E-1,-2.960205078E-3
2.122083333E-1,-3.814697266E-3
2.122291667E-1,-2.960205078E-3
2.122500000E-1,-1.770019531E-3
2.122708333E-1,-1.251220703E-3
2.122916667E-1,1.831054688E-4
2.123125000E-1,7.324218750E-4
2.123333333E-1,2.441406250E-4
2.123541667E-1,-1.281738281E-3
2.123750000E-1,-3.662109375E-4
2.123958333E-1,-2.471923828E-3
2.124166667E-1,-3.326416016E-3
2.124375000E-1,-3.753662109E-3
2.124583333E-1,-3.967285156E-3
2.124791667E-1,-1.556396484E-3
2.125000000E-1,-6.713867188E-4
2.125208333E-1,3.967285156E-4
2.125416667E-1,0.000000000E0
2.125625000E-1,-7.324218750E-4
2.125833333E-1,-1.098632812E-3
2.126041667E-1,-2.441406250E-4
2.126250000E-1,1.159667969E-3
2.126458333E-1,1.739501953E-3
2.126666667E-1,2.197265625E-3
2.126875000E-1,9.155273438E-4
2.127083333E-1,2.349853516E-3
2.127291667E-1,2.075195312E-3
2.127500000E-1,1.770019531E-3
2.127708333E-1,2.166748047E-3
2.127916667E-1,5.493164062E-4
2.128125000E-1,-6.103515625E-5
2.128333333E-1,-8.544921875E-4
2.128541667E-1,8.239746094E-4
2.128750000E-1,1.220703125E-3
2.128958333E-1,9.155273438E-5
2.129166667E-1,-3.662109375E-4
2.129375000E-1,-9.460449219E-4
2.129583333E-1,-3.051757812E-4
2.129791667E-1,3.051757812E-4
2.130000000E-1,3.662109375E-4
2.130208333E-1,6.103515625E-5
2.130416667E-1,2.136230469E-4
2.130625000E-1,-6.103515625E-5
2.130833333E-1,0.000000000E0
2.131041667E-1,1.068115234E-3
2.131250000E-1,1.220703125E-3
2.131458333E-1,2.227783203E-3
2.131666667E-1,2.563476562E-3
2.131875000E-1,1.953125000E-3
2.132083333E-1,1.708984375E-3
2.132291667E-1,3.662109375E-4
2.132500000E-1,-1.159667969E-3
2.132708333E-1,-9.155273438E-4
2.132916667E-1,-1.739501953E-3
2.133125000E-1,-1.678466797E-3
2.133333333E-1,-2.593994141E-3
2.133541667E-1,-2.868652344E-3
2.133750000E-1,-3.082275391E-3
2.133958333E-1,-2.868652344E-3
2.134166667E-1,-2.349853516E-3
2.134375000E-1,-1.892089844E-3
2.134583333E-1,-4.272460938E-4
2.134791667E-1,-3.051757812E-4
2.135000000E-1,8.239746094E-4
2.135208333E-1,1.831054688E-4
2.135416667E-1,1.220703125E-4
2.135625000E-1,4.272460938E-4
2.135833333E-1,5.493164062E-4
2.136041667E-1,2.380371094E-3
2.136250000E-1,1.281738281E-3
2.136458333E-1,1.831054688E-3
2.136666667E-1,3.570556641E-3
2.136875000E-1,3.509521484E-3
2.137083333E-1,3.906250000E-3
2.137291667E-1,4.760742188E-3
2.137500000E-1,5.889892578E-3
2.137708333E-1,4.943847656E-3
2.137916667E-1,3.997802734E-3
2.138125000E-1,4.333496094E-3
2.138333333E-1,3.540039062E-3
2.138541667E-1,4.180908203E-3
2.138750000E-1,3.967285156E-3
2.138958333E-1,2.685546875E-3
2.139166667E-1,2.716064453E-3
2.139375000E-1,1.281738281E-3
2.139583333E-1,1.220703125E-3
2.139791667E-1,1.586914062E-3
2.140000000E-1,9.155273438E-4
2.140208333E-1,4.577636719E-4
2.140416667E-1,-3.662109375E-4
2.140625000E-1,-6.103515625E-5
2.140833333E-1,-9.155273438E-4
2.141041667E-1,-6.713867188E-4
2.141250000E-1,-4.272460938E-4
2.141458333E-1,-7.324218750E-4
2.141666667E-1,-4.577636719E-4
2.141875000E-1,-1.617431641E-3
2.142083333E-1,-2.044677734E-3
2.142291667E-1,-2.258300781E-3
2.142500000E-1,-2.258300781E-3
2.142708333E-1,-2.258300781E-3
2.142916667E-1,-1.281738281E-3
2.143125000E-1,2.746582031E-4
2.143333333E-1,6.408691406E-4
2.143541667E-1,2.380371094E-3
2.143750000E-1,2.044677734E-3
2.143958333E-1,2.441406250E-4
2.144166667E-1,-9.765625000E-4
2.144375000E-1,-2.105712891E-3
2.144583333E-1,-2.044677734E-3
2.144791667E-1,-2.807617188E-3
2.145000000E-1,-2.716064453E-3
2.145208333E-1,-2.990722656E-3
2.145416667E-1,-3.997802734E-3
2.145625000E-1,-3.295898438E-3
2.145833333E-1,-1.983642578E-3
2.146041667E-1,-1.464843750E-3
2.146250000E-1,9.155273438E-5
2.146458333E-1,9.460449219E-4
2.146666667E-1,1.037597656E-3
2.146875000E-1,1.251220703E-3
2.147083333E-1,7.019042969E-4
2.147291667E-1,9.155273438E-4
2.147500000E-1,1.098632812E-3
2.147708333E-1,6.713867188E-4
2.147916667E-1,0.000000000E0
2.148125000E-1,-9.155273438E-5
2.148333333E-1,3.662109375E-4
2.148541667E-1,1.434326172E-3
2.148750000E-1,1.861572266E-3
2.148958333E-1,2.868652344E-3
2.149166667E-1,3.326416016E-3
2.149375000E-1,2.563476562E-3
2.149583333E-1,2.471923828E-3
2.149791667E-1,1.831054688E-3
2.150000000E-1,2.136230469E-3
2.150208333E-1,1.892089844E-3
2.150416667E-1,2.227783203E-3
2.150625000E-1,1.922607422E-3
2.150833333E-1,7.629394531E-4
2.151041667E-1,9.155273438E-4
2.151250000E-1,6.713867188E-4
2.151458333E-1,6.408691406E-4
2.151666667E-1,6.103515625E-5
2.151875000E-1,4.577636719E-4
2.152083333E-1,0.000000000E0
2.152291667E-1,-9.155273438E-4
2.152500000E-1,-1.953125000E-3
2.152708333E-1,-2.319335938E-3
2.152916667E-1,-1.953125000E-3
2.153125000E-1,-2.349853516E-3
2.153333333E-1,-9.155273438E-4
2.153541667E-1,1.007080078E-3
2.153750000E-1,2.197265625E-3
2.153958333E-1,1.037597656E-3
2.154166667E-1,6.408691406E-4
2.154375000E-1,6.713867188E-4
2.154583333E-1,-1.220703125E-4
2.154791667E-1,-5.187988281E-4
2.155000000E-1,-5.187988281E-4
2.155208333E-1,-3.662109375E-4
2.155416667E-1,-4.882812500E-4
2.155625000E-1,3.051757812E-4
2.155833333E-1,-3.967285156E-4
2.156041667E-1,-1.739501953E-3
2.156250000E-1,-1.739501953E-3
2.156458333E-1,-2.502441406E-3
2.156666667E-1,-1.647949219E-3
2.156875000E-1,9.155273438E-4
2.157083333E-1,2.624511719E-3
2.157291667E-1,4.333496094E-3
2.157500000E-1,5.889892578E-3
2.157708333E-1,6.225585938E-3
2.157916667E-1,4.852294922E-3
2.158125000E-1,3.051757812E-3
2.158333333E-1,2.197265625E-3
2.158541667E-1,1.861572266E-3
2.158750000E-1,1.464843750E-3
2.158958333E-1,1.068115234E-3
2.159166667E-1,1.831054688E-3
2.159375000E-1,2.777099609E-3
2.159583333E-1,2.960205078E-3
2.159791667E-1,3.509521484E-3
2.160000000E-1,3.875732422E-3
2.160208333E-1,3.509521484E-3
2.160416667E-1,3.143310547E-3
2.160625000E-1,3.173828125E-3
2.160833333E-1,1.739501953E-3
2.161041667E-1,1.586914062E-3
2.161250000E-1,6.103515625E-5
2.161458333E-1,-1.678466797E-3
2.161666667E-1,-2.899169922E-3
2.161875000E-1,-3.723144531E-3
2.162083333E-1,-2.410888672E-3
2.162291667E-1,-2.105712891E-3
2.162500000E-1,-6.103515625E-4
2.162708333E-1,-3.967285156E-4
2.162916667E-1,-6.103515625E-4
2.163125000E-1,-9.765625000E-4
2.163333333E-1,-1.403808594E-3
2.163541667E-1,-1.983642578E-3
2.163750000E-1,-1.464843750E-3
2.163958333E-1,1.220703125E-4
2.164166667E-1,2.014160156E-3
2.164375000E-1,2.624511719E-3
2.164583333E-1,2.746582031E-3
2.164791667E-1,1.495361328E-3
2.165000000E-1,-1.525878906E-4
2.165208333E-1,9.155273438E-5
2.165416667E-1,-1.190185547E-3
2.165625000E-1,-6.713867188E-4
2.165833333E-1,5.493164062E-4
2.166041667E-1,-3.356933594E-4
2.166250000E-1,-2.746582031E-4
2.166458333E-1,-2.319335938E-3
2.166666667E-1,-2.838134766E-3
2.166875000E-1,-2.197265625E-3
2.167083333E-1,-2.563476562E-3
2.167291667E-1,-1.403808594E-3
2.167500000E-1,-1.739501953E-3
2.167708333E-1,-1.922607422E-3
2.167916667E-1,-9.155273438E-4
2.168125000E-1,-1.098632812E-3
2.168333333E-1,0.000000000E0
2.168541667E-1,1.190185547E-3
2.168750000E-1,2.319335938E-3
2.168958333E-1,2.593994141E-3
2.169166667E-1,3.662109375E-4
2.169375000E-1,4.882812500E-4
2.169583333E-1,-3.967285156E-4
2.169791667E-1,-1.770019531E-3
2.170000000E-1,-1.495361328E-3
2.170208333E-1,-2.166748047E-3
2.170416667E-1,-2.593994141E-3
2.170625000E-1,-2.655029297E-3
2.170833333E-1,-2.380371094E-3
2.171041667E-1,-2.258300781E-3
2.171250000E-1,-3.021240234E-3
2.171458333E-1,-2.014160156E-3
2.171666667E-1,-2.258300781E-3
2.171875000E-1,-3.173828125E-3
2.172083333E-1,-2.075195312E-3
2.172291667E-1,-1.770019531E-3
2.172500000E-1,-1.464843750E-3
2.172708333E-1,-4.272460938E-4
2.172916667E-1,-1.464843750E-3
2.173125000E-1,-2.197265625E-3
2.173333333E-1,-2.166748047E-3
2.173541667E-1,-2.410888672E-3
2.173750000E-1,-1.556396484E-3
2.173958333E-1,-6.103515625E-4
2.174166667E-1,0.000000000E0
2.174375000E-1,-7.324218750E-4
2.174583333E-1,-2.319335938E-3
2.174791667E-1,-2.532958984E-3
2.175000000E-1,-3.356933594E-3
2.175208333E-1,-2.990722656E-3
2.175416667E-1,-2.441406250E-3
2.175625000E-1,-2.471923828E-3
2.175833333E-1,1.220703125E-4
2.176041667E-1,1.434326172E-3
2.176250000E-1,1.403808594E-3
2.176458333E-1,3.051757812E-3
2.176666667E-1,2.471923828E-3
2.176875000E-1,2.593994141E-3
2.177083333E-1,3.143310547E-3
2.177291667E-1,3.509521484E-3
2.177500000E-1,3.417968750E-3
2.177708333E-1,3.295898438E-3
2.177916667E-1,2.685546875E-3
2.178125000E-1,1.861572266E-3
2.178333333E-1,1.831054688E-3
2.178541667E-1,1.129150391E-3
2.178750000E-1,8.850097656E-4
2.178958333E-1,4.882812500E-4
2.179166667E-1,-6.103515625E-4
2.179375000E-1,-6.103515625E-4
2.179583333E-1,7.934570312E-4
2.179791667E-1,1.556396484E-3
2.180000000E-1,1.037597656E-3
2.180208333E-1,2.136230469E-3
2.180416667E-1,1.861572266E-3
2.180625000E-1,4.272460938E-4
2.180833333E-1,1.037597656E-3
2.181041667E-1,0.000000000E0
2.181250000E-1,7.629394531E-4
2.181458333E-1,1.373291016E-3
2.181666667E-1,2.990722656E-3
2.181875000E-1,2.746582031E-3
2.182083333E-1,2.044677734E-3
2.182291667E-1,3.479003906E-3
2.182500000E-1,2.655029297E-3
2.182708333E-1,2.136230469E-3
2.182916667E-1,1.190185547E-3
2.183125000E-1,1.739501953E-3
2.183333333E-1,2.655029297E-3
2.183541667E-1,2.624511719E-3
2.183750000E-1,2.105712891E-3
2.183958333E-1,1.586914062E-3
2.184166667E-1,1.312255859E-3
2.184375000E-1,4.577636719E-4
2.184583333E-1,2.410888672E-3
2.184791667E-1,2.288818359E-3
2.185000000E-1,2.441406250E-3
2.185208333E-1,2.441406250E-3
2.185416667E-1,1.556396484E-3
2.185625000E-1,1.220703125E-4
2.185833333E-1,-8.850097656E-4
2.186041667E-1,3.356933594E-4
2.186250000E-1,5.187988281E-4
2.186458333E-1,2.868652344E-3
2.186666667E-1,3.021240234E-3
2.186875000E-1,3.173828125E-3
2.187083333E-1,2.197265625E-3
2.187291667E-1,8.544921875E-4
2.187500000E-1,1.678466797E-3
2.187708333E-1,1.922607422E-3
2.187916667E-1,3.814697266E-3
2.188125000E-1,3.784179688E-3
2.188333333E-1,3.417968750E-3
2.188541667E-1,2.716064453E-3
2.188750000E-1,3.387451172E-3
2.188958333E-1,3.509521484E-3
2.189166667E-1,2.868652344E-3
2.189375000E-1,3.479003906E-3
2.189583333E-1,3.204345703E-3
2.189791667E-1,2.319335938E-3
2.190000000E-1,1.129150391E-3
2.190208333E-1,5.493164062E-4
2.190416667E-1,1.037597656E-3
2.190625000E-1,2.136230469E-4
2.190833333E-1,7.019042969E-4
2.191041667E-1,7.019042969E-4
2.191250000E-1,1.831054688E-4
2.191458333E-1,6.103515625E-5
2.191666667E-1,-9.155273438E-4
2.191875000E-1,-2.136230469E-3
2.192083333E-1,-2.838134766E-3
2.192291667E-1,-1.647949219E-3
2.192500000E-1,-1.586914062E-3
2.192708333E-1,-2.441406250E-4
2.192916667E-1,1.129150391E-3
2.193125000E-1,7.324218750E-4
2.193333333E-1,8.544921875E-4
2.193541667E-1,2.136230469E-4
2.193750000E-1,5.187988281E-4
2.193958333E-1,-1.007080078E-3
2.194166667E-1,5.798339844E-4
2.194375000E-1,2.410888672E-3
2.194583333E-1,1.373291016E-3
2.194791667E-1,2.075195312E-3
2.195000000E-1,1.281738281E-3
2.195208333E-1,3.051757812E-4
2.195416667E-1,-1.403808594E-3
2.195625000E-1,-2.197265625E-3
2.195833333E-1,-2.716064453E-3
2.196041667E-1,-9.155273438E-4
2.196250000E-1,-2.746582031E-4
2.196458333E-1,-8.850097656E-4
2.196666667E-1,-1.434326172E-3
2.196875000E-1,-2.166748047E-3
2.197083333E-1,-1.586914062E-3
2.197291667E-1,-6.408691406E-4
2.197500000E-1,-9.155273438E-5
2.197708333E-1,-1.312255859E-3
2.197916667E-1,-2.532958984E-3
2.198125000E-1,-5.310058594E-3
2.198333333E-1,-7.324218750E-3
2.198541667E-1,-7.568359375E-3
2.198750000E-1,-7.781982422E-3
2.198958333E-1,-7.019042969E-3
2.199166667E-1,-6.042480469E-3
2.199375000E-1,-6.469726562E-3
2.199583333E-1,-6.286621094E-3
2.199791667E-1,-5.737304688E-3
2.200000000E-1,-5.035400391E-3
2.200208333E-1,-3.997802734E-3
2.200416667E-1,-3.326416016E-3
2.200625000E-1,-1.312255859E-3
2.200833333E-1,-1.770019531E-3
2.201041667E-1,-1.220703125E-3
2.201250000E-1,-5.493164062E-4
2.201458333E-1,3.967285156E-4
2.201666667E-1,7.934570312E-4
2.201875000E-1,1.220703125E-3
2.202083333E-1,2.807617188E-3
2.202291667E-1,2.014160156E-3
2.202500000E-1,1.770019531E-3
2.202708333E-1,9.155273438E-5
2.202916667E-1,7.019042969E-4
2.203125000E-1,1.800537109E-3
2.203333333E-1,1.586914062E-3
2.203541667E-1,3.173828125E-3
2.203750000E-1,2.593994141E-3
2.203958333E-1,1.953125000E-3
2.204166667E-1,7.934570312E-4
2.204375000E-1,-1.220703125E-4
2.204583333E-1,-1.525878906E-4
2.204791667E-1,-1.159667969E-3
2.205000000E-1,-7.629394531E-4
2.205208333E-1,-1.068115234E-3
2.205416667E-1,-5.187988281E-4
2.205625000E-1,1.922607422E-3
2.205833333E-1,1.220703125E-3
2.206041667E-1,1.007080078E-3
2.206250000E-1,-2.746582031E-4
2.206458333E-1,-2.777099609E-3
2.206666667E-1,-1.403808594E-3
2.206875000E-1,-8.544921875E-4
2.207083333E-1,2.746582031E-4
2.207291667E-1,4.577636719E-4
2.207500000E-1,-1.403808594E-3
2.207708333E-1,-1.556396484E-3
2.207916667E-1,-2.807617188E-3
2.208125000E-1,-9.155273438E-4
2.208333333E-1,-2.105712891E-3
2.208541667E-1,-3.356933594E-3
2.208750000E-1,-1.586914062E-3
2.208958333E-1,-1.770019531E-3
2.209166667E-1,3.356933594E-4
2.209375000E-1,6.103515625E-5
2.209583333E-1,-6.103515625E-5
2.209791667E-1,-6.103515625E-4
2.210000000E-1,-1.922607422E-3
2.210208333E-1,-2.532958984E-3
2.210416667E-1,-2.929687500E-3
2.210625000E-1,-2.960205078E-3
2.210833333E-1,-2.441406250E-3
2.211041667E-1,-1.831054688E-3
2.211250000E-1,-2.166748047E-3
2.211458333E-1,-5.187988281E-4
2.211666667E-1,3.051757812E-4
2.211875000E-1,1.281738281E-3
2.212083333E-1,1.892089844E-3
2.212291667E-1,7.019042969E-4
2.212500000E-1,2.899169922E-3
2.212708333E-1,2.990722656E-3
2.212916667E-1,4.425048828E-3
2.213125000E-1,5.523681641E-3
2.213333333E-1,5.157470703E-3
2.213541667E-1,5.523681641E-3
2.213750000E-1,4.974365234E-3
2.213958333E-1,4.547119141E-3
2.214166667E-1,4.180908203E-3
2.214375000E-1,1.892089844E-3
2.214583333E-1,1.220703125E-3
2.214791667E-1,1.953125000E-3
2.215000000E-1,1.953125000E-3
2.215208333E-1,2.349853516E-3
2.215416667E-1,3.692626953E-3
2.215625000E-1,4.425048828E-3
2.215833333E-1,3.479003906E-3
2.216041667E-1,1.678466797E-3
2.216250000E-1,-1.800537109E-3
2.216458333E-1,-4.364013672E-3
2.216666667E-1,-6.347656250E-3
2.216875000E-1,-6.134033203E-3
2.217083333E-1,-4.364013672E-3
2.217291667E-1,-2.655029297E-3
2.217500000E-1,-2.716064453E-3
2.217708333E-1,-3.631591797E-3
2.217916667E-1,-4.791259766E-3
2.218125000E-1,-5.401611328E-3
2.218333333E-1,-5.249023438E-3
2.218541667E-1,-5.554199219E-3
2.218750000E-1,-5.249023438E-3
2.218958333E-1,-5.676269531E-3
2.219166667E-1,-2.502441406E-3
2.219375000E-1,2.288818359E-3
2.219583333E-1,8.483886719E-3
2.219791667E-1,1.141357422E-2
2.220000000E-1,8.911132812E-3
2.220208333E-1,3.479003906E-3
2.220416667E-1,-3.936767578E-3
2.220625000E-1,-9.399414062E-3
2.220833333E-1,-1.046752930E-2
2.221041667E-1,-7.507324219E-3
2.221250000E-1,-6.103515625E-3
2.221458333E-1,-7.965087891E-3
2.221666667E-1,-1.376342773E-2
2.221875000E-1,-1.712036133E-2
2.222083333E-1,-1.586914062E-2
2.222291667E-1,-1.010131836E-2
2.222500000E-1,-2.502441406E-3
2.222708333E-1,3.143310547E-3
2.222916667E-1,8.453369141E-3
2.223125000E-1,1.007080078E-2
2.223333333E-1,8.514404297E-3
2.223541667E-1,7.598876953E-3
2.223750000E-1,5.065917969E-3
2.223958333E-1,4.028320312E-3
2.224166667E-1,2.136230469E-3
2.224375000E-1,1.831054688E-4
2.224583333E-1,-1.037597656E-3
2.224791667E-1,-5.676269531E-3
2.225000000E-1,-8.819580078E-3
2.225208333E-1,-9.521484375E-3
2.225416667E-1,-7.720947266E-3
2.225625000E-1,-5.065917969E-3
2.225833333E-1,-1.617431641E-3
2.226041667E-1,-9.155273438E-5
2.226250000E-1,1.159667969E-3
2.226458333E-1,2.624511719E-3
2.226666667E-1,1.892089844E-3
2.226875000E-1,4.882812500E-4
2.227083333E-1,-1.342773438E-3
2.227291667E-1,-6.103515625E-4
2.227500000E-1,3.509521484E-3
2.227708333E-1,8.087158203E-3
2.227916667E-1,9.765625000E-3
2.228125000E-1,8.636474609E-3
2.228333333E-1,6.072998047E-3
2.228541667E-1,6.164550781E-3
2.228750000E-1,5.706787109E-3
2.228958333E-1,6.072998047E-3
2.229166667E-1,6.744384766E-3
2.229375000E-1,2.471923828E-3
2.229583333E-1,1.831054688E-4
2.229791667E-1,-3.509521484E-3
2.230000000E-1,-3.204345703E-3
2.230208333E-1,-2.441406250E-4
2.230416667E-1,6.103515625E-4
2.230625000E-1,5.187988281E-3
2.230833333E-1,4.150390625E-3
2.231041667E-1,2.960205078E-3
2.231250000E-1,7.324218750E-4
2.231458333E-1,-1.678466797E-3
2.231666667E-1,-1.678466797E-3
2.231875000E-1,-3.295898438E-3
2.232083333E-1,-1.586914062E-3
2.232291667E-1,-4.608154297E-3
2.232500000E-1,-6.347656250E-3
2.232708333E-1,-5.859375000E-3
2.232916667E-1,-6.805419922E-3
2.233125000E-1,-3.265380859E-3
2.233333333E-1,-9.765625000E-4
2.233541667E-1,3.570556641E-3
2.233750000E-1,6.042480469E-3
2.233958333E-1,6.530761719E-3
2.234166667E-1,7.904052734E-3
2.234375000E-1,4.364013672E-3
2.234583333E-1,2.990722656E-3
2.234791667E-1,2.227783203E-3
2.235000000E-1,3.906250000E-3
2.235208333E-1,4.455566406E-3
2.235416667E-1,3.234863281E-3
2.235625000E-1,2.593994141E-3
2.235833333E-1,-2.471923828E-3
2.236041667E-1,-5.371093750E-3
2.236250000E-1,-6.469726562E-3
2.236458333E-1,-3.021240234E-3
2.236666667E-1,-9.155273438E-5
2.236875000E-1,3.631591797E-3
2.237083333E-1,5.279541016E-3
2.237291667E-1,5.187988281E-3
2.237500000E-1,5.187988281E-3
2.237708333E-1,1.739501953E-3
2.237916667E-1,3.570556641E-3
2.238125000E-1,4.974365234E-3
2.238333333E-1,9.277343750E-3
2.238541667E-1,9.918212891E-3
2.238750000E-1,6.469726562E-3
2.238958333E-1,5.004882812E-3
2.239166667E-1,3.356933594E-3
2.239375000E-1,7.110595703E-3
2.239583333E-1,9.460449219E-3
2.239791667E-1,1.123046875E-2
2.240000000E-1,1.083374023E-2
2.240208333E-1,6.713867188E-3
2.240416667E-1,2.655029297E-3
2.240625000E-1,-3.967285156E-4
2.240833333E-1,-3.021240234E-3
2.241041667E-1,-6.591796875E-3
2.241250000E-1,-8.056640625E-3
2.241458333E-1,-1.010131836E-2
2.241666667E-1,-9.033203125E-3
2.241875000E-1,-6.896972656E-3
2.242083333E-1,-7.354736328E-3
2.242291667E-1,-5.737304688E-3
2.242500000E-1,-5.737304688E-3
2.242708333E-1,-4.974365234E-3
2.242916667E-1,-4.150390625E-3
2.243125000E-1,-2.929687500E-3
2.243333333E-1,-3.601074219E-3
2.243541667E-1,-3.234863281E-3
2.243750000E-1,-2.227783203E-3
2.243958333E-1,-2.868652344E-3
2.244166667E-1,-3.875732422E-3
2.244375000E-1,-5.645751953E-3
2.244583333E-1,-5.279541016E-3
2.244791667E-1,-6.164550781E-3
2.245000000E-1,-6.195068359E-3
2.245208333E-1,-8.087158203E-3
2.245416667E-1,-7.049560547E-3
2.245625000E-1,-4.028320312E-3
2.245833333E-1,-3.295898438E-3
2.246041667E-1,-1.434326172E-3
2.246250000E-1,-3.234863281E-3
2.246458333E-1,-4.241943359E-3
2.246666667E-1,-3.601074219E-3
2.246875000E-1,-1.800537109E-3
2.247083333E-1,2.380371094E-3
2.247291667E-1,2.655029297E-3
2.247500000E-1,9.460449219E-4
2.247708333E-1,-4.028320312E-3
2.247916667E-1,-4.669189453E-3
2.248125000E-1,1.525878906E-4
2.248333333E-1,2.166748047E-3
2.248541667E-1,4.943847656E-3
2.248750000E-1,4.211425781E-3
2.248958333E-1,3.967285156E-3
2.249166667E-1,2.105712891E-3
2.249375000E-1,-1.312255859E-3
2.249583333E-1,-1.708984375E-3
2.249791667E-1,-2.166748047E-3
2.250000000E-1,-1.739501953E-3
2.250208333E-1,-2.197265625E-3
2.250416667E-1,-4.150390625E-3
2.250625000E-1,-6.500244141E-3
2.250833333E-1,-7.415771484E-3
2.251041667E-1,-7.446289062E-3
2.251250000E-1,-6.713867188E-3
2.251458333E-1,-5.157470703E-3
2.251666667E-1,3.356933594E-4
2.251875000E-1,7.324218750E-3
2.252083333E-1,1.068115234E-2
2.252291667E-1,1.391601562E-2
2.252500000E-1,1.458740234E-2
2.252708333E-1,1.315307617E-2
2.252916667E-1,9.613037109E-3
2.253125000E-1,5.737304688E-3
2.253333333E-1,3.692626953E-3
2.253541667E-1,1.342773438E-3
2.253750000E-1,2.960205078E-3
2.253958333E-1,4.364013672E-3
2.254166667E-1,5.157470703E-3
2.254375000E-1,6.042480469E-3
2.254583333E-1,5.554199219E-3
2.254791667E-1,3.387451172E-3
2.255000000E-1,2.746582031E-4
2.255208333E-1,-2.563476562E-3
2.255416667E-1,-3.997802734E-3
2.255625000E-1,-3.326416016E-3
2.255833333E-1,-2.899169922E-3
2.256041667E-1,-2.319335938E-3
2.256250000E-1,-9.155273438E-4
2.256458333E-1,1.525878906E-4
2.256666667E-1,5.798339844E-4
2.256875000E-1,1.007080078E-3
2.257083333E-1,3.051757812E-5
2.257291667E-1,-1.068115234E-3
2.257500000E-1,-1.770019531E-3
2.257708333E-1,-5.310058594E-3
2.257916667E-1,-5.615234375E-3
2.258125000E-1,-5.950927734E-3
2.258333333E-1,-5.493164062E-3
2.258541667E-1,-2.990722656E-3
2.258750000E-1,-3.692626953E-3
2.258958333E-1,-2.410888672E-3
2.259166667E-1,-2.380371094E-3
2.259375000E-1,-3.021240234E-3
2.259583333E-1,-3.295898438E-3
2.259791667E-1,-4.669189453E-3
2.260000000E-1,-2.197265625E-3
2.260208333E-1,8.850097656E-4
2.260416667E-1,3.204345703E-3
2.260625000E-1,4.425048828E-3
2.260833333E-1,3.082275391E-3
2.261041667E-1,1.251220703E-3
2.261250000E-1,9.765625000E-4
2.261458333E-1,1.373291016E-3
2.261666667E-1,7.934570312E-4
2.261875000E-1,3.967285156E-4
2.262083333E-1,7.324218750E-4
2.262291667E-1,1.831054688E-4
2.262500000E-1,-5.798339844E-4
2.262708333E-1,-4.272460938E-4
2.262916667E-1,-3.967285156E-4
2.263125000E-1,1.159667969E-3
2.263333333E-1,1.220703125E-3
2.263541667E-1,1.525878906E-3
2.263750000E-1,-1.129150391E-3
2.263958333E-1,-1.770019531E-3
2.264166667E-1,-3.845214844E-3
2.264375000E-1,-4.974365234E-3
2.264583333E-1,-3.387451172E-3
2.264791667E-1,-2.502441406E-3
2.265000000E-1,7.629394531E-4
2.265208333E-1,1.586914062E-3
2.265416667E-1,1.983642578E-3
2.265625000E-1,7.629394531E-4
2.265833333E-1,1.892089844E-3
2.266041667E-1,3.936767578E-3
2.266250000E-1,3.417968750E-3
2.266458333E-1,4.760742188E-3
2.266666667E-1,2.990722656E-3
2.266875000E-1,1.373291016E-3
2.267083333E-1,-2.593994141E-3
2.267291667E-1,-6.713867188E-3
2.267500000E-1,-6.774902344E-3
2.267708333E-1,-8.941650391E-3
2.267916667E-1,-6.561279297E-3
2.268125000E-1,-5.401611328E-3
2.268333333E-1,-3.967285156E-3
2.268541667E-1,-2.258300781E-3
2.268750000E-1,-2.044677734E-3
2.268958333E-1,1.007080078E-3
2.269166667E-1,4.882812500E-4
2.269375000E-1,3.662109375E-4
2.269583333E-1,-1.495361328E-3
2.269791667E-1,-4.119873047E-3
2.270000000E-1,-5.706787109E-3
2.270208333E-1,-7.293701172E-3
2.270416667E-1,-5.279541016E-3
2.270625000E-1,-4.028320312E-3
2.270833333E-1,-5.035400391E-3
2.271041667E-1,-6.103515625E-3
2.271250000E-1,-7.385253906E-3
2.271458333E-1,-7.843017578E-3
2.271666667E-1,-7.629394531E-3
2.271875000E-1,-5.065917969E-3
2.272083333E-1,-4.425048828E-3
2.272291667E-1,-5.584716797E-3
2.272500000E-1,-5.279541016E-3
2.272708333E-1,-3.662109375E-3
2.272916667E-1,-1.708984375E-3
2.273125000E-1,-9.765625000E-4
2.273333333E-1,8.850097656E-4
2.273541667E-1,2.471923828E-3
2.273750000E-1,3.051757812E-3
2.273958333E-1,2.532958984E-3
2.274166667E-1,3.356933594E-3
2.274375000E-1,3.875732422E-3
2.274583333E-1,2.044677734E-3
2.274791667E-1,1.983642578E-3
2.275000000E-1,-2.441406250E-4
2.275208333E-1,-8.544921875E-4
2.275416667E-1,3.967285156E-4
2.275625000E-1,2.655029297E-3
2.275833333E-1,5.889892578E-3
2.276041667E-1,7.629394531E-3
2.276250000E-1,5.798339844E-3
2.276458333E-1,1.953125000E-3
2.276666667E-1,-8.544921875E-4
2.276875000E-1,-4.364013672E-3
2.277083333E-1,-7.232666016E-3
2.277291667E-1,-8.148193359E-3
2.277500000E-1,-7.568359375E-3
2.277708333E-1,-5.554199219E-3
2.277916667E-1,-4.302978516E-3
2.278125000E-1,-1.464843750E-3
2.278333333E-1,3.143310547E-3
2.278541667E-1,6.896972656E-3
2.278750000E-1,7.781982422E-3
2.278958333E-1,6.439208984E-3
2.279166667E-1,5.065917969E-3
2.279375000E-1,1.068115234E-3
2.279583333E-1,-1.464843750E-3
2.279791667E-1,-2.258300781E-3
2.280000000E-1,-2.075195312E-3
2.280208333E-1,-7.934570312E-4
2.280416667E-1,2.746582031E-3
2.280625000E-1,8.392333984E-3
2.280833333E-1,1.278686523E-2
2.281041667E-1,1.437377930E-2
2.281250000E-1,1.153564453E-2
2.281458333E-1,5.889892578E-3
2.281666667E-1,-1.464843750E-3
2.281875000E-1,-8.972167969E-3
2.282083333E-1,-1.083374023E-2
2.282291667E-1,-5.981445312E-3
2.282500000E-1,-4.577636719E-4
2.282708333E-1,3.082275391E-3
2.282916667E-1,4.821777344E-3
2.283125000E-1,3.845214844E-3
2.283333333E-1,1.678466797E-3
2.283541667E-1,-6.103515625E-5
2.283750000E-1,-1.312255859E-3
2.283958333E-1,-3.967285156E-3
2.284166667E-1,-7.446289062E-3
2.284375000E-1,-8.666992188E-3
2.284583333E-1,-7.446289062E-3
2.284791667E-1,-6.866455078E-3
2.285000000E-1,-2.685546875E-3
2.285208333E-1,2.685546875E-3
2.285416667E-1,3.845214844E-3
2.285625000E-1,6.469726562E-3
2.285833333E-1,1.034545898E-2
2.286041667E-1,8.514404297E-3
2.286250000E-1,4.425048828E-3
2.286458333E-1,7.934570312E-4
2.286666667E-1,-3.265380859E-3
2.286875000E-1,-9.155273438E-5
2.287083333E-1,3.082275391E-3
2.287291667E-1,6.347656250E-3
2.287500000E-1,6.561279297E-3
2.287708333E-1,4.852294922E-3
2.287916667E-1,5.889892578E-3
2.288125000E-1,2.227783203E-3
2.288333333E-1,2.990722656E-3
2.288541667E-1,5.218505859E-3
2.288750000E-1,5.218505859E-3
2.288958333E-1,4.821777344E-3
2.289166667E-1,2.563476562E-3
2.289375000E-1,3.051757812E-5
2.289583333E-1,-4.791259766E-3
2.289791667E-1,-6.286621094E-3
2.290000000E-1,-6.439208984E-3
2.290208333E-1,-7.080078125E-3
2.290416667E-1,-5.462646484E-3
2.290625000E-1,-3.845214844E-3
2.290833333E-1,9.155273438E-5
2.291041667E-1,4.486083984E-3
2.291250000E-1,7.934570312E-3
2.291458333E-1,5.981445312E-3
2.291666667E-1,1.708984375E-3
2.291875000E-1,4.882812500E-4
2.292083333E-1,7.019042969E-4
2.292291667E-1,3.448486328E-3
2.292500000E-1,6.347656250E-3
2.292708333E-1,7.446289062E-3
2.292916667E-1,1.068115234E-2
2.293125000E-1,1.156616211E-2
2.293333333E-1,1.016235352E-2
2.293541667E-1,9.735107422E-3
2.293750000E-1,7.873535156E-3
2.293958333E-1,4.974365234E-3
2.294166667E-1,2.502441406E-3
2.294375000E-1,6.408691406E-4
2.294583333E-1,-4.272460938E-4
2.294791667E-1,1.403808594E-3
2.295000000E-1,3.356933594E-3
2.295208333E-1,5.706787109E-3
2.295416667E-1,6.591796875E-3
2.295625000E-1,3.906250000E-3
2.295833333E-1,-6.103515625E-5
2.296041667E-1,-3.234863281E-3
2.296250000E-1,-2.502441406E-3
2.296458333E-1,-2.380371094E-3
2.296666667E-1,8.850097656E-4
2.296875000E-1,2.380371094E-3
2.297083333E-1,1.617431641E-3
2.297291667E-1,2.288818359E-3
2.297500000E-1,-6.713867188E-4
2.297708333E-1,-2.746582031E-3
2.297916667E-1,-6.805419922E-3
2.298125000E-1,-8.453369141E-3
2.298333333E-1,-9.246826172E-3
2.298541667E-1,-9.582519531E-3
2.298750000E-1,-6.652832031E-3
2.298958333E-1,-2.319335938E-3
2.299166667E-1,9.460449219E-4
2.299375000E-1,-1.831054688E-4
2.299583333E-1,-1.403808594E-3
2.299791667E-1,-4.486083984E-3
2.300000000E-1,-7.659912109E-3
2.300208333E-1,-7.232666016E-3
2.300416667E-1,-5.218505859E-3
2.300625000E-1,-4.028320312E-3
2.300833333E-1,-3.479003906E-3
2.301041667E-1,-4.394531250E-3
2.301250000E-1,-5.126953125E-3
2.301458333E-1,-5.798339844E-3
2.301666667E-1,-5.371093750E-3
2.301875000E-1,-2.563476562E-3
2.302083333E-1,-1.037597656E-3
2.302291667E-1,1.434326172E-3
2.302500000E-1,2.380371094E-3
2.302708333E-1,7.629394531E-4
2.302916667E-1,-1.739501953E-3
2.303125000E-1,-3.173828125E-3
2.303333333E-1,-2.838134766E-3
2.303541667E-1,1.831054688E-4
2.303750000E-1,3.784179688E-3
2.303958333E-1,6.561279297E-3
2.304166667E-1,5.615234375E-3
2.304375000E-1,1.129150391E-3
2.304583333E-1,1.495361328E-3
2.304791667E-1,-9.155273438E-5
2.305000000E-1,-1.190185547E-3
2.305208333E-1,-5.493164062E-4
2.305416667E-1,-1.556396484E-3
2.305625000E-1,9.765625000E-4
2.305833333E-1,-9.460449219E-4
2.306041667E-1,-9.155273438E-5
2.306250000E-1,-1.037597656E-3
2.306458333E-1,-3.814697266E-3
2.306666667E-1,-3.601074219E-3
2.306875000E-1,-4.272460938E-3
2.307083333E-1,0.000000000E0
2.307291667E-1,3.021240234E-3
2.307500000E-1,6.317138672E-3
2.307708333E-1,6.286621094E-3
2.307916667E-1,6.927490234E-3
2.308125000E-1,7.629394531E-3
2.308333333E-1,4.547119141E-3
2.308541667E-1,3.051757812E-3
2.308750000E-1,-7.934570312E-4
2.308958333E-1,-1.556396484E-3
2.309166667E-1,-3.204345703E-3
2.309375000E-1,-1.220703125E-3
2.309583333E-1,-5.187988281E-4
2.309791667E-1,-6.713867188E-4
2.310000000E-1,2.563476562E-3
2.310208333E-1,1.495361328E-3
2.310416667E-1,1.281738281E-3
2.310625000E-1,-1.159667969E-3
2.310833333E-1,-7.324218750E-4
2.311041667E-1,9.460449219E-4
2.311250000E-1,1.953125000E-3
2.311458333E-1,3.814697266E-3
2.311666667E-1,1.647949219E-3
2.311875000E-1,4.577636719E-4
2.312083333E-1,-1.708984375E-3
2.312291667E-1,-4.516601562E-3
2.312500000E-1,-6.774902344E-3
2.312708333E-1,-6.835937500E-3
2.312916667E-1,-3.570556641E-3
2.313125000E-1,-2.746582031E-3
2.313333333E-1,-1.129150391E-3
2.313541667E-1,-5.493164062E-4
2.313750000E-1,4.272460938E-4
2.313958333E-1,7.629394531E-4
2.314166667E-1,-7.629394531E-4
2.314375000E-1,-4.272460938E-4
2.314583333E-1,-2.532958984E-3
2.314791667E-1,-3.356933594E-3
2.315000000E-1,-4.028320312E-3
2.315208333E-1,-2.929687500E-3
2.315416667E-1,-1.037597656E-3
2.315625000E-1,-8.544921875E-4
2.315833333E-1,6.408691406E-4
2.316041667E-1,3.967285156E-4
2.316250000E-1,-1.220703125E-3
2.316458333E-1,0.000000000E0
2.316666667E-1,-1.098632812E-3
2.316875000E-1,-2.288818359E-3
2.317083333E-1,-2.685546875E-3
2.317291667E-1,-4.974365234E-3
2.317500000E-1,-6.347656250E-3
2.317708333E-1,-6.561279297E-3
2.317916667E-1,-5.126953125E-3
2.318125000E-1,-2.929687500E-3
2.318333333E-1,-9.765625000E-4
2.318541667E-1,1.678466797E-3
2.318750000E-1,4.211425781E-3
2.318958333E-1,5.920410156E-3
2.319166667E-1,5.920410156E-3
2.319375000E-1,4.119873047E-3
2.319583333E-1,1.037597656E-3
2.319791667E-1,-1.647949219E-3
2.320000000E-1,-1.800537109E-3
2.320208333E-1,-8.850097656E-4
2.320416667E-1,2.868652344E-3
2.320625000E-1,5.035400391E-3
2.320833333E-1,3.204345703E-3
2.321041667E-1,-3.662109375E-4
2.321250000E-1,-3.692626953E-3
2.321458333E-1,-3.967285156E-3
2.321666667E-1,-3.692626953E-3
2.321875000E-1,-4.272460938E-4
2.322083333E-1,4.882812500E-3
2.322291667E-1,8.422851562E-3
2.322500000E-1,9.765625000E-3
2.322708333E-1,6.927490234E-3
2.322916667E-1,4.333496094E-3
2.323125000E-1,3.051757812E-4
2.323333333E-1,-2.136230469E-3
2.323541667E-1,-3.173828125E-3
2.323750000E-1,-4.089355469E-3
2.323958333E-1,-1.007080078E-3
2.324166667E-1,5.798339844E-4
2.324375000E-1,2.532958984E-3
2.324583333E-1,5.401611328E-3
2.324791667E-1,6.958007812E-3
2.325000000E-1,5.920410156E-3
2.325208333E-1,4.577636719E-3
2.325416667E-1,4.913330078E-3
2.325625000E-1,3.997802734E-3
2.325833333E-1,2.197265625E-3
2.326041667E-1,-3.906250000E-3
2.326250000E-1,-9.368896484E-3
2.326458333E-1,-1.367187500E-2
2.326666667E-1,-1.641845703E-2
2.326875000E-1,-1.391601562E-2
2.327083333E-1,-9.613037109E-3
2.327291667E-1,-3.723144531E-3
2.327500000E-1,1.617431641E-3
2.327708333E-1,2.563476562E-3
2.327916667E-1,7.934570312E-4
2.328125000E-1,-3.662109375E-4
2.328333333E-1,1.708984375E-3
2.328541667E-1,3.143310547E-3
2.328750000E-1,6.134033203E-3
2.328958333E-1,7.965087891E-3
2.329166667E-1,5.218505859E-3
2.329375000E-1,3.204345703E-3
2.329583333E-1,-9.155273438E-5
2.329791667E-1,-9.765625000E-4
2.330000000E-1,-1.831054688E-3
2.330208333E-1,-5.187988281E-4
2.330416667E-1,3.051757812E-3
2.330625000E-1,4.394531250E-3
2.330833333E-1,5.310058594E-3
2.331041667E-1,6.103515625E-3
2.331250000E-1,6.896972656E-3
2.331458333E-1,6.622314453E-3
2.331666667E-1,5.584716797E-3
2.331875000E-1,4.547119141E-3
2.332083333E-1,6.805419922E-3
2.332291667E-1,7.720947266E-3
2.332500000E-1,7.049560547E-3
2.332708333E-1,5.828857422E-3
2.332916667E-1,3.814697266E-3
2.333125000E-1,-9.155273438E-5
2.333333333E-1,-3.387451172E-3
2.333541667E-1,-3.814697266E-3
2.333750000E-1,-3.540039062E-3
2.333958333E-1,-2.105712891E-3
2.334166667E-1,-2.288818359E-3
2.334375000E-1,-1.495361328E-3
2.334583333E-1,1.434326172E-3
2.334791667E-1,4.211425781E-3
2.335000000E-1,4.852294922E-3
2.335208333E-1,5.615234375E-3
2.335416667E-1,6.225585938E-3
2.335625000E-1,6.256103516E-3
2.335833333E-1,4.730224609E-3
2.336041667E-1,4.852294922E-3
2.336250000E-1,3.326416016E-3
2.336458333E-1,6.408691406E-4
2.336666667E-1,-4.882812500E-4
2.336875000E-1,-3.662109375E-4
2.337083333E-1,3.295898438E-3
2.337291667E-1,5.432128906E-3
2.337500000E-1,7.476806641E-3
2.337708333E-1,8.453369141E-3
2.337916667E-1,7.232666016E-3
2.338125000E-1,5.859375000E-3
2.338333333E-1,1.586914062E-3
2.338541667E-1,-4.150390625E-3
2.338750000E-1,-7.659912109E-3
2.338958333E-1,-6.744384766E-3
2.339166667E-1,-4.974365234E-3
2.339375000E-1,-3.234863281E-3
2.339583333E-1,-2.105712891E-3
2.339791667E-1,-9.155273438E-4
2.340000000E-1,-1.342773438E-3
2.340208333E-1,-2.410888672E-3
2.340416667E-1,-1.647949219E-3
2.340625000E-1,-3.356933594E-4
2.340833333E-1,4.455566406E-3
2.341041667E-1,7.141113281E-3
2.341250000E-1,9.002685547E-3
2.341458333E-1,8.361816406E-3
2.341666667E-1,6.896972656E-3
2.341875000E-1,5.737304688E-3
2.342083333E-1,1.525878906E-3
2.342291667E-1,1.220703125E-4
2.342500000E-1,-1.586914062E-3
2.342708333E-1,-8.239746094E-4
2.342916667E-1,-1.617431641E-3
2.343125000E-1,-2.807617188E-3
2.343333333E-1,-2.197265625E-3
2.343541667E-1,-3.570556641E-3
2.343750000E-1,-1.953125000E-3
2.343958333E-1,1.831054688E-4
2.344166667E-1,2.410888672E-3
2.344375000E-1,3.295898438E-3
2.344583333E-1,1.556396484E-3
2.344791667E-1,1.800537109E-3
2.345000000E-1,3.051757812E-4
2.345208333E-1,-1.556396484E-3
2.345416667E-1,-2.838134766E-3
2.345625000E-1,-3.875732422E-3
2.345833333E-1,-5.615234375E-3
2.346041667E-1,-5.523681641E-3
2.346250000E-1,-2.746582031E-3
2.346458333E-1,-1.373291016E-3
2.346666667E-1,-2.105712891E-3
2.346875000E-1,-3.234863281E-3
2.347083333E-1,-5.523681641E-3
2.347291667E-1,-5.889892578E-3
2.347500000E-1,-4.211425781E-3
2.347708333E-1,-4.943847656E-3
2.347916667E-1,-4.180908203E-3
2.348125000E-1,-3.326416016E-3
2.348333333E-1,-2.349853516E-3
2.348541667E-1,3.967285156E-4
2.348750000E-1,2.807617188E-3
2.348958333E-1,7.720947266E-3
2.349166667E-1,1.055908203E-2
2.349375000E-1,1.123046875E-2
2.349583333E-1,1.141357422E-2
2.349791667E-1,8.789062500E-3
2.350000000E-1,7.873535156E-3
2.350208333E-1,5.035400391E-3
2.350416667E-1,4.180908203E-3
2.350625000E-1,4.760742188E-3
2.350833333E-1,5.249023438E-3
2.351041667E-1,6.286621094E-3
2.351250000E-1,1.617431641E-3
2.351458333E-1,-5.187988281E-3
2.351666667E-1,-1.391601562E-2
2.351875000E-1,-2.133178711E-2
2.352083333E-1,-2.304077148E-2
2.352291667E-1,-2.404785156E-2
2.352500000E-1,-2.343750000E-2
2.352708333E-1,-2.087402344E-2
2.352916667E-1,-1.785278320E-2
2.353125000E-1,-1.473999023E-2
2.353333333E-1,-1.187133789E-2
2.353541667E-1,-6.195068359E-3
2.353750000E-1,-1.831054688E-4
2.353958333E-1,3.570556641E-3
2.354166667E-1,3.723144531E-3
2.354375000E-1,1.281738281E-3
2.354583333E-1,-2.593994141E-3
2.354791667E-1,-5.615234375E-3
2.355000000E-1,-7.476806641E-3
2.355208333E-1,-3.112792969E-3
2.355416667E-1,4.791259766E-3
2.355625000E-1,1.473999023E-2
2.355833333E-1,2.307128906E-2
2.356041667E-1,2.810668945E-2
2.356250000E-1,2.493286133E-2
2.356458333E-1,1.531982422E-2
2.356666667E-1,7.965087891E-3
2.356875000E-1,4.272460938E-4
2.357083333E-1,-2.197265625E-3
2.357291667E-1,-3.204345703E-3
2.357500000E-1,-5.310058594E-3
2.357708333E-1,-6.683349609E-3
2.357916667E-1,-9.429931641E-3
2.358125000E-1,-1.049804688E-2
2.358333333E-1,-1.174926758E-2
2.358541667E-1,-1.257324219E-2
2.358750000E-1,-1.412963867E-2
2.358958333E-1,-1.519775391E-2
2.359166667E-1,-1.623535156E-2
2.359375000E-1,-1.681518555E-2
2.359583333E-1,-1.654052734E-2
2.359791667E-1,-1.272583008E-2
2.360000000E-1,-7.781982422E-3
2.360208333E-1,-5.676269531E-3
2.360416667E-1,-2.777099609E-3
2.360625000E-1,-1.739501953E-3
2.360833333E-1,-7.629394531E-4
2.361041667E-1,2.136230469E-3
2.361250000E-1,2.838134766E-3
2.361458333E-1,7.629394531E-4
2.361666667E-1,-1.708984375E-3
2.361875000E-1,-3.723144531E-3
2.362083333E-1,-1.312255859E-3
2.362291667E-1,1.708984375E-3
2.362500000E-1,7.812500000E-3
2.362708333E-1,1.397705078E-2
2.362916667E-1,1.239013672E-2
2.363125000E-1,1.043701172E-2
2.363333333E-1,6.591796875E-3
2.363541667E-1,4.760742188E-3
2.363750000E-1,6.225585938E-3
2.363958333E-1,6.591796875E-3
2.364166667E-1,6.164550781E-3
2.364375000E-1,3.662109375E-3
2.364583333E-1,1.007080078E-3
2.364791667E-1,-2.227783203E-3
2.365000000E-1,-2.777099609E-3
2.365208333E-1,-2.502441406E-3
2.365416667E-1,-4.516601562E-3
2.365625000E-1,-3.509521484E-3
2.365833333E-1,-2.166748047E-3
2.366041667E-1,-2.136230469E-3
2.366250000E-1,-2.197265625E-3
2.366458333E-1,-2.868652344E-3
2.366666667E-1,-2.166748047E-3
2.366875000E-1,-1.159667969E-3
2.367083333E-1,1.098632812E-3
2.367291667E-1,3.295898438E-3
2.367500000E-1,5.218505859E-3
2.367708333E-1,7.720947266E-3
2.367916667E-1,1.010131836E-2
2.368125000E-1,1.119995117E-2
2.368333333E-1,9.307861328E-3
2.368541667E-1,7.141113281E-3
2.368750000E-1,2.258300781E-3
2.368958333E-1,-1.312255859E-3
2.369166667E-1,-3.051757812E-3
2.369375000E-1,-4.211425781E-3
2.369583333E-1,-4.333496094E-3
2.369791667E-1,-3.662109375E-3
2.370000000E-1,-4.058837891E-3
2.370208333E-1,-5.157470703E-3
2.370416667E-1,-4.272460938E-3
2.370625000E-1,-3.326416016E-3
2.370833333E-1,-1.525878906E-4
2.371041667E-1,1.495361328E-3
2.371250000E-1,2.960205078E-3
2.371458333E-1,3.967285156E-3
2.371666667E-1,2.990722656E-3
2.371875000E-1,2.593994141E-3
2.372083333E-1,2.441406250E-4
2.372291667E-1,-4.058837891E-3
2.372500000E-1,-7.446289062E-3
2.372708333E-1,-6.805419922E-3
2.372916667E-1,-4.760742188E-3
2.373125000E-1,-5.493164062E-4
2.373333333E-1,3.753662109E-3
2.373541667E-1,7.934570312E-3
2.373750000E-1,9.765625000E-3
2.373958333E-1,8.422851562E-3
2.374166667E-1,8.911132812E-3
2.374375000E-1,7.812500000E-3
2.374583333E-1,7.537841797E-3
2.374791667E-1,6.439208984E-3
2.375000000E-1,3.112792969E-3
2.375208333E-1,7.629394531E-4
2.375416667E-1,-4.089355469E-3
2.375625000E-1,-6.225585938E-3
2.375833333E-1,-6.561279297E-3
2.376041667E-1,-5.218505859E-3
2.376250000E-1,-3.845214844E-3
2.376458333E-1,-2.502441406E-3
2.376666667E-1,-1.068115234E-3
2.376875000E-1,-2.441406250E-3
2.377083333E-1,4.272460938E-4
2.377291667E-1,2.288818359E-3
2.377500000E-1,3.295898438E-3
2.377708333E-1,5.157470703E-3
2.377916667E-1,4.486083984E-3
2.378125000E-1,4.241943359E-3
2.378333333E-1,2.716064453E-3
2.378541667E-1,6.103515625E-4
2.378750000E-1,7.324218750E-4
2.378958333E-1,-3.662109375E-4
2.379166667E-1,-2.929687500E-3
2.379375000E-1,-6.347656250E-3
2.379583333E-1,-9.277343750E-3
2.379791667E-1,-8.422851562E-3
2.380000000E-1,-6.622314453E-3
2.380208333E-1,-2.197265625E-3
2.380416667E-1,4.272460938E-4
2.380625000E-1,1.617431641E-3
2.380833333E-1,4.272460938E-4
2.381041667E-1,-3.082275391E-3
2.381250000E-1,-5.401611328E-3
2.381458333E-1,-8.270263672E-3
2.381666667E-1,-5.371093750E-3
2.381875000E-1,-2.929687500E-3
2.382083333E-1,1.129150391E-3
2.382291667E-1,5.279541016E-3
2.382500000E-1,6.866455078E-3
2.382708333E-1,7.080078125E-3
2.382916667E-1,3.417968750E-3
2.383125000E-1,3.692626953E-3
2.383333333E-1,2.868652344E-3
2.383541667E-1,4.211425781E-3
2.383750000E-1,7.446289062E-3
2.383958333E-1,6.164550781E-3
2.384166667E-1,5.035400391E-3
2.384375000E-1,-1.190185547E-3
2.384583333E-1,-4.241943359E-3
2.384791667E-1,-4.882812500E-3
2.385000000E-1,-4.272460938E-3
2.385208333E-1,-1.220703125E-3
2.385416667E-1,3.967285156E-4
2.385625000E-1,2.990722656E-3
2.385833333E-1,1.953125000E-3
2.386041667E-1,1.403808594E-3
2.386250000E-1,7.324218750E-4
2.386458333E-1,-8.544921875E-4
2.386666667E-1,-9.765625000E-4
2.386875000E-1,-1.708984375E-3
2.387083333E-1,-3.112792969E-3
2.387291667E-1,-4.364013672E-3
2.387500000E-1,-5.371093750E-3
2.387708333E-1,-2.807617188E-3
2.387916667E-1,2.441406250E-4
2.388125000E-1,3.936767578E-3
2.388333333E-1,6.256103516E-3
2.388541667E-1,5.279541016E-3
2.388750000E-1,6.317138672E-3
2.388958333E-1,5.523681641E-3
2.389166667E-1,7.476806641E-3
2.389375000E-1,8.331298828E-3
2.389583333E-1,5.523681641E-3
2.389791667E-1,5.096435547E-3
2.390000000E-1,2.380371094E-3
2.390208333E-1,4.241943359E-3
2.390416667E-1,7.629394531E-3
2.390625000E-1,1.000976562E-2
2.390833333E-1,1.040649414E-2
2.391041667E-1,8.392333984E-3
2.391250000E-1,6.347656250E-3
2.391458333E-1,3.204345703E-3
2.391666667E-1,2.471923828E-3
2.391875000E-1,7.629394531E-4
2.392083333E-1,1.556396484E-3
2.392291667E-1,7.934570312E-4
2.392500000E-1,-1.556396484E-3
2.392708333E-1,-2.136230469E-3
2.392916667E-1,-4.302978516E-3
2.393125000E-1,-2.899169922E-3
2.393333333E-1,-3.387451172E-3
2.393541667E-1,-3.326416016E-3
2.393750000E-1,-3.570556641E-3
2.393958333E-1,-6.347656250E-3
2.394166667E-1,-4.821777344E-3
2.394375000E-1,-1.953125000E-3
2.394583333E-1,2.502441406E-3
2.394791667E-1,7.415771484E-3
2.395000000E-1,1.004028320E-2
2.395208333E-1,1.107788086E-2
2.395416667E-1,1.000976562E-2
2.395625000E-1,7.934570312E-3
2.395833333E-1,5.035400391E-3
2.396041667E-1,1.312255859E-3
2.396250000E-1,-1.892089844E-3
2.396458333E-1,-4.730224609E-3
2.396666667E-1,-5.187988281E-3
2.396875000E-1,-5.462646484E-3
2.397083333E-1,-5.249023438E-3
2.397291667E-1,-2.441406250E-3
2.397500000E-1,-2.258300781E-3
2.397708333E-1,-3.173828125E-3
2.397916667E-1,-3.784179688E-3
2.398125000E-1,-5.676269531E-3
2.398333333E-1,-6.927490234E-3
2.398541667E-1,-4.608154297E-3
2.398750000E-1,-2.349853516E-3
2.398958333E-1,-5.187988281E-4
2.399166667E-1,2.410888672E-3
2.399375000E-1,3.448486328E-3
2.399583333E-1,4.974365234E-3
2.399791667E-1,5.340576172E-3
2.400000000E-1,5.981445312E-3
2.400208333E-1,5.096435547E-3
2.400416667E-1,4.119873047E-3
2.400625000E-1,5.065917969E-3
2.400833333E-1,3.692626953E-3
2.401041667E-1,2.136230469E-3
2.401250000E-1,2.471923828E-3
2.401458333E-1,3.143310547E-3
2.401666667E-1,2.685546875E-3
2.401875000E-1,2.563476562E-3
2.402083333E-1,1.586914062E-3
2.402291667E-1,-1.220703125E-4
2.402500000E-1,3.356933594E-4
2.402708333E-1,4.272460938E-4
2.402916667E-1,-7.019042969E-4
2.403125000E-1,-3.540039062E-3
2.403333333E-1,-6.469726562E-3
2.403541667E-1,-7.751464844E-3
2.403750000E-1,-9.826660156E-3
2.403958333E-1,-7.568359375E-3
2.404166667E-1,-5.249023438E-3
2.404375000E-1,-4.638671875E-3
2.404583333E-1,-3.936767578E-3
2.404791667E-1,-5.432128906E-3
2.405000000E-1,-6.439208984E-3
2.405208333E-1,-8.850097656E-3
2.405416667E-1,-8.331298828E-3
2.405625000E-1,-7.751464844E-3
2.405833333E-1,-6.591796875E-3
2.406041667E-1,-3.387451172E-3
2.406250000E-1,-1.007080078E-3
2.406458333E-1,2.990722656E-3
2.406666667E-1,4.455566406E-3
2.406875000E-1,4.852294922E-3
2.407083333E-1,4.852294922E-3
2.407291667E-1,3.845214844E-3
2.407500000E-1,3.204345703E-3
2.407708333E-1,4.272460938E-3
2.407916667E-1,7.476806641E-3
2.408125000E-1,9.002685547E-3
2.408333333E-1,1.034545898E-2
2.408541667E-1,9.582519531E-3
2.408750000E-1,8.117675781E-3
2.408958333E-1,5.004882812E-3
2.409166667E-1,1.495361328E-3
2.409375000E-1,-7.019042969E-4
2.409583333E-1,-5.035400391E-3
2.409791667E-1,-7.049560547E-3
2.410000000E-1,-8.026123047E-3
2.410208333E-1,-8.880615234E-3
2.410416667E-1,-7.080078125E-3
2.410625000E-1,-6.744384766E-3
2.410833333E-1,-4.058837891E-3
2.411041667E-1,-3.173828125E-3
2.411250000E-1,-3.479003906E-3
2.411458333E-1,-3.051757812E-3
2.411666667E-1,-2.838134766E-3
2.411875000E-1,-1.159667969E-3
2.412083333E-1,-2.075195312E-3
2.412291667E-1,-1.068115234E-3
2.412500000E-1,-2.105712891E-3
2.412708333E-1,-2.471923828E-3
2.412916667E-1,-2.593994141E-3
2.413125000E-1,-2.349853516E-3
2.413333333E-1,3.051757812E-5
2.413541667E-1,6.103515625E-4
2.413750000E-1,3.784179688E-3
2.413958333E-1,1.953125000E-3
2.414166667E-1,9.460449219E-4
2.414375000E-1,1.525878906E-4
2.414583333E-1,-1.678466797E-3
2.414791667E-1,-6.103515625E-5
2.415000000E-1,-1.586914062E-3
2.415208333E-1,-1.251220703E-3
2.415416667E-1,-7.629394531E-4
2.415625000E-1,-3.662109375E-4
2.415833333E-1,-5.493164062E-4
2.416041667E-1,-1.831054688E-3
2.416250000E-1,-3.448486328E-3
2.416458333E-1,-5.340576172E-3
2.416666667E-1,-7.324218750E-3
2.416875000E-1,-6.683349609E-3
2.417083333E-1,-5.096435547E-3
2.417291667E-1,-3.356933594E-3
2.417500000E-1,-2.441406250E-4
2.417708333E-1,-1.312255859E-3
2.417916667E-1,-1.007080078E-3
2.418125000E-1,-1.129150391E-3
2.418333333E-1,-2.014160156E-3
2.418541667E-1,-1.464843750E-3
2.418750000E-1,-2.441406250E-4
2.418958333E-1,2.288818359E-3
2.419166667E-1,3.509521484E-3
2.419375000E-1,3.021240234E-3
2.419583333E-1,3.112792969E-3
2.419791667E-1,1.708984375E-3
2.420000000E-1,-3.662109375E-4
2.420208333E-1,-2.899169922E-3
2.420416667E-1,-3.784179688E-3
2.420625000E-1,-4.119873047E-3
2.420833333E-1,-3.631591797E-3
2.421041667E-1,-2.777099609E-3
2.421250000E-1,-2.532958984E-3
2.421458333E-1,-1.892089844E-3
2.421666667E-1,-2.929687500E-3
2.421875000E-1,-3.204345703E-3
2.422083333E-1,-3.570556641E-3
2.422291667E-1,-3.448486328E-3
2.422500000E-1,-9.155273438E-4
2.422708333E-1,1.159667969E-3
2.422916667E-1,1.647949219E-3
2.423125000E-1,8.544921875E-4
2.423333333E-1,1.831054688E-3
2.423541667E-1,1.586914062E-3
2.423750000E-1,7.629394531E-4
2.423958333E-1,1.708984375E-3
2.424166667E-1,2.136230469E-3
2.424375000E-1,3.692626953E-3
2.424583333E-1,2.349853516E-3
2.424791667E-1,1.129150391E-3
2.425000000E-1,-1.464843750E-3
2.425208333E-1,-2.960205078E-3
2.425416667E-1,-2.502441406E-3
2.425625000E-1,-2.258300781E-3
2.425833333E-1,-1.251220703E-3
2.426041667E-1,-9.460449219E-4
2.426250000E-1,-2.746582031E-4
2.426458333E-1,-5.187988281E-4
2.426666667E-1,7.629394531E-4
2.426875000E-1,9.765625000E-4
2.427083333E-1,-1.800537109E-3
2.427291667E-1,-3.753662109E-3
2.427500000E-1,-4.638671875E-3
2.427708333E-1,-2.471923828E-3
2.427916667E-1,6.103515625E-5
2.428125000E-1,1.525878906E-3
2.428333333E-1,3.570556641E-3
2.428541667E-1,4.608154297E-3
2.428750000E-1,5.157470703E-3
2.428958333E-1,7.385253906E-3
2.429166667E-1,6.927490234E-3
2.429375000E-1,7.476806641E-3
2.429583333E-1,6.469726562E-3
2.429791667E-1,4.608154297E-3
2.430000000E-1,3.082275391E-3
2.430208333E-1,-5.187988281E-4
2.430416667E-1,-1.678466797E-3
2.430625000E-1,-2.777099609E-3
2.430833333E-1,-1.983642578E-3
2.431041667E-1,5.187988281E-4
2.431250000E-1,2.258300781E-3
2.431458333E-1,1.373291016E-3
2.431666667E-1,9.460449219E-4
2.431875000E-1,1.495361328E-3
2.432083333E-1,1.983642578E-3
2.432291667E-1,4.608154297E-3
2.432500000E-1,7.904052734E-3
2.432708333E-1,9.735107422E-3
2.432916667E-1,9.857177734E-3
2.433125000E-1,8.605957031E-3
2.433333333E-1,7.019042969E-3
2.433541667E-1,6.591796875E-3
2.433750000E-1,6.683349609E-3
2.433958333E-1,5.645751953E-3
2.434166667E-1,3.906250000E-3
2.434375000E-1,6.103515625E-4
2.434583333E-1,-3.265380859E-3
2.434791667E-1,-6.591796875E-3
2.435000000E-1,-8.148193359E-3
2.435208333E-1,-8.697509766E-3
2.435416667E-1,-8.239746094E-3
2.435625000E-1,-8.056640625E-3
2.435833333E-1,-5.401611328E-3
2.436041667E-1,-3.845214844E-3
2.436250000E-1,-3.845214844E-3
2.436458333E-1,-3.906250000E-3
2.436666667E-1,-7.781982422E-3
2.436875000E-1,-1.000976562E-2
2.437083333E-1,-1.144409180E-2
2.437291667E-1,-1.144409180E-2
2.437500000E-1,-7.415771484E-3
2.437708333E-1,-2.288818359E-3
2.437916667E-1,3.326416016E-3
2.438125000E-1,4.730224609E-3
2.438333333E-1,4.913330078E-3
2.438541667E-1,4.394531250E-3
2.438750000E-1,3.570556641E-3
2.438958333E-1,3.417968750E-3
2.439166667E-1,2.136230469E-3
2.439375000E-1,5.310058594E-3
2.439583333E-1,7.629394531E-3
2.439791667E-1,1.095581055E-2
2.440000000E-1,1.086425781E-2
2.440208333E-1,8.239746094E-3
2.440416667E-1,7.385253906E-3
2.440625000E-1,4.241943359E-3
2.440833333E-1,4.211425781E-3
2.441041667E-1,1.678466797E-3
2.441250000E-1,-7.629394531E-4
2.441458333E-1,-4.730224609E-3
2.441666667E-1,-7.751464844E-3
2.441875000E-1,-9.552001953E-3
2.442083333E-1,-9.582519531E-3
2.442291667E-1,-6.774902344E-3
2.442500000E-1,-5.767822266E-3
2.442708333E-1,-4.730224609E-3
2.442916667E-1,-5.462646484E-3
2.443125000E-1,-6.591796875E-3
2.443333333E-1,-8.270263672E-3
2.443541667E-1,-7.141113281E-3
2.443750000E-1,-3.692626953E-3
2.443958333E-1,-4.577636719E-4
2.444166667E-1,4.394531250E-3
2.444375000E-1,7.995605469E-3
2.444583333E-1,9.857177734E-3
2.444791667E-1,1.242065430E-2
2.445000000E-1,1.156616211E-2
2.445208333E-1,8.575439453E-3
2.445416667E-1,6.774902344E-3
2.445625000E-1,4.211425781E-3
2.445833333E-1,4.394531250E-3
2.446041667E-1,5.432128906E-3
2.446250000E-1,4.180908203E-3
2.446458333E-1,1.800537109E-3
2.446666667E-1,-2.014160156E-3
2.446875000E-1,-4.699707031E-3
2.447083333E-1,-7.629394531E-3
2.447291667E-1,-8.300781250E-3
2.447500000E-1,-8.392333984E-3
2.447708333E-1,-7.812500000E-3
2.447916667E-1,-5.889892578E-3
2.448125000E-1,-4.241943359E-3
2.448333333E-1,-3.265380859E-3
2.448541667E-1,-2.075195312E-3
2.448750000E-1,-2.441406250E-4
2.448958333E-1,2.441406250E-4
2.449166667E-1,2.258300781E-3
2.449375000E-1,3.356933594E-3
2.449583333E-1,3.875732422E-3
2.449791667E-1,1.373291016E-3
2.450000000E-1,-1.007080078E-3
2.450208333E-1,-2.441406250E-3
2.450416667E-1,-3.753662109E-3
2.450625000E-1,-4.272460938E-4
2.450833333E-1,1.373291016E-3
2.451041667E-1,3.356933594E-3
2.451250000E-1,3.845214844E-3
2.451458333E-1,7.934570312E-4
2.451666667E-1,-1.007080078E-3
2.451875000E-1,-1.770019531E-3
2.452083333E-1,-3.143310547E-3
2.452291667E-1,-3.479003906E-3
2.452500000E-1,-3.234863281E-3
2.452708333E-1,-4.089355469E-3
2.452916667E-1,-2.197265625E-3
2.453125000E-1,-2.685546875E-3
2.453333333E-1,-2.441406250E-4
2.453541667E-1,1.373291016E-3
2.453750000E-1,5.187988281E-4
2.453958333E-1,-3.051757812E-4
2.454166667E-1,-3.662109375E-3
2.454375000E-1,-4.394531250E-3
2.454583333E-1,-6.530761719E-3
2.454791667E-1,-4.669189453E-3
2.455000000E-1,-2.990722656E-3
2.455208333E-1,-1.098632812E-3
2.455416667E-1,2.990722656E-3
2.455625000E-1,5.249023438E-3
2.455833333E-1,7.385253906E-3
2.456041667E-1,5.401611328E-3
2.456250000E-1,2.868652344E-3
2.456458333E-1,-1.373291016E-3
2.456666667E-1,-5.004882812E-3
2.456875000E-1,-8.178710938E-3
2.457083333E-1,-1.055908203E-2
2.457291667E-1,-9.063720703E-3
2.457500000E-1,-7.446289062E-3
2.457708333E-1,-5.676269531E-3
2.457916667E-1,-4.058837891E-3
2.458125000E-1,-1.281738281E-3
2.458333333E-1,3.967285156E-4
2.458541667E-1,6.103515625E-4
2.458750000E-1,1.434326172E-3
2.458958333E-1,-1.190185547E-3
2.459166667E-1,-2.899169922E-3
2.459375000E-1,-3.479003906E-3
2.459583333E-1,-2.868652344E-3
2.459791667E-1,-1.892089844E-3
2.460000000E-1,-8.544921875E-4
2.460208333E-1,-6.103515625E-5
2.460416667E-1,-3.356933594E-4
2.460625000E-1,-9.155273438E-5
2.460833333E-1,1.007080078E-3
2.461041667E-1,1.770019531E-3
2.461250000E-1,1.617431641E-3
2.461458333E-1,1.922607422E-3
2.461666667E-1,-6.713867188E-4
2.461875000E-1,-3.387451172E-3
2.462083333E-1,-4.455566406E-3
2.462291667E-1,-3.753662109E-3
2.462500000E-1,-8.544921875E-4
2.462708333E-1,2.258300781E-3
2.462916667E-1,5.096435547E-3
2.463125000E-1,5.279541016E-3
2.463333333E-1,5.096435547E-3
2.463541667E-1,4.913330078E-3
2.463750000E-1,4.425048828E-3
2.463958333E-1,6.713867188E-3
2.464166667E-1,6.042480469E-3
2.464375000E-1,4.852294922E-3
2.464583333E-1,2.899169922E-3
2.464791667E-1,-2.746582031E-4
2.465000000E-1,-1.525878906E-3
2.465208333E-1,-3.082275391E-3
2.465416667E-1,-3.356933594E-3
2.465625000E-1,-3.326416016E-3
2.465833333E-1,-3.662109375E-3
2.466041667E-1,-4.669189453E-3
2.466250000E-1,-5.096435547E-3
2.466458333E-1,-4.547119141E-3
2.466666667E-1,-2.929687500E-3
2.466875000E-1,-1.373291016E-3
2.467083333E-1,1.281738281E-3
2.467291667E-1,2.319335938E-3
2.467500000E-1,-1.342773438E-3
2.467708333E-1,-3.387451172E-3
2.467916667E-1,-5.859375000E-3
2.468125000E-1,-7.049560547E-3
2.468333333E-1,-7.171630859E-3
2.468541667E-1,-3.448486328E-3
2.468750000E-1,2.838134766E-3
2.468958333E-1,5.554199219E-3
2.469166667E-1,9.552001953E-3
2.469375000E-1,9.124755859E-3
2.469583333E-1,9.765625000E-3
2.469791667E-1,9.460449219E-3
2.470000000E-1,7.080078125E-3
2.470208333E-1,6.134033203E-3
2.470416667E-1,4.516601562E-3
2.470625000E-1,6.195068359E-3
2.470833333E-1,4.943847656E-3
2.471041667E-1,4.699707031E-3
2.471250000E-1,4.272460938E-3
2.471458333E-1,3.051757812E-3
2.471666667E-1,1.831054688E-3
2.471875000E-1,5.187988281E-4
2.472083333E-1,2.441406250E-4
2.472291667E-1,-1.098632812E-3
2.472500000E-1,-1.251220703E-3
2.472708333E-1,-2.075195312E-3
2.472916667E-1,-1.892089844E-3
2.473125000E-1,-7.629394531E-4
2.473333333E-1,1.678466797E-3
2.473541667E-1,2.014160156E-3
2.473750000E-1,2.441406250E-3
2.473958333E-1,5.371093750E-3
2.474166667E-1,6.896972656E-3
2.474375000E-1,6.805419922E-3
2.474583333E-1,5.218505859E-3
2.474791667E-1,4.241943359E-3
2.475000000E-1,2.746582031E-3
2.475208333E-1,1.647949219E-3
2.475416667E-1,-5.798339844E-4
2.475625000E-1,-2.441406250E-4
2.475833333E-1,-6.103515625E-5
2.476041667E-1,2.136230469E-4
2.476250000E-1,1.281738281E-3
2.476458333E-1,-1.770019531E-3
2.476666667E-1,-2.532958984E-3
2.476875000E-1,-5.432128906E-3
2.477083333E-1,-5.249023438E-3
2.477291667E-1,-5.950927734E-3
2.477500000E-1,-7.324218750E-3
2.477708333E-1,-5.859375000E-3
2.477916667E-1,-6.103515625E-3
2.478125000E-1,-4.425048828E-3
2.478333333E-1,-4.974365234E-3
2.478541667E-1,-4.486083984E-3
2.478750000E-1,-4.730224609E-3
2.478958333E-1,-3.753662109E-3
2.479166667E-1,-2.838134766E-3
2.479375000E-1,-3.051757812E-4
2.479583333E-1,2.380371094E-3
2.479791667E-1,3.051757812E-3
2.480000000E-1,5.493164062E-3
2.480208333E-1,4.180908203E-3
2.480416667E-1,1.770019531E-3
2.480625000E-1,-9.155273438E-5
2.480833333E-1,-2.136230469E-3
2.481041667E-1,-3.997802734E-3
2.481250000E-1,-2.716064453E-3
2.481458333E-1,-1.220703125E-3
2.481666667E-1,-3.051757812E-5
2.481875000E-1,1.434326172E-3
2.482083333E-1,1.831054688E-3
2.482291667E-1,2.899169922E-3
2.482500000E-1,2.471923828E-3
2.482708333E-1,3.692626953E-3
2.482916667E-1,4.852294922E-3
2.483125000E-1,4.150390625E-3
2.483333333E-1,3.417968750E-3
2.483541667E-1,2.502441406E-3
2.483750000E-1,2.960205078E-3
2.483958333E-1,1.495361328E-3
2.484166667E-1,1.831054688E-4
2.484375000E-1,-1.647949219E-3
2.484583333E-1,-2.471923828E-3
2.484791667E-1,-2.899169922E-3
2.485000000E-1,-2.288818359E-3
2.485208333E-1,-5.187988281E-4
2.485416667E-1,-1.556396484E-3
2.485625000E-1,-1.159667969E-3
2.485833333E-1,-3.784179688E-3
2.486041667E-1,-2.319335938E-3
2.486250000E-1,-1.098632812E-3
2.486458333E-1,3.051757812E-5
2.486666667E-1,2.929687500E-3
2.486875000E-1,2.166748047E-3
2.487083333E-1,1.861572266E-3
2.487291667E-1,-1.037597656E-3
2.487500000E-1,-3.967285156E-4
2.487708333E-1,-1.129150391E-3
2.487916667E-1,-9.460449219E-4
2.488125000E-1,-7.324218750E-4
2.488333333E-1,0.000000000E0
2.488541667E-1,1.007080078E-3
2.488750000E-1,7.629394531E-4
2.488958333E-1,1.647949219E-3
2.489166667E-1,-9.765625000E-4
2.489375000E-1,-1.831054688E-4
2.489583333E-1,-3.051757812E-4
2.489791667E-1,-1.678466797E-3
2.490000000E-1,-3.662109375E-4
2.490208333E-1,1.007080078E-3
2.490416667E-1,4.791259766E-3
2.490625000E-1,6.195068359E-3
2.490833333E-1,7.720947266E-3
2.491041667E-1,8.544921875E-3
2.491250000E-1,7.446289062E-3
2.491458333E-1,7.049560547E-3
2.491666667E-1,4.241943359E-3
2.491875000E-1,3.662109375E-3
2.492083333E-1,2.380371094E-3
2.492291667E-1,9.460449219E-4
2.492500000E-1,4.577636719E-4
2.492708333E-1,1.098632812E-3
2.492916667E-1,2.227783203E-3
2.493125000E-1,2.899169922E-3
2.493333333E-1,2.624511719E-3
2.493541667E-1,-6.103515625E-5
2.493750000E-1,-1.617431641E-3
2.493958333E-1,-2.227783203E-3
2.494166667E-1,-1.556396484E-3
2.494375000E-1,-1.861572266E-3
2.494583333E-1,-2.227783203E-3
2.494791667E-1,-1.159667969E-3
2.495000000E-1,-3.356933594E-3
2.495208333E-1,-3.448486328E-3
2.495416667E-1,-4.547119141E-3
2.495625000E-1,-3.326416016E-3
2.495833333E-1,-1.586914062E-3
2.496041667E-1,-1.037597656E-3
2.496250000E-1,2.441406250E-4
2.496458333E-1,7.629394531E-4
2.496666667E-1,2.044677734E-3
2.496875000E-1,2.197265625E-3
2.497083333E-1,4.394531250E-3
2.497291667E-1,4.608154297E-3
2.497500000E-1,5.706787109E-3
2.497708333E-1,6.134033203E-3
2.497916667E-1,7.049560547E-3
2.498125000E-1,9.338378906E-3
2.498333333E-1,9.948730469E-3
2.498541667E-1,1.123046875E-2
2.498750000E-1,9.124755859E-3
2.498958333E-1,6.744384766E-3
2.499166667E-1,2.716064453E-3
2.499375000E-1,-1.800537109E-3
2.499583333E-1,-2.868652344E-3
2.499791667E-1,-3.601074219E-3
2.500000000E-1,-1.922607422E-3
2.500208333E-1,-1.403808594E-3
2.500416667E-1,-8.239746094E-4
2.500625000E-1,-5.798339844E-4
2.500833333E-1,-2.075195312E-3
2.501041667E-1,-2.105712891E-3
2.501250000E-1,-2.563476562E-3
2.501458333E-1,-1.831054688E-3
2.501666667E-1,-4.272460938E-4
2.501875000E-1,-6.408691406E-4
2.502083333E-1,-1.770019531E-3
2.502291667E-1,-1.464843750E-3
2.502500000E-1,-3.967285156E-4
2.502708333E-1,1.708984375E-3
2.502916667E-1,3.295898438E-3
2.503125000E-1,2.380371094E-3
2.503333333E-1,1.831054688E-3
2.503541667E-1,-1.068115234E-3
2.503750000E-1,-2.960205078E-3
2.503958333E-1,-4.821777344E-3
2.504166667E-1,-5.828857422E-3
2.504375000E-1,-3.692626953E-3
2.504583333E-1,-2.319335938E-3
2.504791667E-1,1.159667969E-3
2.505000000E-1,3.295898438E-3
2.505208333E-1,5.004882812E-3
2.505416667E-1,7.446289062E-3
2.505625000E-1,6.805419922E-3
2.505833333E-1,7.019042969E-3
2.506041667E-1,5.676269531E-3
2.506250000E-1,3.784179688E-3
2.506458333E-1,5.645751953E-3
2.506666667E-1,3.540039062E-3
2.506875000E-1,7.019042969E-4
2.507083333E-1,-8.239746094E-4
2.507291667E-1,-2.380371094E-3
2.507500000E-1,-2.777099609E-3
2.507708333E-1,-4.211425781E-3
2.507916667E-1,-7.629394531E-3
2.508125000E-1,-9.613037109E-3
2.508333333E-1,-9.429931641E-3
2.508541667E-1,-8.880615234E-3
2.508750000E-1,-7.019042969E-3
2.508958333E-1,-4.821777344E-3
2.509166667E-1,-4.058837891E-3
2.509375000E-1,-2.838134766E-3
2.509583333E-1,-1.525878906E-3
2.509791667E-1,1.129150391E-3
2.510000000E-1,3.295898438E-3
2.510208333E-1,4.974365234E-3
2.510416667E-1,6.988525391E-3
2.510625000E-1,6.622314453E-3
2.510833333E-1,6.652832031E-3
2.511041667E-1,6.103515625E-3
2.511250000E-1,4.943847656E-3
2.511458333E-1,4.943847656E-3
2.511666667E-1,3.845214844E-3
2.511875000E-1,4.180908203E-3
2.512083333E-1,4.852294922E-3
2.512291667E-1,4.669189453E-3
2.512500000E-1,4.547119141E-3
2.512708333E-1,5.004882812E-3
2.512916667E-1,3.570556641E-3
2.513125000E-1,3.723144531E-3
2.513333333E-1,2.777099609E-3
2.513541667E-1,3.387451172E-3
2.513750000E-1,3.540039062E-3
2.513958333E-1,5.493164062E-4
2.514166667E-1,-3.356933594E-3
2.514375000E-1,-6.866455078E-3
2.514583333E-1,-7.080078125E-3
2.514791667E-1,-8.850097656E-3
2.515000000E-1,-7.110595703E-3
2.515208333E-1,-6.347656250E-3
2.515416667E-1,-5.462646484E-3
2.515625000E-1,-3.448486328E-3
2.515833333E-1,-7.019042969E-4
2.516041667E-1,1.647949219E-3
2.516250000E-1,2.136230469E-3
2.516458333E-1,1.831054688E-3
2.516666667E-1,5.798339844E-4
2.516875000E-1,-4.577636719E-4
2.517083333E-1,-1.220703125E-4
2.517291667E-1,3.326416016E-3
2.517500000E-1,5.249023438E-3
2.517708333E-1,9.216308594E-3
2.517916667E-1,1.000976562E-2
2.518125000E-1,7.598876953E-3
2.518333333E-1,5.615234375E-3
2.518541667E-1,6.103515625E-4
2.518750000E-1,-9.460449219E-4
2.518958333E-1,-7.629394531E-4
2.519166667E-1,9.765625000E-4
2.519375000E-1,1.434326172E-3
2.519583333E-1,8.239746094E-4
2.519791667E-1,1.861572266E-3
2.520000000E-1,3.967285156E-4
2.520208333E-1,6.408691406E-4
2.520416667E-1,2.014160156E-3
2.520625000E-1,3.692626953E-3
2.520833333E-1,5.340576172E-3
2.521041667E-1,5.523681641E-3
2.521250000E-1,5.310058594E-3
2.521458333E-1,5.462646484E-3
2.521666667E-1,2.380371094E-3
2.521875000E-1,1.129150391E-3
2.522083333E-1,-5.798339844E-4
2.522291667E-1,-2.593994141E-3
2.522500000E-1,-3.692626953E-3
2.522708333E-1,-4.486083984E-3
2.522916667E-1,-2.868652344E-3
2.523125000E-1,-2.288818359E-3
2.523333333E-1,-1.129150391E-3
2.523541667E-1,-1.068115234E-3
2.523750000E-1,-1.495361328E-3
2.523958333E-1,-1.159667969E-3
2.524166667E-1,-2.441406250E-4
2.524375000E-1,4.272460938E-4
2.524583333E-1,9.765625000E-4
2.524791667E-1,4.272460938E-4
2.525000000E-1,2.441406250E-4
2.525208333E-1,-3.967285156E-4
2.525416667E-1,-3.967285156E-4
2.525625000E-1,8.239746094E-4
2.525833333E-1,7.324218750E-4
2.526041667E-1,1.861572266E-3
2.526250000E-1,5.798339844E-4
2.526458333E-1,-2.746582031E-4
2.526666667E-1,6.103515625E-4
2.526875000E-1,1.983642578E-3
2.527083333E-1,2.410888672E-3
2.527291667E-1,4.638671875E-3
2.527500000E-1,4.089355469E-3
2.527708333E-1,3.265380859E-3
2.527916667E-1,1.617431641E-3
2.528125000E-1,1.831054688E-4
2.528333333E-1,-1.586914062E-3
2.528541667E-1,-5.126953125E-3
2.528750000E-1,-5.950927734E-3
2.528958333E-1,-6.378173828E-3
2.529166667E-1,-5.676269531E-3
2.529375000E-1,-6.439208984E-3
2.529583333E-1,-7.110595703E-3
2.529791667E-1,-8.178710938E-3
2.530000000E-1,-9.155273438E-3
2.530208333E-1,-9.948730469E-3
2.530416667E-1,-1.052856445E-2
2.530625000E-1,-1.202392578E-2
2.530833333E-1,-1.058959961E-2
2.531041667E-1,-7.904052734E-3
2.531250000E-1,-6.652832031E-3
2.531458333E-1,-3.875732422E-3
2.531666667E-1,-3.143310547E-3
2.531875000E-1,-3.051757812E-3
2.532083333E-1,-7.019042969E-4
2.532291667E-1,1.831054688E-4
2.532500000E-1,1.800537109E-3
2.532708333E-1,1.708984375E-3
2.532916667E-1,8.239746094E-4
2.533125000E-1,-2.746582031E-4
2.533333333E-1,-2.960205078E-3
2.533541667E-1,-2.685546875E-3
2.533750000E-1,-2.319335938E-3
2.533958333E-1,-2.685546875E-3
2.534166667E-1,-1.831054688E-3
2.534375000E-1,-5.798339844E-4
2.534583333E-1,3.051757812E-5
2.534791667E-1,1.403808594E-3
2.535000000E-1,-9.155273438E-4
2.535208333E-1,-1.342773438E-3
2.535416667E-1,-3.631591797E-3
2.535625000E-1,-6.683349609E-3
2.535833333E-1,-8.697509766E-3
2.536041667E-1,-9.735107422E-3
2.536250000E-1,-6.622314453E-3
2.536458333E-1,-6.103515625E-3
2.536666667E-1,-4.638671875E-3
2.536875000E-1,-3.479003906E-3
2.537083333E-1,-4.028320312E-3
2.537291667E-1,-4.089355469E-3
2.537500000E-1,-5.798339844E-3
2.537708333E-1,-5.401611328E-3
2.537916667E-1,-5.615234375E-3
2.538125000E-1,-6.469726562E-3
2.538333333E-1,-7.537841797E-3
2.538541667E-1,-8.209228516E-3
2.538750000E-1,-6.958007812E-3
2.538958333E-1,-3.387451172E-3
2.539166667E-1,6.713867188E-4
2.539375000E-1,4.333496094E-3
2.539583333E-1,5.859375000E-3
2.539791667E-1,3.936767578E-3
2.540000000E-1,-3.662109375E-4
2.540208333E-1,-3.692626953E-3
2.540416667E-1,-4.669189453E-3
2.540625000E-1,-5.584716797E-3
2.540833333E-1,-5.981445312E-3
2.541041667E-1,-5.310058594E-3
2.541250000E-1,-5.279541016E-3
2.541458333E-1,-5.340576172E-3
2.541666667E-1,-5.554199219E-3
2.541875000E-1,-5.584716797E-3
2.542083333E-1,-4.028320312E-3
2.542291667E-1,-3.295898438E-3
2.542500000E-1,-1.861572266E-3
2.542708333E-1,-5.798339844E-4
2.542916667E-1,3.356933594E-4
2.543125000E-1,1.068115234E-3
2.543333333E-1,2.929687500E-3
2.543541667E-1,3.570556641E-3
2.543750000E-1,1.892089844E-3
2.543958333E-1,8.850097656E-4
2.544166667E-1,-1.708984375E-3
2.544375000E-1,-1.281738281E-3
2.544583333E-1,1.251220703E-3
2.544791667E-1,3.479003906E-3
2.545000000E-1,5.981445312E-3
2.545208333E-1,6.683349609E-3
2.545416667E-1,5.554199219E-3
2.545625000E-1,3.662109375E-3
2.545833333E-1,2.990722656E-3
2.546041667E-1,2.929687500E-3
2.546250000E-1,3.997802734E-3
2.546458333E-1,6.347656250E-3
2.546666667E-1,6.958007812E-3
2.546875000E-1,6.439208984E-3
2.547083333E-1,4.211425781E-3
2.547291667E-1,4.302978516E-3
2.547500000E-1,2.502441406E-3
2.547708333E-1,1.007080078E-3
2.547916667E-1,2.014160156E-3
2.548125000E-1,7.629394531E-4
2.548333333E-1,5.798339844E-4
2.548541667E-1,-1.220703125E-3
2.548750000E-1,-1.525878906E-3
2.548958333E-1,-5.187988281E-4
2.549166667E-1,4.882812500E-4
2.549375000E-1,1.129150391E-3
2.549583333E-1,8.239746094E-4
2.549791667E-1,2.166748047E-3
2.550000000E-1,2.227783203E-3
2.550208333E-1,4.302978516E-3
2.550416667E-1,5.432128906E-3
2.550625000E-1,5.767822266E-3
2.550833333E-1,4.333496094E-3
2.551041667E-1,3.356933594E-3
2.551250000E-1,6.103515625E-3
2.551458333E-1,6.256103516E-3
2.551666667E-1,7.904052734E-3
2.551875000E-1,8.453369141E-3
2.552083333E-1,8.911132812E-3
2.552291667E-1,8.575439453E-3
2.552500000E-1,7.232666016E-3
2.552708333E-1,6.011962891E-3
2.552916667E-1,3.631591797E-3
2.553125000E-1,3.601074219E-3
2.553333333E-1,1.678466797E-3
2.553541667E-1,-1.037597656E-3
2.553750000E-1,-3.356933594E-3
2.553958333E-1,-3.662109375E-3
2.554166667E-1,-3.265380859E-3
2.554375000E-1,-4.943847656E-3
2.554583333E-1,-3.448486328E-3
2.554791667E-1,-2.075195312E-3
2.555000000E-1,-6.103515625E-4
2.555208333E-1,7.324218750E-4
2.555416667E-1,1.251220703E-3
2.555625000E-1,3.723144531E-3
2.555833333E-1,3.143310547E-3
2.556041667E-1,4.394531250E-3
2.556250000E-1,6.103515625E-3
2.556458333E-1,8.361816406E-3
2.556666667E-1,1.129150391E-2
2.556875000E-1,9.552001953E-3
2.557083333E-1,9.460449219E-3
2.557291667E-1,6.439208984E-3
2.557500000E-1,3.479003906E-3
2.557708333E-1,2.288818359E-3
2.557916667E-1,2.258300781E-3
2.558125000E-1,4.241943359E-3
2.558333333E-1,3.479003906E-3
2.558541667E-1,5.889892578E-3
2.558750000E-1,5.493164062E-3
2.558958333E-1,3.631591797E-3
2.559166667E-1,3.021240234E-3
2.559375000E-1,6.713867188E-4
2.559583333E-1,-7.324218750E-4
2.559791667E-1,-3.417968750E-3
2.560000000E-1,-5.035400391E-3
2.560208333E-1,-4.638671875E-3
2.560416667E-1,-3.845214844E-3
2.560625000E-1,-4.577636719E-3
2.560833333E-1,-4.119873047E-3
2.561041667E-1,-3.234863281E-3
2.561250000E-1,-2.593994141E-3
2.561458333E-1,-2.014160156E-3
2.561666667E-1,-3.875732422E-3
2.561875000E-1,-2.502441406E-3
2.562083333E-1,-2.899169922E-3
2.562291667E-1,-4.089355469E-3
2.562500000E-1,-2.441406250E-3
2.562708333E-1,-3.631591797E-3
2.562916667E-1,-3.967285156E-3
2.563125000E-1,-4.577636719E-3
2.563333333E-1,-5.004882812E-3
2.563541667E-1,-2.563476562E-3
2.563750000E-1,-7.629394531E-4
2.563958333E-1,1.007080078E-3
2.564166667E-1,-5.493164062E-4
2.564375000E-1,-4.760742188E-3
2.564583333E-1,-7.019042969E-3
2.564791667E-1,-8.270263672E-3
2.565000000E-1,-7.690429688E-3
2.565208333E-1,-5.187988281E-3
2.565416667E-1,-1.037597656E-3
2.565625000E-1,3.448486328E-3
2.565833333E-1,3.997802734E-3
2.566041667E-1,3.692626953E-3
2.566250000E-1,2.563476562E-3
2.566458333E-1,-6.103515625E-4
2.566666667E-1,-2.746582031E-3
2.566875000E-1,-3.906250000E-3
2.567083333E-1,-4.089355469E-3
2.567291667E-1,-4.608154297E-3
2.567500000E-1,-4.913330078E-3
2.567708333E-1,-2.960205078E-3
2.567916667E-1,-1.342773438E-3
2.568125000E-1,6.103515625E-5
2.568333333E-1,1.495361328E-3
2.568541667E-1,1.831054688E-3
2.568750000E-1,-1.220703125E-4
2.568958333E-1,-2.746582031E-4
2.569166667E-1,-7.629394531E-4
2.569375000E-1,-1.434326172E-3
2.569583333E-1,-1.342773438E-3
2.569791667E-1,-2.136230469E-3
2.570000000E-1,-3.326416016E-3
2.570208333E-1,-4.577636719E-3
2.570416667E-1,-5.187988281E-3
2.570625000E-1,-3.784179688E-3
2.570833333E-1,-3.662109375E-3
2.571041667E-1,-1.525878906E-3
2.571250000E-1,-1.495361328E-3
2.571458333E-1,-2.563476562E-3
2.571666667E-1,-9.155273438E-5
2.571875000E-1,-2.746582031E-4
2.572083333E-1,1.281738281E-3
2.572291667E-1,1.525878906E-3
2.572500000E-1,1.220703125E-3
2.572708333E-1,2.197265625E-3
2.572916667E-1,6.713867188E-4
2.573125000E-1,2.624511719E-3
2.573333333E-1,1.739501953E-3
2.573541667E-1,2.197265625E-3
2.573750000E-1,4.333496094E-3
2.573958333E-1,3.967285156E-3
2.574166667E-1,6.347656250E-3
2.574375000E-1,7.324218750E-3
2.574583333E-1,8.361816406E-3
2.574791667E-1,7.965087891E-3
2.575000000E-1,5.584716797E-3
2.575208333E-1,3.356933594E-3
2.575416667E-1,-1.251220703E-3
2.575625000E-1,-4.882812500E-3
2.575833333E-1,-5.126953125E-3
2.576041667E-1,-5.798339844E-3
2.576250000E-1,-2.868652344E-3
2.576458333E-1,-1.129150391E-3
2.576666667E-1,5.187988281E-4
2.576875000E-1,2.990722656E-3
2.577083333E-1,1.617431641E-3
2.577291667E-1,2.105712891E-3
2.577500000E-1,5.493164062E-4
2.577708333E-1,9.155273438E-5
2.577916667E-1,-4.272460938E-4
2.578125000E-1,-1.831054688E-3
2.578333333E-1,-5.187988281E-4
2.578541667E-1,-2.532958984E-3
2.578750000E-1,-2.410888672E-3
2.578958333E-1,-3.997802734E-3
2.579166667E-1,-5.523681641E-3
2.579375000E-1,-3.234863281E-3
2.579583333E-1,-3.234863281E-3
2.579791667E-1,1.220703125E-4
2.580000000E-1,1.068115234E-3
2.580208333E-1,1.770019531E-3
2.580416667E-1,2.716064453E-3
2.580625000E-1,1.007080078E-3
2.580833333E-1,4.272460938E-4
2.581041667E-1,3.662109375E-4
2.581250000E-1,9.155273438E-4
2.581458333E-1,-9.460449219E-4
2.581666667E-1,-1.403808594E-3
2.581875000E-1,-8.850097656E-4
2.582083333E-1,-8.239746094E-4
2.582291667E-1,-9.460449219E-4
2.582500000E-1,-1.037597656E-3
2.582708333E-1,-1.220703125E-4
2.582916667E-1,-7.324218750E-4
2.583125000E-1,-4.577636719E-4
2.583333333E-1,-9.765625000E-4
2.583541667E-1,-2.441406250E-4
2.583750000E-1,1.739501953E-3
2.583958333E-1,2.197265625E-3
2.584166667E-1,3.173828125E-3
2.584375000E-1,2.685546875E-3
2.584583333E-1,8.850097656E-4
2.584791667E-1,2.746582031E-4
2.585000000E-1,-1.983642578E-3
2.585208333E-1,-2.685546875E-3
2.585416667E-1,-3.845214844E-3
2.585625000E-1,-4.119873047E-3
2.585833333E-1,-2.502441406E-3
2.586041667E-1,-6.103515625E-5
2.586250000E-1,1.495361328E-3
2.586458333E-1,1.037597656E-3
2.586666667E-1,-3.051757812E-5
2.586875000E-1,-2.960205078E-3
2.587083333E-1,-2.716064453E-3
2.587291667E-1,-3.448486328E-3
2.587500000E-1,-4.119873047E-3
2.587708333E-1,-5.279541016E-3
2.587916667E-1,-6.317138672E-3
2.588125000E-1,-6.713867188E-3
2.588333333E-1,-7.324218750E-3
2.588541667E-1,-5.126953125E-3
2.588750000E-1,-4.150390625E-3
2.588958333E-1,-3.692626953E-3
2.589166667E-1,-2.685546875E-3
2.589375000E-1,-3.326416016E-3
2.589583333E-1,-3.143310547E-3
2.589791667E-1,-2.502441406E-3
2.590000000E-1,-1.800537109E-3
2.590208333E-1,-1.495361328E-3
2.590416667E-1,-4.882812500E-4
2.590625000E-1,4.272460938E-4
2.590833333E-1,-1.403808594E-3
2.591041667E-1,-2.288818359E-3
2.591250000E-1,-3.173828125E-3
2.591458333E-1,-5.676269531E-3
2.591666667E-1,-7.568359375E-3
2.591875000E-1,-6.530761719E-3
2.592083333E-1,-5.645751953E-3
2.592291667E-1,-5.920410156E-3
2.592500000E-1,-3.997802734E-3
2.592708333E-1,-2.502441406E-3
2.592916667E-1,-4.882812500E-4
2.593125000E-1,1.342773438E-3
2.593333333E-1,1.617431641E-3
2.593541667E-1,7.934570312E-4
2.593750000E-1,-1.556396484E-3
2.593958333E-1,-3.662109375E-3
2.594166667E-1,-3.784179688E-3
2.594375000E-1,-4.241943359E-3
2.594583333E-1,-3.875732422E-3
2.594791667E-1,-3.173828125E-3
2.595000000E-1,-2.716064453E-3
2.595208333E-1,-9.155273438E-4
2.595416667E-1,-1.922607422E-3
2.595625000E-1,3.356933594E-4
2.595833333E-1,5.187988281E-4
2.596041667E-1,1.312255859E-3
2.596250000E-1,2.807617188E-3
2.596458333E-1,1.647949219E-3
2.596666667E-1,4.180908203E-3
2.596875000E-1,4.211425781E-3
2.597083333E-1,3.784179688E-3
2.597291667E-1,2.136230469E-3
2.597500000E-1,6.103515625E-4
2.597708333E-1,0.000000000E0
2.597916667E-1,-1.678466797E-3
2.598125000E-1,-5.798339844E-4
2.598333333E-1,-6.713867188E-4
2.598541667E-1,3.662109375E-4
2.598750000E-1,1.007080078E-3
2.598958333E-1,1.892089844E-3
2.599166667E-1,1.495361328E-3
2.599375000E-1,2.746582031E-4
2.599583333E-1,-9.155273438E-5
2.599791667E-1,-1.892089844E-3
2.600000000E-1,-1.892089844E-3
2.600208333E-1,-1.556396484E-3
2.600416667E-1,1.037597656E-3
2.600625000E-1,3.723144531E-3
2.600833333E-1,3.662109375E-3
2.601041667E-1,4.302978516E-3
2.601250000E-1,2.166748047E-3
2.601458333E-1,2.136230469E-4
2.601666667E-1,-3.356933594E-4
2.601875000E-1,-1.098632812E-3
2.602083333E-1,-1.770019531E-3
2.602291667E-1,-2.746582031E-3
2.602500000E-1,-3.997802734E-3
2.602708333E-1,-4.669189453E-3
2.602916667E-1,-3.692626953E-3
2.603125000E-1,-5.493164062E-4
2.603333333E-1,1.312255859E-3
2.603541667E-1,2.624511719E-3
2.603750000E-1,3.021240234E-3
2.603958333E-1,3.326416016E-3
2.604166667E-1,2.685546875E-3
2.604375000E-1,2.014160156E-3
2.604583333E-1,1.647949219E-3
2.604791667E-1,8.544921875E-4
2.605000000E-1,6.713867188E-4
2.605208333E-1,-3.967285156E-4
2.605416667E-1,-3.967285156E-4
2.605625000E-1,-7.629394531E-4
2.605833333E-1,-6.103515625E-4
2.606041667E-1,-7.324218750E-4
2.606250000E-1,-2.166748047E-3
2.606458333E-1,-2.105712891E-3
2.606666667E-1,-2.014160156E-3
2.606875000E-1,-3.295898438E-3
2.607083333E-1,-2.929687500E-3
2.607291667E-1,-2.410888672E-3
2.607500000E-1,-1.983642578E-3
2.607708333E-1,-6.713867188E-4
2.607916667E-1,5.187988281E-4
2.608125000E-1,2.166748047E-3
2.608333333E-1,3.295898438E-3
2.608541667E-1,4.760742188E-3
2.608750000E-1,5.126953125E-3
2.608958333E-1,5.706787109E-3
2.609166667E-1,5.889892578E-3
2.609375000E-1,6.225585938E-3
2.609583333E-1,5.920410156E-3
2.609791667E-1,4.241943359E-3
2.610000000E-1,4.425048828E-3
2.610208333E-1,3.204345703E-3
2.610416667E-1,2.655029297E-3
2.610625000E-1,2.777099609E-3
2.610833333E-1,1.464843750E-3
2.611041667E-1,1.983642578E-3
2.611250000E-1,-3.051757812E-4
2.611458333E-1,-1.159667969E-3
2.611666667E-1,-1.800537109E-3
2.611875000E-1,-3.326416016E-3
2.612083333E-1,-2.258300781E-3
2.612291667E-1,-2.227783203E-3
2.612500000E-1,-1.403808594E-3
2.612708333E-1,-1.495361328E-3
2.612916667E-1,-3.662109375E-4
2.613125000E-1,1.831054688E-3
2.613333333E-1,2.014160156E-3
2.613541667E-1,2.136230469E-4
2.613750000E-1,-8.544921875E-4
2.613958333E-1,-2.593994141E-3
2.614166667E-1,-3.784179688E-3
2.614375000E-1,-4.089355469E-3
2.614583333E-1,-3.479003906E-3
2.614791667E-1,-3.295898438E-3
2.615000000E-1,-4.516601562E-3
2.615208333E-1,-3.601074219E-3
2.615416667E-1,-4.730224609E-3
2.615625000E-1,-2.716064453E-3
2.615833333E-1,-2.746582031E-4
2.616041667E-1,4.882812500E-4
2.616250000E-1,2.105712891E-3
2.616458333E-1,2.990722656E-3
2.616666667E-1,3.082275391E-3
2.616875000E-1,8.239746094E-4
2.617083333E-1,2.075195312E-3
2.617291667E-1,3.540039062E-3
2.617500000E-1,4.058837891E-3
2.617708333E-1,4.455566406E-3
2.617916667E-1,4.089355469E-3
2.618125000E-1,2.288818359E-3
2.618333333E-1,-1.098632812E-3
2.618541667E-1,-3.021240234E-3
2.618750000E-1,-3.967285156E-3
2.618958333E-1,-3.112792969E-3
2.619166667E-1,-8.239746094E-4
2.619375000E-1,1.220703125E-4
2.619583333E-1,2.746582031E-4
2.619791667E-1,1.098632812E-3
2.620000000E-1,1.647949219E-3
2.620208333E-1,3.997802734E-3
2.620416667E-1,2.044677734E-3
2.620625000E-1,3.356933594E-4
2.620833333E-1,-6.713867188E-4
2.621041667E-1,-1.892089844E-3
2.621250000E-1,-2.258300781E-3
2.621458333E-1,-3.784179688E-3
2.621666667E-1,-1.586914062E-3
2.621875000E-1,-1.464843750E-3
2.622083333E-1,-1.831054688E-4
2.622291667E-1,1.403808594E-3
2.622500000E-1,2.532958984E-3
2.622708333E-1,4.791259766E-3
2.622916667E-1,4.333496094E-3
2.623125000E-1,4.669189453E-3
2.623333333E-1,4.211425781E-3
2.623541667E-1,3.448486328E-3
2.623750000E-1,1.770019531E-3
2.623958333E-1,8.239746094E-4
2.624166667E-1,1.129150391E-3
2.624375000E-1,1.220703125E-3
2.624583333E-1,2.532958984E-3
2.624791667E-1,2.838134766E-3
2.625000000E-1,3.112792969E-3
2.625208333E-1,4.394531250E-3
2.625416667E-1,5.035400391E-3
2.625625000E-1,6.713867188E-3
2.625833333E-1,6.591796875E-3
2.626041667E-1,6.469726562E-3
2.626250000E-1,5.828857422E-3
2.626458333E-1,4.638671875E-3
2.626666667E-1,3.692626953E-3
2.626875000E-1,2.746582031E-4
2.627083333E-1,-6.713867188E-4
2.627291667E-1,-2.716064453E-3
2.627500000E-1,-2.563476562E-3
2.627708333E-1,-2.075195312E-3
2.627916667E-1,-5.187988281E-4
2.628125000E-1,1.037597656E-3
2.628333333E-1,-5.493164062E-4
2.628541667E-1,6.103515625E-5
2.628750000E-1,-1.831054688E-4
2.628958333E-1,-9.155273438E-5
2.629166667E-1,-9.765625000E-4
2.629375000E-1,-1.190185547E-3
2.629583333E-1,-5.798339844E-4
2.629791667E-1,3.051757812E-5
2.630000000E-1,3.112792969E-3
2.630208333E-1,3.753662109E-3
2.630416667E-1,5.279541016E-3
2.630625000E-1,4.821777344E-3
2.630833333E-1,2.624511719E-3
2.631041667E-1,2.838134766E-3
2.631250000E-1,1.525878906E-4
2.631458333E-1,-1.129150391E-3
2.631666667E-1,-2.502441406E-3
2.631875000E-1,-1.495361328E-3
2.632083333E-1,-7.629394531E-4
2.632291667E-1,9.155273438E-5
2.632500000E-1,3.234863281E-3
2.632708333E-1,4.821777344E-3
2.632916667E-1,5.187988281E-3
2.633125000E-1,3.082275391E-3
2.633333333E-1,1.983642578E-3
2.633541667E-1,-2.746582031E-4
2.633750000E-1,-2.868652344E-3
2.633958333E-1,-2.655029297E-3
2.634166667E-1,-3.326416016E-3
2.634375000E-1,-2.563476562E-3
2.634583333E-1,-1.556396484E-3
2.634791667E-1,6.103515625E-4
2.635000000E-1,2.166748047E-3
2.635208333E-1,5.798339844E-4
2.635416667E-1,5.798339844E-4
2.635625000E-1,-1.281738281E-3
2.635833333E-1,-1.037597656E-3
2.636041667E-1,-5.798339844E-4
2.636250000E-1,3.967285156E-4
2.636458333E-1,2.807617188E-3
2.636666667E-1,2.655029297E-3
2.636875000E-1,5.218505859E-3
2.637083333E-1,5.187988281E-3
2.637291667E-1,4.516601562E-3
2.637500000E-1,2.624511719E-3
2.637708333E-1,-1.037597656E-3
2.637916667E-1,-3.204345703E-3
2.638125000E-1,-6.530761719E-3
2.638333333E-1,-5.706787109E-3
2.638541667E-1,-4.180908203E-3
2.638750000E-1,-2.044677734E-3
2.638958333E-1,4.272460938E-4
2.639166667E-1,1.953125000E-3
2.639375000E-1,3.936767578E-3
2.639583333E-1,4.333496094E-3
2.639791667E-1,2.777099609E-3
2.640000000E-1,0.000000000E0
2.640208333E-1,-1.373291016E-3
2.640416667E-1,-2.288818359E-3
2.640625000E-1,-3.479003906E-3
2.640833333E-1,-3.387451172E-3
2.641041667E-1,-3.906250000E-3
2.641250000E-1,-2.349853516E-3
2.641458333E-1,-9.460449219E-4
2.641666667E-1,1.373291016E-3
2.641875000E-1,2.593994141E-3
2.642083333E-1,2.441406250E-3
2.642291667E-1,3.448486328E-3
2.642500000E-1,2.655029297E-3
2.642708333E-1,1.068115234E-3
2.642916667E-1,-1.007080078E-3
2.643125000E-1,-2.014160156E-3
2.643333333E-1,-3.051757812E-3
2.643541667E-1,-2.746582031E-3
2.643750000E-1,-2.258300781E-3
2.643958333E-1,-2.197265625E-3
2.644166667E-1,-1.373291016E-3
2.644375000E-1,-5.493164062E-4
2.644583333E-1,-1.098632812E-3
2.644791667E-1,-2.685546875E-3
2.645000000E-1,-3.051757812E-3
2.645208333E-1,-4.364013672E-3
2.645416667E-1,-4.577636719E-3
2.645625000E-1,-3.631591797E-3
2.645833333E-1,-2.075195312E-3
2.646041667E-1,3.356933594E-4
2.646250000E-1,1.220703125E-4
2.646458333E-1,7.324218750E-4
2.646666667E-1,2.746582031E-4
2.646875000E-1,-1.373291016E-3
2.647083333E-1,-1.251220703E-3
2.647291667E-1,0.000000000E0
2.647500000E-1,1.525878906E-4
2.647708333E-1,-3.051757812E-5
2.647916667E-1,-1.281738281E-3
2.648125000E-1,-8.850097656E-4
2.648333333E-1,-1.770019531E-3
2.648541667E-1,-1.403808594E-3
2.648750000E-1,-5.493164062E-4
2.648958333E-1,-7.934570312E-4
2.649166667E-1,-3.051757812E-4
2.649375000E-1,-1.983642578E-3
2.649583333E-1,-1.800537109E-3
2.649791667E-1,-1.892089844E-3
2.650000000E-1,-4.577636719E-4
2.650208333E-1,-1.525878906E-4
2.650416667E-1,9.155273438E-4
2.650625000E-1,8.850097656E-4
2.650833333E-1,1.373291016E-3
2.651041667E-1,2.655029297E-3
2.651250000E-1,2.380371094E-3
2.651458333E-1,3.662109375E-3
2.651666667E-1,3.723144531E-3
2.651875000E-1,2.288818359E-3
2.652083333E-1,1.770019531E-3
2.652291667E-1,1.525878906E-3
2.652500000E-1,1.983642578E-3
2.652708333E-1,2.563476562E-3
2.652916667E-1,8.850097656E-4
2.653125000E-1,-3.051757812E-4
2.653333333E-1,-2.166748047E-3
2.653541667E-1,-2.380371094E-3
2.653750000E-1,-1.434326172E-3
2.653958333E-1,-4.882812500E-4
2.654166667E-1,1.525878906E-4
2.654375000E-1,-6.408691406E-4
2.654583333E-1,-4.577636719E-4
2.654791667E-1,-1.831054688E-4
2.655000000E-1,1.770019531E-3
2.655208333E-1,3.723144531E-3
2.655416667E-1,4.791259766E-3
2.655625000E-1,4.455566406E-3
2.655833333E-1,2.288818359E-3
2.656041667E-1,8.544921875E-4
2.656250000E-1,3.051757812E-5
2.656458333E-1,7.629394531E-4
2.656666667E-1,2.136230469E-3
2.656875000E-1,2.593994141E-3
2.657083333E-1,3.936767578E-3
2.657291667E-1,3.906250000E-3
2.657500000E-1,5.096435547E-3
2.657708333E-1,6.042480469E-3
2.657916667E-1,5.493164062E-3
2.658125000E-1,3.967285156E-3
2.658333333E-1,1.220703125E-4
2.658541667E-1,-1.220703125E-3
2.658750000E-1,-9.155273438E-4
2.658958333E-1,7.629394531E-4
2.659166667E-1,1.770019531E-3
2.659375000E-1,3.997802734E-3
2.659583333E-1,4.882812500E-3
2.659791667E-1,4.943847656E-3
2.660000000E-1,5.126953125E-3
2.660208333E-1,3.540039062E-3
2.660416667E-1,2.105712891E-3
2.660625000E-1,-9.460449219E-4
2.660833333E-1,-3.723144531E-3
2.661041667E-1,-5.920410156E-3
2.661250000E-1,-5.279541016E-3
2.661458333E-1,-3.204345703E-3
2.661666667E-1,-1.251220703E-3
2.661875000E-1,2.349853516E-3
2.662083333E-1,3.753662109E-3
2.662291667E-1,4.058837891E-3
2.662500000E-1,4.150390625E-3
2.662708333E-1,3.723144531E-3
2.662916667E-1,6.439208984E-3
2.663125000E-1,7.232666016E-3
2.663333333E-1,9.429931641E-3
2.663541667E-1,9.124755859E-3
2.663750000E-1,8.392333984E-3
2.663958333E-1,9.033203125E-3
2.664166667E-1,8.026123047E-3
2.664375000E-1,1.010131836E-2
2.664583333E-1,8.758544922E-3
2.664791667E-1,6.927490234E-3
2.665000000E-1,3.234863281E-3
2.665208333E-1,-4.272460938E-4
2.665416667E-1,-2.044677734E-3
2.665625000E-1,-3.845214844E-3
2.665833333E-1,-3.601074219E-3
2.666041667E-1,-5.187988281E-3
2.666250000E-1,-5.371093750E-3
2.666458333E-1,-4.669189453E-3
2.666666667E-1,-4.638671875E-3
2.666875000E-1,-2.929687500E-3
2.667083333E-1,-3.021240234E-3
2.667291667E-1,-4.211425781E-3
2.667500000E-1,-6.072998047E-3
2.667708333E-1,-9.429931641E-3
2.667916667E-1,-1.013183594E-2
2.668125000E-1,-9.948730469E-3
2.668333333E-1,-7.476806641E-3
2.668541667E-1,-4.150390625E-3
2.668750000E-1,-2.655029297E-3
2.668958333E-1,-2.044677734E-3
2.669166667E-1,-3.265380859E-3
2.669375000E-1,-3.051757812E-3
2.669583333E-1,-2.929687500E-3
2.669791667E-1,-2.075195312E-3
2.670000000E-1,-2.166748047E-3
2.670208333E-1,-3.753662109E-3
2.670416667E-1,-3.356933594E-3
2.670625000E-1,-4.333496094E-3
2.670833333E-1,-4.211425781E-3
2.671041667E-1,-3.540039062E-3
2.671250000E-1,-4.699707031E-3
2.671458333E-1,-5.004882812E-3
2.671666667E-1,-4.516601562E-3
2.671875000E-1,-3.417968750E-3
2.672083333E-1,-2.410888672E-3
2.672291667E-1,-2.166748047E-3
2.672500000E-1,-2.319335938E-3
2.672708333E-1,-3.448486328E-3
2.672916667E-1,-1.983642578E-3
2.673125000E-1,-1.373291016E-3
2.673333333E-1,-3.051757812E-4
2.673541667E-1,-3.662109375E-4
2.673750000E-1,-1.495361328E-3
2.673958333E-1,-2.197265625E-3
2.674166667E-1,-2.044677734E-3
2.674375000E-1,-2.288818359E-3
2.674583333E-1,-2.471923828E-3
2.674791667E-1,-9.155273438E-4
2.675000000E-1,-1.586914062E-3
2.675208333E-1,-1.037597656E-3
2.675416667E-1,-4.577636719E-4
2.675625000E-1,-1.831054688E-4
2.675833333E-1,1.831054688E-3
2.676041667E-1,1.525878906E-3
2.676250000E-1,1.983642578E-3
2.676458333E-1,1.831054688E-3
2.676666667E-1,7.934570312E-4
2.676875000E-1,1.129150391E-3
2.677083333E-1,7.019042969E-4
2.677291667E-1,9.155273438E-4
2.677500000E-1,0.000000000E0
2.677708333E-1,-3.051757812E-4
2.677916667E-1,4.272460938E-4
2.678125000E-1,7.019042969E-4
2.678333333E-1,1.281738281E-3
2.678541667E-1,1.739501953E-3
2.678750000E-1,1.068115234E-3
2.678958333E-1,1.068115234E-3
2.679166667E-1,-9.460449219E-4
2.679375000E-1,-1.373291016E-3
2.679583333E-1,-2.502441406E-3
2.679791667E-1,-3.662109375E-3
2.680000000E-1,-1.525878906E-3
2.680208333E-1,-9.460449219E-4
2.680416667E-1,1.281738281E-3
2.680625000E-1,2.624511719E-3
2.680833333E-1,3.387451172E-3
2.681041667E-1,3.356933594E-3
2.681250000E-1,1.556396484E-3
2.681458333E-1,4.272460938E-4
2.681666667E-1,-1.434326172E-3
2.681875000E-1,-1.739501953E-3
2.682083333E-1,-5.493164062E-4
2.682291667E-1,2.380371094E-3
2.682500000E-1,4.150390625E-3
2.682708333E-1,3.295898438E-3
2.682916667E-1,3.967285156E-3
2.683125000E-1,2.593994141E-3
2.683333333E-1,2.044677734E-3
2.683541667E-1,2.044677734E-3
2.683750000E-1,1.037597656E-3
2.683958333E-1,1.800537109E-3
2.684166667E-1,2.227783203E-3
2.684375000E-1,1.617431641E-3
2.684583333E-1,-3.051757812E-4
2.684791667E-1,-6.408691406E-4
2.685000000E-1,-1.831054688E-4
2.685208333E-1,1.159667969E-3
2.685416667E-1,4.058837891E-3
2.685625000E-1,4.974365234E-3
2.685833333E-1,5.706787109E-3
2.686041667E-1,4.272460938E-3
2.686250000E-1,2.655029297E-3
2.686458333E-1,2.563476562E-3
2.686666667E-1,2.624511719E-3
2.686875000E-1,3.753662109E-3
2.687083333E-1,3.997802734E-3
2.687291667E-1,2.990722656E-3
2.687500000E-1,2.441406250E-3
2.687708333E-1,3.967285156E-4
2.687916667E-1,-1.098632812E-3
2.688125000E-1,-1.495361328E-3
2.688333333E-1,4.272460938E-4
2.688541667E-1,2.777099609E-3
2.688750000E-1,3.540039062E-3
2.688958333E-1,5.340576172E-3
2.689166667E-1,6.500244141E-3
2.689375000E-1,6.774902344E-3
2.689583333E-1,5.706787109E-3
2.689791667E-1,3.326416016E-3
2.690000000E-1,-1.129150391E-3
2.690208333E-1,-3.448486328E-3
2.690416667E-1,-4.608154297E-3
2.690625000E-1,-6.164550781E-3
2.690833333E-1,-5.737304688E-3
2.691041667E-1,-5.920410156E-3
2.691250000E-1,-5.371093750E-3
2.691458333E-1,-5.187988281E-3
2.691666667E-1,-5.584716797E-3
2.691875000E-1,-4.577636719E-3
2.692083333E-1,-3.326416016E-3
2.692291667E-1,-2.868652344E-3
2.692500000E-1,-3.570556641E-3
2.692708333E-1,-4.455566406E-3
2.692916667E-1,-3.631591797E-3
2.693125000E-1,-2.319335938E-3
2.693333333E-1,-1.312255859E-3
2.693541667E-1,-1.831054688E-4
2.693750000E-1,9.155273438E-5
2.693958333E-1,-4.882812500E-4
2.694166667E-1,-1.098632812E-3
2.694375000E-1,1.129150391E-3
2.694583333E-1,8.544921875E-4
2.694791667E-1,5.493164062E-4
2.695000000E-1,1.831054688E-4
2.695208333E-1,-2.288818359E-3
2.695416667E-1,-1.892089844E-3
2.695625000E-1,-2.227783203E-3
2.695833333E-1,9.155273438E-5
2.696041667E-1,5.187988281E-4
2.696250000E-1,1.098632812E-3
2.696458333E-1,9.765625000E-4
2.696666667E-1,-1.434326172E-3
2.696875000E-1,-1.708984375E-3
2.697083333E-1,-4.150390625E-3
2.697291667E-1,-4.394531250E-3
2.697500000E-1,-4.760742188E-3
2.697708333E-1,-4.638671875E-3
2.697916667E-1,-4.638671875E-3
2.698125000E-1,-4.608154297E-3
2.698333333E-1,-2.716064453E-3
2.698541667E-1,-1.373291016E-3
2.698750000E-1,5.187988281E-4
2.698958333E-1,1.403808594E-3
2.699166667E-1,1.007080078E-3
2.699375000E-1,1.464843750E-3
2.699583333E-1,1.525878906E-3
2.699791667E-1,-1.220703125E-4
2.700000000E-1,3.967285156E-4
2.700208333E-1,-2.136230469E-4
2.700416667E-1,-1.403808594E-3
2.700625000E-1,-2.593994141E-3
2.700833333E-1,-4.516601562E-3
2.701041667E-1,-4.394531250E-3
2.701250000E-1,-4.547119141E-3
2.701458333E-1,-3.021240234E-3
2.701666667E-1,-1.403808594E-3
2.701875000E-1,-9.155273438E-4
2.702083333E-1,1.007080078E-3
2.702291667E-1,2.044677734E-3
2.702500000E-1,3.692626953E-3
2.702708333E-1,4.852294922E-3
2.702916667E-1,4.547119141E-3
2.703125000E-1,3.479003906E-3
2.703333333E-1,1.831054688E-3
2.703541667E-1,1.831054688E-4
2.703750000E-1,-9.155273438E-4
2.703958333E-1,-1.495361328E-3
2.704166667E-1,-1.831054688E-4
2.704375000E-1,2.746582031E-4
2.704583333E-1,1.708984375E-3
2.704791667E-1,3.662109375E-3
2.705000000E-1,4.943847656E-3
2.705208333E-1,6.408691406E-3
2.705416667E-1,4.882812500E-3
2.705625000E-1,3.662109375E-3
2.705833333E-1,3.051757812E-3
2.706041667E-1,9.765625000E-4
2.706250000E-1,1.770019531E-3
2.706458333E-1,2.136230469E-3
2.706666667E-1,1.831054688E-3
2.706875000E-1,1.037597656E-3
2.707083333E-1,5.798339844E-4
2.707291667E-1,2.136230469E-4
2.707500000E-1,2.746582031E-4
2.707708333E-1,-7.934570312E-4
2.707916667E-1,-1.037597656E-3
2.708125000E-1,-1.525878906E-4
2.708333333E-1,1.312255859E-3
2.708541667E-1,3.814697266E-3
2.708750000E-1,4.302978516E-3
2.708958333E-1,3.936767578E-3
2.709166667E-1,1.464843750E-3
2.709375000E-1,3.662109375E-4
2.709583333E-1,-1.831054688E-4
2.709791667E-1,5.798339844E-4
2.710000000E-1,2.288818359E-3
2.710208333E-1,2.716064453E-3
2.710416667E-1,2.105712891E-3
2.710625000E-1,1.647949219E-3
2.710833333E-1,2.136230469E-3
2.711041667E-1,2.105712891E-3
2.711250000E-1,3.051757812E-3
2.711458333E-1,2.563476562E-3
2.711666667E-1,2.807617188E-3
2.711875000E-1,1.281738281E-3
2.712083333E-1,6.408691406E-4
2.712291667E-1,-4.577636719E-4
2.712500000E-1,-2.349853516E-3
2.712708333E-1,-3.967285156E-3
2.712916667E-1,-5.187988281E-3
2.713125000E-1,-5.645751953E-3
2.713333333E-1,-5.279541016E-3
2.713541667E-1,-4.119873047E-3
2.713750000E-1,-3.601074219E-3
2.713958333E-1,-2.410888672E-3
2.714166667E-1,-2.410888672E-3
2.714375000E-1,-1.098632812E-3
2.714583333E-1,-7.324218750E-4
2.714791667E-1,3.662109375E-4
2.715000000E-1,-1.525878906E-4
2.715208333E-1,-1.586914062E-3
2.715416667E-1,-1.525878906E-3
2.715625000E-1,-3.601074219E-3
2.715833333E-1,-1.770019531E-3
2.716041667E-1,-1.800537109E-3
2.716250000E-1,4.882812500E-4
2.716458333E-1,2.593994141E-3
2.716666667E-1,4.211425781E-3
2.716875000E-1,5.950927734E-3
2.717083333E-1,4.211425781E-3
2.717291667E-1,2.349853516E-3
2.717500000E-1,-1.586914062E-3
2.717708333E-1,-2.868652344E-3
2.717916667E-1,-2.197265625E-3
2.718125000E-1,-1.281738281E-3
2.718333333E-1,1.586914062E-3
2.718541667E-1,2.197265625E-3
2.718750000E-1,2.746582031E-3
2.718958333E-1,1.373291016E-3
2.719166667E-1,8.850097656E-4
2.719375000E-1,6.103515625E-4
2.719583333E-1,4.577636719E-4
2.719791667E-1,1.922607422E-3
2.720000000E-1,2.593994141E-3
2.720208333E-1,4.760742188E-3
2.720416667E-1,3.936767578E-3
2.720625000E-1,3.234863281E-3
2.720833333E-1,1.312255859E-3
2.721041667E-1,-2.136230469E-4
2.721250000E-1,-9.460449219E-4
2.721458333E-1,-2.929687500E-3
2.721666667E-1,-3.265380859E-3
2.721875000E-1,-5.493164062E-3
2.722083333E-1,-4.608154297E-3
2.722291667E-1,-3.967285156E-3
2.722500000E-1,-3.936767578E-3
2.722708333E-1,-3.021240234E-3
2.722916667E-1,-1.586914062E-3
2.723125000E-1,8.850097656E-4
2.723333333E-1,1.007080078E-3
2.723541667E-1,2.075195312E-3
2.723750000E-1,2.075195312E-3
2.723958333E-1,3.967285156E-4
2.724166667E-1,-1.342773438E-3
2.724375000E-1,-3.417968750E-3
2.724583333E-1,-3.845214844E-3
2.724791667E-1,-2.563476562E-3
2.725000000E-1,-1.556396484E-3
2.725208333E-1,-1.007080078E-3
2.725416667E-1,-9.765625000E-4
2.725625000E-1,-1.831054688E-3
2.725833333E-1,-7.019042969E-4
2.726041667E-1,-1.098632812E-3
2.726250000E-1,-1.342773438E-3
2.726458333E-1,-2.227783203E-3
2.726666667E-1,-2.807617188E-3
2.726875000E-1,-2.990722656E-3
2.727083333E-1,-4.150390625E-3
2.727291667E-1,-1.800537109E-3
2.727500000E-1,7.629394531E-4
2.727708333E-1,2.990722656E-3
2.727916667E-1,3.631591797E-3
2.728125000E-1,2.593994141E-3
2.728333333E-1,1.892089844E-3
2.728541667E-1,1.708984375E-3
2.728750000E-1,1.129150391E-3
2.728958333E-1,-1.281738281E-3
2.729166667E-1,-1.892089844E-3
2.729375000E-1,-4.455566406E-3
2.729583333E-1,-5.096435547E-3
2.729791667E-1,-6.652832031E-3
2.730000000E-1,-8.392333984E-3
2.730208333E-1,-8.056640625E-3
2.730416667E-1,-7.995605469E-3
2.730625000E-1,-5.218505859E-3
2.730833333E-1,-4.547119141E-3
2.731041667E-1,-2.716064453E-3
2.731250000E-1,-2.563476562E-3
2.731458333E-1,-3.143310547E-3
2.731666667E-1,-1.831054688E-3
2.731875000E-1,-1.434326172E-3
2.732083333E-1,-4.577636719E-4
2.732291667E-1,1.434326172E-3
2.732500000E-1,3.112792969E-3
2.732708333E-1,4.150390625E-3
2.732916667E-1,3.814697266E-3
2.733125000E-1,2.990722656E-3
2.733333333E-1,2.166748047E-3
2.733541667E-1,9.155273438E-4
2.733750000E-1,1.495361328E-3
2.733958333E-1,7.019042969E-4
2.734166667E-1,8.850097656E-4
2.734375000E-1,-2.441406250E-4
2.734583333E-1,-8.239746094E-4
2.734791667E-1,-9.765625000E-4
2.735000000E-1,2.136230469E-4
2.735208333E-1,8.239746094E-4
2.735416667E-1,5.187988281E-4
2.735625000E-1,1.068115234E-3
2.735833333E-1,-1.281738281E-3
2.736041667E-1,-1.159667969E-3
2.736250000E-1,-1.281738281E-3
2.736458333E-1,1.312255859E-3
2.736666667E-1,2.685546875E-3
2.736875000E-1,3.143310547E-3
2.737083333E-1,4.180908203E-3
2.737291667E-1,1.159667969E-3
2.737500000E-1,4.272460938E-4
2.737708333E-1,-2.563476562E-3
2.737916667E-1,-3.082275391E-3
2.738125000E-1,-3.723144531E-3
2.738333333E-1,-4.821777344E-3
2.738541667E-1,-1.617431641E-3
2.738750000E-1,-1.312255859E-3
2.738958333E-1,-5.798339844E-4
2.739166667E-1,-1.220703125E-4
2.739375000E-1,-1.586914062E-3
2.739583333E-1,-1.373291016E-3
2.739791667E-1,-3.265380859E-3
2.740000000E-1,-4.150390625E-3
2.740208333E-1,-5.157470703E-3
2.740416667E-1,-5.462646484E-3
2.740625000E-1,-3.326416016E-3
2.740833333E-1,-2.655029297E-3
2.741041667E-1,-2.441406250E-4
2.741250000E-1,-1.220703125E-4
2.741458333E-1,-3.051757812E-4
2.741666667E-1,-9.155273438E-5
2.741875000E-1,-4.882812500E-4
2.742083333E-1,3.051757812E-4
2.742291667E-1,-2.746582031E-4
2.742500000E-1,-6.713867188E-4
2.742708333E-1,-1.403808594E-3
2.742916667E-1,-2.227783203E-3
2.743125000E-1,-2.227783203E-3
2.743333333E-1,-8.544921875E-4
2.743541667E-1,3.051757812E-4
2.743750000E-1,2.929687500E-3
2.743958333E-1,4.364013672E-3
2.744166667E-1,3.265380859E-3
2.744375000E-1,2.166748047E-3
2.744583333E-1,1.220703125E-3
2.744791667E-1,4.272460938E-4
2.745000000E-1,-1.678466797E-3
2.745208333E-1,-2.716064453E-3
2.745416667E-1,-3.784179688E-3
2.745625000E-1,-5.859375000E-3
2.745833333E-1,-5.035400391E-3
2.746041667E-1,-3.967285156E-3
2.746250000E-1,-2.197265625E-3
2.746458333E-1,3.051757812E-4
2.746666667E-1,1.983642578E-3
2.746875000E-1,2.807617188E-3
2.747083333E-1,2.593994141E-3
2.747291667E-1,4.211425781E-3
2.747500000E-1,3.021240234E-3
2.747708333E-1,1.159667969E-3
2.747916667E-1,1.312255859E-3
2.748125000E-1,-4.882812500E-4
2.748333333E-1,-1.159667969E-3
2.748541667E-1,-2.868652344E-3
2.748750000E-1,-3.967285156E-3
2.748958333E-1,-3.356933594E-3
2.749166667E-1,-2.777099609E-3
2.749375000E-1,-1.892089844E-3
2.749583333E-1,-3.051757812E-5
2.749791667E-1,-1.525878906E-4
2.750000000E-1,1.464843750E-3
2.750208333E-1,2.075195312E-3
2.750416667E-1,2.319335938E-3
2.750625000E-1,2.136230469E-3
2.750833333E-1,-6.103515625E-5
2.751041667E-1,3.967285156E-4
2.751250000E-1,-9.155273438E-5
2.751458333E-1,9.460449219E-4
2.751666667E-1,9.765625000E-4
2.751875000E-1,2.075195312E-3
2.752083333E-1,1.464843750E-3
2.752291667E-1,2.441406250E-4
2.752500000E-1,2.136230469E-4
2.752708333E-1,-9.155273438E-4
2.752916667E-1,-3.662109375E-4
2.753125000E-1,-1.403808594E-3
2.753333333E-1,-1.770019531E-3
2.753541667E-1,-1.525878906E-3
2.753750000E-1,-4.577636719E-4
2.753958333E-1,1.342773438E-3
2.754166667E-1,2.990722656E-3
2.754375000E-1,3.417968750E-3
2.754583333E-1,1.892089844E-3
2.754791667E-1,-3.356933594E-4
2.755000000E-1,-1.098632812E-3
2.755208333E-1,-1.373291016E-3
2.755416667E-1,-9.155273438E-5
2.755625000E-1,6.103515625E-4
2.755833333E-1,1.220703125E-3
2.756041667E-1,3.173828125E-3
2.756250000E-1,3.845214844E-3
2.756458333E-1,4.333496094E-3
2.756666667E-1,2.319335938E-3
2.756875000E-1,1.434326172E-3
2.757083333E-1,1.220703125E-4
2.757291667E-1,-1.373291016E-3
2.757500000E-1,-1.190185547E-3
2.757708333E-1,-3.082275391E-3
2.757916667E-1,-1.983642578E-3
2.758125000E-1,1.220703125E-3
2.758333333E-1,2.777099609E-3
2.758541667E-1,3.967285156E-3
2.758750000E-1,5.157470703E-3
2.758958333E-1,6.225585938E-3
2.759166667E-1,7.232666016E-3
2.759375000E-1,5.828857422E-3
2.759583333E-1,3.295898438E-3
2.759791667E-1,2.532958984E-3
2.760000000E-1,1.922607422E-3
2.760208333E-1,1.617431641E-3
2.760416667E-1,8.850097656E-4
2.760625000E-1,-1.525878906E-4
2.760833333E-1,-1.403808594E-3
2.761041667E-1,-2.838134766E-3
2.761250000E-1,-2.868652344E-3
2.761458333E-1,-1.983642578E-3
2.761666667E-1,8.239746094E-4
2.761875000E-1,2.319335938E-3
2.762083333E-1,1.892089844E-3
2.762291667E-1,2.777099609E-3
2.762500000E-1,4.577636719E-3
2.762708333E-1,6.500244141E-3
2.762916667E-1,8.575439453E-3
2.763125000E-1,7.476806641E-3
2.763333333E-1,6.469726562E-3
2.763541667E-1,6.072998047E-3
2.763750000E-1,4.119873047E-3
2.763958333E-1,4.760742188E-3
2.764166667E-1,3.234863281E-3
2.764375000E-1,2.685546875E-3
2.764583333E-1,1.861572266E-3
2.764791667E-1,2.746582031E-4
2.765000000E-1,9.155273438E-4
2.765208333E-1,1.312255859E-3
2.765416667E-1,4.486083984E-3
2.765625000E-1,6.317138672E-3
2.765833333E-1,6.408691406E-3
2.766041667E-1,2.929687500E-3
2.766250000E-1,-1.037597656E-3
2.766458333E-1,-2.471923828E-3
2.766666667E-1,-1.464843750E-3
2.766875000E-1,-2.746582031E-4
2.767083333E-1,4.577636719E-4
2.767291667E-1,1.373291016E-3
2.767500000E-1,0.000000000E0
2.767708333E-1,2.441406250E-4
2.767916667E-1,-1.312255859E-3
2.768125000E-1,-2.166748047E-3
2.768333333E-1,-2.441406250E-3
2.768541667E-1,-3.906250000E-3
2.768750000E-1,-2.777099609E-3
2.768958333E-1,-4.150390625E-3
2.769166667E-1,-3.936767578E-3
2.769375000E-1,-3.509521484E-3
2.769583333E-1,-3.051757812E-3
2.769791667E-1,-4.272460938E-4
2.770000000E-1,7.934570312E-4
2.770208333E-1,3.051757812E-3
2.770416667E-1,3.540039062E-3
2.770625000E-1,2.471923828E-3
2.770833333E-1,3.326416016E-3
2.771041667E-1,2.563476562E-3
2.771250000E-1,1.953125000E-3
2.771458333E-1,1.403808594E-3
2.771666667E-1,6.713867188E-4
2.771875000E-1,4.272460938E-4
2.772083333E-1,1.831054688E-4
2.772291667E-1,3.356933594E-4
2.772500000E-1,1.220703125E-4
2.772708333E-1,9.155273438E-4
2.772916667E-1,-7.629394531E-4
2.773125000E-1,-3.204345703E-3
2.773333333E-1,-4.730224609E-3
2.773541667E-1,-4.089355469E-3
2.773750000E-1,-4.943847656E-3
2.773958333E-1,-3.967285156E-3
2.774166667E-1,-3.479003906E-3
2.774375000E-1,-3.753662109E-3
2.774583333E-1,-2.105712891E-3
2.774791667E-1,-2.807617188E-3
2.775000000E-1,-2.532958984E-3
2.775208333E-1,-1.647949219E-3
2.775416667E-1,-1.495361328E-3
2.775625000E-1,-1.464843750E-3
2.775833333E-1,-2.136230469E-4
2.776041667E-1,-8.239746094E-4
2.776250000E-1,-4.577636719E-4
2.776458333E-1,1.373291016E-3
2.776666667E-1,1.708984375E-3
2.776875000E-1,3.601074219E-3
2.777083333E-1,2.349853516E-3
2.777291667E-1,2.349853516E-3
2.777500000E-1,-2.136230469E-4
2.777708333E-1,-1.953125000E-3
2.777916667E-1,-9.765625000E-4
2.778125000E-1,-1.342773438E-3
2.778333333E-1,2.685546875E-3
2.778541667E-1,3.234863281E-3
2.778750000E-1,4.791259766E-3
2.778958333E-1,6.439208984E-3
2.779166667E-1,5.828857422E-3
2.779375000E-1,5.065917969E-3
2.779583333E-1,1.953125000E-3
2.779791667E-1,-1.831054688E-4
2.780000000E-1,-2.685546875E-3
2.780208333E-1,-3.906250000E-3
2.780416667E-1,-4.852294922E-3
2.780625000E-1,-5.554199219E-3
2.780833333E-1,-4.394531250E-3
2.781041667E-1,-4.119873047E-3
2.781250000E-1,-3.204345703E-3
2.781458333E-1,-1.434326172E-3
2.781666667E-1,-1.922607422E-3
2.781875000E-1,-1.861572266E-3
2.782083333E-1,-1.403808594E-3
2.782291667E-1,-7.324218750E-4
2.782500000E-1,2.258300781E-3
2.782708333E-1,3.784179688E-3
2.782916667E-1,5.584716797E-3
2.783125000E-1,6.042480469E-3
2.783333333E-1,5.432128906E-3
2.783541667E-1,3.570556641E-3
2.783750000E-1,1.708984375E-3
2.783958333E-1,6.103515625E-4
2.784166667E-1,1.525878906E-4
2.784375000E-1,1.556396484E-3
2.784583333E-1,1.403808594E-3
2.784791667E-1,1.983642578E-3
2.785000000E-1,1.525878906E-3
2.785208333E-1,8.544921875E-4
2.785416667E-1,-1.190185547E-3
2.785625000E-1,-1.922607422E-3
2.785833333E-1,-2.075195312E-3
2.786041667E-1,-3.875732422E-3
2.786250000E-1,-1.434326172E-3
2.786458333E-1,-1.403808594E-3
2.786666667E-1,-9.155273438E-5
2.786875000E-1,2.716064453E-3
2.787083333E-1,3.753662109E-3
2.787291667E-1,5.035400391E-3
2.787500000E-1,3.967285156E-3
2.787708333E-1,3.173828125E-3
2.787916667E-1,2.197265625E-3
2.788125000E-1,-6.713867188E-4
2.788333333E-1,-2.197265625E-3
2.788541667E-1,-3.387451172E-3
2.788750000E-1,-3.265380859E-3
2.788958333E-1,-1.770019531E-3
2.789166667E-1,-2.227783203E-3
2.789375000E-1,-2.258300781E-3
2.789583333E-1,-2.136230469E-3
2.789791667E-1,-1.434326172E-3
2.790000000E-1,-3.967285156E-4
2.790208333E-1,-5.798339844E-4
2.790416667E-1,-1.159667969E-3
2.790625000E-1,-1.739501953E-3
2.790833333E-1,-3.906250000E-3
2.791041667E-1,-3.936767578E-3
2.791250000E-1,-3.845214844E-3
2.791458333E-1,-2.532958984E-3
2.791666667E-1,-1.464843750E-3
2.791875000E-1,7.629394531E-4
2.792083333E-1,2.929687500E-3
2.792291667E-1,2.716064453E-3
2.792500000E-1,2.746582031E-3
2.792708333E-1,2.014160156E-3
2.792916667E-1,1.708984375E-3
2.793125000E-1,8.850097656E-4
2.793333333E-1,-2.441406250E-4
2.793541667E-1,-7.019042969E-4
2.793750000E-1,-2.105712891E-3
2.793958333E-1,-2.655029297E-3
2.794166667E-1,-1.831054688E-3
2.794375000E-1,-9.765625000E-4
2.794583333E-1,1.953125000E-3
2.794791667E-1,2.838134766E-3
2.795000000E-1,2.410888672E-3
2.795208333E-1,1.617431641E-3
2.795416667E-1,-1.495361328E-3
2.795625000E-1,-4.302978516E-3
2.795833333E-1,-5.554199219E-3
2.796041667E-1,-5.218505859E-3
2.796250000E-1,-4.699707031E-3
2.796458333E-1,-3.570556641E-3
2.796666667E-1,-3.723144531E-3
2.796875000E-1,-4.394531250E-3
2.797083333E-1,-3.723144531E-3
2.797291667E-1,-3.417968750E-3
2.797500000E-1,-2.349853516E-3
2.797708333E-1,-1.525878906E-3
2.797916667E-1,-1.678466797E-3
2.798125000E-1,-2.441406250E-3
2.798333333E-1,-1.037597656E-3
2.798541667E-1,2.746582031E-4
2.798750000E-1,1.678466797E-3
2.798958333E-1,2.655029297E-3
2.799166667E-1,1.525878906E-3
2.799375000E-1,9.155273438E-5
2.799583333E-1,-1.312255859E-3
2.799791667E-1,-1.861572266E-3
2.800000000E-1,-1.525878906E-3
2.800208333E-1,-6.103515625E-4
2.800416667E-1,-1.831054688E-4
2.800625000E-1,1.037597656E-3
2.800833333E-1,1.159667969E-3
2.801041667E-1,2.746582031E-3
2.801250000E-1,3.509521484E-3
2.801458333E-1,5.065917969E-3
2.801666667E-1,6.652832031E-3
2.801875000E-1,4.638671875E-3
2.802083333E-1,4.058837891E-3
2.802291667E-1,2.380371094E-3
2.802500000E-1,2.746582031E-4
2.802708333E-1,-2.105712891E-3
2.802916667E-1,-3.173828125E-3
2.803125000E-1,-3.173828125E-3
2.803333333E-1,-3.143310547E-3
2.803541667E-1,-1.739501953E-3
2.803750000E-1,-2.319335938E-3
2.803958333E-1,-2.136230469E-3
2.804166667E-1,-1.983642578E-3
2.804375000E-1,-2.044677734E-3
2.804583333E-1,-1.922607422E-3
2.804791667E-1,-2.288818359E-3
2.805000000E-1,-2.105712891E-3
2.805208333E-1,-2.075195312E-3
2.805416667E-1,-1.647949219E-3
2.805625000E-1,-2.258300781E-3
2.805833333E-1,9.155273438E-5
2.806041667E-1,2.044677734E-3
2.806250000E-1,3.723144531E-3
2.806458333E-1,5.096435547E-3
2.806666667E-1,4.943847656E-3
2.806875000E-1,4.913330078E-3
2.807083333E-1,4.669189453E-3
2.807291667E-1,4.211425781E-3
2.807500000E-1,1.190185547E-3
2.807708333E-1,-1.770019531E-3
2.807916667E-1,-5.096435547E-3
2.808125000E-1,-6.835937500E-3
2.808333333E-1,-7.720947266E-3
2.808541667E-1,-5.004882812E-3
2.808750000E-1,-1.892089844E-3
2.808958333E-1,6.408691406E-4
2.809166667E-1,1.495361328E-3
2.809375000E-1,1.159667969E-3
2.809583333E-1,4.577636719E-4
2.809791667E-1,6.103515625E-5
2.810000000E-1,1.342773438E-3
2.810208333E-1,-2.746582031E-4
2.810416667E-1,1.007080078E-3
2.810625000E-1,-2.136230469E-4
2.810833333E-1,7.934570312E-4
2.811041667E-1,2.014160156E-3
2.811250000E-1,1.281738281E-3
2.811458333E-1,3.631591797E-3
2.811666667E-1,2.227783203E-3
2.811875000E-1,4.425048828E-3
2.812083333E-1,3.967285156E-3
2.812291667E-1,4.302978516E-3
2.812500000E-1,6.011962891E-3
2.812708333E-1,5.645751953E-3
2.812916667E-1,8.300781250E-3
2.813125000E-1,7.843017578E-3
2.813333333E-1,7.141113281E-3
2.813541667E-1,5.462646484E-3
2.813750000E-1,2.929687500E-3
2.813958333E-1,1.495361328E-3
2.814166667E-1,-9.155273438E-4
2.814375000E-1,-2.899169922E-3
2.814583333E-1,-3.723144531E-3
2.814791667E-1,-2.807617188E-3
2.815000000E-1,-1.037597656E-3
2.815208333E-1,1.708984375E-3
2.815416667E-1,2.899169922E-3
2.815625000E-1,3.143310547E-3
2.815833333E-1,9.155273438E-4
2.816041667E-1,-2.319335938E-3
2.816250000E-1,-3.356933594E-3
2.816458333E-1,-4.943847656E-3
2.816666667E-1,-3.936767578E-3
2.816875000E-1,-2.624511719E-3
2.817083333E-1,-5.493164062E-4
2.817291667E-1,6.713867188E-4
2.817500000E-1,7.934570312E-4
2.817708333E-1,1.739501953E-3
2.817916667E-1,8.544921875E-4
2.818125000E-1,1.403808594E-3
2.818333333E-1,7.934570312E-4
2.818541667E-1,-1.220703125E-4
2.818750000E-1,6.103515625E-5
2.818958333E-1,-1.281738281E-3
2.819166667E-1,-1.922607422E-3
2.819375000E-1,-2.899169922E-3
2.819583333E-1,-1.861572266E-3
2.819791667E-1,-1.708984375E-3
2.820000000E-1,-1.678466797E-3
2.820208333E-1,-1.373291016E-3
2.820416667E-1,-1.708984375E-3
2.820625000E-1,-1.251220703E-3
2.820833333E-1,-1.831054688E-3
2.821041667E-1,-1.556396484E-3
2.821250000E-1,3.051757812E-5
2.821458333E-1,1.831054688E-3
2.821666667E-1,2.502441406E-3
2.821875000E-1,2.044677734E-3
2.822083333E-1,5.187988281E-4
2.822291667E-1,-1.525878906E-3
2.822500000E-1,-1.556396484E-3
2.822708333E-1,-2.838134766E-3
2.822916667E-1,-3.997802734E-3
2.823125000E-1,-4.913330078E-3
2.823333333E-1,-5.889892578E-3
2.823541667E-1,-5.004882812E-3
2.823750000E-1,-3.387451172E-3
2.823958333E-1,-1.434326172E-3
2.824166667E-1,3.051757812E-5
2.824375000E-1,4.272460938E-4
2.824583333E-1,-4.882812500E-4
2.824791667E-1,-8.544921875E-4
2.825000000E-1,1.220703125E-4
2.825208333E-1,2.197265625E-3
2.825416667E-1,2.960205078E-3
2.825625000E-1,4.058837891E-3
2.825833333E-1,5.126953125E-3
2.826041667E-1,3.967285156E-3
2.826250000E-1,3.784179688E-3
2.826458333E-1,3.601074219E-3
2.826666667E-1,4.058837891E-3
2.826875000E-1,3.906250000E-3
2.827083333E-1,2.319335938E-3
2.827291667E-1,1.129150391E-3
2.827500000E-1,-1.159667969E-3
2.827708333E-1,-9.765625000E-4
2.827916667E-1,-1.373291016E-3
2.828125000E-1,-1.953125000E-3
2.828333333E-1,-1.708984375E-3
2.828541667E-1,-1.098632812E-3
2.828750000E-1,-1.434326172E-3
2.828958333E-1,-2.746582031E-4
2.829166667E-1,2.197265625E-3
2.829375000E-1,5.432128906E-3
2.829583333E-1,8.331298828E-3
2.829791667E-1,8.239746094E-3
2.830000000E-1,6.958007812E-3
2.830208333E-1,3.753662109E-3
2.830416667E-1,7.629394531E-4
2.830625000E-1,-1.281738281E-3
2.830833333E-1,-1.556396484E-3
2.831041667E-1,9.155273438E-5
2.831250000E-1,5.493164062E-4
2.831458333E-1,2.746582031E-4
2.831666667E-1,-1.525878906E-4
2.831875000E-1,-1.770019531E-3
2.832083333E-1,-1.159667969E-3
2.832291667E-1,-2.227783203E-3
2.832500000E-1,-2.746582031E-3
2.832708333E-1,-2.929687500E-3
2.832916667E-1,-2.105712891E-3
2.833125000E-1,1.953125000E-3
2.833333333E-1,2.075195312E-3
2.833541667E-1,4.272460938E-3
2.833750000E-1,3.295898438E-3
2.833958333E-1,2.258300781E-3
2.834166667E-1,1.739501953E-3
2.834375000E-1,-7.019042969E-4
2.834583333E-1,-2.441406250E-4
2.834791667E-1,-1.251220703E-3
2.835000000E-1,-1.190185547E-3
2.835208333E-1,-2.716064453E-3
2.835416667E-1,-2.960205078E-3
2.835625000E-1,-1.281738281E-3
2.835833333E-1,-3.356933594E-4
2.836041667E-1,7.019042969E-4
2.836250000E-1,2.166748047E-3
2.836458333E-1,2.807617188E-3
2.836666667E-1,5.187988281E-4
2.836875000E-1,-1.220703125E-4
2.837083333E-1,-1.129150391E-3
2.837291667E-1,-9.765625000E-4
2.837500000E-1,-1.831054688E-4
2.837708333E-1,-6.713867188E-4
2.837916667E-1,8.544921875E-4
2.838125000E-1,6.713867188E-4
2.838333333E-1,6.103515625E-4
2.838541667E-1,-4.577636719E-4
2.838750000E-1,-9.460449219E-4
2.838958333E-1,-2.136230469E-4
2.839166667E-1,-1.190185547E-3
2.839375000E-1,-3.967285156E-4
2.839583333E-1,-6.713867188E-4
2.839791667E-1,-1.770019531E-3
2.840000000E-1,-2.380371094E-3
2.840208333E-1,-2.471923828E-3
2.840416667E-1,-2.380371094E-3
2.840625000E-1,-2.716064453E-3
2.840833333E-1,-2.929687500E-3
2.841041667E-1,-2.471923828E-3
2.841250000E-1,-5.798339844E-4
2.841458333E-1,1.068115234E-3
2.841666667E-1,2.471923828E-3
2.841875000E-1,2.380371094E-3
2.842083333E-1,2.746582031E-3
2.842291667E-1,2.014160156E-3
2.842500000E-1,1.586914062E-3
2.842708333E-1,-4.272460938E-4
2.842916667E-1,-2.960205078E-3
2.843125000E-1,-6.072998047E-3
2.843333333E-1,-7.232666016E-3
2.843541667E-1,-5.889892578E-3
2.843750000E-1,-3.540039062E-3
2.843958333E-1,-3.662109375E-4
2.844166667E-1,9.155273438E-4
2.844375000E-1,3.173828125E-3
2.844583333E-1,3.845214844E-3
2.844791667E-1,5.615234375E-3
2.845000000E-1,5.035400391E-3
2.845208333E-1,1.983642578E-3
2.845416667E-1,-6.408691406E-4
2.845625000E-1,-3.326416016E-3
2.845833333E-1,-4.974365234E-3
2.846041667E-1,-5.279541016E-3
2.846250000E-1,-5.279541016E-3
2.846458333E-1,-6.042480469E-3
2.846666667E-1,-4.394531250E-3
2.846875000E-1,-4.272460938E-3
2.847083333E-1,-3.326416016E-3
2.847291667E-1,-2.197265625E-3
2.847500000E-1,-1.922607422E-3
2.847708333E-1,-3.356933594E-4
2.847916667E-1,-5.187988281E-4
2.848125000E-1,-7.934570312E-4
2.848333333E-1,-6.713867188E-4
2.848541667E-1,5.493164062E-4
2.848750000E-1,2.319335938E-3
2.848958333E-1,4.119873047E-3
2.849166667E-1,5.035400391E-3
2.849375000E-1,3.509521484E-3
2.849583333E-1,1.312255859E-3
2.849791667E-1,2.136230469E-4
2.850000000E-1,-1.373291016E-3
2.850208333E-1,-7.019042969E-4
2.850416667E-1,-1.373291016E-3
2.850625000E-1,-1.617431641E-3
2.850833333E-1,-9.155273438E-4
2.851041667E-1,-2.380371094E-3
2.851250000E-1,-1.403808594E-3
2.851458333E-1,-2.716064453E-3
2.851666667E-1,-3.509521484E-3
2.851875000E-1,-4.455566406E-3
2.852083333E-1,-6.256103516E-3
2.852291667E-1,-3.601074219E-3
2.852500000E-1,-2.716064453E-3
2.852708333E-1,2.746582031E-4
2.852916667E-1,1.037597656E-3
2.853125000E-1,1.525878906E-3
2.853333333E-1,2.105712891E-3
2.853541667E-1,2.288818359E-3
2.853750000E-1,3.723144531E-3
2.853958333E-1,3.784179688E-3
2.854166667E-1,6.835937500E-3
2.854375000E-1,6.011962891E-3
2.854583333E-1,5.615234375E-3
2.854791667E-1,5.432128906E-3
2.855000000E-1,4.516601562E-3
2.855208333E-1,7.202148438E-3
2.855416667E-1,5.767822266E-3
2.855625000E-1,4.272460938E-3
2.855833333E-1,2.746582031E-3
2.856041667E-1,-2.136230469E-4
2.856250000E-1,-1.220703125E-4
2.856458333E-1,9.460449219E-4
2.856666667E-1,2.655029297E-3
2.856875000E-1,2.227783203E-3
2.857083333E-1,1.617431641E-3
2.857291667E-1,4.577636719E-4
2.857500000E-1,5.798339844E-4
2.857708333E-1,5.493164062E-4
2.857916667E-1,1.525878906E-4
2.858125000E-1,3.967285156E-4
2.858333333E-1,-1.281738281E-3
2.858541667E-1,-1.495361328E-3
2.858750000E-1,-1.770019531E-3
2.858958333E-1,-2.593994141E-3
2.859166667E-1,-1.861572266E-3
2.859375000E-1,-1.678466797E-3
2.859583333E-1,-2.471923828E-3
2.859791667E-1,-2.319335938E-3
2.860000000E-1,-1.495361328E-3
2.860208333E-1,3.662109375E-4
2.860416667E-1,2.319335938E-3
2.860625000E-1,2.563476562E-3
2.860833333E-1,1.129150391E-3
2.861041667E-1,-1.251220703E-3
2.861250000E-1,-2.105712891E-3
2.861458333E-1,-2.990722656E-3
2.861666667E-1,-3.143310547E-3
2.861875000E-1,-2.441406250E-3
2.862083333E-1,-9.460449219E-4
2.862291667E-1,8.544921875E-4
2.862500000E-1,9.460449219E-4
2.862708333E-1,7.629394531E-4
2.862916667E-1,-2.410888672E-3
2.863125000E-1,-5.187988281E-3
2.863333333E-1,-7.141113281E-3
2.863541667E-1,-6.408691406E-3
2.863750000E-1,-2.807617188E-3
2.863958333E-1,-5.798339844E-4
2.864166667E-1,3.387451172E-3
2.864375000E-1,3.417968750E-3
2.864583333E-1,4.058837891E-3
2.864791667E-1,5.157470703E-3
2.865000000E-1,4.180908203E-3
2.865208333E-1,5.096435547E-3
2.865416667E-1,3.875732422E-3
2.865625000E-1,4.241943359E-3
2.865833333E-1,3.326416016E-3
2.866041667E-1,2.685546875E-3
2.866250000E-1,2.838134766E-3
2.866458333E-1,1.617431641E-3
2.866666667E-1,1.190185547E-3
2.866875000E-1,1.129150391E-3
2.867083333E-1,1.922607422E-3
2.867291667E-1,2.410888672E-3
2.867500000E-1,2.166748047E-3
2.867708333E-1,2.166748047E-3
2.867916667E-1,3.662109375E-4
2.868125000E-1,-1.373291016E-3
2.868333333E-1,-3.295898438E-3
2.868541667E-1,-4.302978516E-3
2.868750000E-1,-4.882812500E-3
2.868958333E-1,-4.669189453E-3
2.869166667E-1,-3.967285156E-3
2.869375000E-1,-4.791259766E-3
2.869583333E-1,-6.072998047E-3
2.869791667E-1,-6.072998047E-3
2.870000000E-1,-5.432128906E-3
2.870208333E-1,-4.974365234E-3
2.870416667E-1,-2.746582031E-3
2.870625000E-1,-1.922607422E-3
2.870833333E-1,-8.239746094E-4
2.871041667E-1,-1.007080078E-3
2.871250000E-1,-2.929687500E-3
2.871458333E-1,-4.364013672E-3
2.871666667E-1,-5.889892578E-3
2.871875000E-1,-4.608154297E-3
2.872083333E-1,-4.608154297E-3
2.872291667E-1,-3.631591797E-3
2.872500000E-1,-1.983642578E-3
2.872708333E-1,-4.882812500E-4
2.872916667E-1,1.251220703E-3
2.873125000E-1,3.173828125E-3
2.873333333E-1,4.180908203E-3
2.873541667E-1,4.608154297E-3
2.873750000E-1,5.401611328E-3
2.873958333E-1,4.943847656E-3
2.874166667E-1,4.974365234E-3
2.874375000E-1,3.387451172E-3
2.874583333E-1,4.028320312E-3
2.874791667E-1,3.570556641E-3
2.875000000E-1,2.990722656E-3
2.875208333E-1,3.814697266E-3
2.875416667E-1,3.509521484E-3
2.875625000E-1,3.906250000E-3
2.875833333E-1,3.204345703E-3
2.876041667E-1,2.716064453E-3
2.876250000E-1,2.014160156E-3
2.876458333E-1,1.495361328E-3
2.876666667E-1,-2.746582031E-4
2.876875000E-1,-9.460449219E-4
2.877083333E-1,-3.601074219E-3
2.877291667E-1,-4.364013672E-3
2.877500000E-1,-5.004882812E-3
2.877708333E-1,-6.866455078E-3
2.877916667E-1,-6.713867188E-3
2.878125000E-1,-7.446289062E-3
2.878333333E-1,-6.072998047E-3
2.878541667E-1,-4.333496094E-3
2.878750000E-1,-3.234863281E-3
2.878958333E-1,-2.349853516E-3
2.879166667E-1,-1.708984375E-3
2.879375000E-1,-4.272460938E-4
2.879583333E-1,-6.103515625E-4
2.879791667E-1,4.882812500E-4
2.880000000E-1,1.495361328E-3
2.880208333E-1,1.068115234E-3
2.880416667E-1,1.403808594E-3
2.880625000E-1,2.838134766E-3
2.880833333E-1,5.523681641E-3
2.881041667E-1,6.500244141E-3
2.881250000E-1,6.927490234E-3
2.881458333E-1,5.889892578E-3
2.881666667E-1,3.509521484E-3
2.881875000E-1,1.342773438E-3
2.882083333E-1,-1.251220703E-3
2.882291667E-1,-2.777099609E-3
2.882500000E-1,-3.295898438E-3
2.882708333E-1,-4.669189453E-3
2.882916667E-1,-5.889892578E-3
2.883125000E-1,-6.683349609E-3
2.883333333E-1,-6.286621094E-3
2.883541667E-1,-4.882812500E-3
2.883750000E-1,-2.532958984E-3
2.883958333E-1,-9.460449219E-4
2.884166667E-1,-1.525878906E-4
2.884375000E-1,9.155273438E-5
2.884583333E-1,5.493164062E-4
2.884791667E-1,0.000000000E0
2.885000000E-1,-1.525878906E-4
2.885208333E-1,4.882812500E-4
2.885416667E-1,0.000000000E0
2.885625000E-1,5.187988281E-4
2.885833333E-1,-7.629394531E-4
2.886041667E-1,-1.190185547E-3
2.886250000E-1,-3.051757812E-5
2.886458333E-1,9.460449219E-4
2.886666667E-1,2.075195312E-3
2.886875000E-1,-6.408691406E-4
2.887083333E-1,-2.807617188E-3
2.887291667E-1,-4.333496094E-3
2.887500000E-1,-5.218505859E-3
2.887708333E-1,-3.875732422E-3
2.887916667E-1,-4.211425781E-3
2.888125000E-1,-3.295898438E-3
2.888333333E-1,-2.868652344E-3
2.888541667E-1,-2.044677734E-3
2.888750000E-1,-5.187988281E-4
2.888958333E-1,-9.460449219E-4
2.889166667E-1,-2.441406250E-4
2.889375000E-1,-4.882812500E-4
2.889583333E-1,6.408691406E-4
2.889791667E-1,1.464843750E-3
2.890000000E-1,1.037597656E-3
2.890208333E-1,2.441406250E-4
2.890416667E-1,-5.493164062E-4
2.890625000E-1,-7.324218750E-4
2.890833333E-1,-1.434326172E-3
2.891041667E-1,-8.850097656E-4
2.891250000E-1,-1.800537109E-3
2.891458333E-1,-1.007080078E-3
2.891666667E-1,-2.532958984E-3
2.891875000E-1,-3.021240234E-3
2.892083333E-1,-2.410888672E-3
2.892291667E-1,-2.868652344E-3
2.892500000E-1,-2.044677734E-3
2.892708333E-1,-1.953125000E-3
2.892916667E-1,-9.155273438E-4
2.893125000E-1,-1.220703125E-3
2.893333333E-1,-1.159667969E-3
2.893541667E-1,-1.617431641E-3
2.893750000E-1,-1.251220703E-3
2.893958333E-1,-2.563476562E-3
2.894166667E-1,-4.028320312E-3
2.894375000E-1,-4.486083984E-3
2.894583333E-1,-5.187988281E-3
2.894791667E-1,-3.997802734E-3
2.895000000E-1,-3.540039062E-3
2.895208333E-1,-2.288818359E-3
2.895416667E-1,-2.197265625E-3
2.895625000E-1,-1.892089844E-3
2.895833333E-1,-6.103515625E-4
2.896041667E-1,-8.239746094E-4
2.896250000E-1,-1.861572266E-3
2.896458333E-1,-2.441406250E-3
2.896666667E-1,-1.617431641E-3
2.896875000E-1,-8.239746094E-4
2.897083333E-1,5.187988281E-4
2.897291667E-1,1.525878906E-3
2.897500000E-1,1.708984375E-3
2.897708333E-1,1.678466797E-3
2.897916667E-1,2.136230469E-3
2.898125000E-1,4.058837891E-3
2.898333333E-1,4.364013672E-3
2.898541667E-1,3.784179688E-3
2.898750000E-1,2.868652344E-3
2.898958333E-1,7.629394531E-4
2.899166667E-1,1.220703125E-3
2.899375000E-1,1.068115234E-3
2.899583333E-1,1.922607422E-3
2.899791667E-1,2.532958984E-3
2.900000000E-1,3.082275391E-3
2.900208333E-1,4.180908203E-3
2.900416667E-1,4.638671875E-3
2.900625000E-1,5.462646484E-3
2.900833333E-1,5.126953125E-3
2.901041667E-1,4.821777344E-3
2.901250000E-1,4.394531250E-3
2.901458333E-1,3.570556641E-3
2.901666667E-1,8.850097656E-4
2.901875000E-1,-6.713867188E-4
2.902083333E-1,-1.342773438E-3
2.902291667E-1,-7.629394531E-4
2.902500000E-1,2.746582031E-4
2.902708333E-1,-9.155273438E-4
2.902916667E-1,-1.586914062E-3
2.903125000E-1,-3.234863281E-3
2.903333333E-1,-4.852294922E-3
2.903541667E-1,-3.814697266E-3
2.903750000E-1,-2.502441406E-3
2.903958333E-1,-1.037597656E-3
2.904166667E-1,-9.155273438E-5
2.904375000E-1,4.577636719E-4
2.904583333E-1,1.251220703E-3
2.904791667E-1,1.190185547E-3
2.905000000E-1,1.098632812E-3
2.905208333E-1,8.850097656E-4
2.905416667E-1,6.103515625E-5
2.905625000E-1,-5.493164062E-4
2.905833333E-1,-1.373291016E-3
2.906041667E-1,-1.525878906E-4
2.906250000E-1,2.105712891E-3
2.906458333E-1,4.211425781E-3
2.906666667E-1,5.462646484E-3
2.906875000E-1,5.828857422E-3
2.907083333E-1,4.852294922E-3
2.907291667E-1,4.211425781E-3
2.907500000E-1,5.340576172E-3
2.907708333E-1,7.232666016E-3
2.907916667E-1,7.629394531E-3
2.908125000E-1,6.713867188E-3
2.908333333E-1,4.211425781E-3
2.908541667E-1,1.464843750E-3
2.908750000E-1,4.272460938E-4
2.908958333E-1,-1.129150391E-3
2.909166667E-1,-1.464843750E-3
2.909375000E-1,-2.044677734E-3
2.909583333E-1,-3.295898438E-3
2.909791667E-1,-1.953125000E-3
2.910000000E-1,-2.960205078E-3
2.910208333E-1,-1.525878906E-3
2.910416667E-1,-1.068115234E-3
2.910625000E-1,-6.103515625E-5
2.910833333E-1,8.544921875E-4
2.911041667E-1,0.000000000E0
2.911250000E-1,1.464843750E-3
2.911458333E-1,1.831054688E-4
2.911666667E-1,0.000000000E0
2.911875000E-1,9.765625000E-4
2.912083333E-1,1.464843750E-3
2.912291667E-1,3.784179688E-3
2.912500000E-1,5.828857422E-3
2.912708333E-1,6.744384766E-3
2.912916667E-1,6.469726562E-3
2.913125000E-1,6.042480469E-3
2.913333333E-1,5.004882812E-3
2.913541667E-1,3.051757812E-3
2.913750000E-1,7.934570312E-4
2.913958333E-1,-1.220703125E-4
2.914166667E-1,-4.882812500E-4
2.914375000E-1,9.765625000E-4
2.914583333E-1,2.746582031E-3
2.914791667E-1,2.227783203E-3
2.915000000E-1,1.586914062E-3
2.915208333E-1,5.187988281E-4
2.915416667E-1,-1.281738281E-3
2.915625000E-1,-1.281738281E-3
2.915833333E-1,-1.434326172E-3
2.916041667E-1,-1.831054688E-3
2.916250000E-1,-1.403808594E-3
2.916458333E-1,-1.525878906E-3
2.916666667E-1,-4.577636719E-4
2.916875000E-1,-3.967285156E-4
2.917083333E-1,9.460449219E-4
2.917291667E-1,1.312255859E-3
2.917500000E-1,8.544921875E-4
2.917708333E-1,1.525878906E-3
2.917916667E-1,2.136230469E-4
2.918125000E-1,2.746582031E-4
2.918333333E-1,-1.525878906E-4
2.918541667E-1,-7.019042969E-4
2.918750000E-1,-1.831054688E-4
2.918958333E-1,-1.739501953E-3
2.919166667E-1,-3.967285156E-4
2.919375000E-1,1.281738281E-3
2.919583333E-1,1.434326172E-3
2.919791667E-1,2.685546875E-3
2.920000000E-1,3.265380859E-3
2.920208333E-1,3.234863281E-3
2.920416667E-1,2.288818359E-3
2.920625000E-1,4.882812500E-4
2.920833333E-1,-4.272460938E-4
2.921041667E-1,-1.800537109E-3
2.921250000E-1,-1.922607422E-3
2.921458333E-1,-2.075195312E-3
2.921666667E-1,-2.380371094E-3
2.921875000E-1,-2.197265625E-3
2.922083333E-1,-2.746582031E-3
2.922291667E-1,-2.868652344E-3
2.922500000E-1,-1.586914062E-3
2.922708333E-1,-1.403808594E-3
2.922916667E-1,-4.577636719E-4
2.923125000E-1,2.136230469E-4
2.923333333E-1,9.155273438E-5
2.923541667E-1,7.324218750E-4
2.923750000E-1,7.629394531E-4
2.923958333E-1,2.105712891E-3
2.924166667E-1,1.953125000E-3
2.924375000E-1,2.471923828E-3
2.924583333E-1,3.051757812E-3
2.924791667E-1,1.586914062E-3
2.925000000E-1,1.647949219E-3
2.925208333E-1,1.678466797E-3
2.925416667E-1,4.577636719E-4
2.925625000E-1,1.831054688E-4
2.925833333E-1,3.662109375E-4
2.926041667E-1,9.765625000E-4
2.926250000E-1,1.220703125E-4
2.926458333E-1,-5.798339844E-4
2.926666667E-1,2.441406250E-4
2.926875000E-1,-1.220703125E-4
2.927083333E-1,-4.272460938E-4
2.927291667E-1,-3.967285156E-4
2.927500000E-1,-1.892089844E-3
2.927708333E-1,-2.532958984E-3
2.927916667E-1,-2.166748047E-3
2.928125000E-1,-1.220703125E-3
2.928333333E-1,8.239746094E-4
2.928541667E-1,1.556396484E-3
2.928750000E-1,1.953125000E-3
2.928958333E-1,6.103515625E-4
2.929166667E-1,-4.272460938E-4
2.929375000E-1,-1.220703125E-3
2.929583333E-1,-1.525878906E-3
2.929791667E-1,-9.765625000E-4
2.930000000E-1,-1.190185547E-3
2.930208333E-1,-7.019042969E-4
2.930416667E-1,-9.155273438E-4
2.930625000E-1,-6.713867188E-4
2.930833333E-1,9.155273438E-5
2.931041667E-1,-9.155273438E-4
2.931250000E-1,1.525878906E-4
2.931458333E-1,8.239746094E-4
2.931666667E-1,-1.525878906E-4
2.931875000E-1,-6.103515625E-4
2.932083333E-1,-1.281738281E-3
2.932291667E-1,-3.356933594E-4
2.932500000E-1,-6.408691406E-4
2.932708333E-1,-9.765625000E-4
2.932916667E-1,-1.708984375E-3
2.933125000E-1,-3.417968750E-3
2.933333333E-1,-4.119873047E-3
2.933541667E-1,-5.554199219E-3
2.933750000E-1,-5.096435547E-3
2.933958333E-1,-4.943847656E-3
2.934166667E-1,-3.662109375E-3
2.934375000E-1,-1.220703125E-3
2.934583333E-1,-1.037597656E-3
2.934791667E-1,-2.136230469E-4
2.935000000E-1,3.662109375E-4
2.935208333E-1,9.155273438E-5
2.935416667E-1,4.272460938E-4
2.935625000E-1,7.629394531E-4
2.935833333E-1,3.204345703E-3
2.936041667E-1,3.295898438E-3
2.936250000E-1,3.479003906E-3
2.936458333E-1,3.509521484E-3
2.936666667E-1,2.471923828E-3
2.936875000E-1,2.349853516E-3
2.937083333E-1,1.647949219E-3
2.937291667E-1,-1.220703125E-4
2.937500000E-1,-1.861572266E-3
2.937708333E-1,-2.563476562E-3
2.937916667E-1,-2.014160156E-3
2.938125000E-1,-9.155273438E-5
2.938333333E-1,1.251220703E-3
2.938541667E-1,3.601074219E-3
2.938750000E-1,5.035400391E-3
2.938958333E-1,5.981445312E-3
2.939166667E-1,5.706787109E-3
2.939375000E-1,4.516601562E-3
2.939583333E-1,4.058837891E-3
2.939791667E-1,3.570556641E-3
2.940000000E-1,2.319335938E-3
2.940208333E-1,1.678466797E-3
2.940416667E-1,-9.155273438E-5
2.940625000E-1,-1.129150391E-3
2.940833333E-1,-1.342773438E-3
2.941041667E-1,-1.098632812E-3
2.941250000E-1,1.251220703E-3
2.941458333E-1,2.716064453E-3
2.941666667E-1,4.455566406E-3
2.941875000E-1,3.234863281E-3
2.942083333E-1,3.356933594E-3
2.942291667E-1,2.593994141E-3
2.942500000E-1,3.448486328E-3
2.942708333E-1,5.218505859E-3
2.942916667E-1,4.302978516E-3
2.943125000E-1,5.523681641E-3
2.943333333E-1,3.662109375E-3
2.943541667E-1,3.417968750E-3
2.943750000E-1,2.716064453E-3
2.943958333E-1,1.678466797E-3
2.944166667E-1,1.373291016E-3
2.944375000E-1,-3.051757812E-4
2.944583333E-1,-5.493164062E-4
2.944791667E-1,-1.220703125E-3
2.945000000E-1,7.019042969E-4
2.945208333E-1,1.525878906E-3
2.945416667E-1,2.349853516E-3
2.945625000E-1,2.777099609E-3
2.945833333E-1,1.617431641E-3
2.946041667E-1,2.197265625E-3
2.946250000E-1,-1.831054688E-4
2.946458333E-1,-1.068115234E-3
2.946666667E-1,-2.929687500E-3
2.946875000E-1,-4.394531250E-3
2.947083333E-1,-4.943847656E-3
2.947291667E-1,-5.371093750E-3
2.947500000E-1,-6.042480469E-3
2.947708333E-1,-6.011962891E-3
2.947916667E-1,-3.906250000E-3
2.948125000E-1,-1.495361328E-3
2.948333333E-1,-8.239746094E-4
2.948541667E-1,-4.577636719E-4
2.948750000E-1,-9.155273438E-5
2.948958333E-1,-1.861572266E-3
2.949166667E-1,-1.831054688E-3
2.949375000E-1,-2.960205078E-3
2.949583333E-1,-2.227783203E-3
2.949791667E-1,-2.136230469E-3
2.950000000E-1,-2.532958984E-3
2.950208333E-1,-1.770019531E-3
2.950416667E-1,-2.868652344E-3
2.950625000E-1,-5.798339844E-4
2.950833333E-1,-5.187988281E-4
2.951041667E-1,-7.934570312E-4
2.951250000E-1,1.037597656E-3
2.951458333E-1,5.493164062E-4
2.951666667E-1,2.380371094E-3
2.951875000E-1,2.868652344E-3
2.952083333E-1,4.211425781E-3
2.952291667E-1,3.753662109E-3
2.952500000E-1,2.288818359E-3
2.952708333E-1,6.713867188E-4
2.952916667E-1,-6.103515625E-5
2.953125000E-1,-2.136230469E-4
2.953333333E-1,-1.525878906E-4
2.953541667E-1,1.678466797E-3
2.953750000E-1,1.922607422E-3
2.953958333E-1,2.349853516E-3
2.954166667E-1,2.838134766E-3
2.954375000E-1,3.540039062E-3
2.954583333E-1,2.716064453E-3
2.954791667E-1,1.037597656E-3
2.955000000E-1,-6.103515625E-4
2.955208333E-1,-1.464843750E-3
2.955416667E-1,-1.495361328E-3
2.955625000E-1,-1.647949219E-3
2.955833333E-1,-1.464843750E-3
2.956041667E-1,-3.967285156E-4
2.956250000E-1,-7.324218750E-4
2.956458333E-1,-5.493164062E-4
2.956666667E-1,-3.662109375E-4
2.956875000E-1,-2.441406250E-4
2.957083333E-1,7.324218750E-4
2.957291667E-1,0.000000000E0
2.957500000E-1,-5.798339844E-4
2.957708333E-1,-1.556396484E-3
2.957916667E-1,-2.502441406E-3
2.958125000E-1,-3.875732422E-3
2.958333333E-1,-4.577636719E-3
2.958541667E-1,-4.211425781E-3
2.958750000E-1,-3.845214844E-3
2.958958333E-1,-3.295898438E-3
2.959166667E-1,-2.227783203E-3
2.959375000E-1,8.544921875E-4
2.959583333E-1,1.007080078E-3
2.959791667E-1,1.434326172E-3
2.960000000E-1,2.136230469E-4
2.960208333E-1,1.220703125E-4
2.960416667E-1,-3.051757812E-5
2.960625000E-1,-1.525878906E-3
2.960833333E-1,-5.187988281E-4
2.961041667E-1,-2.838134766E-3
2.961250000E-1,-1.983642578E-3
2.961458333E-1,-2.502441406E-3
2.961666667E-1,-1.678466797E-3
2.961875000E-1,-6.713867188E-4
2.962083333E-1,-1.403808594E-3
2.962291667E-1,1.617431641E-3
2.962500000E-1,2.105712891E-3
2.962708333E-1,4.638671875E-3
2.962916667E-1,6.744384766E-3
2.963125000E-1,7.843017578E-3
2.963333333E-1,9.033203125E-3
2.963541667E-1,6.317138672E-3
2.963750000E-1,4.852294922E-3
2.963958333E-1,5.187988281E-4
2.964166667E-1,-3.051757812E-3
2.964375000E-1,-5.584716797E-3
2.964583333E-1,-6.652832031E-3
2.964791667E-1,-5.493164062E-3
2.965000000E-1,-4.852294922E-3
2.965208333E-1,-3.540039062E-3
2.965416667E-1,-2.746582031E-3
2.965625000E-1,-2.105712891E-3
2.965833333E-1,-1.922607422E-3
2.966041667E-1,-1.800537109E-3
2.966250000E-1,-1.892089844E-3
2.966458333E-1,-2.014160156E-3
2.966666667E-1,-2.227783203E-3
2.966875000E-1,-1.953125000E-3
2.967083333E-1,-1.525878906E-3
2.967291667E-1,-2.990722656E-3
2.967500000E-1,-4.394531250E-3
2.967708333E-1,-5.493164062E-3
2.967916667E-1,-6.286621094E-3
2.968125000E-1,-5.310058594E-3
2.968333333E-1,-3.540039062E-3
2.968541667E-1,-2.746582031E-4
2.968750000E-1,2.288818359E-3
2.968958333E-1,4.516601562E-3
2.969166667E-1,4.394531250E-3
2.969375000E-1,1.708984375E-3
2.969583333E-1,7.019042969E-4
2.969791667E-1,6.103515625E-5
2.970000000E-1,5.187988281E-4
2.970208333E-1,1.129150391E-3
2.970416667E-1,2.349853516E-3
2.970625000E-1,4.028320312E-3
2.970833333E-1,4.089355469E-3
2.971041667E-1,3.479003906E-3
2.971250000E-1,2.624511719E-3
2.971458333E-1,2.258300781E-3
2.971666667E-1,1.281738281E-3
2.971875000E-1,9.765625000E-4
2.972083333E-1,-6.103515625E-5
2.972291667E-1,-5.493164062E-4
2.972500000E-1,-1.129150391E-3
2.972708333E-1,-1.770019531E-3
2.972916667E-1,-1.708984375E-3
2.973125000E-1,-2.532958984E-3
2.973333333E-1,-2.197265625E-3
2.973541667E-1,-2.624511719E-3
2.973750000E-1,-3.051757812E-3
2.973958333E-1,-3.387451172E-3
2.974166667E-1,-2.960205078E-3
2.974375000E-1,-2.899169922E-3
2.974583333E-1,-3.112792969E-3
2.974791667E-1,-3.417968750E-3
2.975000000E-1,-4.638671875E-3
2.975208333E-1,-6.439208984E-3
2.975416667E-1,-6.103515625E-3
2.975625000E-1,-5.615234375E-3
2.975833333E-1,-4.730224609E-3
2.976041667E-1,-2.075195312E-3
2.976250000E-1,-1.190185547E-3
2.976458333E-1,1.831054688E-3
2.976666667E-1,1.800537109E-3
2.976875000E-1,1.190185547E-3
2.977083333E-1,1.525878906E-3
2.977291667E-1,1.159667969E-3
2.977500000E-1,1.312255859E-3
2.977708333E-1,-5.798339844E-4
2.977916667E-1,-1.007080078E-3
2.978125000E-1,1.220703125E-4
2.978333333E-1,1.037597656E-3
2.978541667E-1,1.983642578E-3
2.978750000E-1,2.807617188E-3
2.978958333E-1,4.669189453E-3
2.979166667E-1,5.035400391E-3
2.979375000E-1,3.814697266E-3
2.979583333E-1,3.540039062E-3
2.979791667E-1,2.777099609E-3
2.980000000E-1,2.288818359E-3
2.980208333E-1,2.105712891E-3
2.980416667E-1,7.934570312E-4
2.980625000E-1,1.098632812E-3
2.980833333E-1,0.000000000E0
2.981041667E-1,-3.356933594E-4
2.981250000E-1,-5.187988281E-4
2.981458333E-1,-1.556396484E-3
2.981666667E-1,-1.647949219E-3
2.981875000E-1,-4.516601562E-3
2.982083333E-1,-5.310058594E-3
2.982291667E-1,-5.706787109E-3
2.982500000E-1,-5.065917969E-3
2.982708333E-1,-2.838134766E-3
2.982916667E-1,-2.197265625E-3
2.983125000E-1,4.272460938E-4
2.983333333E-1,-3.356933594E-4
2.983541667E-1,1.159667969E-3
2.983750000E-1,1.495361328E-3
2.983958333E-1,1.068115234E-3
2.984166667E-1,9.765625000E-4
2.984375000E-1,-1.220703125E-4
2.984583333E-1,-3.051757812E-5
2.984791667E-1,1.281738281E-3
2.985000000E-1,2.502441406E-3
2.985208333E-1,3.875732422E-3
2.985416667E-1,4.028320312E-3
2.985625000E-1,3.784179688E-3
2.985833333E-1,3.601074219E-3
2.986041667E-1,6.103515625E-5
2.986250000E-1,2.441406250E-4
2.986458333E-1,-3.967285156E-4
2.986666667E-1,6.103515625E-5
2.986875000E-1,1.007080078E-3
2.987083333E-1,4.272460938E-4
2.987291667E-1,1.525878906E-3
2.987500000E-1,5.798339844E-4
2.987708333E-1,3.356933594E-4
2.987916667E-1,7.629394531E-4
2.988125000E-1,6.103515625E-5
2.988333333E-1,6.103515625E-5
2.988541667E-1,-1.831054688E-4
2.988750000E-1,-1.647949219E-3
2.988958333E-1,-1.892089844E-3
2.989166667E-1,-3.356933594E-3
2.989375000E-1,-2.105712891E-3
2.989583333E-1,-1.129150391E-3
2.989791667E-1,-3.967285156E-4
2.990000000E-1,2.502441406E-3
2.990208333E-1,3.234863281E-3
2.990416667E-1,5.310058594E-3
2.990625000E-1,7.385253906E-3
2.990833333E-1,8.544921875E-3
2.991041667E-1,1.116943359E-2
2.991250000E-1,1.040649414E-2
2.991458333E-1,8.605957031E-3
2.991666667E-1,7.781982422E-3
2.991875000E-1,4.760742188E-3
2.992083333E-1,4.730224609E-3
2.992291667E-1,2.838134766E-3
2.992500000E-1,1.708984375E-3
2.992708333E-1,1.556396484E-3
2.992916667E-1,-8.544921875E-4
2.993125000E-1,-1.861572266E-3
2.993333333E-1,-3.173828125E-3
2.993541667E-1,-3.509521484E-3
2.993750000E-1,-2.502441406E-3
2.993958333E-1,-3.967285156E-4
2.994166667E-1,1.159667969E-3
2.994375000E-1,1.861572266E-3
2.994583333E-1,9.155273438E-4
2.994791667E-1,-7.934570312E-4
2.995000000E-1,-2.441406250E-3
2.995208333E-1,-4.089355469E-3
2.995416667E-1,-3.845214844E-3
2.995625000E-1,-3.997802734E-3
2.995833333E-1,-3.570556641E-3
2.996041667E-1,-4.516601562E-3
2.996250000E-1,-4.028320312E-3
2.996458333E-1,-3.967285156E-3
2.996666667E-1,-3.753662109E-3
2.996875000E-1,-2.593994141E-3
2.997083333E-1,-2.746582031E-3
2.997291667E-1,-1.922607422E-3
2.997500000E-1,-4.272460938E-4
2.997708333E-1,9.765625000E-4
2.997916667E-1,3.723144531E-3
2.998125000E-1,4.760742188E-3
2.998333333E-1,4.486083984E-3
2.998541667E-1,4.302978516E-3
2.998750000E-1,2.014160156E-3
2.998958333E-1,-6.103515625E-5
2.999166667E-1,-9.765625000E-4
2.999375000E-1,-6.408691406E-4
2.999583333E-1,1.068115234E-3
2.999791667E-1,2.563476562E-3
3.000000000E-1,2.471923828E-3
3.000208333E-1,2.258300781E-3
3.000416667E-1,1.586914062E-3
3.000625000E-1,2.441406250E-4
3.000833333E-1,3.356933594E-4
3.001041667E-1,-1.037597656E-3
3.001250000E-1,-1.129150391E-3
3.001458333E-1,1.220703125E-4
3.001666667E-1,-1.647949219E-3
3.001875000E-1,-1.953125000E-3
3.002083333E-1,-3.997802734E-3
3.002291667E-1,-4.364013672E-3
3.002500000E-1,-3.814697266E-3
3.002708333E-1,-3.051757812E-3
3.002916667E-1,-1.892089844E-3
3.003125000E-1,-1.220703125E-3
3.003333333E-1,4.577636719E-4
3.003541667E-1,-6.103515625E-5
3.003750000E-1,3.967285156E-4
3.003958333E-1,9.765625000E-4
3.004166667E-1,1.190185547E-3
3.004375000E-1,1.129150391E-3
3.004583333E-1,-4.272460938E-4
3.004791667E-1,-5.798339844E-4
3.005000000E-1,-2.075195312E-3
3.005208333E-1,-1.983642578E-3
3.005416667E-1,-1.464843750E-3
3.005625000E-1,-8.239746094E-4
3.005833333E-1,4.882812500E-4
3.006041667E-1,5.798339844E-4
3.006250000E-1,1.403808594E-3
3.006458333E-1,8.239746094E-4
3.006666667E-1,1.403808594E-3
3.006875000E-1,9.155273438E-4
3.007083333E-1,2.441406250E-4
3.007291667E-1,1.525878906E-3
3.007500000E-1,1.037597656E-3
3.007708333E-1,1.098632812E-3
3.007916667E-1,-9.155273438E-5
3.008125000E-1,-2.319335938E-3
3.008333333E-1,-3.173828125E-3
3.008541667E-1,-3.967285156E-3
3.008750000E-1,-3.356933594E-3
3.008958333E-1,-1.464843750E-3
3.009166667E-1,-1.129150391E-3
3.009375000E-1,1.220703125E-4
3.009583333E-1,1.342773438E-3
3.009791667E-1,1.342773438E-3
3.010000000E-1,1.708984375E-3
3.010208333E-1,1.953125000E-3
3.010416667E-1,1.922607422E-3
3.010625000E-1,1.251220703E-3
3.010833333E-1,3.051757812E-4
3.011041667E-1,3.051757812E-4
3.011250000E-1,1.220703125E-4
3.011458333E-1,-1.190185547E-3
3.011666667E-1,-6.713867188E-4
3.011875000E-1,-5.798339844E-4
3.012083333E-1,3.356933594E-4
3.012291667E-1,1.434326172E-3
3.012500000E-1,2.014160156E-3
3.012708333E-1,2.471923828E-3
3.012916667E-1,1.831054688E-4
3.013125000E-1,1.220703125E-4
3.013333333E-1,-5.493164062E-4
3.013541667E-1,-1.312255859E-3
3.013750000E-1,-2.380371094E-3
3.013958333E-1,-2.929687500E-3
3.014166667E-1,-2.075195312E-3
3.014375000E-1,-2.136230469E-3
3.014583333E-1,-6.103515625E-4
3.014791667E-1,3.051757812E-4
3.015000000E-1,1.251220703E-3
3.015208333E-1,2.288818359E-3
3.015416667E-1,1.281738281E-3
3.015625000E-1,1.312255859E-3
3.015833333E-1,1.037597656E-3
3.016041667E-1,1.861572266E-3
3.016250000E-1,2.075195312E-3
3.016458333E-1,2.563476562E-3
3.016666667E-1,2.288818359E-3
3.016875000E-1,1.251220703E-3
3.017083333E-1,2.136230469E-4
3.017291667E-1,-1.922607422E-3
3.017500000E-1,-1.739501953E-3
3.017708333E-1,-3.021240234E-3
3.017916667E-1,-2.319335938E-3
3.018125000E-1,-1.556396484E-3
3.018333333E-1,-1.373291016E-3
3.018541667E-1,-3.967285156E-4
3.018750000E-1,-1.403808594E-3
3.018958333E-1,-4.272460938E-4
3.019166667E-1,7.019042969E-4
3.019375000E-1,3.662109375E-4
3.019583333E-1,1.831054688E-3
3.019791667E-1,4.882812500E-4
3.020000000E-1,-1.220703125E-4
3.020208333E-1,-9.155273438E-4
3.020416667E-1,-2.868652344E-3
3.020625000E-1,-2.777099609E-3
3.020833333E-1,-3.082275391E-3
3.021041667E-1,-3.387451172E-3
3.021250000E-1,-3.631591797E-3
3.021458333E-1,-3.051757812E-3
3.021666667E-1,-2.105712891E-3
3.021875000E-1,-1.464843750E-3
3.022083333E-1,-3.967285156E-4
3.022291667E-1,3.662109375E-4
3.022500000E-1,2.136230469E-4
3.022708333E-1,1.068115234E-3
3.022916667E-1,1.922607422E-3
3.023125000E-1,1.251220703E-3
3.023333333E-1,1.525878906E-3
3.023541667E-1,1.861572266E-3
3.023750000E-1,1.800537109E-3
3.023958333E-1,2.441406250E-4
3.024166667E-1,0.000000000E0
3.024375000E-1,6.713867188E-4
3.024583333E-1,1.678466797E-3
3.024791667E-1,3.295898438E-3
3.025000000E-1,4.180908203E-3
3.025208333E-1,4.516601562E-3
3.025416667E-1,4.516601562E-3
3.025625000E-1,4.486083984E-3
3.025833333E-1,4.333496094E-3
3.026041667E-1,2.532958984E-3
3.026250000E-1,2.288818359E-3
3.026458333E-1,2.410888672E-3
3.026666667E-1,2.166748047E-3
3.026875000E-1,2.929687500E-3
3.027083333E-1,1.251220703E-3
3.027291667E-1,1.037597656E-3
3.027500000E-1,-6.103515625E-5
3.027708333E-1,-1.007080078E-3
3.027916667E-1,-1.617431641E-3
3.028125000E-1,-2.258300781E-3
3.028333333E-1,-2.868652344E-3
3.028541667E-1,-3.906250000E-3
3.028750000E-1,-4.394531250E-3
3.028958333E-1,-4.486083984E-3
3.029166667E-1,-5.889892578E-3
3.029375000E-1,-5.462646484E-3
3.029583333E-1,-4.882812500E-3
3.029791667E-1,-6.713867188E-3
3.030000000E-1,-5.523681641E-3
3.030208333E-1,-5.676269531E-3
3.030416667E-1,-5.126953125E-3
3.030625000E-1,-2.563476562E-3
3.030833333E-1,-2.410888672E-3
3.031041667E-1,-1.434326172E-3
3.031250000E-1,-1.190185547E-3
3.031458333E-1,-5.187988281E-4
3.031666667E-1,8.850097656E-4
3.031875000E-1,1.739501953E-3
3.032083333E-1,3.631591797E-3
3.032291667E-1,4.516601562E-3
3.032500000E-1,4.943847656E-3
3.032708333E-1,4.730224609E-3
3.032916667E-1,2.655029297E-3
3.033125000E-1,6.408691406E-4
3.033333333E-1,-1.098632812E-3
3.033541667E-1,-2.136230469E-3
3.033750000E-1,-1.434326172E-3
3.033958333E-1,-5.493164062E-4
3.034166667E-1,7.934570312E-4
3.034375000E-1,8.239746094E-4
3.034583333E-1,2.380371094E-3
3.034791667E-1,1.983642578E-3
3.035000000E-1,1.251220703E-3
3.035208333E-1,9.155273438E-4
3.035416667E-1,-1.556396484E-3
3.035625000E-1,-1.556396484E-3
3.035833333E-1,-3.295898438E-3
3.036041667E-1,-3.021240234E-3
3.036250000E-1,-1.953125000E-3
3.036458333E-1,-9.155273438E-4
3.036666667E-1,2.136230469E-3
3.036875000E-1,2.624511719E-3
3.037083333E-1,2.349853516E-3
3.037291667E-1,8.239746094E-4
3.037500000E-1,-1.525878906E-3
3.037708333E-1,-4.394531250E-3
3.037916667E-1,-6.774902344E-3
3.038125000E-1,-6.378173828E-3
3.038333333E-1,-5.096435547E-3
3.038541667E-1,-3.845214844E-3
3.038750000E-1,-3.082275391E-3
3.038958333E-1,-1.739501953E-3
3.039166667E-1,-1.220703125E-3
3.039375000E-1,-9.155273438E-5
3.039583333E-1,1.037597656E-3
3.039791667E-1,1.159667969E-3
3.040000000E-1,1.861572266E-3
3.040208333E-1,5.798339844E-4
3.040416667E-1,2.746582031E-4
3.040625000E-1,3.051757812E-5
3.040833333E-1,2.441406250E-4
3.041041667E-1,3.051757812E-5
3.041250000E-1,-1.190185547E-3
3.041458333E-1,-1.861572266E-3
3.041666667E-1,-2.044677734E-3
3.041875000E-1,-1.953125000E-3
3.042083333E-1,-5.493164062E-4
3.042291667E-1,3.356933594E-4
3.042500000E-1,1.464843750E-3
3.042708333E-1,1.068115234E-3
3.042916667E-1,7.324218750E-4
3.043125000E-1,6.103515625E-5
3.043333333E-1,-8.544921875E-4
3.043541667E-1,-2.136230469E-3
3.043750000E-1,-3.875732422E-3
3.043958333E-1,-5.310058594E-3
3.044166667E-1,-5.371093750E-3
3.044375000E-1,-4.760742188E-3
3.044583333E-1,-3.417968750E-3
3.044791667E-1,-1.647949219E-3
3.045000000E-1,-1.037597656E-3
3.045208333E-1,5.493164062E-4
3.045416667E-1,1.190185547E-3
3.045625000E-1,1.190185547E-3
3.045833333E-1,-2.441406250E-4
3.046041667E-1,-3.051757812E-5
3.046250000E-1,-1.617431641E-3
3.046458333E-1,-2.166748047E-3
3.046666667E-1,-2.380371094E-3
3.046875000E-1,-1.251220703E-3
3.047083333E-1,3.967285156E-4
3.047291667E-1,2.288818359E-3
3.047500000E-1,4.608154297E-3
3.047708333E-1,4.211425781E-3
3.047916667E-1,4.608154297E-3
3.048125000E-1,3.845214844E-3
3.048333333E-1,2.838134766E-3
3.048541667E-1,2.502441406E-3
3.048750000E-1,3.479003906E-3
3.048958333E-1,3.143310547E-3
3.049166667E-1,3.387451172E-3
3.049375000E-1,2.197265625E-3
3.049583333E-1,1.586914062E-3
3.049791667E-1,-6.103515625E-5
3.050000000E-1,-9.765625000E-4
3.050208333E-1,-7.629394531E-4
3.050416667E-1,-2.166748047E-3
3.050625000E-1,-1.068115234E-3
3.050833333E-1,-1.190185547E-3
3.051041667E-1,-7.324218750E-4
3.051250000E-1,-4.882812500E-4
3.051458333E-1,-1.953125000E-3
3.051666667E-1,-1.831054688E-3
3.051875000E-1,-1.892089844E-3
3.052083333E-1,-2.441406250E-4
3.052291667E-1,1.617431641E-3
3.052500000E-1,3.173828125E-3
3.052708333E-1,4.974365234E-3
3.052916667E-1,4.669189453E-3
3.053125000E-1,4.486083984E-3
3.053333333E-1,2.471923828E-3
3.053541667E-1,-5.493164062E-4
3.053750000E-1,-1.678466797E-3
3.053958333E-1,-2.227783203E-3
3.054166667E-1,-1.586914062E-3
3.054375000E-1,-1.525878906E-4
3.054583333E-1,7.934570312E-4
3.054791667E-1,2.685546875E-3
3.055000000E-1,2.075195312E-3
3.055208333E-1,1.495361328E-3
3.055416667E-1,1.495361328E-3
3.055625000E-1,6.713867188E-4
3.055833333E-1,7.019042969E-4
3.056041667E-1,1.495361328E-3
3.056250000E-1,2.441406250E-3
3.056458333E-1,2.716064453E-3
3.056666667E-1,2.685546875E-3
3.056875000E-1,6.408691406E-4
3.057083333E-1,-8.850097656E-4
3.057291667E-1,-2.227783203E-3
3.057500000E-1,-2.716064453E-3
3.057708333E-1,-3.417968750E-3
3.057916667E-1,-3.814697266E-3
3.058125000E-1,-4.028320312E-3
3.058333333E-1,-4.669189453E-3
3.058541667E-1,-3.570556641E-3
3.058750000E-1,-1.953125000E-3
3.058958333E-1,4.882812500E-4
3.059166667E-1,2.349853516E-3
3.059375000E-1,3.021240234E-3
3.059583333E-1,1.861572266E-3
3.059791667E-1,1.892089844E-3
3.060000000E-1,1.556396484E-3
3.060208333E-1,1.403808594E-3
3.060416667E-1,1.037597656E-3
3.060625000E-1,1.342773438E-3
3.060833333E-1,1.678466797E-3
3.061041667E-1,9.765625000E-4
3.061250000E-1,1.037597656E-3
3.061458333E-1,-4.577636719E-4
3.061666667E-1,-2.746582031E-4
3.061875000E-1,4.577636719E-4
3.062083333E-1,7.324218750E-4
3.062291667E-1,-2.441406250E-4
3.062500000E-1,-9.765625000E-4
3.062708333E-1,-2.075195312E-3
3.062916667E-1,-3.814697266E-3
3.063125000E-1,-4.119873047E-3
3.063333333E-1,-2.655029297E-3
3.063541667E-1,-1.037597656E-3
3.063750000E-1,4.882812500E-4
3.063958333E-1,1.342773438E-3
3.064166667E-1,9.460449219E-4
3.064375000E-1,3.967285156E-4
3.064583333E-1,-1.220703125E-3
3.064791667E-1,-1.098632812E-3
3.065000000E-1,-1.861572266E-3
3.065208333E-1,-2.777099609E-3
3.065416667E-1,-3.540039062E-3
3.065625000E-1,-5.279541016E-3
3.065833333E-1,-5.554199219E-3
3.066041667E-1,-5.981445312E-3
3.066250000E-1,-4.730224609E-3
3.066458333E-1,-3.570556641E-3
3.066666667E-1,-3.143310547E-3
3.066875000E-1,-2.258300781E-3
3.067083333E-1,-2.319335938E-3
3.067291667E-1,-1.556396484E-3
3.067500000E-1,-1.525878906E-3
3.067708333E-1,-1.556396484E-3
3.067916667E-1,-1.159667969E-3
3.068125000E-1,-7.934570312E-4
3.068333333E-1,7.934570312E-4
3.068541667E-1,1.556396484E-3
3.068750000E-1,2.471923828E-3
3.068958333E-1,4.302978516E-3
3.069166667E-1,4.730224609E-3
3.069375000E-1,4.180908203E-3
3.069583333E-1,4.730224609E-3
3.069791667E-1,4.272460938E-3
3.070000000E-1,5.432128906E-3
3.070208333E-1,5.310058594E-3
3.070416667E-1,5.676269531E-3
3.070625000E-1,5.462646484E-3
3.070833333E-1,2.868652344E-3
3.071041667E-1,2.685546875E-3
3.071250000E-1,1.312255859E-3
3.071458333E-1,2.716064453E-3
3.071666667E-1,1.983642578E-3
3.071875000E-1,1.922607422E-3
3.072083333E-1,1.678466797E-3
3.072291667E-1,3.356933594E-4
3.072500000E-1,6.103515625E-4
3.072708333E-1,2.441406250E-4
3.072916667E-1,1.556396484E-3
3.073125000E-1,2.014160156E-3
3.073333333E-1,1.708984375E-3
3.073541667E-1,3.356933594E-4
3.073750000E-1,-6.103515625E-4
3.073958333E-1,-2.014160156E-3
3.074166667E-1,-1.983642578E-3
3.074375000E-1,-1.159667969E-3
3.074583333E-1,-9.155273438E-5
3.074791667E-1,1.831054688E-4
3.075000000E-1,-3.662109375E-4
3.075208333E-1,1.525878906E-4
3.075416667E-1,-2.441406250E-4
3.075625000E-1,-7.019042969E-4
3.075833333E-1,-2.258300781E-3
3.076041667E-1,-2.624511719E-3
3.076250000E-1,-2.868652344E-3
3.076458333E-1,-2.532958984E-3
3.076666667E-1,-7.019042969E-4
3.076875000E-1,-7.324218750E-4
3.077083333E-1,3.356933594E-4
3.077291667E-1,1.831054688E-3
3.077500000E-1,2.166748047E-3
3.077708333E-1,3.631591797E-3
3.077916667E-1,4.211425781E-3
3.078125000E-1,4.394531250E-3
3.078333333E-1,3.967285156E-3
3.078541667E-1,3.875732422E-3
3.078750000E-1,3.692626953E-3
3.078958333E-1,2.807617188E-3
3.079166667E-1,2.716064453E-3
3.079375000E-1,6.713867188E-4
3.079583333E-1,0.000000000E0
3.079791667E-1,-9.155273438E-4
3.080000000E-1,-5.493164062E-4
3.080208333E-1,3.662109375E-4
3.080416667E-1,1.647949219E-3
3.080625000E-1,2.166748047E-3
3.080833333E-1,1.129150391E-3
3.081041667E-1,2.105712891E-3
3.081250000E-1,1.525878906E-4
3.081458333E-1,-3.051757812E-4
3.081666667E-1,-9.155273438E-5
3.081875000E-1,-1.037597656E-3
3.082083333E-1,7.019042969E-4
3.082291667E-1,7.324218750E-4
3.082500000E-1,1.922607422E-3
3.082708333E-1,2.960205078E-3
3.082916667E-1,2.166748047E-3
3.083125000E-1,2.258300781E-3
3.083333333E-1,9.155273438E-5
3.083541667E-1,3.356933594E-4
3.083750000E-1,-3.356933594E-4
3.083958333E-1,-1.586914062E-3
3.084166667E-1,-1.617431641E-3
3.084375000E-1,-2.349853516E-3
3.084583333E-1,-1.007080078E-3
3.084791667E-1,-2.441406250E-4
3.085000000E-1,1.983642578E-3
3.085208333E-1,3.021240234E-3
3.085416667E-1,2.593994141E-3
3.085625000E-1,2.563476562E-3
3.085833333E-1,2.288818359E-3
3.086041667E-1,1.312255859E-3
3.086250000E-1,1.770019531E-3
3.086458333E-1,3.906250000E-3
3.086666667E-1,2.990722656E-3
3.086875000E-1,2.746582031E-3
3.087083333E-1,1.617431641E-3
3.087291667E-1,-6.408691406E-4
3.087500000E-1,-2.075195312E-3
3.087708333E-1,-4.486083984E-3
3.087916667E-1,-5.065917969E-3
3.088125000E-1,-4.394531250E-3
3.088333333E-1,-3.875732422E-3
3.088541667E-1,-7.934570312E-4
3.088750000E-1,0.000000000E0
3.088958333E-1,1.678466797E-3
3.089166667E-1,5.493164062E-4
3.089375000E-1,-1.647949219E-3
3.089583333E-1,-1.281738281E-3
3.089791667E-1,-1.922607422E-3
3.090000000E-1,-1.220703125E-3
3.090208333E-1,6.103515625E-5
3.090416667E-1,-1.464843750E-3
3.090625000E-1,-9.460449219E-4
3.090833333E-1,-9.765625000E-4
3.091041667E-1,-2.105712891E-3
3.091250000E-1,-1.007080078E-3
3.091458333E-1,-2.166748047E-3
3.091666667E-1,-1.861572266E-3
3.091875000E-1,-1.312255859E-3
3.092083333E-1,-8.544921875E-4
3.092291667E-1,7.019042969E-4
3.092500000E-1,1.525878906E-3
3.092708333E-1,2.716064453E-3
3.092916667E-1,2.349853516E-3
3.093125000E-1,1.098632812E-3
3.093333333E-1,1.495361328E-3
3.093541667E-1,6.408691406E-4
3.093750000E-1,3.356933594E-4
3.093958333E-1,3.356933594E-4
3.094166667E-1,6.408691406E-4
3.094375000E-1,8.239746094E-4
3.094583333E-1,8.239746094E-4
3.094791667E-1,1.068115234E-3
3.095000000E-1,5.798339844E-4
3.095208333E-1,5.798339844E-4
3.095416667E-1,1.098632812E-3
3.095625000E-1,2.014160156E-3
3.095833333E-1,2.014160156E-3
3.096041667E-1,2.685546875E-3
3.096250000E-1,8.239746094E-4
3.096458333E-1,-1.464843750E-3
3.096666667E-1,-3.601074219E-3
3.096875000E-1,-5.584716797E-3
3.097083333E-1,-6.622314453E-3
3.097291667E-1,-6.225585938E-3
3.097500000E-1,-5.310058594E-3
3.097708333E-1,-4.302978516E-3
3.097916667E-1,-2.624511719E-3
3.098125000E-1,-1.953125000E-3
3.098333333E-1,-5.187988281E-4
3.098541667E-1,-1.007080078E-3
3.098750000E-1,-8.850097656E-4
3.098958333E-1,3.051757812E-5
3.099166667E-1,9.155273438E-4
3.099375000E-1,1.770019531E-3
3.099583333E-1,2.410888672E-3
3.099791667E-1,2.960205078E-3
3.100000000E-1,3.173828125E-3
3.100208333E-1,3.692626953E-3
3.100416667E-1,2.593994141E-3
3.100625000E-1,3.265380859E-3
3.100833333E-1,3.143310547E-3
3.101041667E-1,2.655029297E-3
3.101250000E-1,2.929687500E-3
3.101458333E-1,2.380371094E-3
3.101666667E-1,3.234863281E-3
3.101875000E-1,2.014160156E-3
3.102083333E-1,1.251220703E-3
3.102291667E-1,3.662109375E-4
3.102500000E-1,3.051757812E-4
3.102708333E-1,6.103515625E-5
3.102916667E-1,-7.324218750E-4
3.103125000E-1,-2.441406250E-4
3.103333333E-1,-7.934570312E-4
3.103541667E-1,-2.532958984E-3
3.103750000E-1,-3.540039062E-3
3.103958333E-1,-3.448486328E-3
3.104166667E-1,-3.875732422E-3
3.104375000E-1,-3.082275391E-3
3.104583333E-1,-1.861572266E-3
3.104791667E-1,-1.037597656E-3
3.105000000E-1,-1.068115234E-3
3.105208333E-1,-1.464843750E-3
3.105416667E-1,-1.373291016E-3
3.105625000E-1,-3.051757812E-5
3.105833333E-1,-5.187988281E-4
3.106041667E-1,1.831054688E-4
3.106250000E-1,-5.187988281E-4
3.106458333E-1,-8.850097656E-4
3.106666667E-1,-6.103515625E-4
3.106875000E-1,-1.037597656E-3
3.107083333E-1,-4.577636719E-4
3.107291667E-1,-8.850097656E-4
3.107500000E-1,-5.187988281E-4
3.107708333E-1,-9.460449219E-4
3.107916667E-1,-8.544921875E-4
3.108125000E-1,-1.831054688E-4
3.108333333E-1,9.155273438E-5
3.108541667E-1,8.544921875E-4
3.108750000E-1,5.798339844E-4
3.108958333E-1,1.495361328E-3
3.109166667E-1,2.197265625E-3
3.109375000E-1,-3.662109375E-4
3.109583333E-1,-1.495361328E-3
3.109791667E-1,-2.380371094E-3
3.110000000E-1,-4.089355469E-3
3.110208333E-1,-3.814697266E-3
3.110416667E-1,-3.479003906E-3
3.110625000E-1,-7.934570312E-4
3.110833333E-1,6.103515625E-4
3.111041667E-1,9.155273438E-5
3.111250000E-1,-5.493164062E-4
3.111458333E-1,-2.044677734E-3
3.111666667E-1,-3.875732422E-3
3.111875000E-1,-4.669189453E-3
3.112083333E-1,-4.119873047E-3
3.112291667E-1,-3.295898438E-3
3.112500000E-1,-2.136230469E-3
3.112708333E-1,-2.716064453E-3
3.112916667E-1,-2.838134766E-3
3.113125000E-1,-3.356933594E-3
3.113333333E-1,-1.464843750E-3
3.113541667E-1,1.312255859E-3
3.113750000E-1,2.685546875E-3
3.113958333E-1,3.540039062E-3
3.114166667E-1,3.631591797E-3
3.114375000E-1,1.892089844E-3
3.114583333E-1,1.312255859E-3
3.114791667E-1,2.136230469E-3
3.115000000E-1,-3.051757812E-5
3.115208333E-1,-1.037597656E-3
3.115416667E-1,-3.295898438E-3
3.115625000E-1,-3.875732422E-3
3.115833333E-1,-5.615234375E-3
3.116041667E-1,-5.523681641E-3
3.116250000E-1,-3.234863281E-3
3.116458333E-1,-2.685546875E-3
3.116666667E-1,1.831054688E-4
3.116875000E-1,3.662109375E-4
3.117083333E-1,9.155273438E-4
3.117291667E-1,8.544921875E-4
3.117500000E-1,4.882812500E-4
3.117708333E-1,1.770019531E-3
3.117916667E-1,2.197265625E-3
3.118125000E-1,3.021240234E-3
3.118333333E-1,1.190185547E-3
3.118541667E-1,6.408691406E-4
3.118750000E-1,-1.342773438E-3
3.118958333E-1,-3.479003906E-3
3.119166667E-1,-3.601074219E-3
3.119375000E-1,-3.021240234E-3
3.119583333E-1,-9.155273438E-4
3.119791667E-1,2.288818359E-3
3.120000000E-1,4.486083984E-3
3.120208333E-1,4.608154297E-3
3.120416667E-1,3.997802734E-3
3.120625000E-1,2.227783203E-3
3.120833333E-1,1.098632812E-3
3.121041667E-1,9.155273438E-5
3.121250000E-1,2.136230469E-4
3.121458333E-1,1.586914062E-3
3.121666667E-1,2.563476562E-3
3.121875000E-1,3.295898438E-3
3.122083333E-1,2.838134766E-3
3.122291667E-1,2.136230469E-3
3.122500000E-1,1.190185547E-3
3.122708333E-1,-1.525878906E-4
3.122916667E-1,6.713867188E-4
3.123125000E-1,2.014160156E-3
3.123333333E-1,2.929687500E-3
3.123541667E-1,3.753662109E-3
3.123750000E-1,2.319335938E-3
3.123958333E-1,2.105712891E-3
3.124166667E-1,1.068115234E-3
3.124375000E-1,7.324218750E-4
3.124583333E-1,9.460449219E-4
3.124791667E-1,1.098632812E-3
3.125000000E-1,3.021240234E-3
3.125208333E-1,2.868652344E-3
3.125416667E-1,3.906250000E-3
3.125625000E-1,3.295898438E-3
3.125833333E-1,2.807617188E-3
3.126041667E-1,2.899169922E-3
3.126250000E-1,1.617431641E-3
3.126458333E-1,1.068115234E-3
3.126666667E-1,-6.103515625E-5
3.126875000E-1,6.103515625E-5
3.127083333E-1,-2.136230469E-4
3.127291667E-1,3.662109375E-4
3.127500000E-1,5.798339844E-4
3.127708333E-1,1.556396484E-3
3.127916667E-1,1.129150391E-3
3.128125000E-1,9.460449219E-4
3.128333333E-1,3.356933594E-4
3.128541667E-1,-3.662109375E-4
3.128750000E-1,-6.103515625E-5
3.128958333E-1,-1.007080078E-3
3.129166667E-1,7.019042969E-4
3.129375000E-1,2.441406250E-4
3.129583333E-1,-1.220703125E-4
3.129791667E-1,-7.019042969E-4
3.130000000E-1,-8.239746094E-4
3.130208333E-1,7.324218750E-4
3.130416667E-1,8.239746094E-4
3.130625000E-1,2.502441406E-3
3.130833333E-1,3.479003906E-3
3.131041667E-1,3.387451172E-3
3.131250000E-1,2.166748047E-3
3.131458333E-1,1.953125000E-3
3.131666667E-1,1.892089844E-3
3.131875000E-1,9.460449219E-4
3.132083333E-1,3.051757812E-4
3.132291667E-1,-7.019042969E-4
3.132500000E-1,3.051757812E-5
3.132708333E-1,-3.051757812E-5
3.132916667E-1,9.460449219E-4
3.133125000E-1,1.464843750E-3
3.133333333E-1,1.739501953E-3
3.133541667E-1,1.922607422E-3
3.133750000E-1,1.342773438E-3
3.133958333E-1,9.155273438E-4
3.134166667E-1,2.746582031E-4
3.134375000E-1,-2.441406250E-4
3.134583333E-1,-9.460449219E-4
3.134791667E-1,-1.342773438E-3
3.135000000E-1,-1.190185547E-3
3.135208333E-1,-4.577636719E-4
3.135416667E-1,-7.324218750E-4
3.135625000E-1,9.155273438E-5
3.135833333E-1,6.103515625E-4
3.136041667E-1,9.460449219E-4
3.136250000E-1,8.544921875E-4
3.136458333E-1,-2.746582031E-4
3.136666667E-1,-5.493164062E-4
3.136875000E-1,-2.319335938E-3
3.137083333E-1,-2.838134766E-3
3.137291667E-1,-3.997802734E-3
3.137500000E-1,-4.364013672E-3
3.137708333E-1,-5.310058594E-3
3.137916667E-1,-5.493164062E-3
3.138125000E-1,-4.089355469E-3
3.138333333E-1,-2.868652344E-3
3.138541667E-1,-1.373291016E-3
3.138750000E-1,-6.103515625E-5
3.138958333E-1,1.342773438E-3
3.139166667E-1,2.258300781E-3
3.139375000E-1,3.387451172E-3
3.139583333E-1,2.441406250E-3
3.139791667E-1,1.312255859E-3
3.140000000E-1,-6.408691406E-4
3.140208333E-1,-1.708984375E-3
3.140416667E-1,-2.319335938E-3
3.140625000E-1,-2.746582031E-3
3.140833333E-1,-1.708984375E-3
3.141041667E-1,-1.159667969E-3
3.141250000E-1,-2.136230469E-4
3.141458333E-1,-7.019042969E-4
3.141666667E-1,-8.544921875E-4
3.141875000E-1,-6.103515625E-5
3.142083333E-1,-7.934570312E-4
3.142291667E-1,-1.098632812E-3
3.142500000E-1,-4.272460938E-4
3.142708333E-1,-1.831054688E-4
3.142916667E-1,6.713867188E-4
3.143125000E-1,2.441406250E-4
3.143333333E-1,6.103515625E-5
3.143541667E-1,1.831054688E-3
3.143750000E-1,2.258300781E-3
3.143958333E-1,2.777099609E-3
3.144166667E-1,3.295898438E-3
3.144375000E-1,3.784179688E-3
3.144583333E-1,3.967285156E-3
3.144791667E-1,4.089355469E-3
3.145000000E-1,2.288818359E-3
3.145208333E-1,1.373291016E-3
3.145416667E-1,-1.220703125E-4
3.145625000E-1,-1.434326172E-3
3.145833333E-1,-1.098632812E-3
3.146041667E-1,-9.155273438E-4
3.146250000E-1,-3.051757812E-5
3.146458333E-1,-1.007080078E-3
3.146666667E-1,-1.373291016E-3
3.146875000E-1,-3.509521484E-3
3.147083333E-1,-4.516601562E-3
3.147291667E-1,-3.906250000E-3
3.147500000E-1,-4.791259766E-3
3.147708333E-1,-3.723144531E-3
3.147916667E-1,-3.753662109E-3
3.148125000E-1,-3.417968750E-3
3.148333333E-1,-3.845214844E-3
3.148541667E-1,-3.723144531E-3
3.148750000E-1,-2.716064453E-3
3.148958333E-1,-1.220703125E-3
3.149166667E-1,5.187988281E-4
3.149375000E-1,2.502441406E-3
3.149583333E-1,3.265380859E-3
3.149791667E-1,3.448486328E-3
3.150000000E-1,3.112792969E-3
3.150208333E-1,2.868652344E-3
3.150416667E-1,3.509521484E-3
3.150625000E-1,3.051757812E-3
3.150833333E-1,2.410888672E-3
3.151041667E-1,1.037597656E-3
3.151250000E-1,1.525878906E-4
3.151458333E-1,-3.356933594E-4
3.151666667E-1,-9.765625000E-4
3.151875000E-1,-3.051757812E-5
3.152083333E-1,-4.577636719E-4
3.152291667E-1,3.967285156E-4
3.152500000E-1,-7.019042969E-4
3.152708333E-1,-3.356933594E-4
3.152916667E-1,1.770019531E-3
3.153125000E-1,2.502441406E-3
3.153333333E-1,5.371093750E-3
3.153541667E-1,3.814697266E-3
3.153750000E-1,2.777099609E-3
3.153958333E-1,1.129150391E-3
3.154166667E-1,-1.464843750E-3
3.154375000E-1,-1.373291016E-3
3.154583333E-1,-1.770019531E-3
3.154791667E-1,-1.190185547E-3
3.155000000E-1,-3.662109375E-4
3.155208333E-1,-1.525878906E-4
3.155416667E-1,-9.155273438E-4
3.155625000E-1,-6.103515625E-4
3.155833333E-1,3.662109375E-4
3.156041667E-1,3.967285156E-4
3.156250000E-1,1.525878906E-3
3.156458333E-1,1.922607422E-3
3.156666667E-1,1.922607422E-3
3.156875000E-1,1.647949219E-3
3.157083333E-1,-1.525878906E-4
3.157291667E-1,-2.685546875E-3
3.157500000E-1,-5.279541016E-3
3.157708333E-1,-5.432128906E-3
3.157916667E-1,-4.821777344E-3
3.158125000E-1,-4.241943359E-3
3.158333333E-1,-3.082275391E-3
3.158541667E-1,-1.708984375E-3
3.158750000E-1,-6.103515625E-4
3.158958333E-1,-1.831054688E-4
3.159166667E-1,8.544921875E-4
3.159375000E-1,1.434326172E-3
3.159583333E-1,2.319335938E-3
3.159791667E-1,3.692626953E-3
3.160000000E-1,2.929687500E-3
3.160208333E-1,3.295898438E-3
3.160416667E-1,2.960205078E-3
3.160625000E-1,1.800537109E-3
3.160833333E-1,5.187988281E-4
3.161041667E-1,-1.251220703E-3
3.161250000E-1,-3.204345703E-3
3.161458333E-1,-2.990722656E-3
3.161666667E-1,-3.723144531E-3
3.161875000E-1,-4.364013672E-3
3.162083333E-1,-3.112792969E-3
3.162291667E-1,-3.448486328E-3
3.162500000E-1,-1.342773438E-3
3.162708333E-1,-2.075195312E-3
3.162916667E-1,-1.556396484E-3
3.163125000E-1,-1.434326172E-3
3.163333333E-1,-2.258300781E-3
3.163541667E-1,-1.068115234E-3
3.163750000E-1,-2.685546875E-3
3.163958333E-1,-7.934570312E-4
3.164166667E-1,-3.662109375E-4
3.164375000E-1,-8.239746094E-4
3.164583333E-1,4.577636719E-4
3.164791667E-1,3.662109375E-4
3.165000000E-1,2.197265625E-3
3.165208333E-1,2.105712891E-3
3.165416667E-1,1.861572266E-3
3.165625000E-1,5.187988281E-4
3.165833333E-1,-6.713867188E-4
3.166041667E-1,-1.312255859E-3
3.166250000E-1,-1.800537109E-3
3.166458333E-1,-7.324218750E-4
3.166666667E-1,0.000000000E0
3.166875000E-1,5.493164062E-4
3.167083333E-1,6.713867188E-4
3.167291667E-1,6.408691406E-4
3.167500000E-1,-7.934570312E-4
3.167708333E-1,-3.417968750E-3
3.167916667E-1,-3.631591797E-3
3.168125000E-1,-4.516601562E-3
3.168333333E-1,-4.089355469E-3
3.168541667E-1,-4.333496094E-3
3.168750000E-1,-4.699707031E-3
3.168958333E-1,-3.753662109E-3
3.169166667E-1,-3.723144531E-3
3.169375000E-1,-2.014160156E-3
3.169583333E-1,-7.324218750E-4
3.169791667E-1,-3.356933594E-4
3.170000000E-1,8.850097656E-4
3.170208333E-1,1.983642578E-3
3.170416667E-1,2.319335938E-3
3.170625000E-1,1.678466797E-3
3.170833333E-1,2.166748047E-3
3.171041667E-1,1.708984375E-3
3.171250000E-1,2.075195312E-3
3.171458333E-1,1.556396484E-3
3.171666667E-1,2.166748047E-3
3.171875000E-1,1.831054688E-3
3.172083333E-1,1.098632812E-3
3.172291667E-1,1.892089844E-3
3.172500000E-1,7.629394531E-4
3.172708333E-1,1.281738281E-3
3.172916667E-1,-3.051757812E-4
3.173125000E-1,-8.544921875E-4
3.173333333E-1,-2.014160156E-3
3.173541667E-1,-2.380371094E-3
3.173750000E-1,-2.624511719E-3
3.173958333E-1,-3.082275391E-3
3.174166667E-1,-1.617431641E-3
3.174375000E-1,-2.929687500E-3
3.174583333E-1,-2.838134766E-3
3.174791667E-1,-3.570556641E-3
3.175000000E-1,-3.051757812E-3
3.175208333E-1,-2.075195312E-3
3.175416667E-1,-2.899169922E-3
3.175625000E-1,-1.281738281E-3
3.175833333E-1,-1.190185547E-3
3.176041667E-1,1.525878906E-4
3.176250000E-1,7.324218750E-4
3.176458333E-1,1.495361328E-3
3.176666667E-1,4.425048828E-3
3.176875000E-1,4.028320312E-3
3.177083333E-1,3.906250000E-3
3.177291667E-1,4.821777344E-3
3.177500000E-1,3.631591797E-3
3.177708333E-1,3.814697266E-3
3.177916667E-1,2.716064453E-3
3.178125000E-1,1.770019531E-3
3.178333333E-1,1.800537109E-3
3.178541667E-1,-9.155273438E-5
3.178750000E-1,7.934570312E-4
3.178958333E-1,6.408691406E-4
3.179166667E-1,2.258300781E-3
3.179375000E-1,3.601074219E-3
3.179583333E-1,1.495361328E-3
3.179791667E-1,2.258300781E-3
3.180000000E-1,7.934570312E-4
3.180208333E-1,1.312255859E-3
3.180416667E-1,1.495361328E-3
3.180625000E-1,1.831054688E-3
3.180833333E-1,1.617431641E-3
3.181041667E-1,-3.967285156E-4
3.181250000E-1,3.051757812E-5
3.181458333E-1,-5.798339844E-4
3.181666667E-1,1.831054688E-4
3.181875000E-1,7.934570312E-4
3.182083333E-1,1.220703125E-3
3.182291667E-1,1.831054688E-3
3.182500000E-1,2.593994141E-3
3.182708333E-1,3.265380859E-3
3.182916667E-1,3.723144531E-3
3.183125000E-1,3.448486328E-3
3.183333333E-1,2.166748047E-3
3.183541667E-1,2.075195312E-3
3.183750000E-1,1.373291016E-3
3.183958333E-1,2.105712891E-3
3.184166667E-1,2.471923828E-3
3.184375000E-1,2.746582031E-3
3.184583333E-1,2.868652344E-3
3.184791667E-1,5.798339844E-4
3.185000000E-1,-3.051757812E-5
3.185208333E-1,-1.403808594E-3
3.185416667E-1,-1.800537109E-3
3.185625000E-1,-1.281738281E-3
3.185833333E-1,-6.713867188E-4
3.186041667E-1,9.765625000E-4
3.186250000E-1,1.556396484E-3
3.186458333E-1,2.075195312E-3
3.186666667E-1,1.617431641E-3
3.186875000E-1,1.953125000E-3
3.187083333E-1,2.990722656E-3
3.187291667E-1,2.532958984E-3
3.187500000E-1,2.563476562E-3
3.187708333E-1,2.563476562E-3
3.187916667E-1,2.136230469E-3
3.188125000E-1,1.403808594E-3
3.188333333E-1,-4.577636719E-4
3.188541667E-1,-1.678466797E-3
3.188750000E-1,-3.936767578E-3
3.188958333E-1,-4.058837891E-3
3.189166667E-1,-3.540039062E-3
3.189375000E-1,-3.723144531E-3
3.189583333E-1,-1.281738281E-3
3.189791667E-1,1.220703125E-4
3.190000000E-1,1.342773438E-3
3.190208333E-1,1.708984375E-3
3.190416667E-1,4.577636719E-4
3.190625000E-1,1.342773438E-3
3.190833333E-1,1.647949219E-3
3.191041667E-1,1.800537109E-3
3.191250000E-1,2.716064453E-3
3.191458333E-1,2.227783203E-3
3.191666667E-1,2.838134766E-3
3.191875000E-1,2.410888672E-3
3.192083333E-1,2.593994141E-3
3.192291667E-1,2.593994141E-3
3.192500000E-1,2.136230469E-3
3.192708333E-1,9.765625000E-4
3.192916667E-1,2.136230469E-4
3.193125000E-1,-5.798339844E-4
3.193333333E-1,-1.983642578E-3
3.193541667E-1,-5.798339844E-4
3.193750000E-1,4.272460938E-4
3.193958333E-1,1.129150391E-3
3.194166667E-1,2.746582031E-4
3.194375000E-1,7.019042969E-4
3.194583333E-1,-9.155273438E-4
3.194791667E-1,-2.746582031E-3
3.195000000E-1,-1.678466797E-3
3.195208333E-1,-2.105712891E-3
3.195416667E-1,-2.136230469E-4
3.195625000E-1,-9.155273438E-4
3.195833333E-1,3.967285156E-4
3.196041667E-1,1.342773438E-3
3.196250000E-1,2.593994141E-3
3.196458333E-1,2.838134766E-3
3.196666667E-1,2.227783203E-3
3.196875000E-1,1.708984375E-3
3.197083333E-1,-2.746582031E-4
3.197291667E-1,6.103515625E-4
3.197500000E-1,-3.662109375E-4
3.197708333E-1,2.075195312E-3
3.197916667E-1,2.044677734E-3
3.198125000E-1,1.983642578E-3
3.198333333E-1,3.143310547E-3
3.198541667E-1,6.103515625E-4
3.198750000E-1,1.159667969E-3
3.198958333E-1,-3.356933594E-4
3.199166667E-1,-1.708984375E-3
3.199375000E-1,-2.075195312E-3
3.199583333E-1,-2.899169922E-3
3.199791667E-1,-2.166748047E-3
3.200000000E-1,-2.655029297E-3
3.200208333E-1,-2.593994141E-3
3.200416667E-1,-2.532958984E-3
3.200625000E-1,-2.227783203E-3
3.200833333E-1,-1.708984375E-3
3.201041667E-1,-2.471923828E-3
3.201250000E-1,-2.929687500E-3
3.201458333E-1,-3.021240234E-3
3.201666667E-1,-2.258300781E-3
3.201875000E-1,-1.556396484E-3
3.202083333E-1,3.662109375E-4
3.202291667E-1,5.187988281E-4
3.202500000E-1,1.251220703E-3
3.202708333E-1,2.258300781E-3
3.202916667E-1,1.464843750E-3
3.203125000E-1,2.075195312E-3
3.203333333E-1,1.647949219E-3
3.203541667E-1,1.251220703E-3
3.203750000E-1,4.272460938E-4
3.203958333E-1,1.831054688E-4
3.204166667E-1,-2.136230469E-4
3.204375000E-1,1.037597656E-3
3.204583333E-1,2.624511719E-3
3.204791667E-1,2.807617188E-3
3.205000000E-1,3.295898438E-3
3.205208333E-1,9.155273438E-4
3.205416667E-1,5.493164062E-4
3.205625000E-1,-2.227783203E-3
3.205833333E-1,-2.868652344E-3
3.206041667E-1,-2.136230469E-3
3.206250000E-1,-2.929687500E-3
3.206458333E-1,-2.471923828E-3
3.206666667E-1,-2.532958984E-3
3.206875000E-1,-3.784179688E-3
3.207083333E-1,-5.310058594E-3
3.207291667E-1,-4.455566406E-3
3.207500000E-1,-3.479003906E-3
3.207708333E-1,-2.136230469E-3
3.207916667E-1,-1.220703125E-3
3.208125000E-1,-2.136230469E-4
3.208333333E-1,-8.850097656E-4
3.208541667E-1,-1.403808594E-3
3.208750000E-1,-1.892089844E-3
3.208958333E-1,-2.410888672E-3
3.209166667E-1,-8.544921875E-4
3.209375000E-1,8.850097656E-4
3.209583333E-1,2.014160156E-3
3.209791667E-1,1.770019531E-3
3.210000000E-1,1.556396484E-3
3.210208333E-1,9.765625000E-4
3.210416667E-1,1.342773438E-3
3.210625000E-1,1.556396484E-3
3.210833333E-1,1.983642578E-3
3.211041667E-1,2.716064453E-3
3.211250000E-1,3.051757812E-3
3.211458333E-1,2.716064453E-3
3.211666667E-1,1.831054688E-3
3.211875000E-1,2.105712891E-3
3.212083333E-1,1.251220703E-3
3.212291667E-1,1.678466797E-3
3.212500000E-1,4.882812500E-4
3.212708333E-1,-9.155273438E-5
3.212916667E-1,-5.187988281E-4
3.213125000E-1,-2.227783203E-3
3.213333333E-1,-1.312255859E-3
3.213541667E-1,-1.251220703E-3
3.213750000E-1,6.713867188E-4
3.213958333E-1,2.288818359E-3
3.214166667E-1,4.791259766E-3
3.214375000E-1,5.249023438E-3
3.214583333E-1,4.943847656E-3
3.214791667E-1,3.662109375E-3
3.215000000E-1,1.922607422E-3
3.215208333E-1,-2.441406250E-4
3.215416667E-1,-2.624511719E-3
3.215625000E-1,-2.960205078E-3
3.215833333E-1,-4.394531250E-3
3.216041667E-1,-4.333496094E-3
3.216250000E-1,-4.058837891E-3
3.216458333E-1,-2.227783203E-3
3.216666667E-1,-2.288818359E-3
3.216875000E-1,-2.166748047E-3
3.217083333E-1,-2.502441406E-3
3.217291667E-1,-3.906250000E-3
3.217500000E-1,-3.753662109E-3
3.217708333E-1,-3.204345703E-3
3.217916667E-1,-1.403808594E-3
3.218125000E-1,-2.197265625E-3
3.218333333E-1,-7.934570312E-4
3.218541667E-1,-3.051757812E-4
3.218750000E-1,-1.831054688E-4
3.218958333E-1,1.342773438E-3
3.219166667E-1,1.586914062E-3
3.219375000E-1,3.143310547E-3
3.219583333E-1,2.014160156E-3
3.219791667E-1,-3.051757812E-5
3.220000000E-1,-1.495361328E-3
3.220208333E-1,-2.716064453E-3
3.220416667E-1,-3.173828125E-3
3.220625000E-1,-5.096435547E-3
3.220833333E-1,-4.760742188E-3
3.221041667E-1,-4.608154297E-3
3.221250000E-1,-3.906250000E-3
3.221458333E-1,-2.593994141E-3
3.221666667E-1,-1.617431641E-3
3.221875000E-1,-9.155273438E-4
3.222083333E-1,-1.586914062E-3
3.222291667E-1,-1.556396484E-3
3.222500000E-1,-1.983642578E-3
3.222708333E-1,-1.068115234E-3
3.222916667E-1,-1.037597656E-3
3.223125000E-1,-1.251220703E-3
3.223333333E-1,-6.103515625E-5
3.223541667E-1,-7.324218750E-4
3.223750000E-1,5.798339844E-4
3.223958333E-1,-5.493164062E-4
3.224166667E-1,1.220703125E-4
3.224375000E-1,-7.324218750E-4
3.224583333E-1,-1.953125000E-3
3.224791667E-1,-9.155273438E-4
3.225000000E-1,-1.068115234E-3
3.225208333E-1,7.629394531E-4
3.225416667E-1,2.319335938E-3
3.225625000E-1,3.021240234E-3
3.225833333E-1,2.014160156E-3
3.226041667E-1,7.934570312E-4
3.226250000E-1,-1.037597656E-3
3.226458333E-1,-1.586914062E-3
3.226666667E-1,-1.739501953E-3
3.226875000E-1,-1.800537109E-3
3.227083333E-1,7.324218750E-4
3.227291667E-1,1.556396484E-3
3.227500000E-1,2.258300781E-3
3.227708333E-1,2.990722656E-3
3.227916667E-1,2.197265625E-3
3.228125000E-1,1.983642578E-3
3.228333333E-1,-9.765625000E-4
3.228541667E-1,-2.380371094E-3
3.228750000E-1,-3.753662109E-3
3.228958333E-1,-5.096435547E-3
3.229166667E-1,-4.547119141E-3
3.229375000E-1,-4.486083984E-3
3.229583333E-1,-3.173828125E-3
3.229791667E-1,-1.220703125E-3
3.230000000E-1,4.882812500E-4
3.230208333E-1,1.556396484E-3
3.230416667E-1,1.525878906E-3
3.230625000E-1,1.983642578E-3
3.230833333E-1,6.713867188E-4
3.231041667E-1,-6.103515625E-5
3.231250000E-1,-8.544921875E-4
3.231458333E-1,-7.019042969E-4
3.231666667E-1,-1.037597656E-3
3.231875000E-1,-1.495361328E-3
3.232083333E-1,-8.850097656E-4
3.232291667E-1,-2.227783203E-3
3.232500000E-1,-6.103515625E-5
3.232708333E-1,-9.155273438E-5
3.232916667E-1,-3.967285156E-4
3.233125000E-1,1.434326172E-3
3.233333333E-1,1.739501953E-3
3.233541667E-1,3.204345703E-3
3.233750000E-1,3.967285156E-3
3.233958333E-1,3.570556641E-3
3.234166667E-1,3.784179688E-3
3.234375000E-1,3.509521484E-3
3.234583333E-1,4.516601562E-3
3.234791667E-1,4.364013672E-3
3.235000000E-1,4.486083984E-3
3.235208333E-1,4.608154297E-3
3.235416667E-1,3.021240234E-3
3.235625000E-1,2.502441406E-3
3.235833333E-1,2.807617188E-3
3.236041667E-1,2.075195312E-3
3.236250000E-1,1.159667969E-3
3.236458333E-1,-6.103515625E-5
3.236666667E-1,-1.190185547E-3
3.236875000E-1,-2.105712891E-3
3.237083333E-1,-1.983642578E-3
3.237291667E-1,-1.678466797E-3
3.237500000E-1,-6.103515625E-5
3.237708333E-1,1.373291016E-3
3.237916667E-1,1.464843750E-3
3.238125000E-1,2.044677734E-3
3.238333333E-1,9.765625000E-4
3.238541667E-1,1.983642578E-3
3.238750000E-1,2.410888672E-3
3.238958333E-1,1.647949219E-3
3.239166667E-1,2.166748047E-3
3.239375000E-1,-5.187988281E-4
3.239583333E-1,-1.037597656E-3
3.239791667E-1,-2.655029297E-3
3.240000000E-1,-3.509521484E-3
3.240208333E-1,-3.051757812E-3
3.240416667E-1,-3.662109375E-3
3.240625000E-1,-2.899169922E-3
3.240833333E-1,-2.593994141E-3
3.241041667E-1,-2.319335938E-3
3.241250000E-1,-2.410888672E-3
3.241458333E-1,-3.265380859E-3
3.241666667E-1,-4.119873047E-3
3.241875000E-1,-3.814697266E-3
3.242083333E-1,-4.394531250E-3
3.242291667E-1,-4.913330078E-3
3.242500000E-1,-4.455566406E-3
3.242708333E-1,-4.364013672E-3
3.242916667E-1,-2.807617188E-3
3.243125000E-1,-1.190185547E-3
3.243333333E-1,6.103515625E-4
3.243541667E-1,5.187988281E-4
3.243750000E-1,-1.220703125E-4
3.243958333E-1,-1.831054688E-4
3.244166667E-1,-1.525878906E-3
3.244375000E-1,-1.861572266E-3
3.244583333E-1,-2.502441406E-3
3.244791667E-1,-2.655029297E-3
3.245000000E-1,-1.861572266E-3
3.245208333E-1,-1.068115234E-3
3.245416667E-1,1.251220703E-3
3.245625000E-1,1.831054688E-3
3.245833333E-1,1.831054688E-3
3.246041667E-1,1.159667969E-3
3.246250000E-1,-6.713867188E-4
3.246458333E-1,-1.403808594E-3
3.246666667E-1,-3.173828125E-3
3.246875000E-1,-2.716064453E-3
3.247083333E-1,-1.098632812E-3
3.247291667E-1,-9.155273438E-4
3.247500000E-1,8.544921875E-4
3.247708333E-1,1.312255859E-3
3.247916667E-1,2.716064453E-3
3.248125000E-1,4.119873047E-3
3.248333333E-1,4.364013672E-3
3.248541667E-1,5.035400391E-3
3.248750000E-1,5.035400391E-3
3.248958333E-1,5.523681641E-3
3.249166667E-1,4.608154297E-3
3.249375000E-1,4.608154297E-3
3.249583333E-1,2.899169922E-3
3.249791667E-1,2.044677734E-3
3.250000000E-1,1.190185547E-3
3.250208333E-1,1.434326172E-3
3.250416667E-1,2.075195312E-3
3.250625000E-1,1.373291016E-3
3.250833333E-1,2.746582031E-3
3.251041667E-1,8.239746094E-4
3.251250000E-1,8.544921875E-4
3.251458333E-1,-9.155273438E-5
3.251666667E-1,-7.934570312E-4
3.251875000E-1,-1.464843750E-3
3.252083333E-1,-2.319335938E-3
3.252291667E-1,-1.739501953E-3
3.252500000E-1,-2.075195312E-3
3.252708333E-1,-1.708984375E-3
3.252916667E-1,-2.288818359E-3
3.253125000E-1,-2.136230469E-3
3.253333333E-1,-3.326416016E-3
3.253541667E-1,-1.953125000E-3
3.253750000E-1,-9.460449219E-4
3.253958333E-1,3.051757812E-4
3.254166667E-1,1.922607422E-3
3.254375000E-1,2.258300781E-3
3.254583333E-1,2.777099609E-3
3.254791667E-1,2.105712891E-3
3.255000000E-1,1.525878906E-3
3.255208333E-1,2.136230469E-4
3.255416667E-1,9.155273438E-4
3.255625000E-1,1.739501953E-3
3.255833333E-1,3.509521484E-3
3.256041667E-1,4.730224609E-3
3.256250000E-1,5.401611328E-3
3.256458333E-1,6.042480469E-3
3.256666667E-1,5.615234375E-3
3.256875000E-1,6.134033203E-3
3.257083333E-1,4.730224609E-3
3.257291667E-1,4.760742188E-3
3.257500000E-1,4.486083984E-3
3.257708333E-1,3.204345703E-3
3.257916667E-1,3.540039062E-3
3.258125000E-1,3.082275391E-3
3.258333333E-1,2.807617188E-3
3.258541667E-1,2.868652344E-3
3.258750000E-1,2.807617188E-3
3.258958333E-1,3.204345703E-3
3.259166667E-1,3.723144531E-3
3.259375000E-1,3.021240234E-3
3.259583333E-1,2.929687500E-3
3.259791667E-1,2.044677734E-3
3.260000000E-1,2.044677734E-3
3.260208333E-1,2.136230469E-3
3.260416667E-1,4.882812500E-4
3.260625000E-1,1.831054688E-4
3.260833333E-1,-5.187988281E-4
3.261041667E-1,5.493164062E-4
3.261250000E-1,1.251220703E-3
3.261458333E-1,2.044677734E-3
3.261666667E-1,2.471923828E-3
3.261875000E-1,3.234863281E-3
3.262083333E-1,2.746582031E-3
3.262291667E-1,3.234863281E-3
3.262500000E-1,2.899169922E-3
3.262708333E-1,2.227783203E-3
3.262916667E-1,1.800537109E-3
3.263125000E-1,-3.967285156E-4
3.263333333E-1,-6.103515625E-5
3.263541667E-1,-6.103515625E-4
3.263750000E-1,3.051757812E-4
3.263958333E-1,-4.882812500E-4
3.264166667E-1,6.713867188E-4
3.264375000E-1,1.831054688E-4
3.264583333E-1,-2.746582031E-4
3.264791667E-1,8.544921875E-4
3.265000000E-1,5.493164062E-4
3.265208333E-1,1.556396484E-3
3.265416667E-1,1.831054688E-4
3.265625000E-1,-1.525878906E-4
3.265833333E-1,-1.770019531E-3
3.266041667E-1,-3.234863281E-3
3.266250000E-1,-3.997802734E-3
3.266458333E-1,-3.112792969E-3
3.266666667E-1,-2.197265625E-3
3.266875000E-1,-7.934570312E-4
3.267083333E-1,9.460449219E-4
3.267291667E-1,8.544921875E-4
3.267500000E-1,1.800537109E-3
3.267708333E-1,2.441406250E-4
3.267916667E-1,1.434326172E-3
3.268125000E-1,2.014160156E-3
3.268333333E-1,8.850097656E-4
3.268541667E-1,1.983642578E-3
3.268750000E-1,1.586914062E-3
3.268958333E-1,1.037597656E-3
3.269166667E-1,-9.155273438E-5
3.269375000E-1,-1.983642578E-3
3.269583333E-1,-2.258300781E-3
3.269791667E-1,-3.112792969E-3
3.270000000E-1,-2.380371094E-3
3.270208333E-1,-1.647949219E-3
3.270416667E-1,-2.136230469E-3
3.270625000E-1,-1.647949219E-3
3.270833333E-1,-3.387451172E-3
3.271041667E-1,-3.723144531E-3
3.271250000E-1,-3.845214844E-3
3.271458333E-1,-3.601074219E-3
3.271666667E-1,-3.784179688E-3
3.271875000E-1,-4.028320312E-3
3.272083333E-1,-3.784179688E-3
3.272291667E-1,-5.523681641E-3
3.272500000E-1,-4.852294922E-3
3.272708333E-1,-5.554199219E-3
3.272916667E-1,-4.821777344E-3
3.273125000E-1,-4.394531250E-3
3.273333333E-1,-2.380371094E-3
3.273541667E-1,-6.103515625E-5
3.273750000E-1,1.281738281E-3
3.273958333E-1,2.563476562E-3
3.274166667E-1,2.807617188E-3
3.274375000E-1,2.014160156E-3
3.274583333E-1,-1.525878906E-4
3.274791667E-1,1.831054688E-4
3.275000000E-1,-8.544921875E-4
3.275208333E-1,-9.155273438E-4
3.275416667E-1,-1.129150391E-3
3.275625000E-1,-1.251220703E-3
3.275833333E-1,-8.544921875E-4
3.276041667E-1,-2.288818359E-3
3.276250000E-1,-2.197265625E-3
3.276458333E-1,-3.173828125E-3
3.276666667E-1,-2.410888672E-3
3.276875000E-1,-2.288818359E-3
3.277083333E-1,-2.777099609E-3
3.277291667E-1,-9.155273438E-4
3.277500000E-1,-8.544921875E-4
3.277708333E-1,-9.765625000E-4
3.277916667E-1,-3.967285156E-4
3.278125000E-1,-2.136230469E-4
3.278333333E-1,1.098632812E-3
3.278541667E-1,3.967285156E-4
3.278750000E-1,-2.746582031E-4
3.278958333E-1,-8.239746094E-4
3.279166667E-1,-4.882812500E-4
3.279375000E-1,-7.629394531E-4
3.279583333E-1,-1.037597656E-3
3.279791667E-1,-6.713867188E-4
3.280000000E-1,-1.281738281E-3
3.280208333E-1,-1.770019531E-3
3.280416667E-1,-2.624511719E-3
3.280625000E-1,-2.288818359E-3
3.280833333E-1,-2.380371094E-3
3.281041667E-1,-1.342773438E-3
3.281250000E-1,-1.098632812E-3
3.281458333E-1,-7.019042969E-4
3.281666667E-1,1.220703125E-4
3.281875000E-1,2.441406250E-4
3.282083333E-1,8.544921875E-4
3.282291667E-1,-1.220703125E-4
3.282500000E-1,-5.798339844E-4
3.282708333E-1,-7.629394531E-4
3.282916667E-1,-1.220703125E-3
3.283125000E-1,-4.882812500E-4
3.283333333E-1,-1.068115234E-3
3.283541667E-1,-1.312255859E-3
3.283750000E-1,-1.983642578E-3
3.283958333E-1,-2.990722656E-3
3.284166667E-1,-2.777099609E-3
3.284375000E-1,-2.838134766E-3
3.284583333E-1,-3.540039062E-3
3.284791667E-1,-3.051757812E-3
3.285000000E-1,-3.875732422E-3
3.285208333E-1,-3.326416016E-3
3.285416667E-1,-3.387451172E-3
3.285625000E-1,-3.265380859E-3
3.285833333E-1,-1.495361328E-3
3.286041667E-1,-1.892089844E-3
3.286250000E-1,6.713867188E-4
3.286458333E-1,4.882812500E-4
3.286666667E-1,1.281738281E-3
3.286875000E-1,2.136230469E-3
3.287083333E-1,2.227783203E-3
3.287291667E-1,4.394531250E-3
3.287500000E-1,3.540039062E-3
3.287708333E-1,3.875732422E-3
3.287916667E-1,2.471923828E-3
3.288125000E-1,1.495361328E-3
3.288333333E-1,-3.051757812E-5
3.288541667E-1,-1.831054688E-4
3.288750000E-1,3.051757812E-4
3.288958333E-1,-3.051757812E-5
3.289166667E-1,9.155273438E-5
3.289375000E-1,-5.187988281E-4
3.289583333E-1,0.000000000E0
3.289791667E-1,-3.051757812E-4
3.290000000E-1,3.051757812E-4
3.290208333E-1,1.617431641E-3
3.290416667E-1,1.525878906E-4
3.290625000E-1,-1.068115234E-3
3.290833333E-1,-5.187988281E-4
3.291041667E-1,-1.342773438E-3
3.291250000E-1,-2.502441406E-3
3.291458333E-1,-3.631591797E-3
3.291666667E-1,-4.119873047E-3
3.291875000E-1,-3.723144531E-3
3.292083333E-1,-3.845214844E-3
3.292291667E-1,-3.356933594E-3
3.292500000E-1,-2.746582031E-3
3.292708333E-1,-2.166748047E-3
3.292916667E-1,-3.051757812E-4
3.293125000E-1,6.103515625E-4
3.293333333E-1,2.441406250E-4
3.293541667E-1,7.934570312E-4
3.293750000E-1,-1.312255859E-3
3.293958333E-1,-2.746582031E-4
3.294166667E-1,-1.129150391E-3
3.294375000E-1,-6.713867188E-4
3.294583333E-1,1.678466797E-3
3.294791667E-1,1.190185547E-3
3.295000000E-1,2.624511719E-3
3.295208333E-1,2.197265625E-3
3.295416667E-1,2.014160156E-3
3.295625000E-1,1.495361328E-3
3.295833333E-1,7.934570312E-4
3.296041667E-1,9.155273438E-5
3.296250000E-1,-1.678466797E-3
3.296458333E-1,-2.380371094E-3
3.296666667E-1,-1.556396484E-3
3.296875000E-1,-1.098632812E-3
3.297083333E-1,-2.441406250E-4
3.297291667E-1,1.861572266E-3
3.297500000E-1,1.617431641E-3
3.297708333E-1,2.441406250E-3
3.297916667E-1,3.265380859E-3
3.298125000E-1,2.349853516E-3
3.298333333E-1,3.051757812E-3
3.298541667E-1,1.068115234E-3
3.298750000E-1,-6.103515625E-5
3.298958333E-1,-1.647949219E-3
3.299166667E-1,-2.563476562E-3
3.299375000E-1,-6.408691406E-4
3.299583333E-1,-1.159667969E-3
3.299791667E-1,3.051757812E-5
3.300000000E-1,-4.577636719E-4
3.300208333E-1,4.882812500E-4
3.300416667E-1,1.068115234E-3
3.300625000E-1,9.460449219E-4
3.300833333E-1,1.220703125E-3
3.301041667E-1,-5.798339844E-4
3.301250000E-1,-1.220703125E-3
3.301458333E-1,-2.044677734E-3
3.301666667E-1,-1.831054688E-3
3.301875000E-1,-1.281738281E-3
3.302083333E-1,-3.051757812E-4
3.302291667E-1,-9.460449219E-4
3.302500000E-1,-2.105712891E-3
3.302708333E-1,-2.655029297E-3
3.302916667E-1,-1.586914062E-3
3.303125000E-1,-1.495361328E-3
3.303333333E-1,-5.493164062E-4
3.303541667E-1,-1.220703125E-3
3.303750000E-1,-1.403808594E-3
3.303958333E-1,-1.434326172E-3
3.304166667E-1,-8.239746094E-4
3.304375000E-1,3.356933594E-4
3.304583333E-1,-8.850097656E-4
3.304791667E-1,-3.967285156E-4
3.305000000E-1,-5.493164062E-4
3.305208333E-1,-1.007080078E-3
3.305416667E-1,-1.098632812E-3
3.305625000E-1,-1.068115234E-3
3.305833333E-1,-8.239746094E-4
3.306041667E-1,-2.746582031E-4
3.306250000E-1,-2.136230469E-4
3.306458333E-1,-1.464843750E-3
3.306666667E-1,-1.983642578E-3
3.306875000E-1,-2.319335938E-3
3.307083333E-1,-2.807617188E-3
3.307291667E-1,-3.112792969E-3
3.307500000E-1,-2.563476562E-3
3.307708333E-1,-3.204345703E-3
3.307916667E-1,-3.356933594E-3
3.308125000E-1,-3.845214844E-3
3.308333333E-1,-4.119873047E-3
3.308541667E-1,-2.777099609E-3
3.308750000E-1,-2.136230469E-3
3.308958333E-1,-4.882812500E-4
3.309166667E-1,7.934570312E-4
3.309375000E-1,2.593994141E-3
3.309583333E-1,3.814697266E-3
3.309791667E-1,4.058837891E-3
3.310000000E-1,4.699707031E-3
3.310208333E-1,3.204345703E-3
3.310416667E-1,3.936767578E-3
3.310625000E-1,4.333496094E-3
3.310833333E-1,4.852294922E-3
3.311041667E-1,6.042480469E-3
3.311250000E-1,5.950927734E-3
3.311458333E-1,6.805419922E-3
3.311666667E-1,6.164550781E-3
3.311875000E-1,5.737304688E-3
3.312083333E-1,5.493164062E-3
3.312291667E-1,4.089355469E-3
3.312500000E-1,2.441406250E-3
3.312708333E-1,1.129150391E-3
3.312916667E-1,1.220703125E-3
3.313125000E-1,1.800537109E-3
3.313333333E-1,2.655029297E-3
3.313541667E-1,3.906250000E-3
3.313750000E-1,4.272460938E-3
3.313958333E-1,5.187988281E-3
3.314166667E-1,5.187988281E-3
3.314375000E-1,4.638671875E-3
3.314583333E-1,5.706787109E-3
3.314791667E-1,5.798339844E-3
3.315000000E-1,6.591796875E-3
3.315208333E-1,6.988525391E-3
3.315416667E-1,7.019042969E-3
3.315625000E-1,7.843017578E-3
3.315833333E-1,7.995605469E-3
3.316041667E-1,6.683349609E-3
3.316250000E-1,6.103515625E-3
3.316458333E-1,5.279541016E-3
3.316666667E-1,5.126953125E-3
3.316875000E-1,6.164550781E-3
3.317083333E-1,6.011962891E-3
3.317291667E-1,6.072998047E-3
3.317500000E-1,5.920410156E-3
3.317708333E-1,6.134033203E-3
3.317916667E-1,4.058837891E-3
3.318125000E-1,3.784179688E-3
3.318333333E-1,2.014160156E-3
3.318541667E-1,4.577636719E-4
3.318750000E-1,4.882812500E-4
3.318958333E-1,6.713867188E-4
3.319166667E-1,1.251220703E-3
3.319375000E-1,-5.493164062E-4
3.319583333E-1,-7.019042969E-4
3.319791667E-1,-2.349853516E-3
3.320000000E-1,-9.460449219E-4
3.320208333E-1,3.662109375E-4
3.320416667E-1,1.220703125E-4
3.320625000E-1,9.460449219E-4
3.320833333E-1,5.187988281E-4
3.321041667E-1,7.629394531E-4
3.321250000E-1,7.934570312E-4
3.321458333E-1,2.136230469E-3
3.321666667E-1,2.441406250E-3
3.321875000E-1,1.739501953E-3
3.322083333E-1,5.493164062E-4
3.322291667E-1,-1.251220703E-3
3.322500000E-1,-2.258300781E-3
3.322708333E-1,-2.441406250E-3
3.322916667E-1,-2.044677734E-3
3.323125000E-1,-7.324218750E-4
3.323333333E-1,-7.019042969E-4
3.323541667E-1,3.967285156E-4
3.323750000E-1,-5.493164062E-4
3.323958333E-1,5.493164062E-4
3.324166667E-1,-2.441406250E-4
3.324375000E-1,-2.807617188E-3
3.324583333E-1,-2.990722656E-3
3.324791667E-1,-4.302978516E-3
3.325000000E-1,-3.662109375E-3
3.325208333E-1,-3.601074219E-3
3.325416667E-1,-2.258300781E-3
3.325625000E-1,-1.525878906E-4
3.325833333E-1,-1.434326172E-3
3.326041667E-1,-1.129150391E-3
3.326250000E-1,-2.105712891E-3
3.326458333E-1,-3.295898438E-3
3.326666667E-1,-3.143310547E-3
3.326875000E-1,-4.425048828E-3
3.327083333E-1,-3.295898438E-3
3.327291667E-1,-3.997802734E-3
3.327500000E-1,-3.997802734E-3
3.327708333E-1,-3.753662109E-3
3.327916667E-1,-3.631591797E-3
3.328125000E-1,-4.211425781E-3
3.328333333E-1,-5.249023438E-3
3.328541667E-1,-4.455566406E-3
3.328750000E-1,-4.302978516E-3
3.328958333E-1,-3.448486328E-3
3.329166667E-1,-3.479003906E-3
3.329375000E-1,-3.479003906E-3
3.329583333E-1,-5.462646484E-3
3.329791667E-1,-5.981445312E-3
3.330000000E-1,-5.828857422E-3
3.330208333E-1,-5.310058594E-3
3.330416667E-1,-3.509521484E-3
3.330625000E-1,-2.075195312E-3
3.330833333E-1,-1.831054688E-4
3.331041667E-1,1.525878906E-4
3.331250000E-1,4.882812500E-4
3.331458333E-1,9.155273438E-5
3.331666667E-1,-9.155273438E-4
3.331875000E-1,-1.892089844E-3
3.332083333E-1,-3.479003906E-3
3.332291667E-1,-4.699707031E-3
3.332500000E-1,-4.821777344E-3
3.332708333E-1,-5.065917969E-3
3.332916667E-1,-4.302978516E-3
3.333125000E-1,-2.258300781E-3
3.333333333E-1,-1.861572266E-3
3.333541667E-1,-8.239746094E-4
3.333750000E-1,-1.312255859E-3
3.333958333E-1,-1.922607422E-3
3.334166667E-1,-1.464843750E-3
3.334375000E-1,-1.892089844E-3
3.334583333E-1,-8.239746094E-4
3.334791667E-1,-1.037597656E-3
3.335000000E-1,-9.155273438E-5
3.335208333E-1,8.239746094E-4
3.335416667E-1,-3.662109375E-4
3.335625000E-1,-9.155273438E-4
3.335833333E-1,-1.800537109E-3
3.336041667E-1,-8.544921875E-4
3.336250000E-1,8.544921875E-4
3.336458333E-1,2.441406250E-4
3.336666667E-1,9.155273438E-4
3.336875000E-1,-1.220703125E-4
3.337083333E-1,-1.251220703E-3
3.337291667E-1,-1.586914062E-3
3.337500000E-1,-2.746582031E-3
3.337708333E-1,-2.349853516E-3
3.337916667E-1,-2.960205078E-3
3.338125000E-1,-3.295898438E-3
3.338333333E-1,-4.211425781E-3
3.338541667E-1,-3.448486328E-3
3.338750000E-1,-2.288818359E-3
3.338958333E-1,-1.007080078E-3
3.339166667E-1,1.525878906E-4
3.339375000E-1,8.850097656E-4
3.339583333E-1,1.983642578E-3
3.339791667E-1,1.708984375E-3
3.340000000E-1,1.953125000E-3
3.340208333E-1,1.495361328E-3
3.340416667E-1,1.434326172E-3
3.340625000E-1,1.861572266E-3
3.340833333E-1,2.685546875E-3
3.341041667E-1,1.373291016E-3
3.341250000E-1,2.868652344E-3
3.341458333E-1,3.417968750E-3
3.341666667E-1,3.387451172E-3
3.341875000E-1,4.669189453E-3
3.342083333E-1,3.875732422E-3
3.342291667E-1,4.882812500E-3
3.342500000E-1,3.417968750E-3
3.342708333E-1,2.746582031E-3
3.342916667E-1,2.441406250E-3
3.343125000E-1,1.037597656E-3
3.343333333E-1,1.251220703E-3
3.343541667E-1,1.525878906E-4
3.343750000E-1,-4.882812500E-4
3.343958333E-1,-6.713867188E-4
3.344166667E-1,-5.493164062E-4
3.344375000E-1,2.441406250E-4
3.344583333E-1,8.544921875E-4
3.344791667E-1,2.532958984E-3
3.345000000E-1,3.570556641E-3
3.345208333E-1,4.364013672E-3
3.345416667E-1,6.469726562E-3
3.345625000E-1,6.072998047E-3
3.345833333E-1,6.561279297E-3
3.346041667E-1,6.195068359E-3
3.346250000E-1,4.486083984E-3
3.346458333E-1,2.746582031E-3
3.346666667E-1,3.356933594E-3
3.346875000E-1,2.441406250E-3
3.347083333E-1,1.190185547E-3
3.347291667E-1,2.044677734E-3
3.347500000E-1,1.098632812E-3
3.347708333E-1,2.563476562E-3
3.347916667E-1,2.410888672E-3
3.348125000E-1,4.119873047E-3
3.348333333E-1,4.852294922E-3
3.348541667E-1,4.730224609E-3
3.348750000E-1,5.401611328E-3
3.348958333E-1,3.509521484E-3
3.349166667E-1,3.509521484E-3
3.349375000E-1,3.875732422E-3
3.349583333E-1,3.784179688E-3
3.349791667E-1,4.577636719E-3
3.350000000E-1,4.486083984E-3
3.350208333E-1,5.584716797E-3
3.350416667E-1,5.828857422E-3
3.350625000E-1,3.814697266E-3
3.350833333E-1,3.814697266E-3
3.351041667E-1,9.460449219E-4
3.351250000E-1,6.713867188E-4
3.351458333E-1,-1.800537109E-3
3.351666667E-1,-4.058837891E-3
3.351875000E-1,-3.448486328E-3
3.352083333E-1,-6.408691406E-3
3.352291667E-1,-5.218505859E-3
3.352500000E-1,-6.683349609E-3
3.352708333E-1,-5.432128906E-3
3.352916667E-1,-4.516601562E-3
3.353125000E-1,-5.920410156E-3
3.353333333E-1,-7.293701172E-3
3.353541667E-1,-9.124755859E-3
3.353750000E-1,-8.117675781E-3
3.353958333E-1,-7.720947266E-3
3.354166667E-1,-4.730224609E-3
3.354375000E-1,-1.953125000E-3
3.354583333E-1,-7.934570312E-4
3.354791667E-1,2.746582031E-4
3.355000000E-1,-7.019042969E-4
3.355208333E-1,3.051757812E-5
3.355416667E-1,-2.441406250E-4
3.355625000E-1,-3.051757812E-5
3.355833333E-1,1.220703125E-3
3.356041667E-1,2.655029297E-3
3.356250000E-1,3.814697266E-3
3.356458333E-1,3.295898438E-3
3.356666667E-1,4.791259766E-3
3.356875000E-1,4.272460938E-3
3.357083333E-1,3.631591797E-3
3.357291667E-1,2.899169922E-3
3.357500000E-1,1.586914062E-3
3.357708333E-1,5.187988281E-4
3.357916667E-1,4.272460938E-4
3.358125000E-1,9.155273438E-5
3.358333333E-1,-2.441406250E-4
3.358541667E-1,-1.068115234E-3
3.358750000E-1,-1.922607422E-3
3.358958333E-1,-3.295898438E-3
3.359166667E-1,-5.798339844E-3
3.359375000E-1,-5.798339844E-3
3.359583333E-1,-7.110595703E-3
3.359791667E-1,-6.713867188E-3
3.360000000E-1,-6.103515625E-3
3.360208333E-1,-6.042480469E-3
3.360416667E-1,-4.241943359E-3
3.360625000E-1,-3.784179688E-3
3.360833333E-1,-2.349853516E-3
3.361041667E-1,-2.471923828E-3
3.361250000E-1,-1.068115234E-3
3.361458333E-1,1.220703125E-3
3.361666667E-1,1.831054688E-4
3.361875000E-1,1.220703125E-3
3.362083333E-1,9.460449219E-4
3.362291667E-1,9.765625000E-4
3.362500000E-1,1.281738281E-3
3.362708333E-1,1.770019531E-3
3.362916667E-1,3.326416016E-3
3.363125000E-1,3.997802734E-3
3.363333333E-1,3.753662109E-3
3.363541667E-1,2.075195312E-3
3.363750000E-1,8.239746094E-4
3.363958333E-1,-3.662109375E-4
3.364166667E-1,-1.159667969E-3
3.364375000E-1,-1.037597656E-3
3.364583333E-1,-2.380371094E-3
3.364791667E-1,-1.586914062E-3
3.365000000E-1,-1.922607422E-3
3.365208333E-1,-2.105712891E-3
3.365416667E-1,-3.082275391E-3
3.365625000E-1,-3.723144531E-3
3.365833333E-1,-3.540039062E-3
3.366041667E-1,-4.241943359E-3
3.366250000E-1,-2.685546875E-3
3.366458333E-1,-1.159667969E-3
3.366666667E-1,9.155273438E-5
3.366875000E-1,1.373291016E-3
3.367083333E-1,2.288818359E-3
3.367291667E-1,2.532958984E-3
3.367500000E-1,1.922607422E-3
3.367708333E-1,1.007080078E-3
3.367916667E-1,-4.577636719E-4
3.368125000E-1,-9.460449219E-4
3.368333333E-1,-4.272460938E-4
3.368541667E-1,3.051757812E-5
3.368750000E-1,1.251220703E-3
3.368958333E-1,1.068115234E-3
3.369166667E-1,7.324218750E-4
3.369375000E-1,1.251220703E-3
3.369583333E-1,2.136230469E-4
3.369791667E-1,1.251220703E-3
3.370000000E-1,6.103515625E-5
3.370208333E-1,-7.019042969E-4
3.370416667E-1,-1.464843750E-3
3.370625000E-1,-3.479003906E-3
3.370833333E-1,-3.662109375E-3
3.371041667E-1,-3.509521484E-3
3.371250000E-1,-1.831054688E-3
3.371458333E-1,-1.190185547E-3
3.371666667E-1,-1.983642578E-3
3.371875000E-1,-2.227783203E-3
3.372083333E-1,-1.892089844E-3
3.372291667E-1,-1.434326172E-3
3.372500000E-1,-1.831054688E-4
3.372708333E-1,7.934570312E-4
3.372916667E-1,1.373291016E-3
3.373125000E-1,7.019042969E-4
3.373333333E-1,-6.103515625E-5
3.373541667E-1,-7.324218750E-4
3.373750000E-1,-4.577636719E-4
3.373958333E-1,-2.136230469E-4
3.374166667E-1,1.220703125E-4
3.374375000E-1,7.019042969E-4
3.374583333E-1,1.525878906E-4
3.374791667E-1,1.190185547E-3
3.375000000E-1,-1.525878906E-4
3.375208333E-1,1.220703125E-4
3.375416667E-1,-9.155273438E-5
3.375625000E-1,-2.441406250E-4
3.375833333E-1,1.525878906E-4
3.376041667E-1,-1.037597656E-3
3.376250000E-1,-1.312255859E-3
3.376458333E-1,-2.655029297E-3
3.376666667E-1,-2.990722656E-3
3.376875000E-1,-3.448486328E-3
3.377083333E-1,-2.960205078E-3
3.377291667E-1,-1.831054688E-3
3.377500000E-1,-8.544921875E-4
3.377708333E-1,-3.356933594E-4
3.377916667E-1,-3.662109375E-4
3.378125000E-1,-1.495361328E-3
3.378333333E-1,-2.319335938E-3
3.378541667E-1,-1.892089844E-3
3.378750000E-1,-1.434326172E-3
3.378958333E-1,-2.227783203E-3
3.379166667E-1,-2.288818359E-3
3.379375000E-1,-2.319335938E-3
3.379583333E-1,-2.532958984E-3
3.379791667E-1,-1.190185547E-3
3.380000000E-1,-2.593994141E-3
3.380208333E-1,-1.037597656E-3
3.380416667E-1,-8.239746094E-4
3.380625000E-1,-1.342773438E-3
3.380833333E-1,-9.460449219E-4
3.381041667E-1,-2.075195312E-3
3.381250000E-1,-1.068115234E-3
3.381458333E-1,-2.044677734E-3
3.381666667E-1,-1.464843750E-3
3.381875000E-1,-1.342773438E-3
3.382083333E-1,-1.098632812E-3
3.382291667E-1,2.746582031E-4
3.382500000E-1,3.662109375E-4
3.382708333E-1,1.800537109E-3
3.382916667E-1,6.408691406E-4
3.383125000E-1,-7.324218750E-4
3.383333333E-1,-1.312255859E-3
3.383541667E-1,-3.082275391E-3
3.383750000E-1,-3.234863281E-3
3.383958333E-1,-2.593994141E-3
3.384166667E-1,-2.227783203E-3
3.384375000E-1,-1.342773438E-3
3.384583333E-1,-3.356933594E-4
3.384791667E-1,1.525878906E-3
3.385000000E-1,6.103515625E-4
3.385208333E-1,1.220703125E-3
3.385416667E-1,2.136230469E-3
3.385625000E-1,1.647949219E-3
3.385833333E-1,2.838134766E-3
3.386041667E-1,1.647949219E-3
3.386250000E-1,1.586914062E-3
3.386458333E-1,1.586914062E-3
3.386666667E-1,1.403808594E-3
3.386875000E-1,2.471923828E-3
3.387083333E-1,2.227783203E-3
3.387291667E-1,4.516601562E-3
3.387500000E-1,4.028320312E-3
3.387708333E-1,4.364013672E-3
3.387916667E-1,4.089355469E-3
3.388125000E-1,1.739501953E-3
3.388333333E-1,1.800537109E-3
3.388541667E-1,1.251220703E-3
3.388750000E-1,1.861572266E-3
3.388958333E-1,1.892089844E-3
3.389166667E-1,2.441406250E-3
3.389375000E-1,3.875732422E-3
3.389583333E-1,2.960205078E-3
3.389791667E-1,3.021240234E-3
3.390000000E-1,1.495361328E-3
3.390208333E-1,5.493164062E-4
3.390416667E-1,-3.051757812E-4
3.390625000E-1,-2.105712891E-3
3.390833333E-1,-3.051757812E-3
3.391041667E-1,-3.509521484E-3
3.391250000E-1,-4.180908203E-3
3.391458333E-1,-4.669189453E-3
3.391666667E-1,-4.516601562E-3
3.391875000E-1,-4.913330078E-3
3.392083333E-1,-3.814697266E-3
3.392291667E-1,-4.608154297E-3
3.392500000E-1,-4.486083984E-3
3.392708333E-1,-5.462646484E-3
3.392916667E-1,-6.744384766E-3
3.393125000E-1,-5.310058594E-3
3.393333333E-1,-3.997802734E-3
3.393541667E-1,-2.899169922E-3
3.393750000E-1,-8.239746094E-4
3.393958333E-1,-1.831054688E-4
3.394166667E-1,5.187988281E-4
3.394375000E-1,1.617431641E-3
3.394583333E-1,1.647949219E-3
3.394791667E-1,2.410888672E-3
3.395000000E-1,1.342773438E-3
3.395208333E-1,1.678466797E-3
3.395416667E-1,1.983642578E-3
3.395625000E-1,2.929687500E-3
3.395833333E-1,4.333496094E-3
3.396041667E-1,4.425048828E-3
3.396250000E-1,4.486083984E-3
3.396458333E-1,2.532958984E-3
3.396666667E-1,1.770019531E-3
3.396875000E-1,1.312255859E-3
3.397083333E-1,1.831054688E-4
3.397291667E-1,1.525878906E-4
3.397500000E-1,-1.831054688E-4
3.397708333E-1,-7.019042969E-4
3.397916667E-1,-9.155273438E-4
3.398125000E-1,-3.051757812E-5
3.398333333E-1,-5.187988281E-4
3.398541667E-1,-5.798339844E-4
3.398750000E-1,6.408691406E-4
3.398958333E-1,1.495361328E-3
3.399166667E-1,2.868652344E-3
3.399375000E-1,3.204345703E-3
3.399583333E-1,1.831054688E-3
3.399791667E-1,1.312255859E-3
3.400000000E-1,-6.103515625E-5
3.400208333E-1,1.312255859E-3
3.400416667E-1,7.019042969E-4
3.400625000E-1,1.800537109E-3
3.400833333E-1,4.058837891E-3
3.401041667E-1,2.532958984E-3
3.401250000E-1,4.028320312E-3
3.401458333E-1,2.807617188E-3
3.401666667E-1,2.929687500E-3
3.401875000E-1,2.929687500E-3
3.402083333E-1,8.850097656E-4
3.402291667E-1,2.441406250E-3
3.402500000E-1,1.647949219E-3
3.402708333E-1,2.410888672E-3
3.402916667E-1,2.227783203E-3
3.403125000E-1,4.272460938E-4
3.403333333E-1,2.044677734E-3
3.403541667E-1,1.007080078E-3
3.403750000E-1,4.272460938E-4
3.403958333E-1,1.281738281E-3
3.404166667E-1,-3.967285156E-4
3.404375000E-1,1.129150391E-3
3.404583333E-1,6.103515625E-4
3.404791667E-1,5.798339844E-4
3.405000000E-1,3.967285156E-4
3.405208333E-1,-9.155273438E-4
3.405416667E-1,9.155273438E-5
3.405625000E-1,-2.044677734E-3
3.405833333E-1,-1.434326172E-3
3.406041667E-1,-1.373291016E-3
3.406250000E-1,-9.155273438E-4
3.406458333E-1,-1.098632812E-3
3.406666667E-1,-1.403808594E-3
3.406875000E-1,3.051757812E-5
3.407083333E-1,-8.850097656E-4
3.407291667E-1,-9.155273438E-5
3.407500000E-1,-2.197265625E-3
3.407708333E-1,-3.143310547E-3
3.407916667E-1,-3.753662109E-3
3.408125000E-1,-4.669189453E-3
3.408333333E-1,-2.807617188E-3
3.408541667E-1,-2.563476562E-3
3.408750000E-1,-1.037597656E-3
3.408958333E-1,-9.155273438E-5
3.409166667E-1,-1.495361328E-3
3.409375000E-1,-1.556396484E-3
3.409583333E-1,-3.906250000E-3
3.409791667E-1,-4.821777344E-3
3.410000000E-1,-5.920410156E-3
3.410208333E-1,-6.500244141E-3
3.410416667E-1,-5.004882812E-3
3.410625000E-1,-4.516601562E-3
3.410833333E-1,-2.868652344E-3
3.411041667E-1,-1.037597656E-3
3.411250000E-1,-1.007080078E-3
3.411458333E-1,-5.493164062E-4
3.411666667E-1,3.356933594E-4
3.411875000E-1,-4.882812500E-4
3.412083333E-1,5.798339844E-4
3.412291667E-1,2.441406250E-4
3.412500000E-1,1.861572266E-3
3.412708333E-1,3.509521484E-3
3.412916667E-1,4.821777344E-3
3.413125000E-1,6.805419922E-3
3.413333333E-1,6.744384766E-3
3.413541667E-1,7.385253906E-3
3.413750000E-1,6.317138672E-3
3.413958333E-1,4.943847656E-3
3.414166667E-1,3.265380859E-3
3.414375000E-1,2.258300781E-3
3.414583333E-1,1.586914062E-3
3.414791667E-1,1.739501953E-3
3.415000000E-1,2.014160156E-3
3.415208333E-1,2.380371094E-3
3.415416667E-1,4.272460938E-3
3.415625000E-1,5.371093750E-3
3.415833333E-1,5.096435547E-3
3.416041667E-1,4.455566406E-3
3.416250000E-1,3.326416016E-3
3.416458333E-1,1.983642578E-3
3.416666667E-1,2.044677734E-3
3.416875000E-1,1.770019531E-3
3.417083333E-1,1.831054688E-3
3.417291667E-1,2.227783203E-3
3.417500000E-1,2.258300781E-3
3.417708333E-1,2.502441406E-3
3.417916667E-1,1.678466797E-3
3.418125000E-1,8.239746094E-4
3.418333333E-1,3.051757812E-4
3.418541667E-1,8.850097656E-4
3.418750000E-1,1.220703125E-4
3.418958333E-1,-7.629394531E-4
3.419166667E-1,-1.007080078E-3
3.419375000E-1,-2.960205078E-3
3.419583333E-1,-4.211425781E-3
3.419791667E-1,-3.204345703E-3
3.420000000E-1,-3.112792969E-3
3.420208333E-1,-2.014160156E-3
3.420416667E-1,2.136230469E-4
3.420625000E-1,1.770019531E-3
3.420833333E-1,2.624511719E-3
3.421041667E-1,2.258300781E-3
3.421250000E-1,1.037597656E-3
3.421458333E-1,-5.493164062E-4
3.421666667E-1,-1.708984375E-3
3.421875000E-1,-2.807617188E-3
3.422083333E-1,-2.258300781E-3
3.422291667E-1,-1.617431641E-3
3.422500000E-1,-1.220703125E-3
3.422708333E-1,-6.103515625E-4
3.422916667E-1,6.713867188E-4
3.423125000E-1,2.258300781E-3
3.423333333E-1,2.502441406E-3
3.423541667E-1,3.295898438E-3
3.423750000E-1,4.272460938E-3
3.423958333E-1,4.302978516E-3
3.424166667E-1,4.638671875E-3
3.424375000E-1,4.638671875E-3
3.424583333E-1,4.333496094E-3
3.424791667E-1,4.394531250E-3
3.425000000E-1,3.784179688E-3
3.425208333E-1,3.417968750E-3
3.425416667E-1,3.479003906E-3
3.425625000E-1,2.593994141E-3
3.425833333E-1,1.861572266E-3
3.426041667E-1,2.899169922E-3
3.426250000E-1,2.716064453E-3
3.426458333E-1,3.326416016E-3
3.426666667E-1,3.021240234E-3
3.426875000E-1,2.563476562E-3
3.427083333E-1,1.953125000E-3
3.427291667E-1,9.155273438E-5
3.427500000E-1,-5.798339844E-4
3.427708333E-1,-2.227783203E-3
3.427916667E-1,-3.479003906E-3
3.428125000E-1,-3.967285156E-3
3.428333333E-1,-4.364013672E-3
3.428541667E-1,-2.563476562E-3
3.428750000E-1,-1.678466797E-3
3.428958333E-1,-1.617431641E-3
3.429166667E-1,-1.251220703E-3
3.429375000E-1,-2.960205078E-3
3.429583333E-1,-2.044677734E-3
3.429791667E-1,-2.532958984E-3
3.430000000E-1,-2.288818359E-3
3.430208333E-1,-7.629394531E-4
3.430416667E-1,-9.765625000E-4
3.430625000E-1,-8.239746094E-4
3.430833333E-1,-7.019042969E-4
3.431041667E-1,-1.098632812E-3
3.431250000E-1,-9.765625000E-4
3.431458333E-1,-3.356933594E-4
3.431666667E-1,0.000000000E0
3.431875000E-1,4.882812500E-4
3.432083333E-1,1.068115234E-3
3.432291667E-1,1.312255859E-3
3.432500000E-1,1.556396484E-3
3.432708333E-1,1.831054688E-3
3.432916667E-1,1.617431641E-3
3.433125000E-1,1.037597656E-3
3.433333333E-1,1.831054688E-4
3.433541667E-1,7.019042969E-4
3.433750000E-1,8.239746094E-4
3.433958333E-1,2.166748047E-3
3.434166667E-1,4.241943359E-3
3.434375000E-1,4.272460938E-3
3.434583333E-1,4.394531250E-3
3.434791667E-1,4.028320312E-3
3.435000000E-1,3.082275391E-3
3.435208333E-1,3.814697266E-3
3.435416667E-1,3.540039062E-3
3.435625000E-1,2.258300781E-3
3.435833333E-1,5.493164062E-4
3.436041667E-1,-3.051757812E-4
3.436250000E-1,-1.190185547E-3
3.436458333E-1,-1.922607422E-3
3.436666667E-1,-1.892089844E-3
3.436875000E-1,-1.770019531E-3
3.437083333E-1,-6.408691406E-4
3.437291667E-1,-5.187988281E-4
3.437500000E-1,2.136230469E-4
3.437708333E-1,-9.155273438E-5
3.437916667E-1,-9.155273438E-4
3.438125000E-1,-1.251220703E-3
3.438333333E-1,-3.204345703E-3
3.438541667E-1,-3.753662109E-3
3.438750000E-1,-4.302978516E-3
3.438958333E-1,-4.943847656E-3
3.439166667E-1,-4.608154297E-3
3.439375000E-1,-4.119873047E-3
3.439583333E-1,-3.845214844E-3
3.439791667E-1,-3.417968750E-3
3.440000000E-1,-4.699707031E-3
3.440208333E-1,-3.509521484E-3
3.440416667E-1,-3.753662109E-3
3.440625000E-1,-3.295898438E-3
3.440833333E-1,-1.892089844E-3
3.441041667E-1,-2.258300781E-3
3.441250000E-1,-5.798339844E-4
3.441458333E-1,-2.441406250E-4
3.441666667E-1,-9.155273438E-4
3.441875000E-1,-4.577636719E-4
3.442083333E-1,-2.746582031E-3
3.442291667E-1,-2.258300781E-3
3.442500000E-1,-3.753662109E-3
3.442708333E-1,-4.913330078E-3
3.442916667E-1,-4.547119141E-3
3.443125000E-1,-4.180908203E-3
3.443333333E-1,-2.502441406E-3
3.443541667E-1,-2.380371094E-3
3.443750000E-1,-9.765625000E-4
3.443958333E-1,-1.281738281E-3
3.444166667E-1,-1.220703125E-3
3.444375000E-1,-1.159667969E-3
3.444583333E-1,-1.281738281E-3
3.444791667E-1,-1.281738281E-3
3.445000000E-1,-7.324218750E-4
3.445208333E-1,2.746582031E-4
3.445416667E-1,-6.103515625E-5
3.445625000E-1,3.967285156E-4
3.445833333E-1,-7.019042969E-4
3.446041667E-1,-1.617431641E-3
3.446250000E-1,-1.586914062E-3
3.446458333E-1,-1.159667969E-3
3.446666667E-1,-1.983642578E-3
3.446875000E-1,-2.044677734E-3
3.447083333E-1,-2.624511719E-3
3.447291667E-1,-3.479003906E-3
3.447500000E-1,-3.448486328E-3
3.447708333E-1,-3.479003906E-3
3.447916667E-1,-1.464843750E-3
3.448125000E-1,2.441406250E-4
3.448333333E-1,9.460449219E-4
3.448541667E-1,3.051757812E-4
3.448750000E-1,3.967285156E-4
3.448958333E-1,1.220703125E-4
3.449166667E-1,2.197265625E-3
3.449375000E-1,1.342773438E-3
3.449583333E-1,2.105712891E-3
3.449791667E-1,1.708984375E-3
3.450000000E-1,-3.051757812E-5
3.450208333E-1,5.493164062E-4
3.450416667E-1,-1.312255859E-3
3.450625000E-1,-2.441406250E-4
3.450833333E-1,-1.129150391E-3
3.451041667E-1,-2.746582031E-4
3.451250000E-1,2.441406250E-4
3.451458333E-1,2.136230469E-4
3.451666667E-1,1.922607422E-3
3.451875000E-1,4.882812500E-4
3.452083333E-1,1.281738281E-3
3.452291667E-1,5.493164062E-4
3.452500000E-1,4.577636719E-4
3.452708333E-1,7.934570312E-4
3.452916667E-1,1.861572266E-3
3.453125000E-1,2.899169922E-3
3.453333333E-1,3.723144531E-3
3.453541667E-1,4.364013672E-3
3.453750000E-1,4.455566406E-3
3.453958333E-1,4.913330078E-3
3.454166667E-1,4.425048828E-3
3.454375000E-1,4.150390625E-3
3.454583333E-1,3.479003906E-3
3.454791667E-1,2.655029297E-3
3.455000000E-1,1.708984375E-3
3.455208333E-1,-2.136230469E-4
3.455416667E-1,-2.746582031E-4
3.455625000E-1,-1.281738281E-3
3.455833333E-1,-8.850097656E-4
3.456041667E-1,0.000000000E0
3.456250000E-1,1.220703125E-4
3.456458333E-1,1.281738281E-3
3.456666667E-1,4.272460938E-4
3.456875000E-1,7.324218750E-4
3.457083333E-1,-1.037597656E-3
3.457291667E-1,-1.495361328E-3
3.457500000E-1,-1.495361328E-3
3.457708333E-1,-3.021240234E-3
3.457916667E-1,-1.525878906E-3
3.458125000E-1,-1.159667969E-3
3.458333333E-1,-7.629394531E-4
3.458541667E-1,-1.037597656E-3
3.458750000E-1,-6.408691406E-4
3.458958333E-1,-3.967285156E-4
3.459166667E-1,-1.770019531E-3
3.459375000E-1,-2.777099609E-3
3.459583333E-1,-5.615234375E-3
3.459791667E-1,-5.432128906E-3
3.460000000E-1,-6.591796875E-3
3.460208333E-1,-6.622314453E-3
3.460416667E-1,-4.760742188E-3
3.460625000E-1,-3.723144531E-3
3.460833333E-1,-7.934570312E-4
3.461041667E-1,6.713867188E-4
3.461250000E-1,1.739501953E-3
3.461458333E-1,1.525878906E-3
3.461666667E-1,7.629394531E-4
3.461875000E-1,2.136230469E-4
3.462083333E-1,-8.544921875E-4
3.462291667E-1,-1.312255859E-3
3.462500000E-1,-1.861572266E-3
3.462708333E-1,-1.800537109E-3
3.462916667E-1,-2.441406250E-3
3.463125000E-1,-1.647949219E-3
3.463333333E-1,-8.544921875E-4
3.463541667E-1,-4.272460938E-4
3.463750000E-1,1.068115234E-3
3.463958333E-1,1.159667969E-3
3.464166667E-1,1.342773438E-3
3.464375000E-1,5.798339844E-4
3.464583333E-1,-7.629394531E-4
3.464791667E-1,-1.556396484E-3
3.465000000E-1,-2.990722656E-3
3.465208333E-1,-2.471923828E-3
3.465416667E-1,-2.716064453E-3
3.465625000E-1,-2.075195312E-3
3.465833333E-1,-6.103515625E-5
3.466041667E-1,-1.403808594E-3
3.466250000E-1,-1.037597656E-3
3.466458333E-1,-9.460449219E-4
3.466666667E-1,-1.403808594E-3
3.466875000E-1,-1.220703125E-4
3.467083333E-1,0.000000000E0
3.467291667E-1,6.103515625E-5
3.467500000E-1,1.831054688E-4
3.467708333E-1,-5.798339844E-4
3.467916667E-1,-5.493164062E-4
3.468125000E-1,-1.953125000E-3
3.468333333E-1,-1.708984375E-3
3.468541667E-1,-1.312255859E-3
3.468750000E-1,-1.434326172E-3
3.468958333E-1,-6.408691406E-4
3.469166667E-1,-1.800537109E-3
3.469375000E-1,-1.098632812E-3
3.469583333E-1,-1.281738281E-3
3.469791667E-1,-2.471923828E-3
3.470000000E-1,-2.838134766E-3
3.470208333E-1,-3.448486328E-3
3.470416667E-1,-1.953125000E-3
3.470625000E-1,-1.892089844E-3
3.470833333E-1,-1.342773438E-3
3.471041667E-1,-1.007080078E-3
3.471250000E-1,-1.342773438E-3
3.471458333E-1,-3.051757812E-4
3.471666667E-1,-8.850097656E-4
3.471875000E-1,-5.798339844E-4
3.472083333E-1,-5.187988281E-4
3.472291667E-1,-3.662109375E-4
3.472500000E-1,6.408691406E-4
3.472708333E-1,-5.493164062E-4
3.472916667E-1,-8.850097656E-4
3.473125000E-1,-1.525878906E-3
3.473333333E-1,-1.190185547E-3
3.473541667E-1,-1.434326172E-3
3.473750000E-1,-1.556396484E-3
3.473958333E-1,-9.765625000E-4
3.474166667E-1,-5.493164062E-4
3.474375000E-1,1.251220703E-3
3.474583333E-1,2.288818359E-3
3.474791667E-1,2.777099609E-3
3.475000000E-1,3.143310547E-3
3.475208333E-1,2.838134766E-3
3.475416667E-1,2.227783203E-3
3.475625000E-1,1.586914062E-3
3.475833333E-1,1.647949219E-3
3.476041667E-1,7.324218750E-4
3.476250000E-1,4.882812500E-4
3.476458333E-1,1.129150391E-3
3.476666667E-1,1.068115234E-3
3.476875000E-1,2.929687500E-3
3.477083333E-1,3.387451172E-3
3.477291667E-1,2.899169922E-3
3.477500000E-1,2.136230469E-3
3.477708333E-1,1.434326172E-3
3.477916667E-1,6.103515625E-5
3.478125000E-1,-1.373291016E-3
3.478333333E-1,-3.051757812E-4
3.478541667E-1,-1.037597656E-3
3.478750000E-1,-1.922607422E-3
3.478958333E-1,-2.075195312E-3
3.479166667E-1,-2.960205078E-3
3.479375000E-1,-2.258300781E-3
3.479583333E-1,-1.312255859E-3
3.479791667E-1,-5.493164062E-4
3.480000000E-1,3.967285156E-4
3.480208333E-1,7.324218750E-4
3.480416667E-1,1.281738281E-3
3.480625000E-1,2.929687500E-3
3.480833333E-1,4.211425781E-3
3.481041667E-1,4.211425781E-3
3.481250000E-1,3.784179688E-3
3.481458333E-1,3.112792969E-3
3.481666667E-1,1.739501953E-3
3.481875000E-1,1.281738281E-3
3.482083333E-1,1.495361328E-3
3.482291667E-1,1.342773438E-3
3.482500000E-1,1.647949219E-3
3.482708333E-1,1.647949219E-3
3.482916667E-1,1.617431641E-3
3.483125000E-1,1.586914062E-3
3.483333333E-1,1.586914062E-3
3.483541667E-1,1.739501953E-3
3.483750000E-1,2.136230469E-4
3.483958333E-1,-7.019042969E-4
3.484166667E-1,-9.765625000E-4
3.484375000E-1,-1.525878906E-3
3.484583333E-1,-9.155273438E-5
3.484791667E-1,-9.155273438E-5
3.485000000E-1,7.629394531E-4
3.485208333E-1,4.577636719E-4
3.485416667E-1,5.187988281E-4
3.485625000E-1,7.019042969E-4
3.485833333E-1,-1.525878906E-4
3.486041667E-1,2.746582031E-4
3.486250000E-1,-1.892089844E-3
3.486458333E-1,-9.155273438E-4
3.486666667E-1,-2.532958984E-3
3.486875000E-1,-2.197265625E-3
3.487083333E-1,-5.798339844E-4
3.487291667E-1,-3.662109375E-4
3.487500000E-1,6.713867188E-4
3.487708333E-1,-2.441406250E-4
3.487916667E-1,1.831054688E-4
3.488125000E-1,-1.922607422E-3
3.488333333E-1,-2.563476562E-3
3.488541667E-1,-2.716064453E-3
3.488750000E-1,-2.441406250E-3
3.488958333E-1,-8.850097656E-4
3.489166667E-1,-1.525878906E-4
3.489375000E-1,-4.272460938E-4
3.489583333E-1,-8.850097656E-4
3.489791667E-1,-5.493164062E-4
3.490000000E-1,-3.967285156E-4
3.490208333E-1,1.831054688E-4
3.490416667E-1,-8.239746094E-4
3.490625000E-1,-1.770019531E-3
3.490833333E-1,-2.136230469E-3
3.491041667E-1,-4.150390625E-3
3.491250000E-1,-4.486083984E-3
3.491458333E-1,-4.180908203E-3
3.491666667E-1,-3.845214844E-3
3.491875000E-1,-3.540039062E-3
3.492083333E-1,-3.295898438E-3
3.492291667E-1,-2.899169922E-3
3.492500000E-1,-1.678466797E-3
3.492708333E-1,-1.373291016E-3
3.492916667E-1,-2.136230469E-4
3.493125000E-1,6.103515625E-5
3.493333333E-1,-5.798339844E-4
3.493541667E-1,1.464843750E-3
3.493750000E-1,6.103515625E-4
3.493958333E-1,3.967285156E-4
3.494166667E-1,5.798339844E-4
3.494375000E-1,-3.356933594E-4
3.494583333E-1,1.495361328E-3
3.494791667E-1,3.051757812E-4
3.495000000E-1,2.532958984E-3
3.495208333E-1,2.288818359E-3
3.495416667E-1,1.739501953E-3
3.495625000E-1,3.509521484E-3
3.495833333E-1,9.765625000E-4
3.496041667E-1,2.075195312E-3
3.496250000E-1,7.019042969E-4
3.496458333E-1,3.967285156E-4
3.496666667E-1,1.434326172E-3
3.496875000E-1,4.272460938E-4
3.497083333E-1,2.044677734E-3
3.497291667E-1,4.272460938E-4
3.497500000E-1,9.765625000E-4
3.497708333E-1,6.103515625E-5
3.497916667E-1,-2.441406250E-4
3.498125000E-1,7.629394531E-4
3.498333333E-1,-4.882812500E-4
3.498541667E-1,7.019042969E-4
3.498750000E-1,-7.019042969E-4
3.498958333E-1,-1.129150391E-3
3.499166667E-1,-1.129150391E-3
3.499375000E-1,-7.324218750E-4
3.499583333E-1,-3.662109375E-4
3.499791667E-1,9.155273438E-5
3.500000000E-1,1.922607422E-3
3.500208333E-1,2.197265625E-3
3.500416667E-1,2.532958984E-3
3.500625000E-1,6.103515625E-4
3.500833333E-1,1.251220703E-3
3.501041667E-1,6.713867188E-4
3.501250000E-1,6.713867188E-4
3.501458333E-1,1.739501953E-3
3.501666667E-1,1.861572266E-3
3.501875000E-1,2.716064453E-3
3.502083333E-1,3.143310547E-3
3.502291667E-1,4.913330078E-3
3.502500000E-1,3.906250000E-3
3.502708333E-1,4.791259766E-3
3.502916667E-1,3.417968750E-3
3.503125000E-1,3.662109375E-3
3.503333333E-1,3.540039062E-3
3.503541667E-1,2.777099609E-3
3.503750000E-1,4.241943359E-3
3.503958333E-1,4.364013672E-3
3.504166667E-1,6.378173828E-3
3.504375000E-1,5.554199219E-3
3.504583333E-1,6.744384766E-3
3.504791667E-1,5.859375000E-3
3.505000000E-1,5.371093750E-3
3.505208333E-1,6.134033203E-3
3.505416667E-1,4.089355469E-3
3.505625000E-1,4.730224609E-3
3.505833333E-1,4.241943359E-3
3.506041667E-1,4.669189453E-3
3.506250000E-1,4.913330078E-3
3.506458333E-1,5.340576172E-3
3.506666667E-1,4.058837891E-3
3.506875000E-1,3.295898438E-3
3.507083333E-1,1.617431641E-3
3.507291667E-1,1.220703125E-3
3.507500000E-1,1.770019531E-3
3.507708333E-1,3.967285156E-4
3.507916667E-1,1.342773438E-3
3.508125000E-1,-4.882812500E-4
3.508333333E-1,-6.103515625E-5
3.508541667E-1,-4.272460938E-4
3.508750000E-1,-6.408691406E-4
3.508958333E-1,6.713867188E-4
3.509166667E-1,8.544921875E-4
3.509375000E-1,2.990722656E-3
3.509583333E-1,3.082275391E-3
3.509791667E-1,4.364013672E-3
3.510000000E-1,3.692626953E-3
3.510208333E-1,3.845214844E-3
3.510416667E-1,4.455566406E-3
3.510625000E-1,3.234863281E-3
3.510833333E-1,4.913330078E-3
3.511041667E-1,3.540039062E-3
3.511250000E-1,3.936767578E-3
3.511458333E-1,1.892089844E-3
3.511666667E-1,1.586914062E-3
3.511875000E-1,2.044677734E-3
3.512083333E-1,0.000000000E0
3.512291667E-1,2.227783203E-3
3.512500000E-1,1.831054688E-4
3.512708333E-1,1.708984375E-3
3.512916667E-1,4.577636719E-4
3.513125000E-1,-8.544921875E-4
3.513333333E-1,2.746582031E-4
3.513541667E-1,-1.647949219E-3
3.513750000E-1,-2.105712891E-3
3.513958333E-1,-3.814697266E-3
3.514166667E-1,-4.760742188E-3
3.514375000E-1,-4.730224609E-3
3.514583333E-1,-6.134033203E-3
3.514791667E-1,-5.157470703E-3
3.515000000E-1,-5.218505859E-3
3.515208333E-1,-4.730224609E-3
3.515416667E-1,-3.692626953E-3
3.515625000E-1,-4.638671875E-3
3.515833333E-1,-2.319335938E-3
3.516041667E-1,-2.807617188E-3
3.516250000E-1,-2.105712891E-3
3.516458333E-1,-2.685546875E-3
3.516666667E-1,-2.807617188E-3
3.516875000E-1,-1.190185547E-3
3.517083333E-1,-1.007080078E-3
3.517291667E-1,5.798339844E-4
3.517500000E-1,-1.220703125E-4
3.517708333E-1,4.272460938E-4
3.517916667E-1,1.525878906E-4
3.518125000E-1,3.967285156E-4
3.518333333E-1,1.281738281E-3
3.518541667E-1,2.471923828E-3
3.518750000E-1,2.502441406E-3
3.518958333E-1,2.014160156E-3
3.519166667E-1,1.464843750E-3
3.519375000E-1,9.155273438E-5
3.519583333E-1,-5.798339844E-4
3.519791667E-1,2.746582031E-4
3.520000000E-1,1.159667969E-3
3.520208333E-1,2.655029297E-3
3.520416667E-1,3.082275391E-3
3.520625000E-1,2.227783203E-3
3.520833333E-1,1.556396484E-3
3.521041667E-1,5.187988281E-4
3.521250000E-1,-1.007080078E-3
3.521458333E-1,-1.708984375E-3
3.521666667E-1,-1.068115234E-3
3.521875000E-1,-2.441406250E-4
3.522083333E-1,1.525878906E-3
3.522291667E-1,1.434326172E-3
3.522500000E-1,1.037597656E-3
3.522708333E-1,2.136230469E-4
3.522916667E-1,-1.159667969E-3
3.523125000E-1,-1.525878906E-3
3.523333333E-1,-2.319335938E-3
3.523541667E-1,-2.593994141E-3
3.523750000E-1,-3.082275391E-3
3.523958333E-1,-3.662109375E-3
3.524166667E-1,-3.540039062E-3
3.524375000E-1,-5.126953125E-3
3.524583333E-1,-5.340576172E-3
3.524791667E-1,-5.920410156E-3
3.525000000E-1,-5.279541016E-3
3.525208333E-1,-3.540039062E-3
3.525416667E-1,-1.190185547E-3
3.525625000E-1,4.272460938E-4
3.525833333E-1,2.258300781E-3
3.526041667E-1,2.929687500E-3
3.526250000E-1,1.403808594E-3
3.526458333E-1,-3.143310547E-3
3.526666667E-1,-9.918212891E-3
3.526875000E-1,-1.284790039E-2
3.527083333E-1,-1.431274414E-2
3.527291667E-1,-8.056640625E-3
3.527500000E-1,1.922607422E-3
3.527708333E-1,1.229858398E-2
3.527916667E-1,2.005004883E-2
3.528125000E-1,2.145385742E-2
3.528333333E-1,1.705932617E-2
3.528541667E-1,8.697509766E-3
3.528750000E-1,2.136230469E-3
3.528958333E-1,-4.089355469E-3
3.529166667E-1,-9.826660156E-3
3.529375000E-1,-1.354980469E-2
3.529583333E-1,-9.796142578E-3
3.529791667E-1,9.155273438E-5
3.530000000E-1,8.666992188E-3
3.530208333E-1,1.168823242E-2
3.530416667E-1,6.042480469E-3
3.530625000E-1,-3.387451172E-3
3.530833333E-1,-9.796142578E-3
3.531041667E-1,-1.184082031E-2
3.531250000E-1,-8.361816406E-3
3.531458333E-1,-5.279541016E-3
3.531666667E-1,-8.422851562E-3
3.531875000E-1,-1.480102539E-2
3.532083333E-1,-2.233886719E-2
3.532291667E-1,-1.947021484E-2
3.532500000E-1,-1.428222656E-2
3.532708333E-1,-7.934570312E-3
3.532916667E-1,-1.129150391E-3
3.533125000E-1,-1.953125000E-3
3.533333333E-1,1.464843750E-3
3.533541667E-1,5.371093750E-3
3.533750000E-1,1.000976562E-2
3.533958333E-1,1.040649414E-2
3.534166667E-1,8.270263672E-3
3.534375000E-1,6.866455078E-3
3.534583333E-1,2.655029297E-3
3.534791667E-1,4.425048828E-3
3.535000000E-1,7.232666016E-3
3.535208333E-1,7.568359375E-3
3.535416667E-1,8.270263672E-3
3.535625000E-1,7.965087891E-3
3.535833333E-1,9.246826172E-3
3.536041667E-1,6.622314453E-3
3.536250000E-1,1.953125000E-3
3.536458333E-1,-2.288818359E-3
3.536666667E-1,-8.331298828E-3
3.536875000E-1,-1.028442383E-2
3.537083333E-1,-1.229858398E-2
3.537291667E-1,-1.269531250E-2
3.537500000E-1,-1.388549805E-2
3.537708333E-1,-1.559448242E-2
3.537916667E-1,-1.287841797E-2
3.538125000E-1,-9.735107422E-3
3.538333333E-1,-3.570556641E-3
3.538541667E-1,2.502441406E-3
3.538750000E-1,6.378173828E-3
3.538958333E-1,7.324218750E-3
3.539166667E-1,7.934570312E-3
3.539375000E-1,8.453369141E-3
3.539583333E-1,8.300781250E-3
3.539791667E-1,6.500244141E-3
3.540000000E-1,3.234863281E-3
3.540208333E-1,1.434326172E-3
3.540416667E-1,3.112792969E-3
3.540625000E-1,5.157470703E-3
3.540833333E-1,4.821777344E-3
3.541041667E-1,4.272460938E-3
3.541250000E-1,1.312255859E-3
3.541458333E-1,-1.220703125E-3
3.541666667E-1,-3.356933594E-3
3.541875000E-1,-4.364013672E-3
3.542083333E-1,-6.347656250E-3
3.542291667E-1,-5.432128906E-3
3.542500000E-1,-5.340576172E-3
3.542708333E-1,-4.119873047E-3
3.542916667E-1,-3.173828125E-3
3.543125000E-1,-4.760742188E-3
3.543333333E-1,-5.401611328E-3
3.543541667E-1,-7.690429688E-3
3.543750000E-1,-6.561279297E-3
3.543958333E-1,-4.791259766E-3
3.544166667E-1,-2.593994141E-3
3.544375000E-1,-9.155273438E-5
3.544583333E-1,-1.831054688E-4
3.544791667E-1,-1.525878906E-3
3.545000000E-1,-2.960205078E-3
3.545208333E-1,-2.349853516E-3
3.545416667E-1,-4.180908203E-3
3.545625000E-1,-2.960205078E-3
3.545833333E-1,-1.831054688E-3
3.546041667E-1,-6.408691406E-4
3.546250000E-1,7.324218750E-4
3.546458333E-1,6.408691406E-4
3.546666667E-1,3.662109375E-3
3.546875000E-1,1.770019531E-3
3.547083333E-1,2.014160156E-3
3.547291667E-1,2.105712891E-3
3.547500000E-1,7.324218750E-4
3.547708333E-1,1.708984375E-3
3.547916667E-1,9.155273438E-5
3.548125000E-1,-3.967285156E-4
3.548333333E-1,-1.464843750E-3
3.548541667E-1,-1.159667969E-3
3.548750000E-1,2.136230469E-4
3.548958333E-1,3.967285156E-4
3.549166667E-1,2.685546875E-3
3.549375000E-1,4.058837891E-3
3.549583333E-1,6.256103516E-3
3.549791667E-1,6.988525391E-3
3.550000000E-1,7.080078125E-3
3.550208333E-1,6.744384766E-3
3.550416667E-1,4.974365234E-3
3.550625000E-1,4.669189453E-3
3.550833333E-1,2.807617188E-3
3.551041667E-1,2.777099609E-3
3.551250000E-1,2.990722656E-3
3.551458333E-1,3.509521484E-3
3.551666667E-1,4.455566406E-3
3.551875000E-1,5.645751953E-3
3.552083333E-1,6.469726562E-3
3.552291667E-1,4.150390625E-3
3.552500000E-1,2.349853516E-3
3.552708333E-1,-2.746582031E-4
3.552916667E-1,-1.373291016E-3
3.553125000E-1,-2.899169922E-3
3.553333333E-1,-1.678466797E-3
3.553541667E-1,-1.678466797E-3
3.553750000E-1,-5.493164062E-4
3.553958333E-1,7.629394531E-4
3.554166667E-1,-9.155273438E-5
3.554375000E-1,2.044677734E-3
3.554583333E-1,5.493164062E-4
3.554791667E-1,2.075195312E-3
3.555000000E-1,2.014160156E-3
3.555208333E-1,2.288818359E-3
3.555416667E-1,3.509521484E-3
3.555625000E-1,3.570556641E-3
3.555833333E-1,5.493164062E-3
3.556041667E-1,4.547119141E-3
3.556250000E-1,4.821777344E-3
3.556458333E-1,4.180908203E-3
3.556666667E-1,4.241943359E-3
3.556875000E-1,2.960205078E-3
3.557083333E-1,1.861572266E-3
3.557291667E-1,1.617431641E-3
3.557500000E-1,4.272460938E-4
3.557708333E-1,1.708984375E-3
3.557916667E-1,3.967285156E-4
3.558125000E-1,3.662109375E-4
3.558333333E-1,-5.493164062E-4
3.558541667E-1,-1.800537109E-3
3.558750000E-1,-3.051757812E-5
3.558958333E-1,-1.831054688E-4
3.559166667E-1,1.098632812E-3
3.559375000E-1,-3.051757812E-5
3.559583333E-1,2.441406250E-4
3.559791667E-1,3.662109375E-4
3.560000000E-1,-1.678466797E-3
3.560208333E-1,1.586914062E-3
3.560416667E-1,2.258300781E-3
3.560625000E-1,4.394531250E-3
3.560833333E-1,5.523681641E-3
3.561041667E-1,5.615234375E-3
3.561250000E-1,7.507324219E-3
3.561458333E-1,4.852294922E-3
3.561666667E-1,3.906250000E-3
3.561875000E-1,2.288818359E-3
3.562083333E-1,8.850097656E-4
3.562291667E-1,7.019042969E-4
3.562500000E-1,-1.159667969E-3
3.562708333E-1,3.662109375E-4
3.562916667E-1,9.155273438E-4
3.563125000E-1,2.044677734E-3
3.563333333E-1,2.685546875E-3
3.563541667E-1,1.770019531E-3
3.563750000E-1,1.464843750E-3
3.563958333E-1,-1.037597656E-3
3.564166667E-1,-1.007080078E-3
3.564375000E-1,-2.838134766E-3
3.564583333E-1,-3.417968750E-3
3.564791667E-1,-3.326416016E-3
3.565000000E-1,-4.760742188E-3
3.565208333E-1,-3.936767578E-3
3.565416667E-1,-3.295898438E-3
3.565625000E-1,-2.197265625E-3
3.565833333E-1,-6.103515625E-4
3.566041667E-1,-7.629394531E-4
3.566250000E-1,-1.525878906E-4
3.566458333E-1,-2.441406250E-4
3.566666667E-1,-2.136230469E-3
3.566875000E-1,-1.678466797E-3
3.567083333E-1,-1.922607422E-3
3.567291667E-1,-2.166748047E-3
3.567500000E-1,-1.770019531E-3
3.567708333E-1,-1.678466797E-3
3.567916667E-1,-1.617431641E-3
3.568125000E-1,-6.408691406E-4
3.568333333E-1,9.155273438E-5
3.568541667E-1,1.831054688E-4
3.568750000E-1,1.525878906E-3
3.568958333E-1,2.288818359E-3
3.569166667E-1,1.770019531E-3
3.569375000E-1,1.525878906E-3
3.569583333E-1,3.967285156E-4
3.569791667E-1,-4.272460938E-4
3.570000000E-1,-6.408691406E-4
3.570208333E-1,6.103515625E-5
3.570416667E-1,9.155273438E-5
3.570625000E-1,-3.356933594E-4
3.570833333E-1,1.220703125E-4
3.571041667E-1,-4.577636719E-4
3.571250000E-1,2.136230469E-4
3.571458333E-1,1.098632812E-3
3.571666667E-1,9.765625000E-4
3.571875000E-1,7.324218750E-4
3.572083333E-1,-4.882812500E-4
3.572291667E-1,-3.967285156E-4
3.572500000E-1,-1.831054688E-4
3.572708333E-1,-3.051757812E-4
3.572916667E-1,-4.272460938E-4
3.573125000E-1,-1.495361328E-3
3.573333333E-1,-1.953125000E-3
3.573541667E-1,-1.373291016E-3
3.573750000E-1,-1.342773438E-3
3.573958333E-1,-1.037597656E-3
3.574166667E-1,-1.800537109E-3
3.574375000E-1,-3.173828125E-3
3.574583333E-1,-3.295898438E-3
3.574791667E-1,-3.784179688E-3
3.575000000E-1,-2.532958984E-3
3.575208333E-1,-1.739501953E-3
3.575416667E-1,5.493164062E-4
3.575625000E-1,1.098632812E-3
3.575833333E-1,1.403808594E-3
3.576041667E-1,1.312255859E-3
3.576250000E-1,1.190185547E-3
3.576458333E-1,6.408691406E-4
3.576666667E-1,-4.882812500E-4
3.576875000E-1,-1.525878906E-4
3.577083333E-1,-9.460449219E-4
3.577291667E-1,-5.187988281E-4
3.577500000E-1,6.103515625E-5
3.577708333E-1,5.798339844E-4
3.577916667E-1,1.342773438E-3
3.578125000E-1,1.861572266E-3
3.578333333E-1,1.922607422E-3
3.578541667E-1,1.495361328E-3
3.578750000E-1,2.441406250E-4
3.578958333E-1,-6.103515625E-4
3.579166667E-1,-7.934570312E-4
3.579375000E-1,-1.159667969E-3
3.579583333E-1,-2.441406250E-4
3.579791667E-1,6.103515625E-4
3.580000000E-1,1.953125000E-3
3.580208333E-1,3.295898438E-3
3.580416667E-1,3.295898438E-3
3.580625000E-1,2.685546875E-3
3.580833333E-1,2.014160156E-3
3.581041667E-1,3.051757812E-4
3.581250000E-1,-9.155273438E-4
3.581458333E-1,-1.495361328E-3
3.581666667E-1,-1.464843750E-3
3.581875000E-1,-6.103515625E-4
3.582083333E-1,1.007080078E-3
3.582291667E-1,3.387451172E-3
3.582500000E-1,4.333496094E-3
3.582708333E-1,5.859375000E-3
3.582916667E-1,6.713867188E-3
3.583125000E-1,4.913330078E-3
3.583333333E-1,4.577636719E-3
3.583541667E-1,3.784179688E-3
3.583750000E-1,2.929687500E-3
3.583958333E-1,2.746582031E-4
3.584166667E-1,-2.258300781E-3
3.584375000E-1,-2.441406250E-3
3.584583333E-1,-2.136230469E-3
3.584791667E-1,-1.495361328E-3
3.585000000E-1,-2.136230469E-4
3.585208333E-1,-9.155273438E-5
3.585416667E-1,-9.155273438E-5
3.585625000E-1,-1.525878906E-4
3.585833333E-1,-1.647949219E-3
3.586041667E-1,-1.373291016E-3
3.586250000E-1,-2.838134766E-3
3.586458333E-1,-2.807617188E-3
3.586666667E-1,-1.068115234E-3
3.586875000E-1,-5.187988281E-4
3.587083333E-1,2.075195312E-3
3.587291667E-1,1.098632812E-3
3.587500000E-1,2.899169922E-3
3.587708333E-1,1.922607422E-3
3.587916667E-1,1.312255859E-3
3.588125000E-1,2.227783203E-3
3.588333333E-1,-7.324218750E-4
3.588541667E-1,-1.037597656E-3
3.588750000E-1,-3.143310547E-3
3.588958333E-1,-3.509521484E-3
3.589166667E-1,-3.662109375E-3
3.589375000E-1,-3.387451172E-3
3.589583333E-1,-2.227783203E-3
3.589791667E-1,-2.105712891E-3
3.590000000E-1,-1.800537109E-3
3.590208333E-1,-2.349853516E-3
3.590416667E-1,-1.922607422E-3
3.590625000E-1,-1.953125000E-3
3.590833333E-1,-1.922607422E-3
3.591041667E-1,-1.953125000E-3
3.591250000E-1,-1.708984375E-3
3.591458333E-1,-2.136230469E-3
3.591666667E-1,-1.831054688E-3
3.591875000E-1,-2.136230469E-3
3.592083333E-1,-3.356933594E-3
3.592291667E-1,-2.960205078E-3
3.592500000E-1,-3.692626953E-3
3.592708333E-1,-3.173828125E-3
3.592916667E-1,-2.990722656E-3
3.593125000E-1,-1.464843750E-3
3.593333333E-1,-8.239746094E-4
3.593541667E-1,-1.007080078E-3
3.593750000E-1,-2.746582031E-4
3.593958333E-1,-1.617431641E-3
3.594166667E-1,-1.800537109E-3
3.594375000E-1,-1.800537109E-3
3.594583333E-1,-2.288818359E-3
3.594791667E-1,-3.540039062E-3
3.595000000E-1,-4.333496094E-3
3.595208333E-1,-2.624511719E-3
3.595416667E-1,-1.098632812E-3
3.595625000E-1,3.051757812E-5
3.595833333E-1,-3.967285156E-4
3.596041667E-1,3.051757812E-5
3.596250000E-1,-2.746582031E-4
3.596458333E-1,-9.460449219E-4
3.596666667E-1,-1.373291016E-3
3.596875000E-1,-1.312255859E-3
3.597083333E-1,-7.629394531E-4
3.597291667E-1,-1.953125000E-3
3.597500000E-1,-1.129150391E-3
3.597708333E-1,-3.051757812E-4
3.597916667E-1,6.408691406E-4
3.598125000E-1,1.342773438E-3
3.598333333E-1,2.441406250E-3
3.598541667E-1,2.624511719E-3
3.598750000E-1,2.319335938E-3
3.598958333E-1,1.922607422E-3
3.599166667E-1,1.495361328E-3
3.599375000E-1,1.556396484E-3
3.599583333E-1,8.850097656E-4
3.599791667E-1,1.342773438E-3
3.600000000E-1,6.103515625E-5
3.600208333E-1,-5.493164062E-4
3.600416667E-1,-4.577636719E-4
3.600625000E-1,-7.934570312E-4
3.600833333E-1,3.967285156E-4
3.601041667E-1,-1.586914062E-3
3.601250000E-1,-1.556396484E-3
3.601458333E-1,-2.075195312E-3
3.601666667E-1,-2.655029297E-3
3.601875000E-1,-2.075195312E-3
3.602083333E-1,-1.770019531E-3
3.602291667E-1,1.831054688E-3
3.602500000E-1,2.441406250E-3
3.602708333E-1,4.486083984E-3
3.602916667E-1,5.554199219E-3
3.603125000E-1,3.875732422E-3
3.603333333E-1,2.990722656E-3
3.603541667E-1,1.739501953E-3
3.603750000E-1,3.173828125E-3
3.603958333E-1,2.197265625E-3
3.604166667E-1,3.082275391E-3
3.604375000E-1,5.218505859E-3
3.604583333E-1,4.638671875E-3
3.604791667E-1,5.004882812E-3
3.605000000E-1,4.760742188E-3
3.605208333E-1,3.143310547E-3
3.605416667E-1,3.204345703E-3
3.605625000E-1,3.051757812E-3
3.605833333E-1,3.387451172E-3
3.606041667E-1,4.638671875E-3
3.606250000E-1,2.319335938E-3
3.606458333E-1,9.155273438E-4
3.606666667E-1,6.408691406E-4
3.606875000E-1,-1.129150391E-3
3.607083333E-1,4.882812500E-4
3.607291667E-1,1.831054688E-4
3.607500000E-1,1.373291016E-3
3.607708333E-1,1.098632812E-3
3.607916667E-1,4.272460938E-4
3.608125000E-1,9.765625000E-4
3.608333333E-1,3.051757812E-5
3.608541667E-1,1.892089844E-3
3.608750000E-1,1.861572266E-3
3.608958333E-1,3.173828125E-3
3.609166667E-1,4.364013672E-3
3.609375000E-1,4.547119141E-3
3.609583333E-1,6.286621094E-3
3.609791667E-1,4.730224609E-3
3.610000000E-1,4.608154297E-3
3.610208333E-1,2.655029297E-3
3.610416667E-1,1.281738281E-3
3.610625000E-1,9.765625000E-4
3.610833333E-1,2.136230469E-4
3.611041667E-1,2.319335938E-3
3.611250000E-1,1.617431641E-3
3.611458333E-1,1.770019531E-3
3.611666667E-1,4.272460938E-4
3.611875000E-1,-4.577636719E-4
3.612083333E-1,-1.953125000E-3
3.612291667E-1,-2.441406250E-3
3.612500000E-1,-1.464843750E-3
3.612708333E-1,-2.105712891E-3
3.612916667E-1,-1.708984375E-3
3.613125000E-1,-1.678466797E-3
3.613333333E-1,-2.227783203E-3
3.613541667E-1,-2.990722656E-3
3.613750000E-1,-3.631591797E-3
3.613958333E-1,-1.892089844E-3
3.614166667E-1,-1.922607422E-3
3.614375000E-1,-3.051757812E-5
3.614583333E-1,8.850097656E-4
3.614791667E-1,1.831054688E-4
3.615000000E-1,1.312255859E-3
3.615208333E-1,5.187988281E-4
3.615416667E-1,1.281738281E-3
3.615625000E-1,1.220703125E-4
3.615833333E-1,-2.288818359E-3
3.616041667E-1,-2.471923828E-3
3.616250000E-1,-3.692626953E-3
3.616458333E-1,-1.983642578E-3
3.616666667E-1,-1.098632812E-3
3.616875000E-1,-1.098632812E-3
3.617083333E-1,-1.129150391E-3
3.617291667E-1,-2.410888672E-3
3.617500000E-1,-2.777099609E-3
3.617708333E-1,-3.845214844E-3
3.617916667E-1,-4.333496094E-3
3.618125000E-1,-3.204345703E-3
3.618333333E-1,-2.441406250E-3
3.618541667E-1,-1.464843750E-3
3.618750000E-1,1.251220703E-3
3.618958333E-1,9.765625000E-4
3.619166667E-1,1.342773438E-3
3.619375000E-1,2.746582031E-4
3.619583333E-1,-1.403808594E-3
3.619791667E-1,-2.716064453E-3
3.620000000E-1,-4.821777344E-3
3.620208333E-1,-5.065917969E-3
3.620416667E-1,-5.401611328E-3
3.620625000E-1,-5.065917969E-3
3.620833333E-1,-4.302978516E-3
3.621041667E-1,-4.943847656E-3
3.621250000E-1,-2.960205078E-3
3.621458333E-1,-3.082275391E-3
3.621666667E-1,-4.730224609E-3
3.621875000E-1,-3.204345703E-3
3.622083333E-1,-4.486083984E-3
3.622291667E-1,-2.777099609E-3
3.622500000E-1,-1.434326172E-3
3.622708333E-1,-1.373291016E-3
3.622916667E-1,1.953125000E-3
3.623125000E-1,2.746582031E-3
3.623333333E-1,4.394531250E-3
3.623541667E-1,2.838134766E-3
3.623750000E-1,2.502441406E-3
3.623958333E-1,2.868652344E-3
3.624166667E-1,2.288818359E-3
3.624375000E-1,4.150390625E-3
3.624583333E-1,4.180908203E-3
3.624791667E-1,3.936767578E-3
3.625000000E-1,3.051757812E-3
3.625208333E-1,1.007080078E-3
3.625416667E-1,0.000000000E0
3.625625000E-1,3.356933594E-4
3.625833333E-1,3.967285156E-4
3.626041667E-1,-2.441406250E-4
3.626250000E-1,-1.007080078E-3
3.626458333E-1,-1.159667969E-3
3.626666667E-1,-5.493164062E-4
3.626875000E-1,-2.258300781E-3
3.627083333E-1,-2.838134766E-3
3.627291667E-1,-2.868652344E-3
3.627500000E-1,-3.936767578E-3
3.627708333E-1,-2.349853516E-3
3.627916667E-1,-1.617431641E-3
3.628125000E-1,2.136230469E-4
3.628333333E-1,2.441406250E-4
3.628541667E-1,4.272460938E-4
3.628750000E-1,1.220703125E-3
3.628958333E-1,-3.662109375E-4
3.629166667E-1,-6.103515625E-4
3.629375000E-1,-7.324218750E-4
3.629583333E-1,9.765625000E-4
3.629791667E-1,1.403808594E-3
3.630000000E-1,1.495361328E-3
3.630208333E-1,2.593994141E-3
3.630416667E-1,1.220703125E-4
3.630625000E-1,-2.075195312E-3
3.630833333E-1,-3.540039062E-3
3.631041667E-1,-4.455566406E-3
3.631250000E-1,-4.302978516E-3
3.631458333E-1,-3.204345703E-3
3.631666667E-1,-1.678466797E-3
3.631875000E-1,-1.892089844E-3
3.632083333E-1,-1.464843750E-3
3.632291667E-1,-1.403808594E-3
3.632500000E-1,-1.678466797E-3
3.632708333E-1,-2.746582031E-4
3.632916667E-1,-5.798339844E-4
3.633125000E-1,-5.187988281E-4
3.633333333E-1,-1.281738281E-3
3.633541667E-1,-1.739501953E-3
3.633750000E-1,-2.471923828E-3
3.633958333E-1,-2.807617188E-3
3.634166667E-1,-1.953125000E-3
3.634375000E-1,-2.227783203E-3
3.634583333E-1,-2.227783203E-3
3.634791667E-1,-3.509521484E-3
3.635000000E-1,-2.227783203E-3
3.635208333E-1,-2.441406250E-3
3.635416667E-1,-1.708984375E-3
3.635625000E-1,-5.187988281E-4
3.635833333E-1,2.441406250E-4
3.636041667E-1,1.983642578E-3
3.636250000E-1,1.068115234E-3
3.636458333E-1,1.586914062E-3
3.636666667E-1,1.953125000E-3
3.636875000E-1,3.326416016E-3
3.637083333E-1,2.777099609E-3
3.637291667E-1,3.021240234E-3
3.637500000E-1,2.593994141E-3
3.637708333E-1,1.586914062E-3
3.637916667E-1,8.239746094E-4
3.638125000E-1,2.441406250E-4
3.638333333E-1,6.103515625E-5
3.638541667E-1,-1.129150391E-3
3.638750000E-1,2.441406250E-4
3.638958333E-1,-9.155273438E-4
3.639166667E-1,-1.434326172E-3
3.639375000E-1,-1.190185547E-3
3.639583333E-1,-2.563476562E-3
3.639791667E-1,-3.204345703E-3
3.640000000E-1,-3.692626953E-3
3.640208333E-1,-2.349853516E-3
3.640416667E-1,-1.739501953E-3
3.640625000E-1,-2.349853516E-3
3.640833333E-1,-1.312255859E-3
3.641041667E-1,-1.861572266E-3
3.641250000E-1,-1.159667969E-3
3.641458333E-1,-1.983642578E-3
3.641666667E-1,-3.265380859E-3
3.641875000E-1,-3.601074219E-3
3.642083333E-1,-4.119873047E-3
3.642291667E-1,-3.448486328E-3
3.642500000E-1,-4.119873047E-3
3.642708333E-1,-2.777099609E-3
3.642916667E-1,-3.295898438E-3
3.643125000E-1,-2.746582031E-3
3.643333333E-1,-1.190185547E-3
3.643541667E-1,-9.765625000E-4
3.643750000E-1,6.103515625E-4
3.643958333E-1,7.324218750E-4
3.644166667E-1,2.441406250E-3
3.644375000E-1,2.227783203E-3
3.644583333E-1,1.892089844E-3
3.644791667E-1,4.577636719E-4
3.645000000E-1,9.155273438E-5
3.645208333E-1,7.629394531E-4
3.645416667E-1,-6.103515625E-5
3.645625000E-1,2.319335938E-3
3.645833333E-1,1.403808594E-3
3.646041667E-1,1.007080078E-3
3.646250000E-1,8.850097656E-4
3.646458333E-1,-3.356933594E-4
3.646666667E-1,-3.662109375E-4
3.646875000E-1,-2.075195312E-3
3.647083333E-1,-1.953125000E-3
3.647291667E-1,-2.502441406E-3
3.647500000E-1,-9.460449219E-4
3.647708333E-1,3.662109375E-4
3.647916667E-1,3.662109375E-4
3.648125000E-1,1.434326172E-3
3.648333333E-1,5.187988281E-4
3.648541667E-1,-1.220703125E-4
3.648750000E-1,-1.373291016E-3
3.648958333E-1,-8.239746094E-4
3.649166667E-1,-4.882812500E-4
3.649375000E-1,-1.068115234E-3
3.649583333E-1,6.103515625E-5
3.649791667E-1,1.953125000E-3
3.650000000E-1,4.119873047E-3
3.650208333E-1,6.011962891E-3
3.650416667E-1,6.927490234E-3
3.650625000E-1,8.544921875E-3
3.650833333E-1,8.850097656E-3
3.651041667E-1,8.636474609E-3
3.651250000E-1,8.514404297E-3
3.651458333E-1,7.446289062E-3
3.651666667E-1,7.781982422E-3
3.651875000E-1,6.256103516E-3
3.652083333E-1,4.882812500E-3
3.652291667E-1,4.241943359E-3
3.652500000E-1,3.814697266E-3
3.652708333E-1,3.784179688E-3
3.652916667E-1,2.960205078E-3
3.653125000E-1,2.990722656E-3
3.653333333E-1,3.631591797E-3
3.653541667E-1,4.882812500E-3
3.653750000E-1,5.584716797E-3
3.653958333E-1,4.943847656E-3
3.654166667E-1,4.241943359E-3
3.654375000E-1,3.723144531E-3
3.654583333E-1,1.464843750E-3
3.654791667E-1,2.105712891E-3
3.655000000E-1,2.899169922E-3
3.655208333E-1,2.319335938E-3
3.655416667E-1,3.784179688E-3
3.655625000E-1,3.417968750E-3
3.655833333E-1,2.593994141E-3
3.656041667E-1,2.471923828E-3
3.656250000E-1,4.882812500E-4
3.656458333E-1,2.441406250E-4
3.656666667E-1,-2.746582031E-4
3.656875000E-1,-6.408691406E-4
3.657083333E-1,-6.408691406E-4
3.657291667E-1,-2.655029297E-3
3.657500000E-1,-1.831054688E-3
3.657708333E-1,-3.967285156E-3
3.657916667E-1,-2.685546875E-3
3.658125000E-1,-8.544921875E-4
3.658333333E-1,3.051757812E-5
3.658541667E-1,3.356933594E-3
3.658750000E-1,3.051757812E-3
3.658958333E-1,4.211425781E-3
3.659166667E-1,3.540039062E-3
3.659375000E-1,2.838134766E-3
3.659583333E-1,2.258300781E-3
3.659791667E-1,-5.493164062E-4
3.660000000E-1,2.746582031E-4
3.660208333E-1,-1.190185547E-3
3.660416667E-1,-9.460449219E-4
3.660625000E-1,2.136230469E-4
3.660833333E-1,1.403808594E-3
3.661041667E-1,3.051757812E-3
3.661250000E-1,3.387451172E-3
3.661458333E-1,4.333496094E-3
3.661666667E-1,2.929687500E-3
3.661875000E-1,1.739501953E-3
3.662083333E-1,0.000000000E0
3.662291667E-1,-1.556396484E-3
3.662500000E-1,-2.624511719E-3
3.662708333E-1,-2.410888672E-3
3.662916667E-1,-1.525878906E-3
3.663125000E-1,-9.460449219E-4
3.663333333E-1,-4.577636719E-4
3.663541667E-1,1.129150391E-3
3.663750000E-1,1.922607422E-3
3.663958333E-1,2.532958984E-3
3.664166667E-1,3.936767578E-3
3.664375000E-1,3.448486328E-3
3.664583333E-1,2.929687500E-3
3.664791667E-1,3.021240234E-3
3.665000000E-1,3.082275391E-3
3.665208333E-1,1.861572266E-3
3.665416667E-1,2.075195312E-3
3.665625000E-1,1.708984375E-3
3.665833333E-1,9.155273438E-5
3.666041667E-1,3.356933594E-4
3.666250000E-1,-5.798339844E-4
3.666458333E-1,-9.155273438E-4
3.666666667E-1,-1.953125000E-3
3.666875000E-1,-2.471923828E-3
3.667083333E-1,-3.204345703E-3
3.667291667E-1,-5.737304688E-3
3.667500000E-1,-5.706787109E-3
3.667708333E-1,-6.774902344E-3
3.667916667E-1,-5.767822266E-3
3.668125000E-1,-4.394531250E-3
3.668333333E-1,-4.364013672E-3
3.668541667E-1,-3.692626953E-3
3.668750000E-1,-2.258300781E-3
3.668958333E-1,-2.410888672E-3
3.669166667E-1,-3.234863281E-3
3.669375000E-1,-1.586914062E-3
3.669583333E-1,-1.647949219E-3
3.669791667E-1,-5.798339844E-4
3.670000000E-1,-1.220703125E-4
3.670208333E-1,-6.408691406E-4
3.670416667E-1,-5.493164062E-4
3.670625000E-1,-9.155273438E-4
3.670833333E-1,-1.922607422E-3
3.671041667E-1,-2.899169922E-3
3.671250000E-1,-2.868652344E-3
3.671458333E-1,-2.227783203E-3
3.671666667E-1,-2.441406250E-3
3.671875000E-1,-7.324218750E-4
3.672083333E-1,-4.272460938E-4
3.672291667E-1,-1.770019531E-3
3.672500000E-1,-1.281738281E-3
3.672708333E-1,-4.272460938E-4
3.672916667E-1,-2.441406250E-4
3.673125000E-1,1.739501953E-3
3.673333333E-1,2.838134766E-3
3.673541667E-1,3.143310547E-3
3.673750000E-1,2.807617188E-3
3.673958333E-1,4.272460938E-4
3.674166667E-1,3.662109375E-4
3.674375000E-1,-1.678466797E-3
3.674583333E-1,0.000000000E0
3.674791667E-1,-3.051757812E-5
3.675000000E-1,-2.136230469E-4
3.675208333E-1,1.770019531E-3
3.675416667E-1,5.187988281E-4
3.675625000E-1,1.831054688E-3
3.675833333E-1,1.159667969E-3
3.676041667E-1,1.190185547E-3
3.676250000E-1,1.403808594E-3
3.676458333E-1,1.739501953E-3
3.676666667E-1,1.495361328E-3
3.676875000E-1,6.103515625E-4
3.677083333E-1,-1.525878906E-4
3.677291667E-1,-1.251220703E-3
3.677500000E-1,-2.532958984E-3
3.677708333E-1,-3.265380859E-3
3.677916667E-1,-3.509521484E-3
3.678125000E-1,-1.556396484E-3
3.678333333E-1,9.155273438E-5
3.678541667E-1,1.617431641E-3
3.678750000E-1,4.302978516E-3
3.678958333E-1,5.432128906E-3
3.679166667E-1,5.432128906E-3
3.679375000E-1,4.486083984E-3
3.679583333E-1,3.021240234E-3
3.679791667E-1,2.258300781E-3
3.680000000E-1,8.850097656E-4
3.680208333E-1,-1.220703125E-4
3.680416667E-1,-9.155273438E-5
3.680625000E-1,-1.495361328E-3
3.680833333E-1,-2.105712891E-3
3.681041667E-1,-2.105712891E-3
3.681250000E-1,-3.662109375E-4
3.681458333E-1,1.678466797E-3
3.681666667E-1,7.324218750E-4
3.681875000E-1,2.593994141E-3
3.682083333E-1,3.204345703E-3
3.682291667E-1,2.105712891E-3
3.682500000E-1,2.624511719E-3
3.682708333E-1,1.098632812E-3
3.682916667E-1,3.051757812E-5
3.683125000E-1,-3.662109375E-4
3.683333333E-1,-3.051757812E-4
3.683541667E-1,3.967285156E-4
3.683750000E-1,6.408691406E-4
3.683958333E-1,1.159667969E-3
3.684166667E-1,1.190185547E-3
3.684375000E-1,1.007080078E-3
3.684583333E-1,9.765625000E-4
3.684791667E-1,-5.798339844E-4
3.685000000E-1,-4.577636719E-4
3.685208333E-1,-3.051757812E-4
3.685416667E-1,-9.460449219E-4
3.685625000E-1,-1.434326172E-3
3.685833333E-1,-1.647949219E-3
3.686041667E-1,-1.251220703E-3
3.686250000E-1,-7.934570312E-4
3.686458333E-1,-3.051757812E-5
3.686666667E-1,-2.075195312E-3
3.686875000E-1,-3.387451172E-3
3.687083333E-1,-4.943847656E-3
3.687291667E-1,-6.011962891E-3
3.687500000E-1,-5.920410156E-3
3.687708333E-1,-5.828857422E-3
3.687916667E-1,-4.333496094E-3
3.688125000E-1,-3.936767578E-3
3.688333333E-1,-4.974365234E-3
3.688541667E-1,-5.584716797E-3
3.688750000E-1,-5.584716797E-3
3.688958333E-1,-5.126953125E-3
3.689166667E-1,-5.157470703E-3
3.689375000E-1,-5.310058594E-3
3.689583333E-1,-4.821777344E-3
3.689791667E-1,-5.432128906E-3
3.690000000E-1,-5.065917969E-3
3.690208333E-1,-5.249023438E-3
3.690416667E-1,-6.072998047E-3
3.690625000E-1,-5.645751953E-3
3.690833333E-1,-5.859375000E-3
3.691041667E-1,-6.744384766E-3
3.691250000E-1,-6.652832031E-3
3.691458333E-1,-5.126953125E-3
3.691666667E-1,-4.272460938E-3
3.691875000E-1,-2.838134766E-3
3.692083333E-1,-2.044677734E-3
3.692291667E-1,-1.770019531E-3
3.692500000E-1,-1.098632812E-3
3.692708333E-1,-2.471923828E-3
3.692916667E-1,-3.204345703E-3
3.693125000E-1,-4.272460938E-3
3.693333333E-1,-4.089355469E-3
3.693541667E-1,-3.601074219E-3
3.693750000E-1,-3.356933594E-3
3.693958333E-1,-2.410888672E-3
3.694166667E-1,-1.586914062E-3
3.694375000E-1,2.136230469E-4
3.694583333E-1,1.495361328E-3
3.694791667E-1,2.746582031E-3
3.695000000E-1,3.814697266E-3
3.695208333E-1,4.974365234E-3
3.695416667E-1,5.767822266E-3
3.695625000E-1,6.286621094E-3
3.695833333E-1,4.699707031E-3
3.696041667E-1,4.089355469E-3
3.696250000E-1,2.868652344E-3
3.696458333E-1,1.190185547E-3
3.696666667E-1,7.324218750E-4
3.696875000E-1,9.155273438E-5
3.697083333E-1,5.798339844E-4
3.697291667E-1,0.000000000E0
3.697500000E-1,-1.770019531E-3
3.697708333E-1,-1.861572266E-3
3.697916667E-1,-1.922607422E-3
3.698125000E-1,-9.765625000E-4
3.698333333E-1,-7.934570312E-4
3.698541667E-1,2.746582031E-4
3.698750000E-1,1.464843750E-3
3.698958333E-1,1.831054688E-3
3.699166667E-1,4.089355469E-3
3.699375000E-1,3.021240234E-3
3.699583333E-1,3.234863281E-3
3.699791667E-1,2.929687500E-3
3.700000000E-1,1.037597656E-3
3.700208333E-1,1.220703125E-3
3.700416667E-1,8.239746094E-4
3.700625000E-1,1.434326172E-3
3.700833333E-1,3.265380859E-3
3.701041667E-1,3.204345703E-3
3.701250000E-1,3.631591797E-3
3.701458333E-1,3.479003906E-3
3.701666667E-1,3.082275391E-3
3.701875000E-1,3.417968750E-3
3.702083333E-1,3.204345703E-3
3.702291667E-1,4.150390625E-3
3.702500000E-1,4.211425781E-3
3.702708333E-1,5.554199219E-3
3.702916667E-1,4.882812500E-3
3.703125000E-1,4.730224609E-3
3.703333333E-1,4.638671875E-3
3.703541667E-1,3.753662109E-3
3.703750000E-1,5.401611328E-3
3.703958333E-1,3.570556641E-3
3.704166667E-1,3.204345703E-3
3.704375000E-1,2.258300781E-3
3.704583333E-1,3.662109375E-4
3.704791667E-1,6.408691406E-4
3.705000000E-1,5.187988281E-4
3.705208333E-1,2.532958984E-3
3.705416667E-1,2.441406250E-3
3.705625000E-1,2.838134766E-3
3.705833333E-1,2.563476562E-3
3.706041667E-1,2.136230469E-3
3.706250000E-1,2.105712891E-3
3.706458333E-1,1.861572266E-3
3.706666667E-1,2.746582031E-3
3.706875000E-1,3.448486328E-3
3.707083333E-1,4.699707031E-3
3.707291667E-1,4.791259766E-3
3.707500000E-1,4.974365234E-3
3.707708333E-1,3.631591797E-3
3.707916667E-1,2.197265625E-3
3.708125000E-1,1.464843750E-3
3.708333333E-1,1.098632812E-3
3.708541667E-1,7.934570312E-4
3.708750000E-1,1.495361328E-3
3.708958333E-1,2.349853516E-3
3.709166667E-1,9.765625000E-4
3.709375000E-1,1.770019531E-3
3.709583333E-1,1.525878906E-3
3.709791667E-1,2.716064453E-3
3.710000000E-1,3.967285156E-3
3.710208333E-1,4.455566406E-3
3.710416667E-1,5.401611328E-3
3.710625000E-1,4.333496094E-3
3.710833333E-1,5.157470703E-3
3.711041667E-1,3.631591797E-3
3.711250000E-1,2.593994141E-3
3.711458333E-1,1.739501953E-3
3.711666667E-1,-1.220703125E-4
3.711875000E-1,-9.155273438E-5
3.712083333E-1,3.051757812E-5
3.712291667E-1,4.272460938E-4
3.712500000E-1,1.678466797E-3
3.712708333E-1,3.570556641E-3
3.712916667E-1,3.570556641E-3
3.713125000E-1,3.479003906E-3
3.713333333E-1,2.044677734E-3
3.713541667E-1,8.544921875E-4
3.713750000E-1,-1.739501953E-3
3.713958333E-1,-2.777099609E-3
3.714166667E-1,-3.295898438E-3
3.714375000E-1,-3.784179688E-3
3.714583333E-1,-3.112792969E-3
3.714791667E-1,-3.845214844E-3
3.715000000E-1,-3.265380859E-3
3.715208333E-1,-3.723144531E-3
3.715416667E-1,-4.150390625E-3
3.715625000E-1,-3.326416016E-3
3.715833333E-1,-2.685546875E-3
3.716041667E-1,-1.770019531E-3
3.716250000E-1,-1.007080078E-3
3.716458333E-1,9.155273438E-5
3.716666667E-1,-3.051757812E-4
3.716875000E-1,-1.678466797E-3
3.717083333E-1,-2.014160156E-3
3.717291667E-1,-2.655029297E-3
3.717500000E-1,-2.929687500E-3
3.717708333E-1,-1.831054688E-3
3.717916667E-1,-1.708984375E-3
3.718125000E-1,-1.861572266E-3
3.718333333E-1,-2.349853516E-3
3.718541667E-1,-1.831054688E-3
3.718750000E-1,-1.098632812E-3
3.718958333E-1,-1.525878906E-3
3.719166667E-1,-2.197265625E-3
3.719375000E-1,-3.082275391E-3
3.719583333E-1,-3.753662109E-3
3.719791667E-1,-3.143310547E-3
3.720000000E-1,-3.692626953E-3
3.720208333E-1,-3.051757812E-3
3.720416667E-1,-1.800537109E-3
3.720625000E-1,-2.380371094E-3
3.720833333E-1,-1.770019531E-3
3.721041667E-1,-2.136230469E-3
3.721250000E-1,-2.380371094E-3
3.721458333E-1,-9.460449219E-4
3.721666667E-1,-9.765625000E-4
3.721875000E-1,2.136230469E-4
3.722083333E-1,-5.187988281E-4
3.722291667E-1,-1.495361328E-3
3.722500000E-1,-9.155273438E-4
3.722708333E-1,-1.647949219E-3
3.722916667E-1,-1.647949219E-3
3.723125000E-1,-2.166748047E-3
3.723333333E-1,-3.234863281E-3
3.723541667E-1,-3.204345703E-3
3.723750000E-1,-2.929687500E-3
3.723958333E-1,-2.746582031E-3
3.724166667E-1,-1.495361328E-3
3.724375000E-1,-1.159667969E-3
3.724583333E-1,-1.495361328E-3
3.724791667E-1,-1.434326172E-3
3.725000000E-1,-3.540039062E-3
3.725208333E-1,-3.997802734E-3
3.725416667E-1,-4.455566406E-3
3.725625000E-1,-3.784179688E-3
3.725833333E-1,-2.990722656E-3
3.726041667E-1,-3.662109375E-3
3.726250000E-1,-3.204345703E-3
3.726458333E-1,-1.617431641E-3
3.726666667E-1,-5.493164062E-4
3.726875000E-1,8.239746094E-4
3.727083333E-1,1.617431641E-3
3.727291667E-1,1.007080078E-3
3.727500000E-1,1.312255859E-3
3.727708333E-1,-3.051757812E-4
3.727916667E-1,4.882812500E-4
3.728125000E-1,5.187988281E-4
3.728333333E-1,-7.934570312E-4
3.728541667E-1,5.493164062E-4
3.728750000E-1,0.000000000E0
3.728958333E-1,2.624511719E-3
3.729166667E-1,2.899169922E-3
3.729375000E-1,3.326416016E-3
3.729583333E-1,4.486083984E-3
3.729791667E-1,2.960205078E-3
3.730000000E-1,3.021240234E-3
3.730208333E-1,3.356933594E-3
3.730416667E-1,3.051757812E-3
3.730625000E-1,2.777099609E-3
3.730833333E-1,2.899169922E-3
3.731041667E-1,3.234863281E-3
3.731250000E-1,2.532958984E-3
3.731458333E-1,1.953125000E-3
3.731666667E-1,1.770019531E-3
3.731875000E-1,3.356933594E-4
3.732083333E-1,-6.103515625E-5
3.732291667E-1,-9.155273438E-4
3.732500000E-1,6.408691406E-4
3.732708333E-1,1.586914062E-3
3.732916667E-1,2.593994141E-3
3.733125000E-1,3.234863281E-3
3.733333333E-1,4.211425781E-3
3.733541667E-1,4.943847656E-3
3.733750000E-1,3.997802734E-3
3.733958333E-1,4.150390625E-3
3.734166667E-1,1.617431641E-3
3.734375000E-1,1.678466797E-3
3.734583333E-1,-2.441406250E-4
3.734791667E-1,-1.525878906E-3
3.735000000E-1,-6.408691406E-4
3.735208333E-1,-3.051757812E-4
3.735416667E-1,-4.577636719E-4
3.735625000E-1,-1.647949219E-3
3.735833333E-1,-1.617431641E-3
3.736041667E-1,-2.075195312E-3
3.736250000E-1,-9.765625000E-4
3.736458333E-1,-1.220703125E-3
3.736666667E-1,-4.272460938E-4
3.736875000E-1,1.068115234E-3
3.737083333E-1,3.356933594E-4
3.737291667E-1,1.831054688E-3
3.737500000E-1,3.021240234E-3
3.737708333E-1,4.028320312E-3
3.737916667E-1,5.279541016E-3
3.738125000E-1,4.486083984E-3
3.738333333E-1,4.211425781E-3
3.738541667E-1,3.112792969E-3
3.738750000E-1,2.014160156E-3
3.738958333E-1,1.556396484E-3
3.739166667E-1,7.324218750E-4
3.739375000E-1,1.098632812E-3
3.739583333E-1,1.708984375E-3
3.739791667E-1,2.807617188E-3
3.740000000E-1,3.570556641E-3
3.740208333E-1,4.394531250E-3
3.740416667E-1,4.974365234E-3
3.740625000E-1,5.065917969E-3
3.740833333E-1,3.234863281E-3
3.741041667E-1,1.342773438E-3
3.741250000E-1,-3.051757812E-5
3.741458333E-1,-1.953125000E-3
3.741666667E-1,-3.112792969E-3
3.741875000E-1,-3.356933594E-3
3.742083333E-1,-2.685546875E-3
3.742291667E-1,-3.143310547E-3
3.742500000E-1,-2.441406250E-3
3.742708333E-1,-2.197265625E-3
3.742916667E-1,-3.417968750E-3
3.743125000E-1,-2.929687500E-3
3.743333333E-1,-4.730224609E-3
3.743541667E-1,-4.394531250E-3
3.743750000E-1,-4.516601562E-3
3.743958333E-1,-4.364013672E-3
3.744166667E-1,-2.197265625E-3
3.744375000E-1,-2.716064453E-3
3.744583333E-1,-2.197265625E-3
3.744791667E-1,-2.868652344E-3
3.745000000E-1,-2.899169922E-3
3.745208333E-1,-2.990722656E-3
3.745416667E-1,-3.112792969E-3
3.745625000E-1,-2.655029297E-3
3.745833333E-1,-2.410888672E-3
3.746041667E-1,-2.014160156E-3
3.746250000E-1,-3.051757812E-3
3.746458333E-1,-2.593994141E-3
3.746666667E-1,-3.540039062E-3
3.746875000E-1,-3.143310547E-3
3.747083333E-1,-4.180908203E-3
3.747291667E-1,-4.150390625E-3
3.747500000E-1,-3.692626953E-3
3.747708333E-1,-4.058837891E-3
3.747916667E-1,-3.173828125E-3
3.748125000E-1,-4.180908203E-3
3.748333333E-1,-3.753662109E-3
3.748541667E-1,-4.577636719E-3
3.748750000E-1,-4.425048828E-3
3.748958333E-1,-3.784179688E-3
3.749166667E-1,-3.845214844E-3
3.749375000E-1,-1.251220703E-3
3.749583333E-1,-2.136230469E-4
3.749791667E-1,1.129150391E-3
3.750000000E-1,2.655029297E-3
3.750208333E-1,3.570556641E-3
3.750416667E-1,4.089355469E-3
3.750625000E-1,3.723144531E-3
3.750833333E-1,3.906250000E-3
3.751041667E-1,3.662109375E-3
3.751250000E-1,3.326416016E-3
3.751458333E-1,4.638671875E-3
3.751666667E-1,4.974365234E-3
3.751875000E-1,5.767822266E-3
3.752083333E-1,5.493164062E-3
3.752291667E-1,6.072998047E-3
3.752500000E-1,6.591796875E-3
3.752708333E-1,5.645751953E-3
3.752916667E-1,4.821777344E-3
3.753125000E-1,3.631591797E-3
3.753333333E-1,3.143310547E-3
3.753541667E-1,1.525878906E-3
3.753750000E-1,1.220703125E-4
3.753958333E-1,0.000000000E0
3.754166667E-1,3.967285156E-4
3.754375000E-1,9.765625000E-4
3.754583333E-1,1.129150391E-3
3.754791667E-1,2.197265625E-3
3.755000000E-1,1.983642578E-3
3.755208333E-1,2.685546875E-3
3.755416667E-1,2.471923828E-3
3.755625000E-1,2.746582031E-3
3.755833333E-1,3.112792969E-3
3.756041667E-1,2.197265625E-3
3.756250000E-1,1.434326172E-3
3.756458333E-1,3.967285156E-4
3.756666667E-1,2.746582031E-4
3.756875000E-1,-3.051757812E-5
3.757083333E-1,-1.831054688E-4
3.757291667E-1,6.408691406E-4
3.757500000E-1,1.770019531E-3
3.757708333E-1,2.105712891E-3
3.757916667E-1,2.960205078E-3
3.758125000E-1,2.777099609E-3
3.758333333E-1,0.000000000E0
3.758541667E-1,-1.068115234E-3
3.758750000E-1,-2.593994141E-3
3.758958333E-1,-2.532958984E-3
3.759166667E-1,-2.105712891E-3
3.759375000E-1,-2.838134766E-3
3.759583333E-1,-9.765625000E-4
3.759791667E-1,-1.525878906E-4
3.760000000E-1,6.103515625E-4
3.760208333E-1,3.051757812E-4
3.760416667E-1,-5.798339844E-4
3.760625000E-1,-7.934570312E-4
3.760833333E-1,-1.373291016E-3
3.761041667E-1,-1.129150391E-3
3.761250000E-1,-2.746582031E-4
3.761458333E-1,-2.746582031E-4
3.761666667E-1,-1.007080078E-3
3.761875000E-1,-1.220703125E-3
3.762083333E-1,-2.136230469E-3
3.762291667E-1,-2.471923828E-3
3.762500000E-1,-3.051757812E-3
3.762708333E-1,-4.028320312E-3
3.762916667E-1,-3.936767578E-3
3.763125000E-1,-4.760742188E-3
3.763333333E-1,-3.662109375E-3
3.763541667E-1,-3.509521484E-3
3.763750000E-1,-1.953125000E-3
3.763958333E-1,-7.324218750E-4
3.764166667E-1,2.746582031E-4
3.764375000E-1,1.586914062E-3
3.764583333E-1,2.105712891E-3
3.764791667E-1,3.417968750E-3
3.765000000E-1,2.807617188E-3
3.765208333E-1,2.380371094E-3
3.765416667E-1,6.408691406E-4
3.765625000E-1,1.525878906E-4
3.765833333E-1,-9.460449219E-4
3.766041667E-1,-9.155273438E-4
3.766250000E-1,-8.544921875E-4
3.766458333E-1,-3.051757812E-3
3.766666667E-1,-1.281738281E-3
3.766875000E-1,-1.800537109E-3
3.767083333E-1,-1.678466797E-3
3.767291667E-1,-1.190185547E-3
3.767500000E-1,-2.624511719E-3
3.767708333E-1,-1.556396484E-3
3.767916667E-1,-2.532958984E-3
3.768125000E-1,-2.227783203E-3
3.768333333E-1,-1.647949219E-3
3.768541667E-1,-1.373291016E-3
3.768750000E-1,6.103515625E-4
3.768958333E-1,1.434326172E-3
3.769166667E-1,1.831054688E-3
3.769375000E-1,2.105712891E-3
3.769583333E-1,2.136230469E-3
3.769791667E-1,1.800537109E-3
3.770000000E-1,6.103515625E-4
3.770208333E-1,7.019042969E-4
3.770416667E-1,-9.155273438E-5
3.770625000E-1,3.356933594E-4
3.770833333E-1,7.324218750E-4
3.771041667E-1,1.434326172E-3
3.771250000E-1,2.227783203E-3
3.771458333E-1,1.220703125E-3
3.771666667E-1,1.861572266E-3
3.771875000E-1,1.861572266E-3
3.772083333E-1,1.708984375E-3
3.772291667E-1,1.953125000E-3
3.772500000E-1,7.934570312E-4
3.772708333E-1,7.324218750E-4
3.772916667E-1,-1.190185547E-3
3.773125000E-1,-1.159667969E-3
3.773333333E-1,-1.953125000E-3
3.773541667E-1,-1.831054688E-3
3.773750000E-1,-1.922607422E-3
3.773958333E-1,-2.441406250E-3
3.774166667E-1,-1.007080078E-3
3.774375000E-1,-1.922607422E-3
3.774583333E-1,-4.577636719E-4
3.774791667E-1,-9.155273438E-4
3.775000000E-1,5.798339844E-4
3.775208333E-1,5.187988281E-4
3.775416667E-1,-1.159667969E-3
3.775625000E-1,-1.831054688E-3
3.775833333E-1,-2.868652344E-3
3.776041667E-1,-1.068115234E-3
3.776250000E-1,-2.716064453E-3
3.776458333E-1,-2.075195312E-3
3.776666667E-1,-3.448486328E-3
3.776875000E-1,-3.601074219E-3
3.777083333E-1,-4.394531250E-3
3.777291667E-1,-5.065917969E-3
3.777500000E-1,-3.997802734E-3
3.777708333E-1,-5.004882812E-3
3.777916667E-1,-2.685546875E-3
3.778125000E-1,-2.380371094E-3
3.778333333E-1,-1.159667969E-3
3.778541667E-1,-6.408691406E-4
3.778750000E-1,-2.166748047E-3
3.778958333E-1,-2.502441406E-3
3.779166667E-1,-4.486083984E-3
3.779375000E-1,-5.828857422E-3
3.779583333E-1,-5.706787109E-3
3.779791667E-1,-4.882812500E-3
3.780000000E-1,-2.807617188E-3
3.780208333E-1,-1.464843750E-3
3.780416667E-1,-1.525878906E-4
3.780625000E-1,3.051757812E-4
3.780833333E-1,1.159667969E-3
3.781041667E-1,9.155273438E-4
3.781250000E-1,9.460449219E-4
3.781458333E-1,2.746582031E-4
3.781666667E-1,-1.525878906E-4
3.781875000E-1,-9.155273438E-5
3.782083333E-1,-9.765625000E-4
3.782291667E-1,-6.103515625E-4
3.782500000E-1,-1.373291016E-3
3.782708333E-1,-2.655029297E-3
3.782916667E-1,-5.065917969E-3
3.783125000E-1,-5.798339844E-3
3.783333333E-1,-5.676269531E-3
3.783541667E-1,-5.096435547E-3
3.783750000E-1,-2.746582031E-3
3.783958333E-1,-1.220703125E-4
3.784166667E-1,2.166748047E-3
3.784375000E-1,3.265380859E-3
3.784583333E-1,4.180908203E-3
3.784791667E-1,4.180908203E-3
3.785000000E-1,4.302978516E-3
3.785208333E-1,3.051757812E-3
3.785416667E-1,1.495361328E-3
3.785625000E-1,1.251220703E-3
3.785833333E-1,-5.493164062E-4
3.786041667E-1,-1.831054688E-4
3.786250000E-1,3.051757812E-5
3.786458333E-1,1.312255859E-3
3.786666667E-1,2.136230469E-3
3.786875000E-1,2.502441406E-3
3.787083333E-1,3.662109375E-3
3.787291667E-1,2.319335938E-3
3.787500000E-1,1.464843750E-3
3.787708333E-1,7.019042969E-4
3.787916667E-1,-3.356933594E-4
3.788125000E-1,-1.556396484E-3
3.788333333E-1,-1.953125000E-3
3.788541667E-1,-2.990722656E-3
3.788750000E-1,-2.624511719E-3
3.788958333E-1,-2.075195312E-3
3.789166667E-1,-2.655029297E-3
3.789375000E-1,-8.239746094E-4
3.789583333E-1,-2.136230469E-4
3.789791667E-1,1.525878906E-4
3.790000000E-1,1.312255859E-3
3.790208333E-1,1.983642578E-3
3.790416667E-1,1.586914062E-3
3.790625000E-1,1.220703125E-3
3.790833333E-1,3.967285156E-4
3.791041667E-1,-1.831054688E-3
3.791250000E-1,-1.770019531E-3
3.791458333E-1,-2.624511719E-3
3.791666667E-1,-2.380371094E-3
3.791875000E-1,-1.220703125E-3
3.792083333E-1,-1.159667969E-3
3.792291667E-1,9.155273438E-5
3.792500000E-1,9.765625000E-4
3.792708333E-1,2.227783203E-3
3.792916667E-1,1.922607422E-3
3.793125000E-1,1.617431641E-3
3.793333333E-1,4.272460938E-4
3.793541667E-1,8.239746094E-4
3.793750000E-1,1.251220703E-3
3.793958333E-1,5.493164062E-4
3.794166667E-1,1.617431641E-3
3.794375000E-1,5.493164062E-4
3.794583333E-1,5.187988281E-4
3.794791667E-1,3.051757812E-4
3.795000000E-1,-5.798339844E-4
3.795208333E-1,-3.356933594E-4
3.795416667E-1,6.103515625E-5
3.795625000E-1,-4.577636719E-4
3.795833333E-1,-7.324218750E-4
3.796041667E-1,-1.495361328E-3
3.796250000E-1,-2.685546875E-3
3.796458333E-1,-2.960205078E-3
3.796666667E-1,-3.479003906E-3
3.796875000E-1,-2.075195312E-3
3.797083333E-1,-1.525878906E-3
3.797291667E-1,2.441406250E-4
3.797500000E-1,3.234863281E-3
3.797708333E-1,4.516601562E-3
3.797916667E-1,5.645751953E-3
3.798125000E-1,4.302978516E-3
3.798333333E-1,4.821777344E-3
3.798541667E-1,4.241943359E-3
3.798750000E-1,3.845214844E-3
3.798958333E-1,3.753662109E-3
3.799166667E-1,2.807617188E-3
3.799375000E-1,2.258300781E-3
3.799583333E-1,6.103515625E-4
3.799791667E-1,3.967285156E-4
3.800000000E-1,-3.662109375E-4
3.800208333E-1,-3.967285156E-4
3.800416667E-1,-1.220703125E-4
3.800625000E-1,8.850097656E-4
3.800833333E-1,1.647949219E-3
3.801041667E-1,1.495361328E-3
3.801250000E-1,1.220703125E-3
3.801458333E-1,1.525878906E-3
3.801666667E-1,-9.155273438E-5
3.801875000E-1,-1.831054688E-4
3.802083333E-1,-1.495361328E-3
3.802291667E-1,-2.258300781E-3
3.802500000E-1,-2.410888672E-3
3.802708333E-1,-4.302978516E-3
3.802916667E-1,-1.708984375E-3
3.803125000E-1,-1.861572266E-3
3.803333333E-1,5.187988281E-4
3.803541667E-1,8.239746094E-4
3.803750000E-1,2.746582031E-4
3.803958333E-1,1.922607422E-3
3.804166667E-1,2.746582031E-4
3.804375000E-1,2.410888672E-3
3.804583333E-1,3.051757812E-3
3.804791667E-1,3.234863281E-3
3.805000000E-1,3.479003906E-3
3.805208333E-1,2.777099609E-3
3.805416667E-1,1.678466797E-3
3.805625000E-1,1.342773438E-3
3.805833333E-1,1.403808594E-3
3.806041667E-1,1.525878906E-3
3.806250000E-1,1.556396484E-3
3.806458333E-1,2.746582031E-4
3.806666667E-1,-5.798339844E-4
3.806875000E-1,-7.629394531E-4
3.807083333E-1,-1.647949219E-3
3.807291667E-1,-1.647949219E-3
3.807500000E-1,-1.770019531E-3
3.807708333E-1,-2.166748047E-3
3.807916667E-1,-2.777099609E-3
3.808125000E-1,-2.716064453E-3
3.808333333E-1,-3.540039062E-3
3.808541667E-1,-3.723144531E-3
3.808750000E-1,-4.669189453E-3
3.808958333E-1,-5.249023438E-3
3.809166667E-1,-4.943847656E-3
3.809375000E-1,-5.096435547E-3
3.809583333E-1,-2.899169922E-3
3.809791667E-1,-2.532958984E-3
3.810000000E-1,-1.190185547E-3
3.810208333E-1,-1.708984375E-3
3.810416667E-1,-2.593994141E-3
3.810625000E-1,-1.495361328E-3
3.810833333E-1,-2.166748047E-3
3.811041667E-1,-1.434326172E-3
3.811250000E-1,-1.220703125E-3
3.811458333E-1,-4.577636719E-4
3.811666667E-1,4.272460938E-4
3.811875000E-1,9.155273438E-5
3.812083333E-1,9.155273438E-5
3.812291667E-1,-1.037597656E-3
3.812500000E-1,-1.617431641E-3
3.812708333E-1,-2.166748047E-3
3.812916667E-1,-2.929687500E-3
3.813125000E-1,-2.502441406E-3
3.813333333E-1,-2.136230469E-3
3.813541667E-1,-1.586914062E-3
3.813750000E-1,1.831054688E-4
3.813958333E-1,1.190185547E-3
3.814166667E-1,4.150390625E-3
3.814375000E-1,5.340576172E-3
3.814583333E-1,6.225585938E-3
3.814791667E-1,7.019042969E-3
3.815000000E-1,5.737304688E-3
3.815208333E-1,5.767822266E-3
3.815416667E-1,5.523681641E-3
3.815625000E-1,4.425048828E-3
3.815833333E-1,3.631591797E-3
3.816041667E-1,3.479003906E-3
3.816250000E-1,3.509521484E-3
3.816458333E-1,3.845214844E-3
3.816666667E-1,4.119873047E-3
3.816875000E-1,4.577636719E-3
3.817083333E-1,4.180908203E-3
3.817291667E-1,4.516601562E-3
3.817500000E-1,3.967285156E-3
3.817708333E-1,1.342773438E-3
3.817916667E-1,2.227783203E-3
3.818125000E-1,1.800537109E-3
3.818333333E-1,1.525878906E-3
3.818541667E-1,1.525878906E-3
3.818750000E-1,1.403808594E-3
3.818958333E-1,2.349853516E-3
3.819166667E-1,1.312255859E-3
3.819375000E-1,2.441406250E-3
3.819583333E-1,1.281738281E-3
3.819791667E-1,4.882812500E-4
3.820000000E-1,3.051757812E-4
3.820208333E-1,-1.525878906E-3
3.820416667E-1,-1.525878906E-3
3.820625000E-1,-3.234863281E-3
3.820833333E-1,-2.593994141E-3
3.821041667E-1,-1.159667969E-3
3.821250000E-1,-7.629394531E-4
3.821458333E-1,8.239746094E-4
3.821666667E-1,2.136230469E-4
3.821875000E-1,4.577636719E-4
3.822083333E-1,4.577636719E-4
3.822291667E-1,-3.967285156E-4
3.822500000E-1,-1.220703125E-3
3.822708333E-1,-2.166748047E-3
3.822916667E-1,-1.068115234E-3
3.823125000E-1,-1.800537109E-3
3.823333333E-1,-1.037597656E-3
3.823541667E-1,1.220703125E-3
3.823750000E-1,1.037597656E-3
3.823958333E-1,2.197265625E-3
3.824166667E-1,2.899169922E-3
3.824375000E-1,2.075195312E-3
3.824583333E-1,2.441406250E-3
3.824791667E-1,1.983642578E-3
3.825000000E-1,2.929687500E-3
3.825208333E-1,3.112792969E-3
3.825416667E-1,2.960205078E-3
3.825625000E-1,3.265380859E-3
3.825833333E-1,1.464843750E-3
3.826041667E-1,3.326416016E-3
3.826250000E-1,3.051757812E-3
3.826458333E-1,3.631591797E-3
3.826666667E-1,4.089355469E-3
3.826875000E-1,2.655029297E-3
3.827083333E-1,2.502441406E-3
3.827291667E-1,9.460449219E-4
3.827500000E-1,1.312255859E-3
3.827708333E-1,2.166748047E-3
3.827916667E-1,3.051757812E-3
3.828125000E-1,3.265380859E-3
3.828333333E-1,2.868652344E-3
3.828541667E-1,7.934570312E-4
3.828750000E-1,-8.544921875E-4
3.828958333E-1,-3.356933594E-4
3.829166667E-1,-2.044677734E-3
3.829375000E-1,-2.044677734E-3
3.829583333E-1,-2.197265625E-3
3.829791667E-1,-3.448486328E-3
3.830000000E-1,-2.227783203E-3
3.830208333E-1,-2.044677734E-3
3.830416667E-1,-3.662109375E-4
3.830625000E-1,9.155273438E-5
3.830833333E-1,-3.967285156E-4
3.831041667E-1,-1.098632812E-3
3.831250000E-1,-3.387451172E-3
3.831458333E-1,-3.143310547E-3
3.831666667E-1,-4.150390625E-3
3.831875000E-1,-3.356933594E-3
3.832083333E-1,-2.105712891E-3
3.832291667E-1,-1.281738281E-3
3.832500000E-1,3.356933594E-4
3.832708333E-1,-8.239746094E-4
3.832916667E-1,-5.798339844E-4
3.833125000E-1,-8.850097656E-4
3.833333333E-1,-1.434326172E-3
3.833541667E-1,-8.239746094E-4
3.833750000E-1,-2.044677734E-3
3.833958333E-1,-1.831054688E-3
3.834166667E-1,-3.021240234E-3
3.834375000E-1,-3.326416016E-3
3.834583333E-1,-3.509521484E-3
3.834791667E-1,-4.241943359E-3
3.835000000E-1,-2.624511719E-3
3.835208333E-1,-2.288818359E-3
3.835416667E-1,-2.197265625E-3
3.835625000E-1,-2.014160156E-3
3.835833333E-1,-3.082275391E-3
3.836041667E-1,-2.502441406E-3
3.836250000E-1,-3.143310547E-3
3.836458333E-1,-3.082275391E-3
3.836666667E-1,-3.417968750E-3
3.836875000E-1,-2.868652344E-3
3.837083333E-1,-2.014160156E-3
3.837291667E-1,-2.868652344E-3
3.837500000E-1,-1.586914062E-3
3.837708333E-1,-2.258300781E-3
3.837916667E-1,-7.019042969E-4
3.838125000E-1,-5.798339844E-4
3.838333333E-1,-8.850097656E-4
3.838541667E-1,-2.105712891E-3
3.838750000E-1,-3.051757812E-3
3.838958333E-1,-3.082275391E-3
3.839166667E-1,-2.807617188E-3
3.839375000E-1,-2.044677734E-3
3.839583333E-1,-1.129150391E-3
3.839791667E-1,-2.441406250E-4
3.840000000E-1,8.850097656E-4
3.840208333E-1,3.021240234E-3
3.840416667E-1,3.692626953E-3
3.840625000E-1,4.852294922E-3
3.840833333E-1,5.706787109E-3
3.841041667E-1,4.913330078E-3
3.841250000E-1,3.448486328E-3
3.841458333E-1,9.155273438E-4
3.841666667E-1,-4.272460938E-4
3.841875000E-1,-1.220703125E-3
3.842083333E-1,-2.899169922E-3
3.842291667E-1,-3.570556641E-3
3.842500000E-1,-3.631591797E-3
3.842708333E-1,-3.326416016E-3
3.842916667E-1,-2.227783203E-3
3.843125000E-1,-8.850097656E-4
3.843333333E-1,-7.324218750E-4
3.843541667E-1,-1.708984375E-3
3.843750000E-1,-1.678466797E-3
3.843958333E-1,-1.708984375E-3
3.844166667E-1,-1.220703125E-3
3.844375000E-1,-6.713867188E-4
3.844583333E-1,4.577636719E-4
3.844791667E-1,1.281738281E-3
3.845000000E-1,1.129150391E-3
3.845208333E-1,1.373291016E-3
3.845416667E-1,1.129150391E-3
3.845625000E-1,3.234863281E-3
3.845833333E-1,2.197265625E-3
3.846041667E-1,1.464843750E-3
3.846250000E-1,2.197265625E-3
3.846458333E-1,9.155273438E-5
3.846666667E-1,8.239746094E-4
3.846875000E-1,-4.577636719E-4
3.847083333E-1,-3.051757812E-4
3.847291667E-1,6.408691406E-4
3.847500000E-1,7.629394531E-4
3.847708333E-1,1.403808594E-3
3.847916667E-1,3.967285156E-4
3.848125000E-1,1.434326172E-3
3.848333333E-1,1.403808594E-3
3.848541667E-1,1.617431641E-3
3.848750000E-1,2.380371094E-3
3.848958333E-1,3.051757812E-3
3.849166667E-1,3.356933594E-3
3.849375000E-1,2.777099609E-3
3.849583333E-1,3.173828125E-3
3.849791667E-1,2.441406250E-3
3.850000000E-1,7.934570312E-4
3.850208333E-1,1.831054688E-4
3.850416667E-1,-1.861572266E-3
3.850625000E-1,-2.655029297E-3
3.850833333E-1,-2.075195312E-3
3.851041667E-1,-2.014160156E-3
3.851250000E-1,-4.882812500E-4
3.851458333E-1,-9.155273438E-4
3.851666667E-1,9.460449219E-4
3.851875000E-1,2.136230469E-4
3.852083333E-1,-4.882812500E-4
3.852291667E-1,7.324218750E-4
3.852500000E-1,-9.765625000E-4
3.852708333E-1,5.798339844E-4
3.852916667E-1,-1.068115234E-3
3.853125000E-1,-1.098632812E-3
3.853333333E-1,-9.765625000E-4
3.853541667E-1,-2.380371094E-3
3.853750000E-1,-1.617431641E-3
3.853958333E-1,-2.166748047E-3
3.854166667E-1,-1.800537109E-3
3.854375000E-1,-3.448486328E-3
3.854583333E-1,-3.753662109E-3
3.854791667E-1,-3.082275391E-3
3.855000000E-1,-2.746582031E-3
3.855208333E-1,-2.807617188E-3
3.855416667E-1,-2.410888672E-3
3.855625000E-1,-2.319335938E-3
3.855833333E-1,-2.563476562E-3
3.856041667E-1,-1.434326172E-3
3.856250000E-1,-2.380371094E-3
3.856458333E-1,-1.892089844E-3
3.856666667E-1,-1.678466797E-3
3.856875000E-1,-1.953125000E-3
3.857083333E-1,-6.103515625E-5
3.857291667E-1,3.051757812E-5
3.857500000E-1,9.765625000E-4
3.857708333E-1,1.922607422E-3
3.857916667E-1,7.934570312E-4
3.858125000E-1,7.324218750E-4
3.858333333E-1,1.373291016E-3
3.858541667E-1,1.953125000E-3
3.858750000E-1,1.800537109E-3
3.858958333E-1,1.800537109E-3
3.859166667E-1,9.460449219E-4
3.859375000E-1,1.220703125E-3
3.859583333E-1,1.068115234E-3
3.859791667E-1,3.662109375E-4
3.860000000E-1,5.187988281E-4
3.860208333E-1,0.000000000E0
3.860416667E-1,3.662109375E-4
3.860625000E-1,3.356933594E-4
3.860833333E-1,6.713867188E-4
3.861041667E-1,1.831054688E-4
3.861250000E-1,-5.187988281E-4
3.861458333E-1,-1.190185547E-3
3.861666667E-1,-2.441406250E-3
3.861875000E-1,-2.502441406E-3
3.862083333E-1,-2.075195312E-3
3.862291667E-1,-2.014160156E-3
3.862500000E-1,-1.342773438E-3
3.862708333E-1,6.103515625E-5
3.862916667E-1,-4.272460938E-4
3.863125000E-1,-4.577636719E-4
3.863333333E-1,-6.103515625E-4
3.863541667E-1,6.103515625E-5
3.863750000E-1,1.586914062E-3
3.863958333E-1,2.044677734E-3
3.864166667E-1,2.655029297E-3
3.864375000E-1,1.892089844E-3
3.864583333E-1,8.544921875E-4
3.864791667E-1,-5.493164062E-4
3.865000000E-1,-5.187988281E-4
3.865208333E-1,-1.159667969E-3
3.865416667E-1,-6.103515625E-4
3.865625000E-1,5.187988281E-4
3.865833333E-1,6.713867188E-4
3.866041667E-1,1.403808594E-3
3.866250000E-1,-3.356933594E-4
3.866458333E-1,0.000000000E0
3.866666667E-1,1.281738281E-3
3.866875000E-1,1.556396484E-3
3.867083333E-1,3.936767578E-3
3.867291667E-1,4.791259766E-3
3.867500000E-1,5.004882812E-3
3.867708333E-1,4.699707031E-3
3.867916667E-1,2.136230469E-3
3.868125000E-1,1.251220703E-3
3.868333333E-1,5.493164062E-4
3.868541667E-1,1.464843750E-3
3.868750000E-1,2.166748047E-3
3.868958333E-1,1.220703125E-3
3.869166667E-1,1.312255859E-3
3.869375000E-1,1.495361328E-3
3.869583333E-1,2.044677734E-3
3.869791667E-1,2.410888672E-3
3.870000000E-1,2.441406250E-3
3.870208333E-1,3.112792969E-3
3.870416667E-1,3.295898438E-3
3.870625000E-1,2.655029297E-3
3.870833333E-1,3.051757812E-3
3.871041667E-1,3.601074219E-3
3.871250000E-1,3.540039062E-3
3.871458333E-1,3.479003906E-3
3.871666667E-1,2.227783203E-3
3.871875000E-1,2.166748047E-3
3.872083333E-1,1.464843750E-3
3.872291667E-1,1.159667969E-3
3.872500000E-1,-7.324218750E-4
3.872708333E-1,-7.019042969E-4
3.872916667E-1,6.103515625E-5
3.873125000E-1,-3.051757812E-4
3.873333333E-1,4.577636719E-4
3.873541667E-1,-2.441406250E-4
3.873750000E-1,7.324218750E-4
3.873958333E-1,-3.051757812E-5
3.874166667E-1,-1.770019531E-3
3.874375000E-1,-1.373291016E-3
3.874583333E-1,-2.960205078E-3
3.874791667E-1,-3.631591797E-3
3.875000000E-1,-3.753662109E-3
3.875208333E-1,-4.455566406E-3
3.875416667E-1,-2.685546875E-3
3.875625000E-1,-6.408691406E-4
3.875833333E-1,1.190185547E-3
3.876041667E-1,3.814697266E-3
3.876250000E-1,3.326416016E-3
3.876458333E-1,2.929687500E-3
3.876666667E-1,3.265380859E-3
3.876875000E-1,1.098632812E-3
3.877083333E-1,2.319335938E-3
3.877291667E-1,3.356933594E-4
3.877500000E-1,1.525878906E-4
3.877708333E-1,9.155273438E-5
3.877916667E-1,-1.342773438E-3
3.878125000E-1,-1.312255859E-3
3.878333333E-1,-2.380371094E-3
3.878541667E-1,-2.380371094E-3
3.878750000E-1,-3.845214844E-3
3.878958333E-1,-4.089355469E-3
3.879166667E-1,-3.875732422E-3
3.879375000E-1,-4.211425781E-3
3.879583333E-1,-2.716064453E-3
3.879791667E-1,-8.850097656E-4
3.880000000E-1,4.577636719E-4
3.880208333E-1,2.288818359E-3
3.880416667E-1,2.990722656E-3
3.880625000E-1,3.082275391E-3
3.880833333E-1,3.692626953E-3
3.881041667E-1,2.685546875E-3
3.881250000E-1,2.807617188E-3
3.881458333E-1,2.807617188E-3
3.881666667E-1,2.807617188E-3
3.881875000E-1,2.929687500E-3
3.882083333E-1,2.746582031E-3
3.882291667E-1,3.936767578E-3
3.882500000E-1,5.035400391E-3
3.882708333E-1,5.035400391E-3
3.882916667E-1,5.218505859E-3
3.883125000E-1,4.608154297E-3
3.883333333E-1,4.150390625E-3
3.883541667E-1,4.211425781E-3
3.883750000E-1,4.272460938E-3
3.883958333E-1,3.234863281E-3
3.884166667E-1,2.349853516E-3
3.884375000E-1,1.953125000E-3
3.884583333E-1,2.746582031E-4
3.884791667E-1,5.187988281E-4
3.885000000E-1,3.051757812E-4
3.885208333E-1,-1.190185547E-3
3.885416667E-1,-1.098632812E-3
3.885625000E-1,-2.716064453E-3
3.885833333E-1,-3.204345703E-3
3.886041667E-1,-3.448486328E-3
3.886250000E-1,-3.845214844E-3
3.886458333E-1,-3.662109375E-3
3.886666667E-1,-3.875732422E-3
3.886875000E-1,-3.326416016E-3
3.887083333E-1,-2.807617188E-3
3.887291667E-1,-2.929687500E-3
3.887500000E-1,-3.326416016E-3
3.887708333E-1,-3.021240234E-3
3.887916667E-1,-2.929687500E-3
3.888125000E-1,-2.288818359E-3
3.888333333E-1,-1.037597656E-3
3.888541667E-1,-2.441406250E-4
3.888750000E-1,7.629394531E-4
3.888958333E-1,-3.051757812E-5
3.889166667E-1,-9.155273438E-5
3.889375000E-1,5.493164062E-4
3.889583333E-1,-3.662109375E-4
3.889791667E-1,1.068115234E-3
3.890000000E-1,6.408691406E-4
3.890208333E-1,1.525878906E-3
3.890416667E-1,1.403808594E-3
3.890625000E-1,1.312255859E-3
3.890833333E-1,1.098632812E-3
3.891041667E-1,-1.251220703E-3
3.891250000E-1,-1.251220703E-3
3.891458333E-1,-2.655029297E-3
3.891666667E-1,-1.800537109E-3
3.891875000E-1,-3.356933594E-4
3.892083333E-1,5.493164062E-4
3.892291667E-1,1.068115234E-3
3.892500000E-1,4.577636719E-4
3.892708333E-1,7.629394531E-4
3.892916667E-1,3.051757812E-5
3.893125000E-1,6.103515625E-5
3.893333333E-1,-4.577636719E-4
3.893541667E-1,-7.629394531E-4
3.893750000E-1,-6.713867188E-4
3.893958333E-1,-1.190185547E-3
3.894166667E-1,-4.272460938E-4
3.894375000E-1,-9.155273438E-4
3.894583333E-1,-1.220703125E-3
3.894791667E-1,-1.525878906E-3
3.895000000E-1,-1.892089844E-3
3.895208333E-1,-8.544921875E-4
3.895416667E-1,4.577636719E-4
3.895625000E-1,1.312255859E-3
3.895833333E-1,1.495361328E-3
3.896041667E-1,1.281738281E-3
3.896250000E-1,3.051757812E-5
3.896458333E-1,-1.953125000E-3
3.896666667E-1,-3.479003906E-3
3.896875000E-1,-2.624511719E-3
3.897083333E-1,-3.051757812E-3
3.897291667E-1,-1.098632812E-3
3.897500000E-1,-5.187988281E-4
3.897708333E-1,-1.220703125E-3
3.897916667E-1,-9.155273438E-4
3.898125000E-1,-1.953125000E-3
3.898333333E-1,-1.068115234E-3
3.898541667E-1,-2.929687500E-3
3.898750000E-1,-2.929687500E-3
3.898958333E-1,-2.532958984E-3
3.899166667E-1,-2.838134766E-3
3.899375000E-1,-1.464843750E-3
3.899583333E-1,-1.464843750E-3
3.899791667E-1,3.051757812E-5
3.900000000E-1,5.187988281E-4
3.900208333E-1,1.464843750E-3
3.900416667E-1,5.493164062E-4
3.900625000E-1,1.129150391E-3
3.900833333E-1,5.798339844E-4
3.901041667E-1,-5.493164062E-4
3.901250000E-1,3.051757812E-4
3.901458333E-1,-4.272460938E-4
3.901666667E-1,7.324218750E-4
3.901875000E-1,8.239746094E-4
3.902083333E-1,1.251220703E-3
3.902291667E-1,1.159667969E-3
3.902500000E-1,2.746582031E-4
3.902708333E-1,3.356933594E-4
3.902916667E-1,-3.051757812E-5
3.903125000E-1,-6.408691406E-4
3.903333333E-1,-1.342773438E-3
3.903541667E-1,-3.204345703E-3
3.903750000E-1,-2.868652344E-3
3.903958333E-1,-2.227783203E-3
3.904166667E-1,-1.129150391E-3
3.904375000E-1,1.831054688E-4
3.904583333E-1,-2.441406250E-4
3.904791667E-1,3.051757812E-5
3.905000000E-1,1.220703125E-4
3.905208333E-1,2.136230469E-4
3.905416667E-1,7.019042969E-4
3.905625000E-1,1.068115234E-3
3.905833333E-1,1.068115234E-3
3.906041667E-1,1.190185547E-3
3.906250000E-1,1.068115234E-3
3.906458333E-1,1.464843750E-3
3.906666667E-1,1.068115234E-3
3.906875000E-1,7.934570312E-4
3.907083333E-1,2.136230469E-3
3.907291667E-1,1.098632812E-3
3.907500000E-1,1.617431641E-3
3.907708333E-1,2.227783203E-3
3.907916667E-1,1.464843750E-3
3.908125000E-1,9.155273438E-4
3.908333333E-1,1.281738281E-3
3.908541667E-1,8.850097656E-4
3.908750000E-1,1.037597656E-3
3.908958333E-1,1.770019531E-3
3.909166667E-1,1.434326172E-3
3.909375000E-1,2.288818359E-3
3.909583333E-1,2.288818359E-3
3.909791667E-1,3.417968750E-3
3.910000000E-1,3.784179688E-3
3.910208333E-1,3.936767578E-3
3.910416667E-1,4.730224609E-3
3.910625000E-1,4.730224609E-3
3.910833333E-1,6.042480469E-3
3.911041667E-1,4.943847656E-3
3.911250000E-1,4.608154297E-3
3.911458333E-1,2.685546875E-3
3.911666667E-1,2.471923828E-3
3.911875000E-1,3.021240234E-3
3.912083333E-1,2.746582031E-3
3.912291667E-1,4.241943359E-3
3.912500000E-1,3.936767578E-3
3.912708333E-1,5.371093750E-3
3.912916667E-1,3.875732422E-3
3.913125000E-1,2.471923828E-3
3.913333333E-1,1.098632812E-3
3.913541667E-1,6.103515625E-5
3.913750000E-1,-8.850097656E-4
3.913958333E-1,-2.014160156E-3
3.914166667E-1,-1.983642578E-3
3.914375000E-1,-2.471923828E-3
3.914583333E-1,-7.019042969E-4
3.914791667E-1,-2.746582031E-4
3.915000000E-1,9.460449219E-4
3.915208333E-1,3.662109375E-4
3.915416667E-1,-4.882812500E-4
3.915625000E-1,-1.007080078E-3
3.915833333E-1,-1.556396484E-3
3.916041667E-1,-1.861572266E-3
3.916250000E-1,-2.044677734E-3
3.916458333E-1,-2.014160156E-3
3.916666667E-1,-2.502441406E-3
3.916875000E-1,-1.953125000E-3
3.917083333E-1,-1.739501953E-3
3.917291667E-1,-1.464843750E-3
3.917500000E-1,-6.103515625E-4
3.917708333E-1,-5.798339844E-4
3.917916667E-1,-1.037597656E-3
3.918125000E-1,-6.103515625E-4
3.918333333E-1,-1.831054688E-3
3.918541667E-1,-6.103515625E-5
3.918750000E-1,-1.708984375E-3
3.918958333E-1,-1.495361328E-3
3.919166667E-1,0.000000000E0
3.919375000E-1,-7.324218750E-4
3.919583333E-1,-7.019042969E-4
3.919791667E-1,-1.953125000E-3
3.920000000E-1,-1.068115234E-3
3.920208333E-1,-3.356933594E-4
3.920416667E-1,-3.051757812E-5
3.920625000E-1,1.373291016E-3
3.920833333E-1,1.617431641E-3
3.921041667E-1,1.678466797E-3
3.921250000E-1,1.281738281E-3
3.921458333E-1,1.220703125E-4
3.921666667E-1,6.103515625E-4
3.921875000E-1,2.136230469E-4
3.922083333E-1,-1.220703125E-4
3.922291667E-1,-6.103515625E-4
3.922500000E-1,-9.765625000E-4
3.922708333E-1,-9.155273438E-5
3.922916667E-1,3.967285156E-4
3.923125000E-1,-3.662109375E-4
3.923333333E-1,2.136230469E-4
3.923541667E-1,1.220703125E-4
3.923750000E-1,2.136230469E-4
3.923958333E-1,1.831054688E-4
3.924166667E-1,-1.525878906E-4
3.924375000E-1,-9.460449219E-4
3.924583333E-1,-2.410888672E-3
3.924791667E-1,-2.716064453E-3
3.925000000E-1,-3.631591797E-3
3.925208333E-1,-3.417968750E-3
3.925416667E-1,-4.547119141E-3
3.925625000E-1,-4.730224609E-3
3.925833333E-1,-4.821777344E-3
3.926041667E-1,-4.364013672E-3
3.926250000E-1,-4.394531250E-3
3.926458333E-1,-4.455566406E-3
3.926666667E-1,-4.425048828E-3
3.926875000E-1,-5.035400391E-3
3.927083333E-1,-4.516601562E-3
3.927291667E-1,-4.516601562E-3
3.927500000E-1,-3.814697266E-3
3.927708333E-1,-2.441406250E-3
3.927916667E-1,-2.349853516E-3
3.928125000E-1,-1.312255859E-3
3.928333333E-1,-6.408691406E-4
3.928541667E-1,-6.103515625E-5
3.928750000E-1,4.272460938E-4
3.928958333E-1,-2.136230469E-4
3.929166667E-1,-3.051757812E-5
3.929375000E-1,-8.239746094E-4
3.929583333E-1,1.831054688E-4
3.929791667E-1,-1.098632812E-3
3.930000000E-1,-6.103515625E-5
3.930208333E-1,1.831054688E-4
3.930416667E-1,-1.525878906E-4
3.930625000E-1,5.493164062E-4
3.930833333E-1,1.495361328E-3
3.931041667E-1,3.936767578E-3
3.931250000E-1,4.028320312E-3
3.931458333E-1,5.310058594E-3
3.931666667E-1,5.493164062E-3
3.931875000E-1,5.065917969E-3
3.932083333E-1,3.631591797E-3
3.932291667E-1,2.929687500E-3
3.932500000E-1,1.586914062E-3
3.932708333E-1,4.882812500E-4
3.932916667E-1,-2.746582031E-4
3.933125000E-1,-8.239746094E-4
3.933333333E-1,1.525878906E-4
3.933541667E-1,-7.629394531E-4
3.933750000E-1,-1.525878906E-4
3.933958333E-1,-2.746582031E-4
3.934166667E-1,1.220703125E-4
3.934375000E-1,9.765625000E-4
3.934583333E-1,1.525878906E-3
3.934791667E-1,1.953125000E-3
3.935000000E-1,1.556396484E-3
3.935208333E-1,7.324218750E-4
3.935416667E-1,-9.155273438E-4
3.935625000E-1,-1.068115234E-3
3.935833333E-1,-2.502441406E-3
3.936041667E-1,-1.739501953E-3
3.936250000E-1,-1.129150391E-3
3.936458333E-1,-2.044677734E-3
3.936666667E-1,-6.408691406E-4
3.936875000E-1,-1.159667969E-3
3.937083333E-1,3.662109375E-4
3.937291667E-1,7.019042969E-4
3.937500000E-1,9.155273438E-4
3.937708333E-1,2.502441406E-3
3.937916667E-1,2.868652344E-3
3.938125000E-1,3.570556641E-3
3.938333333E-1,3.448486328E-3
3.938541667E-1,3.356933594E-3
3.938750000E-1,2.929687500E-3
3.938958333E-1,2.288818359E-3
3.939166667E-1,2.075195312E-3
3.939375000E-1,1.861572266E-3
3.939583333E-1,1.159667969E-3
3.939791667E-1,1.831054688E-3
3.940000000E-1,2.075195312E-3
3.940208333E-1,2.105712891E-3
3.940416667E-1,2.288818359E-3
3.940625000E-1,1.281738281E-3
3.940833333E-1,1.434326172E-3
3.941041667E-1,4.882812500E-4
3.941250000E-1,6.103515625E-5
3.941458333E-1,4.577636719E-4
3.941666667E-1,6.103515625E-5
3.941875000E-1,4.577636719E-4
3.942083333E-1,2.136230469E-4
3.942291667E-1,1.434326172E-3
3.942500000E-1,1.495361328E-3
3.942708333E-1,1.159667969E-3
3.942916667E-1,1.678466797E-3
3.943125000E-1,1.220703125E-3
3.943333333E-1,1.373291016E-3
3.943541667E-1,1.525878906E-4
3.943750000E-1,-1.831054688E-4
3.943958333E-1,-3.356933594E-4
3.944166667E-1,-6.713867188E-4
3.944375000E-1,-1.708984375E-3
3.944583333E-1,-2.258300781E-3
3.944791667E-1,-1.617431641E-3
3.945000000E-1,-1.434326172E-3
3.945208333E-1,-3.051757812E-4
3.945416667E-1,5.493164062E-4
3.945625000E-1,1.373291016E-3
3.945833333E-1,1.770019531E-3
3.946041667E-1,1.098632812E-3
3.946250000E-1,9.155273438E-4
3.946458333E-1,8.850097656E-4
3.946666667E-1,1.007080078E-3
3.946875000E-1,9.765625000E-4
3.947083333E-1,-4.882812500E-4
3.947291667E-1,-2.441406250E-4
3.947500000E-1,-1.037597656E-3
3.947708333E-1,-1.647949219E-3
3.947916667E-1,-2.044677734E-3
3.948125000E-1,-2.349853516E-3
3.948333333E-1,-2.044677734E-3
3.948541667E-1,-3.204345703E-3
3.948750000E-1,-1.464843750E-3
3.948958333E-1,-1.190185547E-3
3.949166667E-1,-2.746582031E-4
3.949375000E-1,5.493164062E-4
3.949583333E-1,4.577636719E-4
3.949791667E-1,9.155273438E-5
3.950000000E-1,-1.708984375E-3
3.950208333E-1,-3.112792969E-3
3.950416667E-1,-5.065917969E-3
3.950625000E-1,-5.401611328E-3
3.950833333E-1,-5.065917969E-3
3.951041667E-1,-4.272460938E-3
3.951250000E-1,-2.868652344E-3
3.951458333E-1,-2.532958984E-3
3.951666667E-1,-2.319335938E-3
3.951875000E-1,-3.173828125E-3
3.952083333E-1,-3.234863281E-3
3.952291667E-1,-4.241943359E-3
3.952500000E-1,-4.272460938E-3
3.952708333E-1,-5.432128906E-3
3.952916667E-1,-5.645751953E-3
3.953125000E-1,-5.676269531E-3
3.953333333E-1,-5.401611328E-3
3.953541667E-1,-4.089355469E-3
3.953750000E-1,-4.852294922E-3
3.953958333E-1,-3.692626953E-3
3.954166667E-1,-4.608154297E-3
3.954375000E-1,-3.387451172E-3
3.954583333E-1,-3.326416016E-3
3.954791667E-1,-2.960205078E-3
3.955000000E-1,-2.441406250E-3
3.955208333E-1,-2.807617188E-3
3.955416667E-1,-1.251220703E-3
3.955625000E-1,-2.532958984E-3
3.955833333E-1,-1.037597656E-3
3.956041667E-1,-2.197265625E-3
3.956250000E-1,-1.617431641E-3
3.956458333E-1,9.155273438E-5
3.956666667E-1,-9.155273438E-4
3.956875000E-1,9.460449219E-4
3.957083333E-1,2.441406250E-4
3.957291667E-1,3.356933594E-4
3.957500000E-1,-9.155273438E-4
3.957708333E-1,-1.892089844E-3
3.957916667E-1,-2.166748047E-3
3.958125000E-1,-2.136230469E-3
3.958333333E-1,-1.708984375E-3
3.958541667E-1,-3.356933594E-3
3.958750000E-1,-7.019042969E-4
3.958958333E-1,3.662109375E-4
3.959166667E-1,2.746582031E-4
3.959375000E-1,2.014160156E-3
3.959583333E-1,2.655029297E-3
3.959791667E-1,2.044677734E-3
3.960000000E-1,2.288818359E-3
3.960208333E-1,2.868652344E-3
3.960416667E-1,1.800537109E-3
3.960625000E-1,2.166748047E-3
3.960833333E-1,8.544921875E-4
3.961041667E-1,2.136230469E-3
3.961250000E-1,6.408691406E-4
3.961458333E-1,3.662109375E-4
3.961666667E-1,1.739501953E-3
3.961875000E-1,1.098632812E-3
3.962083333E-1,2.258300781E-3
3.962291667E-1,1.647949219E-3
3.962500000E-1,2.471923828E-3
3.962708333E-1,1.464843750E-3
3.962916667E-1,1.037597656E-3
3.963125000E-1,1.647949219E-3
3.963333333E-1,1.312255859E-3
3.963541667E-1,1.861572266E-3
3.963750000E-1,3.265380859E-3
3.963958333E-1,4.180908203E-3
3.964166667E-1,4.699707031E-3
3.964375000E-1,3.967285156E-3
3.964583333E-1,3.662109375E-3
3.964791667E-1,3.784179688E-3
3.965000000E-1,3.112792969E-3
3.965208333E-1,4.028320312E-3
3.965416667E-1,3.234863281E-3
3.965625000E-1,2.380371094E-3
3.965833333E-1,1.739501953E-3
3.966041667E-1,-3.051757812E-5
3.966250000E-1,-1.281738281E-3
3.966458333E-1,-1.495361328E-3
3.966666667E-1,-2.014160156E-3
3.966875000E-1,-9.155273438E-4
3.967083333E-1,2.136230469E-4
3.967291667E-1,1.434326172E-3
3.967500000E-1,2.410888672E-3
3.967708333E-1,2.777099609E-3
3.967916667E-1,2.441406250E-3
3.968125000E-1,2.075195312E-3
3.968333333E-1,1.739501953E-3
3.968541667E-1,6.103515625E-4
3.968750000E-1,1.098632812E-3
3.968958333E-1,9.155273438E-5
3.969166667E-1,8.850097656E-4
3.969375000E-1,1.525878906E-4
3.969583333E-1,-1.831054688E-4
3.969791667E-1,-3.967285156E-4
3.970000000E-1,5.493164062E-4
3.970208333E-1,3.112792969E-3
3.970416667E-1,3.295898438E-3
3.970625000E-1,4.638671875E-3
3.970833333E-1,4.913330078E-3
3.971041667E-1,5.096435547E-3
3.971250000E-1,4.089355469E-3
3.971458333E-1,2.685546875E-3
3.971666667E-1,2.868652344E-3
3.971875000E-1,1.251220703E-3
3.972083333E-1,1.953125000E-3
3.972291667E-1,2.044677734E-3
3.972500000E-1,1.190185547E-3
3.972708333E-1,2.593994141E-3
3.972916667E-1,2.197265625E-3
3.973125000E-1,2.166748047E-3
3.973333333E-1,2.197265625E-3
3.973541667E-1,1.983642578E-3
3.973750000E-1,1.831054688E-3
3.973958333E-1,1.037597656E-3
3.974166667E-1,-1.831054688E-4
3.974375000E-1,-1.129150391E-3
3.974583333E-1,-7.324218750E-4
3.974791667E-1,-6.713867188E-4
3.975000000E-1,4.272460938E-4
3.975208333E-1,9.460449219E-4
3.975416667E-1,2.166748047E-3
3.975625000E-1,2.258300781E-3
3.975833333E-1,1.739501953E-3
3.976041667E-1,2.471923828E-3
3.976250000E-1,1.953125000E-3
3.976458333E-1,1.159667969E-3
3.976666667E-1,8.544921875E-4
3.976875000E-1,3.662109375E-4
3.977083333E-1,3.967285156E-4
3.977291667E-1,5.493164062E-4
3.977500000E-1,4.577636719E-4
3.977708333E-1,7.019042969E-4
3.977916667E-1,6.408691406E-4
3.978125000E-1,1.251220703E-3
3.978333333E-1,1.739501953E-3
3.978541667E-1,2.532958984E-3
3.978750000E-1,1.922607422E-3
3.978958333E-1,1.586914062E-3
3.979166667E-1,1.373291016E-3
3.979375000E-1,-6.103515625E-5
3.979583333E-1,7.629394531E-4
3.979791667E-1,-3.051757812E-5
3.980000000E-1,3.356933594E-4
3.980208333E-1,3.967285156E-4
3.980416667E-1,4.272460938E-4
3.980625000E-1,2.014160156E-3
3.980833333E-1,2.166748047E-3
3.981041667E-1,1.861572266E-3
3.981250000E-1,1.525878906E-3
3.981458333E-1,1.251220703E-3
3.981666667E-1,4.577636719E-4
3.981875000E-1,-4.272460938E-4
3.982083333E-1,6.103515625E-5
3.982291667E-1,-1.281738281E-3
3.982500000E-1,-1.953125000E-3
3.982708333E-1,-2.227783203E-3
3.982916667E-1,-2.746582031E-3
3.983125000E-1,-1.556396484E-3
3.983333333E-1,-7.019042969E-4
3.983541667E-1,-8.239746094E-4
3.983750000E-1,-1.647949219E-3
3.983958333E-1,-2.380371094E-3
3.984166667E-1,-4.058837891E-3
3.984375000E-1,-5.035400391E-3
3.984583333E-1,-5.493164062E-3
3.984791667E-1,-6.652832031E-3
3.985000000E-1,-6.347656250E-3
3.985208333E-1,-7.049560547E-3
3.985416667E-1,-8.026123047E-3
3.985625000E-1,-7.690429688E-3
3.985833333E-1,-7.751464844E-3
3.986041667E-1,-7.202148438E-3
3.986250000E-1,-6.469726562E-3
3.986458333E-1,-4.913330078E-3
3.986666667E-1,-4.333496094E-3
3.986875000E-1,-3.387451172E-3
3.987083333E-1,-2.288818359E-3
3.987291667E-1,-1.739501953E-3
3.987500000E-1,-1.281738281E-3
3.987708333E-1,-2.105712891E-3
3.987916667E-1,-2.716064453E-3
3.988125000E-1,-3.692626953E-3
3.988333333E-1,-4.791259766E-3
3.988541667E-1,-5.126953125E-3
3.988750000E-1,-4.943847656E-3
3.988958333E-1,-3.906250000E-3
3.989166667E-1,-2.716064453E-3
3.989375000E-1,-2.014160156E-3
3.989583333E-1,-2.227783203E-3
3.989791667E-1,-2.563476562E-3
3.990000000E-1,-2.532958984E-3
3.990208333E-1,-2.349853516E-3
3.990416667E-1,-4.577636719E-4
3.990625000E-1,-3.051757812E-4
3.990833333E-1,3.662109375E-4
3.991041667E-1,1.068115234E-3
3.991250000E-1,-2.441406250E-4
3.991458333E-1,-2.746582031E-4
3.991666667E-1,-1.373291016E-3
3.991875000E-1,-1.373291016E-3
3.992083333E-1,-2.838134766E-3
3.992291667E-1,-2.227783203E-3
3.992500000E-1,-1.403808594E-3
3.992708333E-1,-7.934570312E-4
3.992916667E-1,1.159667969E-3
3.993125000E-1,3.662109375E-4
3.993333333E-1,1.251220703E-3
3.993541667E-1,-7.629394531E-4
3.993750000E-1,-7.019042969E-4
3.993958333E-1,-9.765625000E-4
3.994166667E-1,-1.312255859E-3
3.994375000E-1,3.967285156E-4
3.994583333E-1,1.281738281E-3
3.994791667E-1,5.798339844E-4
3.995000000E-1,1.678466797E-3
3.995208333E-1,2.044677734E-3
3.995416667E-1,1.556396484E-3
3.995625000E-1,2.471923828E-3
3.995833333E-1,9.460449219E-4
3.996041667E-1,7.324218750E-4
3.996250000E-1,-1.342773438E-3
3.996458333E-1,-3.051757812E-4
3.996666667E-1,3.051757812E-4
3.996875000E-1,1.159667969E-3
3.997083333E-1,4.211425781E-3
3.997291667E-1,4.272460938E-3
3.997500000E-1,5.096435547E-3
3.997708333E-1,4.913330078E-3
3.997916667E-1,4.272460938E-3
3.998125000E-1,4.974365234E-3
3.998333333E-1,3.173828125E-3
3.998541667E-1,3.204345703E-3
3.998750000E-1,2.105712891E-3
3.998958333E-1,1.373291016E-3
3.999166667E-1,2.075195312E-3
3.999375000E-1,2.410888672E-3
3.999583333E-1,3.173828125E-3
3.999791667E-1,3.417968750E-3
4.000000000E-1,2.685546875E-3
4.000208333E-1,1.281738281E-3
4.000416667E-1,1.159667969E-3
4.000625000E-1,-1.525878906E-4
4.000833333E-1,4.882812500E-4
4.001041667E-1,-5.187988281E-4
4.001250000E-1,-1.312255859E-3
4.001458333E-1,-6.103515625E-5
4.001666667E-1,-8.239746094E-4
4.001875000E-1,3.356933594E-4
4.002083333E-1,1.525878906E-4
4.002291667E-1,-5.798339844E-4
4.002500000E-1,-7.324218750E-4
4.002708333E-1,-1.678466797E-3
4.002916667E-1,-8.850097656E-4
4.003125000E-1,1.098632812E-3
4.003333333E-1,2.319335938E-3
4.003541667E-1,2.380371094E-3
4.003750000E-1,2.746582031E-3
4.003958333E-1,2.166748047E-3
4.004166667E-1,1.037597656E-3
4.004375000E-1,1.342773438E-3
4.004583333E-1,1.708984375E-3
4.004791667E-1,2.410888672E-3
4.005000000E-1,2.410888672E-3
4.005208333E-1,2.746582031E-3
4.005416667E-1,2.777099609E-3
4.005625000E-1,2.746582031E-3
4.005833333E-1,2.929687500E-3
4.006041667E-1,2.075195312E-3
4.006250000E-1,2.380371094E-3
4.006458333E-1,1.708984375E-3
4.006666667E-1,2.258300781E-3
4.006875000E-1,2.410888672E-3
4.007083333E-1,1.770019531E-3
4.007291667E-1,2.227783203E-3
4.007500000E-1,9.155273438E-4
4.007708333E-1,9.765625000E-4
4.007916667E-1,-3.051757812E-4
4.008125000E-1,-1.892089844E-3
4.008333333E-1,-1.892089844E-3
4.008541667E-1,-2.441406250E-3
4.008750000E-1,-1.586914062E-3
4.008958333E-1,-7.019042969E-4
4.009166667E-1,-4.882812500E-4
4.009375000E-1,-3.051757812E-4
4.009583333E-1,-8.544921875E-4
4.009791667E-1,-3.265380859E-3
4.010000000E-1,-3.295898438E-3
4.010208333E-1,-5.065917969E-3
4.010416667E-1,-5.706787109E-3
4.010625000E-1,-5.401611328E-3
4.010833333E-1,-4.394531250E-3
4.011041667E-1,-3.112792969E-3
4.011250000E-1,-2.441406250E-3
4.011458333E-1,-1.556396484E-3
4.011666667E-1,-1.739501953E-3
4.011875000E-1,-1.403808594E-3
4.012083333E-1,-1.831054688E-3
4.012291667E-1,-1.464843750E-3
4.012500000E-1,-1.068115234E-3
4.012708333E-1,-2.288818359E-3
4.012916667E-1,-2.929687500E-3
4.013125000E-1,-4.211425781E-3
4.013333333E-1,-4.730224609E-3
4.013541667E-1,-4.150390625E-3
4.013750000E-1,-4.730224609E-3
4.013958333E-1,-3.204345703E-3
4.014166667E-1,-3.540039062E-3
4.014375000E-1,-2.258300781E-3
4.014583333E-1,-1.800537109E-3
4.014791667E-1,-2.593994141E-3
4.015000000E-1,-1.159667969E-3
4.015208333E-1,-1.678466797E-3
4.015416667E-1,-2.746582031E-4
4.015625000E-1,9.155273438E-5
4.015833333E-1,1.525878906E-4
4.016041667E-1,-3.662109375E-4
4.016250000E-1,-7.324218750E-4
4.016458333E-1,-1.129150391E-3
4.016666667E-1,-2.319335938E-3
4.016875000E-1,-3.204345703E-3
4.017083333E-1,-3.265380859E-3
4.017291667E-1,-2.563476562E-3
4.017500000E-1,-3.479003906E-3
4.017708333E-1,-1.617431641E-3
4.017916667E-1,-1.770019531E-3
4.018125000E-1,-1.129150391E-3
4.018333333E-1,1.220703125E-4
4.018541667E-1,1.525878906E-4
4.018750000E-1,1.892089844E-3
4.018958333E-1,1.403808594E-3
4.019166667E-1,3.082275391E-3
4.019375000E-1,2.227783203E-3
4.019583333E-1,2.380371094E-3
4.019791667E-1,1.495361328E-3
4.020000000E-1,1.403808594E-3
4.020208333E-1,3.417968750E-3
4.020416667E-1,2.380371094E-3
4.020625000E-1,3.906250000E-3
4.020833333E-1,3.936767578E-3
4.021041667E-1,4.364013672E-3
4.021250000E-1,5.126953125E-3
4.021458333E-1,5.371093750E-3
4.021666667E-1,5.981445312E-3
4.021875000E-1,5.187988281E-3
4.022083333E-1,6.347656250E-3
4.022291667E-1,4.821777344E-3
4.022500000E-1,4.577636719E-3
4.022708333E-1,4.028320312E-3
4.022916667E-1,3.753662109E-3
4.023125000E-1,4.455566406E-3
4.023333333E-1,4.577636719E-3
4.023541667E-1,6.713867188E-3
4.023750000E-1,5.798339844E-3
4.023958333E-1,6.530761719E-3
4.024166667E-1,5.798339844E-3
4.024375000E-1,3.936767578E-3
4.024583333E-1,3.845214844E-3
4.024791667E-1,2.593994141E-3
4.025000000E-1,2.990722656E-3
4.025208333E-1,2.563476562E-3
4.025416667E-1,2.166748047E-3
4.025625000E-1,2.075195312E-3
4.025833333E-1,1.647949219E-3
4.026041667E-1,1.312255859E-3
4.026250000E-1,8.850097656E-4
4.026458333E-1,7.934570312E-4
4.026666667E-1,-4.882812500E-4
4.026875000E-1,-5.798339844E-4
4.027083333E-1,-2.441406250E-4
4.027291667E-1,3.051757812E-5
4.027500000E-1,1.129150391E-3
4.027708333E-1,2.227783203E-3
4.027916667E-1,2.990722656E-3
4.028125000E-1,2.105712891E-3
4.028333333E-1,9.460449219E-4
4.028541667E-1,1.678466797E-3
4.028750000E-1,1.708984375E-3
4.028958333E-1,2.410888672E-3
4.029166667E-1,2.960205078E-3
4.029375000E-1,2.563476562E-3
4.029583333E-1,2.746582031E-3
4.029791667E-1,1.922607422E-3
4.030000000E-1,1.007080078E-3
4.030208333E-1,2.441406250E-4
4.030416667E-1,0.000000000E0
4.030625000E-1,6.103515625E-5
4.030833333E-1,-2.136230469E-4
4.031041667E-1,6.408691406E-4
4.031250000E-1,1.525878906E-4
4.031458333E-1,-1.525878906E-4
4.031666667E-1,-5.187988281E-4
4.031875000E-1,3.051757812E-4
4.032083333E-1,2.349853516E-3
4.032291667E-1,1.586914062E-3
4.032500000E-1,2.624511719E-3
4.032708333E-1,2.685546875E-3
4.032916667E-1,9.765625000E-4
4.033125000E-1,1.068115234E-3
4.033333333E-1,-1.220703125E-4
4.033541667E-1,-1.861572266E-3
4.033750000E-1,-2.532958984E-3
4.033958333E-1,-2.532958984E-3
4.034166667E-1,-2.532958984E-3
4.034375000E-1,-1.586914062E-3
4.034583333E-1,-1.007080078E-3
4.034791667E-1,-3.662109375E-4
4.035000000E-1,-1.525878906E-4
4.035208333E-1,6.103515625E-5
4.035416667E-1,-2.136230469E-4
4.035625000E-1,-9.155273438E-4
4.035833333E-1,-1.159667969E-3
4.036041667E-1,-1.464843750E-3
4.036250000E-1,-6.408691406E-4
4.036458333E-1,-1.770019531E-3
4.036666667E-1,-1.281738281E-3
4.036875000E-1,-3.204345703E-3
4.037083333E-1,-4.699707031E-3
4.037291667E-1,-5.584716797E-3
4.037500000E-1,-8.514404297E-3
4.037708333E-1,-7.354736328E-3
4.037916667E-1,-7.873535156E-3
4.038125000E-1,-7.110595703E-3
4.038333333E-1,-5.981445312E-3
4.038541667E-1,-6.164550781E-3
4.038750000E-1,-4.730224609E-3
4.038958333E-1,-5.706787109E-3
4.039166667E-1,-6.103515625E-3
4.039375000E-1,-6.927490234E-3
4.039583333E-1,-8.422851562E-3
4.039791667E-1,-8.087158203E-3
4.040000000E-1,-6.652832031E-3
4.040208333E-1,-5.920410156E-3
4.040416667E-1,-5.798339844E-3
4.040625000E-1,-4.638671875E-3
4.040833333E-1,-4.821777344E-3
4.041041667E-1,-3.967285156E-3
4.041250000E-1,-5.310058594E-3
4.041458333E-1,-6.622314453E-3
4.041666667E-1,-6.225585938E-3
4.041875000E-1,-7.232666016E-3
4.042083333E-1,-5.889892578E-3
4.042291667E-1,-6.317138672E-3
4.042500000E-1,-5.065917969E-3
4.042708333E-1,-3.967285156E-3
4.042916667E-1,-4.730224609E-3
4.043125000E-1,-4.119873047E-3
4.043333333E-1,-3.204345703E-3
4.043541667E-1,-2.685546875E-3
4.043750000E-1,-2.838134766E-3
4.043958333E-1,-1.434326172E-3
4.044166667E-1,-2.136230469E-4
4.044375000E-1,-7.629394531E-4
4.044583333E-1,2.441406250E-4
4.044791667E-1,1.007080078E-3
4.045000000E-1,3.967285156E-4
4.045208333E-1,7.629394531E-4
4.045416667E-1,8.544921875E-4
4.045625000E-1,1.922607422E-3
4.045833333E-1,1.464843750E-3
4.046041667E-1,1.190185547E-3
4.046250000E-1,1.495361328E-3
4.046458333E-1,4.577636719E-4
4.046666667E-1,1.220703125E-4
4.046875000E-1,-3.051757812E-5
4.047083333E-1,1.831054688E-4
4.047291667E-1,7.629394531E-4
4.047500000E-1,0.000000000E0
4.047708333E-1,3.967285156E-4
4.047916667E-1,1.007080078E-3
4.048125000E-1,1.892089844E-3
4.048333333E-1,2.716064453E-3
4.048541667E-1,3.112792969E-3
4.048750000E-1,5.065917969E-3
4.048958333E-1,5.371093750E-3
4.049166667E-1,5.371093750E-3
4.049375000E-1,5.889892578E-3
4.049583333E-1,6.713867188E-3
4.049791667E-1,6.286621094E-3
4.050000000E-1,6.408691406E-3
4.050208333E-1,5.310058594E-3
4.050416667E-1,3.417968750E-3
4.050625000E-1,3.143310547E-3
4.050833333E-1,2.716064453E-3
4.051041667E-1,2.868652344E-3
4.051250000E-1,4.333496094E-3
4.051458333E-1,4.211425781E-3
4.051666667E-1,4.058837891E-3
4.051875000E-1,3.723144531E-3
4.052083333E-1,2.868652344E-3
4.052291667E-1,1.770019531E-3
4.052500000E-1,1.953125000E-3
4.052708333E-1,1.892089844E-3
4.052916667E-1,2.075195312E-3
4.053125000E-1,2.288818359E-3
4.053333333E-1,2.075195312E-3
4.053541667E-1,2.227783203E-3
4.053750000E-1,-4.272460938E-4
4.053958333E-1,-1.098632812E-3
4.054166667E-1,-1.525878906E-4
4.054375000E-1,2.441406250E-4
4.054583333E-1,1.281738281E-3
4.054791667E-1,1.403808594E-3
4.055000000E-1,1.129150391E-3
4.055208333E-1,1.190185547E-3
4.055416667E-1,1.647949219E-3
4.055625000E-1,1.251220703E-3
4.055833333E-1,7.019042969E-4
4.056041667E-1,1.098632812E-3
4.056250000E-1,2.746582031E-4
4.056458333E-1,-8.544921875E-4
4.056666667E-1,-1.739501953E-3
4.056875000E-1,-3.204345703E-3
4.057083333E-1,-3.631591797E-3
4.057291667E-1,-3.051757812E-3
4.057500000E-1,-3.051757812E-3
4.057708333E-1,-3.051757812E-3
4.057916667E-1,-4.089355469E-3
4.058125000E-1,-2.929687500E-3
4.058333333E-1,-3.479003906E-3
4.058541667E-1,-3.021240234E-3
4.058750000E-1,-1.007080078E-3
4.058958333E-1,-2.716064453E-3
4.059166667E-1,-1.342773438E-3
4.059375000E-1,-2.166748047E-3
4.059583333E-1,-1.617431641E-3
4.059791667E-1,-2.075195312E-3
4.060000000E-1,-2.197265625E-3
4.060208333E-1,-9.155273438E-4
4.060416667E-1,-7.934570312E-4
4.060625000E-1,2.014160156E-3
4.060833333E-1,1.892089844E-3
4.061041667E-1,2.960205078E-3
4.061250000E-1,1.617431641E-3
4.061458333E-1,2.136230469E-4
4.061666667E-1,8.239746094E-4
4.061875000E-1,-1.190185547E-3
4.062083333E-1,1.831054688E-4
4.062291667E-1,-8.544921875E-4
4.062500000E-1,-5.493164062E-4
4.062708333E-1,3.051757812E-5
4.062916667E-1,-5.798339844E-4
4.063125000E-1,8.239746094E-4
4.063333333E-1,1.068115234E-3
4.063541667E-1,1.220703125E-4
4.063750000E-1,6.408691406E-4
4.063958333E-1,-5.798339844E-4
4.064166667E-1,-9.155273438E-5
4.064375000E-1,-3.967285156E-4
4.064583333E-1,-1.617431641E-3
4.064791667E-1,-1.342773438E-3
4.065000000E-1,-1.983642578E-3
4.065208333E-1,-7.019042969E-4
4.065416667E-1,-1.007080078E-3
4.065625000E-1,6.103515625E-5
4.065833333E-1,8.544921875E-4
4.066041667E-1,8.850097656E-4
4.066250000E-1,3.356933594E-4
4.066458333E-1,-6.408691406E-4
4.066666667E-1,-1.770019531E-3
4.066875000E-1,-2.502441406E-3
4.067083333E-1,-3.051757812E-4
4.067291667E-1,3.051757812E-4
4.067500000E-1,1.556396484E-3
4.067708333E-1,2.441406250E-3
4.067916667E-1,4.089355469E-3
4.068125000E-1,4.608154297E-3
4.068333333E-1,5.462646484E-3
4.068541667E-1,5.676269531E-3
4.068750000E-1,3.814697266E-3
4.068958333E-1,3.509521484E-3
4.069166667E-1,1.770019531E-3
4.069375000E-1,7.934570312E-4
4.069583333E-1,9.155273438E-5
4.069791667E-1,1.525878906E-4
4.070000000E-1,3.356933594E-4
4.070208333E-1,0.000000000E0
4.070416667E-1,3.051757812E-5
4.070625000E-1,-2.746582031E-4
4.070833333E-1,-4.882812500E-4
4.071041667E-1,-2.746582031E-4
4.071250000E-1,-3.051757812E-4
4.071458333E-1,-1.525878906E-4
4.071666667E-1,1.922607422E-3
4.071875000E-1,1.403808594E-3
4.072083333E-1,1.922607422E-3
4.072291667E-1,2.471923828E-3
4.072500000E-1,2.349853516E-3
4.072708333E-1,2.380371094E-3
4.072916667E-1,9.460449219E-4
4.073125000E-1,1.495361328E-3
4.073333333E-1,9.765625000E-4
4.073541667E-1,6.103515625E-4
4.073750000E-1,2.136230469E-4
4.073958333E-1,5.493164062E-4
4.074166667E-1,1.098632812E-3
4.074375000E-1,9.460449219E-4
4.074583333E-1,2.532958984E-3
4.074791667E-1,2.807617188E-3
4.075000000E-1,2.807617188E-3
4.075208333E-1,2.441406250E-3
4.075416667E-1,7.019042969E-4
4.075625000E-1,7.019042969E-4
4.075833333E-1,3.662109375E-4
4.076041667E-1,1.525878906E-4
4.076250000E-1,-1.831054688E-4
4.076458333E-1,-2.441406250E-4
4.076666667E-1,6.103515625E-5
4.076875000E-1,-6.103515625E-5
4.077083333E-1,3.356933594E-4
4.077291667E-1,4.577636719E-4
4.077500000E-1,4.882812500E-4
4.077708333E-1,5.187988281E-4
4.077916667E-1,8.239746094E-4
4.078125000E-1,1.556396484E-3
4.078333333E-1,1.739501953E-3
4.078541667E-1,1.892089844E-3
4.078750000E-1,-3.051757812E-5
4.078958333E-1,-1.617431641E-3
4.079166667E-1,-2.014160156E-3
4.079375000E-1,-3.234863281E-3
4.079583333E-1,-1.861572266E-3
4.079791667E-1,-1.983642578E-3
4.080000000E-1,-1.556396484E-3
4.080208333E-1,-6.408691406E-4
4.080416667E-1,-5.493164062E-4
4.080625000E-1,4.882812500E-4
4.080833333E-1,1.342773438E-3
4.081041667E-1,1.739501953E-3
4.081250000E-1,2.075195312E-3
4.081458333E-1,2.655029297E-3
4.081666667E-1,1.983642578E-3
4.081875000E-1,2.227783203E-3
4.082083333E-1,1.800537109E-3
4.082291667E-1,1.373291016E-3
4.082500000E-1,2.441406250E-3
4.082708333E-1,1.922607422E-3
4.082916667E-1,2.624511719E-3
4.083125000E-1,1.922607422E-3
4.083333333E-1,3.295898438E-3
4.083541667E-1,2.960205078E-3
4.083750000E-1,2.563476562E-3
4.083958333E-1,4.089355469E-3
4.084166667E-1,2.319335938E-3
4.084375000E-1,3.356933594E-3
4.084583333E-1,1.068115234E-3
4.084791667E-1,6.713867188E-4
4.085000000E-1,9.155273438E-5
4.085208333E-1,-5.187988281E-4
4.085416667E-1,8.544921875E-4
4.085625000E-1,3.051757812E-5
4.085833333E-1,1.037597656E-3
4.086041667E-1,-6.103515625E-5
4.086250000E-1,6.408691406E-4
4.086458333E-1,5.187988281E-4
4.086666667E-1,2.136230469E-4
4.086875000E-1,5.798339844E-4
4.087083333E-1,-9.155273438E-5
4.087291667E-1,-7.324218750E-4
4.087500000E-1,-1.220703125E-3
4.087708333E-1,-1.159667969E-3
4.087916667E-1,-2.044677734E-3
4.088125000E-1,-2.075195312E-3
4.088333333E-1,-1.922607422E-3
4.088541667E-1,-3.448486328E-3
4.088750000E-1,-3.570556641E-3
4.088958333E-1,-2.807617188E-3
4.089166667E-1,-3.479003906E-3
4.089375000E-1,-2.258300781E-3
4.089583333E-1,-3.143310547E-3
4.089791667E-1,-3.387451172E-3
4.090000000E-1,-3.906250000E-3
4.090208333E-1,-4.974365234E-3
4.090416667E-1,-4.180908203E-3
4.090625000E-1,-4.821777344E-3
4.090833333E-1,-3.417968750E-3
4.091041667E-1,-3.479003906E-3
4.091250000E-1,-3.784179688E-3
4.091458333E-1,-2.014160156E-3
4.091666667E-1,-2.746582031E-3
4.091875000E-1,-1.525878906E-3
4.092083333E-1,-2.441406250E-3
4.092291667E-1,-2.441406250E-3
4.092500000E-1,-9.765625000E-4
4.092708333E-1,-7.629394531E-4
4.092916667E-1,1.007080078E-3
4.093125000E-1,7.629394531E-4
4.093333333E-1,2.441406250E-3
4.093541667E-1,2.593994141E-3
4.093750000E-1,2.014160156E-3
4.093958333E-1,2.990722656E-3
4.094166667E-1,2.777099609E-3
4.094375000E-1,3.112792969E-3
4.094583333E-1,1.281738281E-3
4.094791667E-1,9.765625000E-4
4.095000000E-1,6.103515625E-4
4.095208333E-1,-3.356933594E-4
4.095416667E-1,-3.356933594E-4
4.095625000E-1,-1.953125000E-3
4.095833333E-1,-1.770019531E-3
4.096041667E-1,-3.448486328E-3
4.096250000E-1,-2.593994141E-3
4.096458333E-1,-1.922607422E-3
4.096666667E-1,-6.408691406E-4
4.096875000E-1,6.103515625E-4
4.097083333E-1,2.136230469E-4
4.097291667E-1,-7.934570312E-4
4.097500000E-1,-2.044677734E-3
4.097708333E-1,-2.868652344E-3
4.097916667E-1,-3.967285156E-3
4.098125000E-1,-3.326416016E-3
4.098333333E-1,-3.723144531E-3
4.098541667E-1,-2.716064453E-3
4.098750000E-1,-2.563476562E-3
4.098958333E-1,-3.601074219E-3
4.099166667E-1,-3.967285156E-3
4.099375000E-1,-3.845214844E-3
4.099583333E-1,-3.082275391E-3
4.099791667E-1,-4.089355469E-3
4.100000000E-1,-3.997802734E-3
4.100208333E-1,-4.486083984E-3
4.100416667E-1,-4.302978516E-3
4.100625000E-1,-3.295898438E-3
4.100833333E-1,-3.784179688E-3
4.101041667E-1,-1.647949219E-3
4.101250000E-1,-2.319335938E-3
4.101458333E-1,-1.739501953E-3
4.101666667E-1,-7.324218750E-4
4.101875000E-1,-1.159667969E-3
4.102083333E-1,3.051757812E-4
4.102291667E-1,-1.312255859E-3
4.102500000E-1,-1.220703125E-4
4.102708333E-1,-8.239746094E-4
4.102916667E-1,-7.629394531E-4
4.103125000E-1,2.746582031E-4
4.103333333E-1,-1.464843750E-3
4.103541667E-1,1.007080078E-3
4.103750000E-1,1.007080078E-3
4.103958333E-1,1.556396484E-3
4.104166667E-1,2.838134766E-3
4.104375000E-1,2.471923828E-3
4.104583333E-1,2.838134766E-3
4.104791667E-1,1.800537109E-3
4.105000000E-1,8.850097656E-4
4.105208333E-1,6.103515625E-4
4.105416667E-1,2.136230469E-4
4.105625000E-1,7.324218750E-4
4.105833333E-1,7.019042969E-4
4.106041667E-1,3.051757812E-4
4.106250000E-1,3.662109375E-4
4.106458333E-1,-8.544921875E-4
4.106666667E-1,-2.044677734E-3
4.106875000E-1,-1.617431641E-3
4.107083333E-1,-2.166748047E-3
4.107291667E-1,-1.525878906E-4
4.107500000E-1,9.460449219E-4
4.107708333E-1,1.220703125E-3
4.107916667E-1,1.525878906E-3
4.108125000E-1,9.155273438E-4
4.108333333E-1,1.770019531E-3
4.108541667E-1,1.831054688E-4
4.108750000E-1,1.220703125E-4
4.108958333E-1,-3.662109375E-4
4.109166667E-1,-1.831054688E-4
4.109375000E-1,4.577636719E-4
4.109583333E-1,-9.155273438E-5
4.109791667E-1,1.525878906E-3
4.110000000E-1,2.288818359E-3
4.110208333E-1,2.838134766E-3
4.110416667E-1,1.831054688E-3
4.110625000E-1,2.380371094E-3
4.110833333E-1,2.166748047E-3
4.111041667E-1,1.678466797E-3
4.111250000E-1,2.227783203E-3
4.111458333E-1,2.166748047E-3
4.111666667E-1,2.807617188E-3
4.111875000E-1,2.990722656E-3
4.112083333E-1,3.692626953E-3
4.112291667E-1,4.425048828E-3
4.112500000E-1,5.859375000E-3
4.112708333E-1,5.584716797E-3
4.112916667E-1,5.462646484E-3
4.113125000E-1,5.981445312E-3
4.113333333E-1,4.486083984E-3
4.113541667E-1,4.791259766E-3
4.113750000E-1,4.699707031E-3
4.113958333E-1,3.753662109E-3
4.114166667E-1,3.631591797E-3
4.114375000E-1,1.647949219E-3
4.114583333E-1,1.281738281E-3
4.114791667E-1,2.441406250E-4
4.115000000E-1,6.408691406E-4
4.115208333E-1,2.746582031E-4
4.115416667E-1,-1.220703125E-4
4.115625000E-1,1.983642578E-3
4.115833333E-1,-9.765625000E-4
4.116041667E-1,-3.662109375E-4
4.116250000E-1,-2.380371094E-3
4.116458333E-1,-3.875732422E-3
4.116666667E-1,-4.180908203E-3
4.116875000E-1,-4.852294922E-3
4.117083333E-1,-4.455566406E-3
4.117291667E-1,-5.065917969E-3
4.117500000E-1,-4.058837891E-3
4.117708333E-1,-4.425048828E-3
4.117916667E-1,-3.692626953E-3
4.118125000E-1,-2.990722656E-3
4.118333333E-1,-2.471923828E-3
4.118541667E-1,-2.868652344E-3
4.118750000E-1,-2.136230469E-3
4.118958333E-1,-2.227783203E-3
4.119166667E-1,-2.197265625E-3
4.119375000E-1,-1.831054688E-3
4.119583333E-1,-1.129150391E-3
4.119791667E-1,-1.525878906E-4
4.120000000E-1,-6.103515625E-4
4.120208333E-1,3.662109375E-4
4.120416667E-1,1.220703125E-4
4.120625000E-1,4.272460938E-4
4.120833333E-1,1.220703125E-4
4.121041667E-1,-2.746582031E-4
4.121250000E-1,-5.187988281E-4
4.121458333E-1,-1.159667969E-3
4.121666667E-1,-5.187988281E-4
4.121875000E-1,-4.882812500E-4
4.122083333E-1,-1.831054688E-4
4.122291667E-1,4.882812500E-4
4.122500000E-1,-9.460449219E-4
4.122708333E-1,-3.967285156E-4
4.122916667E-1,-8.850097656E-4
4.123125000E-1,-1.831054688E-3
4.123333333E-1,-8.850097656E-4
4.123541667E-1,-1.678466797E-3
4.123750000E-1,1.525878906E-4
4.123958333E-1,-3.051757812E-5
4.124166667E-1,1.251220703E-3
4.124375000E-1,1.007080078E-3
4.124583333E-1,5.187988281E-4
4.124791667E-1,1.831054688E-3
4.125000000E-1,6.713867188E-4
4.125208333E-1,1.129150391E-3
4.125416667E-1,7.324218750E-4
4.125625000E-1,3.356933594E-4
4.125833333E-1,1.525878906E-4
4.126041667E-1,1.007080078E-3
4.126250000E-1,9.765625000E-4
4.126458333E-1,6.713867188E-4
4.126666667E-1,5.798339844E-4
4.126875000E-1,1.007080078E-3
4.127083333E-1,1.342773438E-3
4.127291667E-1,2.197265625E-3
4.127500000E-1,3.417968750E-3
4.127708333E-1,4.364013672E-3
4.127916667E-1,3.814697266E-3
4.128125000E-1,3.143310547E-3
4.128333333E-1,2.441406250E-3
4.128541667E-1,1.770019531E-3
4.128750000E-1,1.556396484E-3
4.128958333E-1,1.831054688E-3
4.129166667E-1,2.685546875E-3
4.129375000E-1,3.692626953E-3
4.129583333E-1,4.974365234E-3
4.129791667E-1,5.615234375E-3
4.130000000E-1,6.561279297E-3
4.130208333E-1,5.889892578E-3
4.130416667E-1,4.852294922E-3
4.130625000E-1,3.234863281E-3
4.130833333E-1,1.770019531E-3
4.131041667E-1,1.190185547E-3
4.131250000E-1,-3.051757812E-4
4.131458333E-1,-3.356933594E-4
4.131666667E-1,-9.765625000E-4
4.131875000E-1,-1.190185547E-3
4.132083333E-1,-7.019042969E-4
4.132291667E-1,-1.129150391E-3
4.132500000E-1,-1.831054688E-4
4.132708333E-1,-3.051757812E-4
4.132916667E-1,-8.239746094E-4
4.133125000E-1,-1.403808594E-3
4.133333333E-1,-8.850097656E-4
4.133541667E-1,-8.239746094E-4
4.133750000E-1,-6.103515625E-4
4.133958333E-1,-2.136230469E-4
4.134166667E-1,-9.155273438E-4
4.134375000E-1,-2.410888672E-3
4.134583333E-1,-3.723144531E-3
4.134791667E-1,-4.791259766E-3
4.135000000E-1,-5.523681641E-3
4.135208333E-1,-5.615234375E-3
4.135416667E-1,-5.767822266E-3
4.135625000E-1,-5.676269531E-3
4.135833333E-1,-5.615234375E-3
4.136041667E-1,-5.401611328E-3
4.136250000E-1,-4.150390625E-3
4.136458333E-1,-3.723144531E-3
4.136666667E-1,-2.929687500E-3
4.136875000E-1,-1.312255859E-3
4.137083333E-1,-6.103515625E-4
4.137291667E-1,1.434326172E-3
4.137500000E-1,1.770019531E-3
4.137708333E-1,4.577636719E-4
4.137916667E-1,7.629394531E-4
4.138125000E-1,-1.312255859E-3
4.138333333E-1,-1.708984375E-3
4.138541667E-1,-1.861572266E-3
4.138750000E-1,-4.241943359E-3
4.138958333E-1,-3.753662109E-3
4.139166667E-1,-4.669189453E-3
4.139375000E-1,-3.265380859E-3
4.139583333E-1,-2.349853516E-3
4.139791667E-1,-5.493164062E-4
4.140000000E-1,5.187988281E-4
4.140208333E-1,7.629394531E-4
4.140416667E-1,6.713867188E-4
4.140625000E-1,4.882812500E-4
4.140833333E-1,6.713867188E-4
4.141041667E-1,6.103515625E-5
4.141250000E-1,3.967285156E-4
4.141458333E-1,-1.892089844E-3
4.141666667E-1,-2.075195312E-3
4.141875000E-1,-3.356933594E-3
4.142083333E-1,-3.387451172E-3
4.142291667E-1,-1.831054688E-3
4.142500000E-1,-2.471923828E-3
4.142708333E-1,-1.647949219E-3
4.142916667E-1,-2.380371094E-3
4.143125000E-1,-2.197265625E-3
4.143333333E-1,-2.716064453E-3
4.143541667E-1,-3.021240234E-3
4.143750000E-1,-2.319335938E-3
4.143958333E-1,-3.875732422E-3
4.144166667E-1,-3.967285156E-3
4.144375000E-1,-3.784179688E-3
4.144583333E-1,-3.570556641E-3
4.144791667E-1,-2.777099609E-3
4.145000000E-1,-3.723144531E-3
4.145208333E-1,-2.990722656E-3
4.145416667E-1,-2.838134766E-3
4.145625000E-1,-1.770019531E-3
4.145833333E-1,-1.953125000E-3
4.146041667E-1,-1.983642578E-3
4.146250000E-1,-1.220703125E-3
4.146458333E-1,-2.014160156E-3
4.146666667E-1,-9.765625000E-4
4.146875000E-1,-5.493164062E-4
4.147083333E-1,-1.525878906E-4
4.147291667E-1,5.798339844E-4
4.147500000E-1,3.662109375E-4
4.147708333E-1,4.882812500E-4
4.147916667E-1,-3.051757812E-4
4.148125000E-1,-7.934570312E-4
4.148333333E-1,-3.967285156E-4
4.148541667E-1,-5.187988281E-4
4.148750000E-1,1.159667969E-3
4.148958333E-1,1.922607422E-3
4.149166667E-1,2.136230469E-3
4.149375000E-1,2.197265625E-3
4.149583333E-1,5.798339844E-4
4.149791667E-1,6.713867188E-4
4.150000000E-1,7.934570312E-4
4.150208333E-1,3.051757812E-4
4.150416667E-1,-1.831054688E-4
4.150625000E-1,-1.373291016E-3
4.150833333E-1,-7.629394531E-4
4.151041667E-1,-6.103515625E-5
4.151250000E-1,4.882812500E-4
4.151458333E-1,2.746582031E-3
4.151666667E-1,4.180908203E-3
4.151875000E-1,5.218505859E-3
4.152083333E-1,6.011962891E-3
4.152291667E-1,5.706787109E-3
4.152500000E-1,5.523681641E-3
4.152708333E-1,4.272460938E-3
4.152916667E-1,4.425048828E-3
4.153125000E-1,5.065917969E-3
4.153333333E-1,5.279541016E-3
4.153541667E-1,5.096435547E-3
4.153750000E-1,5.706787109E-3
4.153958333E-1,4.638671875E-3
4.154166667E-1,3.112792969E-3
4.154375000E-1,3.173828125E-3
4.154583333E-1,3.204345703E-3
4.154791667E-1,3.509521484E-3
4.155000000E-1,2.929687500E-3
4.155208333E-1,3.784179688E-3
4.155416667E-1,2.380371094E-3
4.155625000E-1,1.770019531E-3
4.155833333E-1,1.434326172E-3
4.156041667E-1,3.051757812E-4
4.156250000E-1,9.155273438E-4
4.156458333E-1,-5.493164062E-4
4.156666667E-1,5.493164062E-4
4.156875000E-1,8.544921875E-4
4.157083333E-1,7.019042969E-4
4.157291667E-1,6.713867188E-4
4.157500000E-1,1.068115234E-3
4.157708333E-1,7.324218750E-4
4.157916667E-1,-1.220703125E-4
4.158125000E-1,5.798339844E-4
4.158333333E-1,6.103515625E-5
4.158541667E-1,1.525878906E-3
4.158750000E-1,1.434326172E-3
4.158958333E-1,2.410888672E-3
4.159166667E-1,2.777099609E-3
4.159375000E-1,2.716064453E-3
4.159583333E-1,2.075195312E-3
4.159791667E-1,1.495361328E-3
4.160000000E-1,2.624511719E-3
4.160208333E-1,2.105712891E-3
4.160416667E-1,2.593994141E-3
4.160625000E-1,1.922607422E-3
4.160833333E-1,2.166748047E-3
4.161041667E-1,3.143310547E-3
4.161250000E-1,3.356933594E-3
4.161458333E-1,3.356933594E-3
4.161666667E-1,1.861572266E-3
4.161875000E-1,2.166748047E-3
4.162083333E-1,2.868652344E-3
4.162291667E-1,4.058837891E-3
4.162500000E-1,3.875732422E-3
4.162708333E-1,5.401611328E-3
4.162916667E-1,6.103515625E-3
4.163125000E-1,4.394531250E-3
4.163333333E-1,3.997802734E-3
4.163541667E-1,2.258300781E-3
4.163750000E-1,1.770019531E-3
4.163958333E-1,2.593994141E-3
4.164166667E-1,2.349853516E-3
4.164375000E-1,2.807617188E-3
4.164583333E-1,3.112792969E-3
4.164791667E-1,3.021240234E-3
4.165000000E-1,2.014160156E-3
4.165208333E-1,1.647949219E-3
4.165416667E-1,2.136230469E-4
4.165625000E-1,-4.882812500E-4
4.165833333E-1,-1.159667969E-3
4.166041667E-1,-2.777099609E-3
4.166250000E-1,-2.075195312E-3
4.166458333E-1,-2.777099609E-3
4.166666667E-1,-2.410888672E-3
4.166875000E-1,-2.044677734E-3
4.167083333E-1,-3.082275391E-3
4.167291667E-1,-1.159667969E-3
4.167500000E-1,-7.629394531E-4
4.167708333E-1,-7.934570312E-4
4.167916667E-1,-7.019042969E-4
4.168125000E-1,-1.190185547E-3
4.168333333E-1,-1.434326172E-3
4.168541667E-1,-2.532958984E-3
4.168750000E-1,-1.251220703E-3
4.168958333E-1,-2.014160156E-3
4.169166667E-1,-1.251220703E-3
4.169375000E-1,-1.068115234E-3
4.169583333E-1,-1.983642578E-3
4.169791667E-1,-7.019042969E-4
4.170000000E-1,-8.544921875E-4
4.170208333E-1,-3.356933594E-4
4.170416667E-1,-3.051757812E-4
4.170625000E-1,-9.155273438E-4
4.170833333E-1,-7.629394531E-4
4.171041667E-1,-1.739501953E-3
4.171250000E-1,-2.624511719E-3
4.171458333E-1,-2.685546875E-3
4.171666667E-1,-2.593994141E-3
4.171875000E-1,-2.593994141E-3
4.172083333E-1,-3.051757812E-3
4.172291667E-1,-1.831054688E-3
4.172500000E-1,-2.868652344E-3
4.172708333E-1,-2.868652344E-3
4.172916667E-1,-2.716064453E-3
4.173125000E-1,-3.570556641E-3
4.173333333E-1,-3.082275391E-3
4.173541667E-1,-3.417968750E-3
4.173750000E-1,-2.075195312E-3
4.173958333E-1,-2.593994141E-3
4.174166667E-1,-3.845214844E-3
4.174375000E-1,-3.753662109E-3
4.174583333E-1,-4.211425781E-3
4.174791667E-1,-4.302978516E-3
4.175000000E-1,-3.723144531E-3
4.175208333E-1,-4.455566406E-3
4.175416667E-1,-4.241943359E-3
4.175625000E-1,-4.913330078E-3
4.175833333E-1,-4.638671875E-3
4.176041667E-1,-4.058837891E-3
4.176250000E-1,-5.187988281E-3
4.176458333E-1,-3.814697266E-3
4.176666667E-1,-3.387451172E-3
4.176875000E-1,-1.434326172E-3
4.177083333E-1,-9.155273438E-5
4.177291667E-1,-3.662109375E-4
4.177500000E-1,1.495361328E-3
4.177708333E-1,2.532958984E-3
4.177916667E-1,3.814697266E-3
4.178125000E-1,3.204345703E-3
4.178333333E-1,3.448486328E-3
4.178541667E-1,3.570556641E-3
4.178750000E-1,3.295898438E-3
4.178958333E-1,4.058837891E-3
4.179166667E-1,4.455566406E-3
4.179375000E-1,5.218505859E-3
4.179583333E-1,3.997802734E-3
4.179791667E-1,2.655029297E-3
4.180000000E-1,1.770019531E-3
4.180208333E-1,1.770019531E-3
4.180416667E-1,1.861572266E-3
4.180625000E-1,1.464843750E-3
4.180833333E-1,1.281738281E-3
4.181041667E-1,3.051757812E-4
4.181250000E-1,-3.967285156E-4
4.181458333E-1,5.187988281E-4
4.181666667E-1,1.220703125E-4
4.181875000E-1,-7.019042969E-4
4.182083333E-1,-1.525878906E-4
4.182291667E-1,2.441406250E-4
4.182500000E-1,-2.136230469E-4
4.182708333E-1,-9.155273438E-4
4.182916667E-1,-7.934570312E-4
4.183125000E-1,-1.922607422E-3
4.183333333E-1,-1.129150391E-3
4.183541667E-1,-1.708984375E-3
4.183750000E-1,-1.220703125E-3
4.183958333E-1,7.934570312E-4
4.184166667E-1,1.403808594E-3
4.184375000E-1,3.784179688E-3
4.184583333E-1,3.601074219E-3
4.184791667E-1,3.753662109E-3
4.185000000E-1,3.326416016E-3
4.185208333E-1,2.075195312E-3
4.185416667E-1,1.403808594E-3
4.185625000E-1,-2.746582031E-4
4.185833333E-1,-6.713867188E-4
4.186041667E-1,-7.934570312E-4
4.186250000E-1,-1.037597656E-3
4.186458333E-1,-1.342773438E-3
4.186666667E-1,-1.434326172E-3
4.186875000E-1,-1.159667969E-3
4.187083333E-1,-7.934570312E-4
4.187291667E-1,-1.007080078E-3
4.187500000E-1,-1.770019531E-3
4.187708333E-1,-2.532958984E-3
4.187916667E-1,-3.936767578E-3
4.188125000E-1,-5.584716797E-3
4.188333333E-1,-6.347656250E-3
4.188541667E-1,-5.920410156E-3
4.188750000E-1,-5.310058594E-3
4.188958333E-1,-3.814697266E-3
4.189166667E-1,-2.227783203E-3
4.189375000E-1,-1.831054688E-4
4.189583333E-1,1.068115234E-3
4.189791667E-1,1.800537109E-3
4.190000000E-1,1.831054688E-3
4.190208333E-1,7.019042969E-4
4.190416667E-1,7.934570312E-4
4.190625000E-1,-2.746582031E-4
4.190833333E-1,-1.617431641E-3
4.191041667E-1,-7.324218750E-4
4.191250000E-1,-1.098632812E-3
4.191458333E-1,-5.798339844E-4
4.191666667E-1,-8.239746094E-4
4.191875000E-1,-1.037597656E-3
4.192083333E-1,4.882812500E-4
4.192291667E-1,-6.103515625E-4
4.192500000E-1,4.882812500E-4
4.192708333E-1,-1.312255859E-3
4.192916667E-1,-2.990722656E-3
4.193125000E-1,-3.448486328E-3
4.193333333E-1,-5.187988281E-3
4.193541667E-1,-4.241943359E-3
4.193750000E-1,-3.570556641E-3
4.193958333E-1,-3.662109375E-4
4.194166667E-1,1.525878906E-4
4.194375000E-1,1.495361328E-3
4.194583333E-1,2.136230469E-3
4.194791667E-1,2.746582031E-3
4.195000000E-1,4.486083984E-3
4.195208333E-1,4.241943359E-3
4.195416667E-1,5.737304688E-3
4.195625000E-1,5.187988281E-3
4.195833333E-1,6.195068359E-3
4.196041667E-1,4.333496094E-3
4.196250000E-1,3.112792969E-3
4.196458333E-1,2.777099609E-3
4.196666667E-1,1.403808594E-3
4.196875000E-1,1.617431641E-3
4.197083333E-1,-9.155273438E-5
4.197291667E-1,0.000000000E0
4.197500000E-1,-1.525878906E-4
4.197708333E-1,8.544921875E-4
4.197916667E-1,-3.051757812E-4
4.198125000E-1,-5.493164062E-4
4.198333333E-1,1.220703125E-4
4.198541667E-1,-1.037597656E-3
4.198750000E-1,-7.934570312E-4
4.198958333E-1,-1.983642578E-3
4.199166667E-1,-1.373291016E-3
4.199375000E-1,-1.007080078E-3
4.199583333E-1,-9.155273438E-4
4.199791667E-1,-4.272460938E-4
4.200000000E-1,1.220703125E-3
4.200208333E-1,1.342773438E-3
4.200416667E-1,1.281738281E-3
4.200625000E-1,-1.525878906E-4
4.200833333E-1,-1.403808594E-3
4.201041667E-1,-1.037597656E-3
4.201250000E-1,-1.281738281E-3
4.201458333E-1,-7.324218750E-4
4.201666667E-1,-9.765625000E-4
4.201875000E-1,1.525878906E-4
4.202083333E-1,5.798339844E-4
4.202291667E-1,9.765625000E-4
4.202500000E-1,1.953125000E-3
4.202708333E-1,1.708984375E-3
4.202916667E-1,1.464843750E-3
4.203125000E-1,1.037597656E-3
4.203333333E-1,1.007080078E-3
4.203541667E-1,9.155273438E-4
4.203750000E-1,6.103515625E-4
4.203958333E-1,4.272460938E-4
4.204166667E-1,-1.831054688E-4
4.204375000E-1,2.136230469E-4
4.204583333E-1,5.187988281E-4
4.204791667E-1,1.403808594E-3
4.205000000E-1,1.770019531E-3
4.205208333E-1,1.403808594E-3
4.205416667E-1,1.434326172E-3
4.205625000E-1,1.831054688E-4
4.205833333E-1,6.713867188E-4
4.206041667E-1,3.356933594E-4
4.206250000E-1,-5.493164062E-4
4.206458333E-1,5.798339844E-4
4.206666667E-1,2.441406250E-4
4.206875000E-1,4.577636719E-4
4.207083333E-1,8.850097656E-4
4.207291667E-1,-1.068115234E-3
4.207500000E-1,-1.159667969E-3
4.207708333E-1,-1.739501953E-3
4.207916667E-1,-1.922607422E-3
4.208125000E-1,-1.373291016E-3
4.208333333E-1,-1.770019531E-3
4.208541667E-1,-1.312255859E-3
4.208750000E-1,-1.037597656E-3
4.208958333E-1,-5.187988281E-4
4.209166667E-1,-1.129150391E-3
4.209375000E-1,-2.105712891E-3
4.209583333E-1,-1.892089844E-3
4.209791667E-1,-1.098632812E-3
4.210000000E-1,-2.410888672E-3
4.210208333E-1,-2.532958984E-3
4.210416667E-1,-2.105712891E-3
4.210625000E-1,-3.051757812E-3
4.210833333E-1,-2.288818359E-3
4.211041667E-1,-2.441406250E-3
4.211250000E-1,-1.678466797E-3
4.211458333E-1,-4.882812500E-4
4.211666667E-1,-7.934570312E-4
4.211875000E-1,-1.281738281E-3
4.212083333E-1,-2.471923828E-3
4.212291667E-1,-3.906250000E-3
4.212500000E-1,-4.180908203E-3
4.212708333E-1,-4.577636719E-3
4.212916667E-1,-3.448486328E-3
4.213125000E-1,-3.173828125E-3
4.213333333E-1,-3.295898438E-3
4.213541667E-1,-2.197265625E-3
4.213750000E-1,-1.983642578E-3
4.213958333E-1,-2.197265625E-3
4.214166667E-1,-2.258300781E-3
4.214375000E-1,-3.448486328E-3
4.214583333E-1,-2.349853516E-3
4.214791667E-1,-1.647949219E-3
4.215000000E-1,-2.288818359E-3
4.215208333E-1,-1.312255859E-3
4.215416667E-1,-1.464843750E-3
4.215625000E-1,-1.373291016E-3
4.215833333E-1,-1.556396484E-3
4.216041667E-1,-2.838134766E-3
4.216250000E-1,-3.997802734E-3
4.216458333E-1,-4.333496094E-3
4.216666667E-1,-3.448486328E-3
4.216875000E-1,-1.495361328E-3
4.217083333E-1,-4.882812500E-4
4.217291667E-1,4.272460938E-4
4.217500000E-1,1.525878906E-4
4.217708333E-1,1.525878906E-4
4.217916667E-1,6.103515625E-4
4.218125000E-1,1.831054688E-4
4.218333333E-1,1.617431641E-3
4.218541667E-1,1.922607422E-3
4.218750000E-1,2.319335938E-3
4.218958333E-1,2.197265625E-3
4.219166667E-1,1.831054688E-4
4.219375000E-1,-6.408691406E-4
4.219583333E-1,-1.556396484E-3
4.219791667E-1,-3.265380859E-3
4.220000000E-1,-1.678466797E-3
4.220208333E-1,-7.324218750E-4
4.220416667E-1,1.525878906E-3
4.220625000E-1,4.516601562E-3
4.220833333E-1,7.019042969E-3
4.221041667E-1,9.399414062E-3
4.221250000E-1,9.277343750E-3
4.221458333E-1,1.129150391E-2
4.221666667E-1,1.235961914E-2
4.221875000E-1,1.141357422E-2
4.222083333E-1,1.071166992E-2
4.222291667E-1,1.147460938E-2
4.222500000E-1,1.025390625E-2
4.222708333E-1,1.068115234E-2
4.222916667E-1,1.156616211E-2
4.223125000E-1,1.004028320E-2
4.223333333E-1,9.552001953E-3
4.223541667E-1,7.049560547E-3
4.223750000E-1,5.584716797E-3
4.223958333E-1,3.692626953E-3
4.224166667E-1,2.502441406E-3
4.224375000E-1,2.502441406E-3
4.224583333E-1,2.899169922E-3
4.224791667E-1,2.929687500E-3
4.225000000E-1,2.319335938E-3
4.225208333E-1,1.495361328E-3
4.225416667E-1,-8.850097656E-4
4.225625000E-1,-2.990722656E-3
4.225833333E-1,-6.256103516E-3
4.226041667E-1,-6.286621094E-3
4.226250000E-1,-6.805419922E-3
4.226458333E-1,-6.500244141E-3
4.226666667E-1,-4.333496094E-3
4.226875000E-1,-5.035400391E-3
4.227083333E-1,-3.875732422E-3
4.227291667E-1,-5.798339844E-3
4.227500000E-1,-7.110595703E-3
4.227708333E-1,-8.575439453E-3
4.227916667E-1,-1.089477539E-2
4.228125000E-1,-1.000976562E-2
4.228333333E-1,-1.092529297E-2
4.228541667E-1,-1.043701172E-2
4.228750000E-1,-9.643554688E-3
4.228958333E-1,-9.582519531E-3
4.229166667E-1,-7.293701172E-3
4.229375000E-1,-6.652832031E-3
4.229583333E-1,-5.157470703E-3
4.229791667E-1,-4.730224609E-3
4.230000000E-1,-3.601074219E-3
4.230208333E-1,-3.051757812E-3
4.230416667E-1,-2.380371094E-3
4.230625000E-1,-8.239746094E-4
4.230833333E-1,-9.155273438E-4
4.231041667E-1,3.662109375E-4
4.231250000E-1,5.493164062E-4
4.231458333E-1,2.746582031E-4
4.231666667E-1,9.155273438E-4
4.231875000E-1,8.239746094E-4
4.232083333E-1,1.342773438E-3
4.232291667E-1,5.493164062E-4
4.232500000E-1,-4.272460938E-4
4.232708333E-1,-8.239746094E-4
4.232916667E-1,-1.617431641E-3
4.233125000E-1,-1.068115234E-3
4.233333333E-1,-1.831054688E-3
4.233541667E-1,-2.014160156E-3
4.233750000E-1,3.356933594E-4
4.233958333E-1,6.408691406E-4
4.234166667E-1,1.678466797E-3
4.234375000E-1,3.051757812E-3
4.234583333E-1,3.540039062E-3
4.234791667E-1,4.455566406E-3
4.235000000E-1,4.150390625E-3
4.235208333E-1,3.356933594E-3
4.235416667E-1,2.563476562E-3
4.235625000E-1,1.129150391E-3
4.235833333E-1,8.850097656E-4
4.236041667E-1,4.272460938E-4
4.236250000E-1,1.129150391E-3
4.236458333E-1,1.525878906E-3
4.236666667E-1,1.464843750E-3
4.236875000E-1,3.448486328E-3
4.237083333E-1,3.082275391E-3
4.237291667E-1,4.455566406E-3
4.237500000E-1,5.096435547E-3
4.237708333E-1,5.706787109E-3
4.237916667E-1,4.150390625E-3
4.238125000E-1,2.868652344E-3
4.238333333E-1,3.265380859E-3
4.238541667E-1,2.319335938E-3
4.238750000E-1,3.509521484E-3
4.238958333E-1,2.929687500E-3
4.239166667E-1,3.875732422E-3
4.239375000E-1,2.929687500E-3
4.239583333E-1,2.349853516E-3
4.239791667E-1,9.765625000E-4
4.240000000E-1,2.136230469E-4
4.240208333E-1,5.493164062E-4
4.240416667E-1,-5.798339844E-4
4.240625000E-1,7.629394531E-4
4.240833333E-1,5.493164062E-4
4.241041667E-1,2.441406250E-4
4.241250000E-1,-3.051757812E-5
4.241458333E-1,-9.765625000E-4
4.241666667E-1,-9.765625000E-4
4.241875000E-1,-1.708984375E-3
4.242083333E-1,-9.155273438E-4
4.242291667E-1,-1.007080078E-3
4.242500000E-1,-8.544921875E-4
4.242708333E-1,-2.441406250E-4
4.242916667E-1,-2.441406250E-4
4.243125000E-1,0.000000000E0
4.243333333E-1,-1.831054688E-4
4.243541667E-1,9.155273438E-5
4.243750000E-1,-4.272460938E-4
4.243958333E-1,-6.713867188E-4
4.244166667E-1,3.051757812E-5
4.244375000E-1,-1.831054688E-4
4.244583333E-1,2.746582031E-4
4.244791667E-1,6.103515625E-4
4.245000000E-1,3.662109375E-4
4.245208333E-1,7.934570312E-4
4.245416667E-1,1.007080078E-3
4.245625000E-1,-1.068115234E-3
4.245833333E-1,-1.831054688E-3
4.246041667E-1,-1.770019531E-3
4.246250000E-1,-1.556396484E-3
4.246458333E-1,-1.953125000E-3
4.246666667E-1,-7.934570312E-4
4.246875000E-1,-1.281738281E-3
4.247083333E-1,-2.380371094E-3
4.247291667E-1,-2.014160156E-3
4.247500000E-1,-2.197265625E-3
4.247708333E-1,-2.197265625E-3
4.247916667E-1,-1.770019531E-3
4.248125000E-1,-3.295898438E-3
4.248333333E-1,-3.784179688E-3
4.248541667E-1,-2.563476562E-3
4.248750000E-1,-2.227783203E-3
4.248958333E-1,3.356933594E-4
4.249166667E-1,2.471923828E-3
4.249375000E-1,6.317138672E-3
4.249583333E-1,5.981445312E-3
4.249791667E-1,7.049560547E-3
4.250000000E-1,7.568359375E-3
4.250208333E-1,6.561279297E-3
4.250416667E-1,8.605957031E-3
4.250625000E-1,7.385253906E-3
4.250833333E-1,9.063720703E-3
4.251041667E-1,9.521484375E-3
4.251250000E-1,8.972167969E-3
4.251458333E-1,1.095581055E-2
4.251666667E-1,9.796142578E-3
4.251875000E-1,9.460449219E-3
4.252083333E-1,8.911132812E-3
4.252291667E-1,8.453369141E-3
4.252500000E-1,9.979248047E-3
4.252708333E-1,8.728027344E-3
4.252916667E-1,8.361816406E-3
4.253125000E-1,6.683349609E-3
4.253333333E-1,6.683349609E-3
4.253541667E-1,5.828857422E-3
4.253750000E-1,5.401611328E-3
4.253958333E-1,6.500244141E-3
4.254166667E-1,6.286621094E-3
4.254375000E-1,6.347656250E-3
4.254583333E-1,5.096435547E-3
4.254791667E-1,4.394531250E-3
4.255000000E-1,2.227783203E-3
4.255208333E-1,1.220703125E-4
4.255416667E-1,-1.739501953E-3
4.255625000E-1,-3.753662109E-3
4.255833333E-1,-4.028320312E-3
4.256041667E-1,-6.286621094E-3
4.256250000E-1,-7.659912109E-3
4.256458333E-1,-7.537841797E-3
4.256666667E-1,-9.368896484E-3
4.256875000E-1,-1.065063477E-2
4.257083333E-1,-1.013183594E-2
4.257291667E-1,-1.123046875E-2
4.257500000E-1,-1.123046875E-2
4.257708333E-1,-9.765625000E-3
4.257916667E-1,-8.575439453E-3
4.258125000E-1,-6.866455078E-3
4.258333333E-1,-5.523681641E-3
4.258541667E-1,-4.974365234E-3
4.258750000E-1,-3.662109375E-3
4.258958333E-1,-2.227783203E-3
4.259166667E-1,-2.441406250E-3
4.259375000E-1,-3.356933594E-4
4.259583333E-1,-7.324218750E-4
4.259791667E-1,-5.493164062E-4
4.260000000E-1,-1.007080078E-3
4.260208333E-1,-1.007080078E-3
4.260416667E-1,3.356933594E-4
4.260625000E-1,-3.356933594E-4
4.260833333E-1,4.882812500E-4
4.261041667E-1,6.713867188E-4
4.261250000E-1,1.434326172E-3
4.261458333E-1,1.251220703E-3
4.261666667E-1,1.281738281E-3
4.261875000E-1,6.103515625E-4
4.262083333E-1,-1.464843750E-3
4.262291667E-1,-2.868652344E-3
4.262500000E-1,-2.166748047E-3
4.262708333E-1,-1.098632812E-3
4.262916667E-1,-4.272460938E-4
4.263125000E-1,6.103515625E-4
4.263333333E-1,-3.051757812E-4
4.263541667E-1,3.051757812E-4
4.263750000E-1,2.136230469E-4
4.263958333E-1,-1.220703125E-4
4.264166667E-1,1.281738281E-3
4.264375000E-1,1.831054688E-4
4.264583333E-1,7.934570312E-4
4.264791667E-1,7.324218750E-4
4.265000000E-1,6.408691406E-4
4.265208333E-1,2.319335938E-3
4.265416667E-1,2.716064453E-3
4.265625000E-1,4.547119141E-3
4.265833333E-1,4.272460938E-3
4.266041667E-1,4.669189453E-3
4.266250000E-1,5.218505859E-3
4.266458333E-1,2.777099609E-3
4.266666667E-1,3.631591797E-3
4.266875000E-1,2.044677734E-3
4.267083333E-1,5.798339844E-4
4.267291667E-1,3.967285156E-4
4.267500000E-1,-1.861572266E-3
4.267708333E-1,-2.746582031E-4
4.267916667E-1,-1.617431641E-3
4.268125000E-1,-4.882812500E-4
4.268333333E-1,-7.629394531E-4
4.268541667E-1,-2.197265625E-3
4.268750000E-1,-2.258300781E-3
4.268958333E-1,-4.119873047E-3
4.269166667E-1,-2.532958984E-3
4.269375000E-1,-4.272460938E-3
4.269583333E-1,-2.899169922E-3
4.269791667E-1,-1.647949219E-3
4.270000000E-1,7.629394531E-4
4.270208333E-1,3.387451172E-3
4.270416667E-1,2.105712891E-3
4.270625000E-1,2.929687500E-3
4.270833333E-1,1.800537109E-3
4.271041667E-1,-3.967285156E-4
4.271250000E-1,-1.647949219E-3
4.271458333E-1,-2.105712891E-3
4.271666667E-1,-2.563476562E-3
4.271875000E-1,-2.136230469E-3
4.272083333E-1,-1.190185547E-3
4.272291667E-1,-7.629394531E-4
4.272500000E-1,-3.662109375E-4
4.272708333E-1,-2.014160156E-3
4.272916667E-1,-3.295898438E-3
4.273125000E-1,-6.378173828E-3
4.273333333E-1,-8.972167969E-3
4.273541667E-1,-1.000976562E-2
4.273750000E-1,-1.232910156E-2
4.273958333E-1,-1.184082031E-2
4.274166667E-1,-1.126098633E-2
4.274375000E-1,-1.007080078E-2
4.274583333E-1,-8.453369141E-3
4.274791667E-1,-8.666992188E-3
4.275000000E-1,-7.293701172E-3
4.275208333E-1,-7.263183594E-3
4.275416667E-1,-5.859375000E-3
4.275625000E-1,-6.805419922E-3
4.275833333E-1,-7.141113281E-3
4.276041667E-1,-6.713867188E-3
4.276250000E-1,-6.317138672E-3
4.276458333E-1,-5.096435547E-3
4.276666667E-1,-5.432128906E-3
4.276875000E-1,-4.211425781E-3
4.277083333E-1,-4.089355469E-3
4.277291667E-1,-4.119873047E-3
4.277500000E-1,-3.570556641E-3
4.277708333E-1,-3.753662109E-3
4.277916667E-1,-2.380371094E-3
4.278125000E-1,-3.692626953E-3
4.278333333E-1,-3.479003906E-3
4.278541667E-1,-4.638671875E-3
4.278750000E-1,-5.462646484E-3
4.278958333E-1,-3.997802734E-3
4.279166667E-1,-4.394531250E-3
4.279375000E-1,-1.342773438E-3
4.279583333E-1,-1.525878906E-3
4.279791667E-1,-1.708984375E-3
4.280000000E-1,-2.136230469E-4
4.280208333E-1,-1.556396484E-3
4.280416667E-1,3.051757812E-5
4.280625000E-1,-5.493164062E-4
4.280833333E-1,-3.051757812E-5
4.281041667E-1,1.403808594E-3
4.281250000E-1,-2.746582031E-4
4.281458333E-1,7.324218750E-4
4.281666667E-1,4.577636719E-4
4.281875000E-1,-4.272460938E-4
4.282083333E-1,-6.103515625E-5
4.282291667E-1,-8.239746094E-4
4.282500000E-1,-3.662109375E-4
4.282708333E-1,-4.577636719E-4
4.282916667E-1,9.765625000E-4
4.283125000E-1,2.532958984E-3
4.283333333E-1,3.326416016E-3
4.283541667E-1,5.462646484E-3
4.283750000E-1,4.333496094E-3
4.283958333E-1,4.272460938E-3
4.284166667E-1,4.272460938E-3
4.284375000E-1,4.333496094E-3
4.284583333E-1,5.767822266E-3
4.284791667E-1,5.615234375E-3
4.285000000E-1,6.286621094E-3
4.285208333E-1,6.042480469E-3
4.285416667E-1,7.293701172E-3
4.285625000E-1,7.232666016E-3
4.285833333E-1,6.530761719E-3
4.286041667E-1,7.873535156E-3
4.286250000E-1,7.537841797E-3
4.286458333E-1,7.537841797E-3
4.286666667E-1,5.432128906E-3
4.286875000E-1,5.126953125E-3
4.287083333E-1,4.974365234E-3
4.287291667E-1,1.983642578E-3
4.287500000E-1,1.708984375E-3
4.287708333E-1,1.068115234E-3
4.287916667E-1,9.765625000E-4
4.288125000E-1,1.770019531E-3
4.288333333E-1,1.770019531E-3
4.288541667E-1,2.441406250E-3
4.288750000E-1,2.166748047E-3
4.288958333E-1,5.493164062E-4
4.289166667E-1,9.460449219E-4
4.289375000E-1,-7.019042969E-4
4.289583333E-1,2.746582031E-4
4.289791667E-1,6.103515625E-4
4.290000000E-1,-5.493164062E-4
4.290208333E-1,8.850097656E-4
4.290416667E-1,3.662109375E-4
4.290625000E-1,1.953125000E-3
4.290833333E-1,2.227783203E-3
4.291041667E-1,1.861572266E-3
4.291250000E-1,2.716064453E-3
4.291458333E-1,1.312255859E-3
4.291666667E-1,1.831054688E-4
4.291875000E-1,5.798339844E-4
4.292083333E-1,6.103515625E-5
4.292291667E-1,1.007080078E-3
4.292500000E-1,1.739501953E-3
4.292708333E-1,7.934570312E-4
4.292916667E-1,6.103515625E-5
4.293125000E-1,-6.713867188E-4
4.293333333E-1,-1.220703125E-4
4.293541667E-1,-9.155273438E-5
4.293750000E-1,0.000000000E0
4.293958333E-1,9.460449219E-4
4.294166667E-1,9.155273438E-4
4.294375000E-1,1.525878906E-3
4.294583333E-1,1.129150391E-3
4.294791667E-1,-1.831054688E-4
4.295000000E-1,-1.251220703E-3
4.295208333E-1,-1.556396484E-3
4.295416667E-1,-2.471923828E-3
4.295625000E-1,-2.655029297E-3
4.295833333E-1,-2.075195312E-3
4.296041667E-1,-1.251220703E-3
4.296250000E-1,-7.629394531E-4
4.296458333E-1,-1.678466797E-3
4.296666667E-1,-2.716064453E-3
4.296875000E-1,-2.685546875E-3
4.297083333E-1,-1.800537109E-3
4.297291667E-1,-1.281738281E-3
4.297500000E-1,-2.441406250E-4
4.297708333E-1,1.525878906E-4
4.297916667E-1,3.662109375E-4
4.298125000E-1,3.967285156E-4
4.298333333E-1,-4.577636719E-4
4.298541667E-1,1.525878906E-4
4.298750000E-1,1.190185547E-3
4.298958333E-1,8.239746094E-4
4.299166667E-1,1.647949219E-3
4.299375000E-1,2.136230469E-3
4.299583333E-1,3.356933594E-3
4.299791667E-1,4.364013672E-3
4.300000000E-1,4.638671875E-3
4.300208333E-1,4.943847656E-3
4.300416667E-1,5.279541016E-3
4.300625000E-1,5.249023438E-3
4.300833333E-1,4.760742188E-3
4.301041667E-1,4.882812500E-3
4.301250000E-1,3.967285156E-3
4.301458333E-1,2.899169922E-3
4.301666667E-1,1.770019531E-3
4.301875000E-1,4.272460938E-4
4.302083333E-1,-5.187988281E-4
4.302291667E-1,1.831054688E-4
4.302500000E-1,1.220703125E-3
4.302708333E-1,1.220703125E-3
4.302916667E-1,8.850097656E-4
4.303125000E-1,7.934570312E-4
4.303333333E-1,1.525878906E-4
4.303541667E-1,-5.493164062E-4
4.303750000E-1,-7.629394531E-4
4.303958333E-1,-1.892089844E-3
4.304166667E-1,-1.190185547E-3
4.304375000E-1,-1.464843750E-3
4.304583333E-1,-2.441406250E-4
4.304791667E-1,9.155273438E-4
4.305000000E-1,1.464843750E-3
4.305208333E-1,1.922607422E-3
4.305416667E-1,1.373291016E-3
4.305625000E-1,1.190185547E-3
4.305833333E-1,2.136230469E-4
4.306041667E-1,-7.629394531E-4
4.306250000E-1,-8.239746094E-4
4.306458333E-1,-1.220703125E-4
4.306666667E-1,1.007080078E-3
4.306875000E-1,1.342773438E-3
4.307083333E-1,1.342773438E-3
4.307291667E-1,1.922607422E-3
4.307500000E-1,2.258300781E-3
4.307708333E-1,1.403808594E-3
4.307916667E-1,1.190185547E-3
4.308125000E-1,3.967285156E-4
4.308333333E-1,1.251220703E-3
4.308541667E-1,6.408691406E-4
4.308750000E-1,1.678466797E-3
4.308958333E-1,2.136230469E-3
4.309166667E-1,1.770019531E-3
4.309375000E-1,3.295898438E-3
4.309583333E-1,2.044677734E-3
4.309791667E-1,3.784179688E-3
4.310000000E-1,3.143310547E-3
4.310208333E-1,2.166748047E-3
4.310416667E-1,3.631591797E-3
4.310625000E-1,2.319335938E-3
4.310833333E-1,3.723144531E-3
4.311041667E-1,3.448486328E-3
4.311250000E-1,2.349853516E-3
4.311458333E-1,2.258300781E-3
4.311666667E-1,1.190185547E-3
4.311875000E-1,1.922607422E-3
4.312083333E-1,1.312255859E-3
4.312291667E-1,2.014160156E-3
4.312500000E-1,4.150390625E-3
4.312708333E-1,3.723144531E-3
4.312916667E-1,3.570556641E-3
4.313125000E-1,3.479003906E-3
4.313333333E-1,3.509521484E-3
4.313541667E-1,4.272460938E-3
4.313750000E-1,3.448486328E-3
4.313958333E-1,2.655029297E-3
4.314166667E-1,3.387451172E-3
4.314375000E-1,2.990722656E-3
4.314583333E-1,4.699707031E-3
4.314791667E-1,4.089355469E-3
4.315000000E-1,3.906250000E-3
4.315208333E-1,4.852294922E-3
4.315416667E-1,2.319335938E-3
4.315625000E-1,3.417968750E-3
4.315833333E-1,1.861572266E-3
4.316041667E-1,1.556396484E-3
4.316250000E-1,7.629394531E-4
4.316458333E-1,-1.464843750E-3
4.316666667E-1,-1.495361328E-3
4.316875000E-1,-4.028320312E-3
4.317083333E-1,-3.784179688E-3
4.317291667E-1,-5.096435547E-3
4.317500000E-1,-4.821777344E-3
4.317708333E-1,-4.455566406E-3
4.317916667E-1,-4.974365234E-3
4.318125000E-1,-4.272460938E-3
4.318333333E-1,-5.859375000E-3
4.318541667E-1,-5.737304688E-3
4.318750000E-1,-5.737304688E-3
4.318958333E-1,-5.249023438E-3
4.319166667E-1,-4.089355469E-3
4.319375000E-1,-2.929687500E-3
4.319583333E-1,-1.525878906E-4
4.319791667E-1,7.629394531E-4
4.320000000E-1,1.007080078E-3
4.320208333E-1,1.831054688E-3
4.320416667E-1,1.556396484E-3
4.320625000E-1,1.617431641E-3
4.320833333E-1,9.155273438E-4
4.321041667E-1,9.155273438E-4
4.321250000E-1,1.861572266E-3
4.321458333E-1,1.312255859E-3
4.321666667E-1,1.556396484E-3
4.321875000E-1,1.586914062E-3
4.322083333E-1,-2.746582031E-4
4.322291667E-1,-1.770019531E-3
4.322500000E-1,-3.997802734E-3
4.322708333E-1,-5.004882812E-3
4.322916667E-1,-4.882812500E-3
4.323125000E-1,-5.676269531E-3
4.323333333E-1,-4.180908203E-3
4.323541667E-1,-3.662109375E-3
4.323750000E-1,-2.441406250E-3
4.323958333E-1,-2.075195312E-3
4.324166667E-1,-3.387451172E-3
4.324375000E-1,-3.082275391E-3
4.324583333E-1,-5.096435547E-3
4.324791667E-1,-5.798339844E-3
4.325000000E-1,-6.195068359E-3
4.325208333E-1,-5.828857422E-3
4.325416667E-1,-5.035400391E-3
4.325625000E-1,-3.967285156E-3
4.325833333E-1,-1.159667969E-3
4.326041667E-1,-3.356933594E-4
4.326250000E-1,1.098632812E-3
4.326458333E-1,2.288818359E-3
4.326666667E-1,2.136230469E-3
4.326875000E-1,1.586914062E-3
4.327083333E-1,5.493164062E-4
4.327291667E-1,-9.155273438E-4
4.327500000E-1,-1.983642578E-3
4.327708333E-1,-2.960205078E-3
4.327916667E-1,-3.479003906E-3
4.328125000E-1,-2.838134766E-3
4.328333333E-1,-1.953125000E-3
4.328541667E-1,-2.563476562E-3
4.328750000E-1,-2.838134766E-3
4.328958333E-1,-3.051757812E-3
4.329166667E-1,-3.662109375E-3
4.329375000E-1,-4.669189453E-3
4.329583333E-1,-6.011962891E-3
4.329791667E-1,-5.432128906E-3
4.330000000E-1,-5.798339844E-3
4.330208333E-1,-4.821777344E-3
4.330416667E-1,-2.960205078E-3
4.330625000E-1,-2.899169922E-3
4.330833333E-1,-1.800537109E-3
4.331041667E-1,-2.532958984E-3
4.331250000E-1,-2.319335938E-3
4.331458333E-1,-3.448486328E-3
4.331666667E-1,-2.471923828E-3
4.331875000E-1,-3.967285156E-4
4.332083333E-1,-7.324218750E-4
4.332291667E-1,1.190185547E-3
4.332500000E-1,9.460449219E-4
4.332708333E-1,1.861572266E-3
4.332916667E-1,2.319335938E-3
4.333125000E-1,2.532958984E-3
4.333333333E-1,1.647949219E-3
4.333541667E-1,1.434326172E-3
4.333750000E-1,1.739501953E-3
4.333958333E-1,1.831054688E-4
4.334166667E-1,2.441406250E-4
4.334375000E-1,9.155273438E-5
4.334583333E-1,6.103515625E-5
4.334791667E-1,9.765625000E-4
4.335000000E-1,1.068115234E-3
4.335208333E-1,1.770019531E-3
4.335416667E-1,1.800537109E-3
4.335625000E-1,1.739501953E-3
4.335833333E-1,2.777099609E-3
4.336041667E-1,1.403808594E-3
4.336250000E-1,1.312255859E-3
4.336458333E-1,2.136230469E-3
4.336666667E-1,1.708984375E-3
4.336875000E-1,2.288818359E-3
4.337083333E-1,1.312255859E-3
4.337291667E-1,1.892089844E-3
4.337500000E-1,2.166748047E-3
4.337708333E-1,3.112792969E-3
4.337916667E-1,5.096435547E-3
4.338125000E-1,5.218505859E-3
4.338333333E-1,8.392333984E-3
4.338541667E-1,7.720947266E-3
4.338750000E-1,8.117675781E-3
4.338958333E-1,8.239746094E-3
4.339166667E-1,7.385253906E-3
4.339375000E-1,6.713867188E-3
4.339583333E-1,3.479003906E-3
4.339791667E-1,2.532958984E-3
4.340000000E-1,1.434326172E-3
4.340208333E-1,1.770019531E-3
4.340416667E-1,2.502441406E-3
4.340625000E-1,1.556396484E-3
4.340833333E-1,4.577636719E-4
4.341041667E-1,-1.464843750E-3
4.341250000E-1,-2.227783203E-3
4.341458333E-1,-2.960205078E-3
4.341666667E-1,-2.746582031E-3
4.341875000E-1,-2.319335938E-3
4.342083333E-1,-1.617431641E-3
4.342291667E-1,-1.373291016E-3
4.342500000E-1,-2.288818359E-3
4.342708333E-1,-9.765625000E-4
4.342916667E-1,-1.831054688E-4
4.343125000E-1,5.187988281E-4
4.343333333E-1,6.103515625E-5
4.343541667E-1,9.155273438E-5
4.343750000E-1,-9.155273438E-4
4.343958333E-1,-6.713867188E-4
4.344166667E-1,-1.281738281E-3
4.344375000E-1,-2.471923828E-3
4.344583333E-1,-1.831054688E-3
4.344791667E-1,-2.227783203E-3
4.345000000E-1,-1.037597656E-3
4.345208333E-1,-3.356933594E-4
4.345416667E-1,-1.251220703E-3
4.345625000E-1,-2.136230469E-3
4.345833333E-1,-1.922607422E-3
4.346041667E-1,-2.685546875E-3
4.346250000E-1,-3.021240234E-3
4.346458333E-1,-1.464843750E-3
4.346666667E-1,-5.798339844E-4
4.346875000E-1,-1.525878906E-4
4.347083333E-1,-1.831054688E-4
4.347291667E-1,-1.220703125E-4
4.347500000E-1,1.037597656E-3
4.347708333E-1,1.983642578E-3
4.347916667E-1,2.655029297E-3
4.348125000E-1,3.753662109E-3
4.348333333E-1,3.784179688E-3
4.348541667E-1,4.180908203E-3
4.348750000E-1,4.730224609E-3
4.348958333E-1,4.913330078E-3
4.349166667E-1,5.218505859E-3
4.349375000E-1,4.150390625E-3
4.349583333E-1,5.065917969E-3
4.349791667E-1,5.432128906E-3
4.350000000E-1,5.889892578E-3
4.350208333E-1,6.988525391E-3
4.350416667E-1,5.981445312E-3
4.350625000E-1,6.683349609E-3
4.350833333E-1,6.011962891E-3
4.351041667E-1,5.615234375E-3
4.351250000E-1,5.645751953E-3
4.351458333E-1,4.119873047E-3
4.351666667E-1,3.234863281E-3
4.351875000E-1,2.075195312E-3
4.352083333E-1,1.464843750E-3
4.352291667E-1,2.349853516E-3
4.352500000E-1,3.479003906E-3
4.352708333E-1,3.509521484E-3
4.352916667E-1,4.272460938E-3
4.353125000E-1,4.272460938E-3
4.353333333E-1,2.990722656E-3
4.353541667E-1,2.075195312E-3
4.353750000E-1,1.525878906E-3
4.353958333E-1,-6.103515625E-4
4.354166667E-1,-9.155273438E-4
4.354375000E-1,-1.586914062E-3
4.354583333E-1,-5.187988281E-4
4.354791667E-1,-8.544921875E-4
4.355000000E-1,1.068115234E-3
4.355208333E-1,3.234863281E-3
4.355416667E-1,2.868652344E-3
4.355625000E-1,3.936767578E-3
4.355833333E-1,1.373291016E-3
4.356041667E-1,3.173828125E-3
4.356250000E-1,1.892089844E-3
4.356458333E-1,1.068115234E-3
4.356666667E-1,1.098632812E-3
4.356875000E-1,8.544921875E-4
4.357083333E-1,2.288818359E-3
4.357291667E-1,3.356933594E-4
4.357500000E-1,6.713867188E-4
4.357708333E-1,-1.525878906E-4
4.357916667E-1,-5.493164062E-4
4.358125000E-1,4.577636719E-4
4.358333333E-1,2.746582031E-4
4.358541667E-1,5.187988281E-4
4.358750000E-1,-4.882812500E-4
4.358958333E-1,-1.220703125E-4
4.359166667E-1,-7.629394531E-4
4.359375000E-1,6.103515625E-5
4.359583333E-1,1.190185547E-3
4.359791667E-1,1.251220703E-3
4.360000000E-1,2.349853516E-3
4.360208333E-1,2.258300781E-3
4.360416667E-1,1.708984375E-3
4.360625000E-1,7.934570312E-4
4.360833333E-1,9.155273438E-5
4.361041667E-1,-1.617431641E-3
4.361250000E-1,-2.746582031E-3
4.361458333E-1,-2.807617188E-3
4.361666667E-1,-3.906250000E-3
4.361875000E-1,-4.058837891E-3
4.362083333E-1,-4.180908203E-3
4.362291667E-1,-4.547119141E-3
4.362500000E-1,-4.516601562E-3
4.362708333E-1,-4.791259766E-3
4.362916667E-1,-4.028320312E-3
4.363125000E-1,-4.608154297E-3
4.363333333E-1,-3.692626953E-3
4.363541667E-1,-3.417968750E-3
4.363750000E-1,-4.364013672E-3
4.363958333E-1,-2.716064453E-3
4.364166667E-1,-2.685546875E-3
4.364375000E-1,-1.495361328E-3
4.364583333E-1,-9.460449219E-4
4.364791667E-1,-2.746582031E-4
4.365000000E-1,4.577636719E-4
4.365208333E-1,-1.220703125E-3
4.365416667E-1,-2.136230469E-4
4.365625000E-1,-5.187988281E-4
4.365833333E-1,-1.495361328E-3
4.366041667E-1,-1.190185547E-3
4.366250000E-1,-2.044677734E-3
4.366458333E-1,-9.460449219E-4
4.366666667E-1,-9.155273438E-5
4.366875000E-1,2.136230469E-4
4.367083333E-1,1.647949219E-3
4.367291667E-1,2.960205078E-3
4.367500000E-1,3.265380859E-3
4.367708333E-1,1.922607422E-3
4.367916667E-1,1.464843750E-3
4.368125000E-1,1.312255859E-3
4.368333333E-1,2.746582031E-4
4.368541667E-1,-3.051757812E-5
4.368750000E-1,-3.967285156E-4
4.368958333E-1,-3.051757812E-5
4.369166667E-1,-7.629394531E-4
4.369375000E-1,-1.342773438E-3
4.369583333E-1,-1.953125000E-3
4.369791667E-1,-2.990722656E-3
4.370000000E-1,-3.906250000E-3
4.370208333E-1,-4.272460938E-3
4.370416667E-1,-4.211425781E-3
4.370625000E-1,-3.936767578E-3
4.370833333E-1,-1.281738281E-3
4.371041667E-1,-1.831054688E-4
4.371250000E-1,1.525878906E-3
4.371458333E-1,1.831054688E-3
4.371666667E-1,1.220703125E-3
4.371875000E-1,1.251220703E-3
4.372083333E-1,5.187988281E-4
4.372291667E-1,3.356933594E-4
4.372500000E-1,-9.155273438E-4
4.372708333E-1,-1.068115234E-3
4.372916667E-1,-2.014160156E-3
4.373125000E-1,-3.326416016E-3
4.373333333E-1,-3.967285156E-3
4.373541667E-1,-3.875732422E-3
4.373750000E-1,-2.136230469E-3
4.373958333E-1,-3.387451172E-3
4.374166667E-1,-2.899169922E-3
4.374375000E-1,-2.655029297E-3
4.374583333E-1,-4.272460938E-3
4.374791667E-1,-2.685546875E-3
4.375000000E-1,-4.272460938E-3
4.375208333E-1,-2.716064453E-3
4.375416667E-1,-4.150390625E-3
4.375625000E-1,-5.310058594E-3
4.375833333E-1,-4.028320312E-3
4.376041667E-1,-5.859375000E-3
4.376250000E-1,-3.753662109E-3
4.376458333E-1,-4.486083984E-3
4.376666667E-1,-3.479003906E-3
4.376875000E-1,-3.601074219E-3
4.377083333E-1,-4.425048828E-3
4.377291667E-1,-2.929687500E-3
4.377500000E-1,-3.356933594E-3
4.377708333E-1,-2.014160156E-3
4.377916667E-1,-2.044677734E-3
4.378125000E-1,3.051757812E-4
4.378333333E-1,1.190185547E-3
4.378541667E-1,2.136230469E-3
4.378750000E-1,2.105712891E-3
4.378958333E-1,1.129150391E-3
4.379166667E-1,1.129150391E-3
4.379375000E-1,-1.861572266E-3
4.379583333E-1,-2.685546875E-3
4.379791667E-1,-4.974365234E-3
4.380000000E-1,-5.157470703E-3
4.380208333E-1,-5.950927734E-3
4.380416667E-1,-6.561279297E-3
4.380625000E-1,-4.516601562E-3
4.380833333E-1,-5.035400391E-3
4.381041667E-1,-3.265380859E-3
4.381250000E-1,-2.899169922E-3
4.381458333E-1,-2.166748047E-3
4.381666667E-1,-1.892089844E-3
4.381875000E-1,-2.288818359E-3
4.382083333E-1,-2.136230469E-3
4.382291667E-1,-1.800537109E-3
4.382500000E-1,-1.556396484E-3
4.382708333E-1,-1.495361328E-3
4.382916667E-1,-3.051757812E-4
4.383125000E-1,1.342773438E-3
4.383333333E-1,1.525878906E-3
4.383541667E-1,2.014160156E-3
4.383750000E-1,2.136230469E-3
4.383958333E-1,1.220703125E-3
4.384166667E-1,4.882812500E-4
4.384375000E-1,-1.037597656E-3
4.384583333E-1,-7.629394531E-4
4.384791667E-1,-1.098632812E-3
4.385000000E-1,-5.493164062E-4
4.385208333E-1,-1.525878906E-4
4.385416667E-1,-3.051757812E-5
4.385625000E-1,5.798339844E-4
4.385833333E-1,2.136230469E-4
4.386041667E-1,9.155273438E-5
4.386250000E-1,9.155273438E-5
4.386458333E-1,0.000000000E0
4.386666667E-1,-2.136230469E-4
4.386875000E-1,6.713867188E-4
4.387083333E-1,1.556396484E-3
4.387291667E-1,1.800537109E-3
4.387500000E-1,9.460449219E-4
4.387708333E-1,7.019042969E-4
4.387916667E-1,6.408691406E-4
4.388125000E-1,-3.356933594E-4
4.388333333E-1,-7.629394531E-4
4.388541667E-1,0.000000000E0
4.388750000E-1,-6.103515625E-4
4.388958333E-1,-7.934570312E-4
4.389166667E-1,-9.155273438E-4
4.389375000E-1,-9.765625000E-4
4.389583333E-1,-2.746582031E-4
4.389791667E-1,-8.239746094E-4
4.390000000E-1,-1.159667969E-3
4.390208333E-1,-2.471923828E-3
4.390416667E-1,-1.983642578E-3
4.390625000E-1,-2.868652344E-3
4.390833333E-1,-3.295898438E-3
4.391041667E-1,-2.563476562E-3
4.391250000E-1,-4.394531250E-3
4.391458333E-1,-3.723144531E-3
4.391666667E-1,-3.051757812E-3
4.391875000E-1,-2.502441406E-3
4.392083333E-1,-1.281738281E-3
4.392291667E-1,-3.662109375E-4
4.392500000E-1,-4.577636719E-4
4.392708333E-1,9.155273438E-4
4.392916667E-1,3.356933594E-4
4.393125000E-1,-3.051757812E-5
4.393333333E-1,-3.967285156E-4
4.393541667E-1,-2.075195312E-3
4.393750000E-1,-1.464843750E-3
4.393958333E-1,-2.288818359E-3
4.394166667E-1,-1.770019531E-3
4.394375000E-1,-1.007080078E-3
4.394583333E-1,-6.408691406E-4
4.394791667E-1,-1.159667969E-3
4.395000000E-1,-1.953125000E-3
4.395208333E-1,-1.403808594E-3
4.395416667E-1,-8.850097656E-4
4.395625000E-1,-8.544921875E-4
4.395833333E-1,1.831054688E-4
4.396041667E-1,1.708984375E-3
4.396250000E-1,2.685546875E-3
4.396458333E-1,4.394531250E-3
4.396666667E-1,4.211425781E-3
4.396875000E-1,4.058837891E-3
4.397083333E-1,4.150390625E-3
4.397291667E-1,2.563476562E-3
4.397500000E-1,1.647949219E-3
4.397708333E-1,1.708984375E-3
4.397916667E-1,2.899169922E-3
4.398125000E-1,3.051757812E-3
4.398333333E-1,3.936767578E-3
4.398541667E-1,3.967285156E-3
4.398750000E-1,4.089355469E-3
4.398958333E-1,3.997802734E-3
4.399166667E-1,3.509521484E-3
4.399375000E-1,4.211425781E-3
4.399583333E-1,3.143310547E-3
4.399791667E-1,3.692626953E-3
4.400000000E-1,4.516601562E-3
4.400208333E-1,5.035400391E-3
4.400416667E-1,6.378173828E-3
4.400625000E-1,7.049560547E-3
4.400833333E-1,8.026123047E-3
4.401041667E-1,8.453369141E-3
4.401250000E-1,8.483886719E-3
4.401458333E-1,8.941650391E-3
4.401666667E-1,7.568359375E-3
4.401875000E-1,6.530761719E-3
4.402083333E-1,4.852294922E-3
4.402291667E-1,4.119873047E-3
4.402500000E-1,2.532958984E-3
4.402708333E-1,1.403808594E-3
4.402916667E-1,2.380371094E-3
4.403125000E-1,2.838134766E-3
4.403333333E-1,3.631591797E-3
4.403541667E-1,3.234863281E-3
4.403750000E-1,3.936767578E-3
4.403958333E-1,2.685546875E-3
4.404166667E-1,2.349853516E-3
4.404375000E-1,2.319335938E-3
4.404583333E-1,1.220703125E-3
4.404791667E-1,1.464843750E-3
4.405000000E-1,1.800537109E-3
4.405208333E-1,1.525878906E-3
4.405416667E-1,2.777099609E-3
4.405625000E-1,2.899169922E-3
4.405833333E-1,3.784179688E-3
4.406041667E-1,3.906250000E-3
4.406250000E-1,2.075195312E-3
4.406458333E-1,2.960205078E-3
4.406666667E-1,5.798339844E-4
4.406875000E-1,9.460449219E-4
4.407083333E-1,5.493164062E-4
4.407291667E-1,-6.103515625E-4
4.407500000E-1,3.051757812E-4
4.407708333E-1,-1.373291016E-3
4.407916667E-1,-1.281738281E-3
4.408125000E-1,-1.831054688E-3
4.408333333E-1,-2.380371094E-3
4.408541667E-1,-1.739501953E-3
4.408750000E-1,-2.655029297E-3
4.408958333E-1,-3.143310547E-3
4.409166667E-1,-5.218505859E-3
4.409375000E-1,-5.310058594E-3
4.409583333E-1,-5.859375000E-3
4.409791667E-1,-5.950927734E-3
4.410000000E-1,-4.486083984E-3
4.410208333E-1,-5.218505859E-3
4.410416667E-1,-5.706787109E-3
4.410625000E-1,-5.798339844E-3
4.410833333E-1,-5.645751953E-3
4.411041667E-1,-6.469726562E-3
4.411250000E-1,-6.103515625E-3
4.411458333E-1,-5.340576172E-3
4.411666667E-1,-5.310058594E-3
4.411875000E-1,-4.180908203E-3
4.412083333E-1,-3.784179688E-3
4.412291667E-1,-3.021240234E-3
4.412500000E-1,-2.746582031E-3
4.412708333E-1,-2.166748047E-3
4.412916667E-1,-2.899169922E-3
4.413125000E-1,-2.563476562E-3
4.413333333E-1,-3.082275391E-3
4.413541667E-1,-3.417968750E-3
4.413750000E-1,-2.807617188E-3
4.413958333E-1,-2.258300781E-3
4.414166667E-1,-1.586914062E-3
4.414375000E-1,-6.408691406E-4
4.414583333E-1,4.272460938E-4
4.414791667E-1,1.159667969E-3
4.415000000E-1,2.502441406E-3
4.415208333E-1,3.173828125E-3
4.415416667E-1,1.983642578E-3
4.415625000E-1,1.403808594E-3
4.415833333E-1,-1.525878906E-4
4.416041667E-1,-1.495361328E-3
4.416250000E-1,3.051757812E-4
4.416458333E-1,3.967285156E-4
4.416666667E-1,1.342773438E-3
4.416875000E-1,2.380371094E-3
4.417083333E-1,2.227783203E-3
4.417291667E-1,2.166748047E-3
4.417500000E-1,2.136230469E-4
4.417708333E-1,-5.493164062E-4
4.417916667E-1,-1.098632812E-3
4.418125000E-1,-3.356933594E-4
4.418333333E-1,7.324218750E-4
4.418541667E-1,-2.136230469E-4
4.418750000E-1,3.051757812E-4
4.418958333E-1,-9.155273438E-5
4.419166667E-1,-1.068115234E-3
4.419375000E-1,-7.019042969E-4
4.419583333E-1,-3.662109375E-4
4.419791667E-1,7.934570312E-4
4.420000000E-1,1.281738281E-3
4.420208333E-1,2.563476562E-3
4.420416667E-1,8.239746094E-4
4.420625000E-1,-9.155273438E-4
4.420833333E-1,-1.434326172E-3
4.421041667E-1,-2.014160156E-3
4.421250000E-1,-8.850097656E-4
4.421458333E-1,-1.342773438E-3
4.421666667E-1,-3.051757812E-4
4.421875000E-1,-2.746582031E-4
4.422083333E-1,-1.617431641E-3
4.422291667E-1,-1.007080078E-3
4.422500000E-1,-1.403808594E-3
4.422708333E-1,-8.239746094E-4
4.422916667E-1,-7.324218750E-4
4.423125000E-1,-3.051757812E-4
4.423333333E-1,1.647949219E-3
4.423541667E-1,2.349853516E-3
4.423750000E-1,3.021240234E-3
4.423958333E-1,4.547119141E-3
4.424166667E-1,3.662109375E-3
4.424375000E-1,3.753662109E-3
4.424583333E-1,1.647949219E-3
4.424791667E-1,0.000000000E0
4.425000000E-1,-4.882812500E-4
4.425208333E-1,-1.281738281E-3
4.425416667E-1,-9.155273438E-5
4.425625000E-1,-3.356933594E-4
4.425833333E-1,5.798339844E-4
4.426041667E-1,-3.051757812E-5
4.426250000E-1,4.272460938E-4
4.426458333E-1,4.577636719E-4
4.426666667E-1,-5.493164062E-4
4.426875000E-1,-1.220703125E-4
4.427083333E-1,-1.953125000E-3
4.427291667E-1,-2.716064453E-3
4.427500000E-1,-3.143310547E-3
4.427708333E-1,-3.051757812E-3
4.427916667E-1,-3.265380859E-3
4.428125000E-1,-1.739501953E-3
4.428333333E-1,-7.324218750E-4
4.428541667E-1,-1.525878906E-4
4.428750000E-1,3.051757812E-4
4.428958333E-1,-1.220703125E-4
4.429166667E-1,3.662109375E-4
4.429375000E-1,-1.098632812E-3
4.429583333E-1,-1.586914062E-3
4.429791667E-1,-1.220703125E-3
4.430000000E-1,-6.103515625E-4
4.430208333E-1,-1.220703125E-4
4.430416667E-1,3.051757812E-4
4.430625000E-1,1.556396484E-3
4.430833333E-1,2.197265625E-3
4.431041667E-1,1.983642578E-3
4.431250000E-1,1.708984375E-3
4.431458333E-1,8.544921875E-4
4.431666667E-1,7.629394531E-4
4.431875000E-1,9.155273438E-5
4.432083333E-1,3.662109375E-4
4.432291667E-1,8.850097656E-4
4.432500000E-1,-6.103515625E-5
4.432708333E-1,1.525878906E-3
4.432916667E-1,1.403808594E-3
4.433125000E-1,1.861572266E-3
4.433333333E-1,2.502441406E-3
4.433541667E-1,1.861572266E-3
4.433750000E-1,2.197265625E-3
4.433958333E-1,1.586914062E-3
4.434166667E-1,1.831054688E-3
4.434375000E-1,2.441406250E-3
4.434583333E-1,2.380371094E-3
4.434791667E-1,2.929687500E-3
4.435000000E-1,2.685546875E-3
4.435208333E-1,2.960205078E-3
4.435416667E-1,2.044677734E-3
4.435625000E-1,9.460449219E-4
4.435833333E-1,-3.662109375E-4
4.436041667E-1,-1.068115234E-3
4.436250000E-1,-1.251220703E-3
4.436458333E-1,-2.502441406E-3
4.436666667E-1,-1.617431641E-3
4.436875000E-1,-1.220703125E-3
4.437083333E-1,1.220703125E-4
4.437291667E-1,9.765625000E-4
4.437500000E-1,6.408691406E-4
4.437708333E-1,2.777099609E-3
4.437916667E-1,3.112792969E-3
4.438125000E-1,3.662109375E-3
4.438333333E-1,4.302978516E-3
4.438541667E-1,3.967285156E-3
4.438750000E-1,4.028320312E-3
4.438958333E-1,3.814697266E-3
4.439166667E-1,4.302978516E-3
4.439375000E-1,4.150390625E-3
4.439583333E-1,2.777099609E-3
4.439791667E-1,2.258300781E-3
4.440000000E-1,1.403808594E-3
4.440208333E-1,1.373291016E-3
4.440416667E-1,1.525878906E-4
4.440625000E-1,-2.746582031E-4
4.440833333E-1,1.159667969E-3
4.441041667E-1,1.586914062E-3
4.441250000E-1,1.770019531E-3
4.441458333E-1,2.044677734E-3
4.441666667E-1,1.983642578E-3
4.441875000E-1,2.777099609E-3
4.442083333E-1,2.288818359E-3
4.442291667E-1,1.586914062E-3
4.442500000E-1,1.464843750E-3
4.442708333E-1,5.187988281E-4
4.442916667E-1,8.239746094E-4
4.443125000E-1,-3.356933594E-4
4.443333333E-1,-1.220703125E-4
4.443541667E-1,9.155273438E-4
4.443750000E-1,1.159667969E-3
4.443958333E-1,1.922607422E-3
4.444166667E-1,1.831054688E-3
4.444375000E-1,3.509521484E-3
4.444583333E-1,3.417968750E-3
4.444791667E-1,1.831054688E-3
4.445000000E-1,1.678466797E-3
4.445208333E-1,9.155273438E-4
4.445416667E-1,-3.051757812E-4
4.445625000E-1,-9.155273438E-5
4.445833333E-1,-1.129150391E-3
4.446041667E-1,-7.934570312E-4
4.446250000E-1,0.000000000E0
4.446458333E-1,3.051757812E-5
4.446666667E-1,3.356933594E-4
4.446875000E-1,-4.272460938E-4
4.447083333E-1,3.967285156E-4
4.447291667E-1,-7.324218750E-4
4.447500000E-1,-1.586914062E-3
4.447708333E-1,-3.082275391E-3
4.447916667E-1,-4.608154297E-3
4.448125000E-1,-4.394531250E-3
4.448333333E-1,-5.065917969E-3
4.448541667E-1,-3.326416016E-3
4.448750000E-1,-4.211425781E-3
4.448958333E-1,-3.814697266E-3
4.449166667E-1,-3.295898438E-3
4.449375000E-1,-5.187988281E-3
4.449583333E-1,-4.730224609E-3
4.449791667E-1,-5.645751953E-3
4.450000000E-1,-5.889892578E-3
4.450208333E-1,-6.652832031E-3
4.450416667E-1,-6.713867188E-3
4.450625000E-1,-5.279541016E-3
4.450833333E-1,-3.997802734E-3
4.451041667E-1,-1.617431641E-3
4.451250000E-1,-1.342773438E-3
4.451458333E-1,-4.577636719E-4
4.451666667E-1,-9.460449219E-4
4.451875000E-1,-1.098632812E-3
4.452083333E-1,-7.629394531E-4
4.452291667E-1,-3.356933594E-4
4.452500000E-1,3.967285156E-4
4.452708333E-1,5.187988281E-4
4.452916667E-1,1.220703125E-4
4.453125000E-1,-5.187988281E-4
4.453333333E-1,-1.647949219E-3
4.453541667E-1,-1.983642578E-3
4.453750000E-1,-2.075195312E-3
4.453958333E-1,-2.471923828E-3
4.454166667E-1,-2.807617188E-3
4.454375000E-1,-2.899169922E-3
4.454583333E-1,-2.960205078E-3
4.454791667E-1,-3.143310547E-3
4.455000000E-1,-3.692626953E-3
4.455208333E-1,-4.669189453E-3
4.455416667E-1,-4.211425781E-3
4.455625000E-1,-5.157470703E-3
4.455833333E-1,-4.577636719E-3
4.456041667E-1,-3.997802734E-3
4.456250000E-1,-4.119873047E-3
4.456458333E-1,-3.265380859E-3
4.456666667E-1,-3.326416016E-3
4.456875000E-1,-2.868652344E-3
4.457083333E-1,-2.960205078E-3
4.457291667E-1,-3.570556641E-3
4.457500000E-1,-3.845214844E-3
4.457708333E-1,-4.394531250E-3
4.457916667E-1,-4.974365234E-3
4.458125000E-1,-3.723144531E-3
4.458333333E-1,-3.753662109E-3
4.458541667E-1,-2.441406250E-3
4.458750000E-1,-1.678466797E-3
4.458958333E-1,-2.471923828E-3
4.459166667E-1,-1.434326172E-3
4.459375000E-1,-2.563476562E-3
4.459583333E-1,-1.953125000E-3
4.459791667E-1,-1.251220703E-3
4.460000000E-1,-3.662109375E-4
4.460208333E-1,7.324218750E-4
4.460416667E-1,1.037597656E-3
4.460625000E-1,2.441406250E-3
4.460833333E-1,3.143310547E-3
4.461041667E-1,4.669189453E-3
4.461250000E-1,5.981445312E-3
4.461458333E-1,6.347656250E-3
4.461666667E-1,7.019042969E-3
4.461875000E-1,6.713867188E-3
4.462083333E-1,4.577636719E-3
4.462291667E-1,4.058837891E-3
4.462500000E-1,2.105712891E-3
4.462708333E-1,9.155273438E-4
4.462916667E-1,4.272460938E-4
4.463125000E-1,-7.019042969E-4
4.463333333E-1,7.019042969E-4
4.463541667E-1,1.220703125E-4
4.463750000E-1,6.408691406E-4
4.463958333E-1,6.713867188E-4
4.464166667E-1,4.882812500E-4
4.464375000E-1,1.708984375E-3
4.464583333E-1,4.882812500E-4
4.464791667E-1,9.765625000E-4
4.465000000E-1,6.103515625E-4
4.465208333E-1,1.037597656E-3
4.465416667E-1,1.770019531E-3
4.465625000E-1,2.349853516E-3
4.465833333E-1,3.143310547E-3
4.466041667E-1,2.044677734E-3
4.466250000E-1,1.800537109E-3
4.466458333E-1,1.647949219E-3
4.466666667E-1,3.051757812E-4
4.466875000E-1,4.882812500E-4
4.467083333E-1,-3.051757812E-5
4.467291667E-1,-9.460449219E-4
4.467500000E-1,-4.272460938E-4
4.467708333E-1,-1.525878906E-4
4.467916667E-1,5.798339844E-4
4.468125000E-1,1.617431641E-3
4.468333333E-1,3.234863281E-3
4.468541667E-1,3.143310547E-3
4.468750000E-1,3.845214844E-3
4.468958333E-1,3.021240234E-3
4.469166667E-1,3.143310547E-3
4.469375000E-1,2.899169922E-3
4.469583333E-1,4.577636719E-4
4.469791667E-1,1.403808594E-3
4.470000000E-1,-2.136230469E-4
4.470208333E-1,4.577636719E-4
4.470416667E-1,1.647949219E-3
4.470625000E-1,3.662109375E-4
4.470833333E-1,1.525878906E-3
4.471041667E-1,1.831054688E-3
4.471250000E-1,1.068115234E-3
4.471458333E-1,7.934570312E-4
4.471666667E-1,9.460449219E-4
4.471875000E-1,8.544921875E-4
4.472083333E-1,9.765625000E-4
4.472291667E-1,1.556396484E-3
4.472500000E-1,1.770019531E-3
4.472708333E-1,1.342773438E-3
4.472916667E-1,2.014160156E-3
4.473125000E-1,2.349853516E-3
4.473333333E-1,1.373291016E-3
4.473541667E-1,2.899169922E-3
4.473750000E-1,2.044677734E-3
4.473958333E-1,2.960205078E-3
4.474166667E-1,2.044677734E-3
4.474375000E-1,1.098632812E-3
4.474583333E-1,5.187988281E-4
4.474791667E-1,3.051757812E-4
4.475000000E-1,1.495361328E-3
4.475208333E-1,1.525878906E-4
4.475416667E-1,1.953125000E-3
4.475625000E-1,1.251220703E-3
4.475833333E-1,2.380371094E-3
4.476041667E-1,2.105712891E-3
4.476250000E-1,1.037597656E-3
4.476458333E-1,6.713867188E-4
4.476666667E-1,-1.220703125E-3
4.476875000E-1,-6.103515625E-5
4.477083333E-1,-6.408691406E-4
4.477291667E-1,7.934570312E-4
4.477500000E-1,8.239746094E-4
4.477708333E-1,6.103515625E-5
4.477916667E-1,4.577636719E-4
4.478125000E-1,3.051757812E-5
4.478333333E-1,1.525878906E-4
4.478541667E-1,-5.187988281E-4
4.478750000E-1,-1.220703125E-4
4.478958333E-1,-1.922607422E-3
4.479166667E-1,-2.502441406E-3
4.479375000E-1,-3.143310547E-3
4.479583333E-1,-2.990722656E-3
4.479791667E-1,-3.479003906E-3
4.480000000E-1,-3.723144531E-3
4.480208333E-1,-4.028320312E-3
4.480416667E-1,-4.364013672E-3
4.480625000E-1,-4.669189453E-3
4.480833333E-1,-5.584716797E-3
4.481041667E-1,-4.699707031E-3
4.481250000E-1,-4.974365234E-3
4.481458333E-1,-4.943847656E-3
4.481666667E-1,-3.997802734E-3
4.481875000E-1,-2.685546875E-3
4.482083333E-1,-9.765625000E-4
4.482291667E-1,-5.187988281E-4
4.482500000E-1,3.051757812E-4
4.482708333E-1,1.861572266E-3
4.482916667E-1,2.380371094E-3
4.483125000E-1,2.685546875E-3
4.483333333E-1,2.288818359E-3
4.483541667E-1,1.770019531E-3
4.483750000E-1,1.556396484E-3
4.483958333E-1,1.312255859E-3
4.484166667E-1,1.068115234E-3
4.484375000E-1,8.850097656E-4
4.484583333E-1,2.319335938E-3
4.484791667E-1,2.105712891E-3
4.485000000E-1,1.831054688E-3
4.485208333E-1,2.014160156E-3
4.485416667E-1,1.220703125E-4
4.485625000E-1,1.068115234E-3
4.485833333E-1,-1.220703125E-4
4.486041667E-1,3.356933594E-4
4.486250000E-1,2.136230469E-4
4.486458333E-1,9.155273438E-5
4.486666667E-1,1.800537109E-3
4.486875000E-1,9.460449219E-4
4.487083333E-1,2.746582031E-3
4.487291667E-1,2.899169922E-3
4.487500000E-1,2.929687500E-3
4.487708333E-1,2.624511719E-3
4.487916667E-1,1.739501953E-3
4.488125000E-1,1.220703125E-3
4.488333333E-1,1.159667969E-3
4.488541667E-1,1.495361328E-3
4.488750000E-1,5.187988281E-4
4.488958333E-1,1.098632812E-3
4.489166667E-1,1.464843750E-3
4.489375000E-1,2.014160156E-3
4.489583333E-1,1.770019531E-3
4.489791667E-1,1.525878906E-3
4.490000000E-1,2.227783203E-3
4.490208333E-1,1.251220703E-3
4.490416667E-1,9.765625000E-4
4.490625000E-1,2.014160156E-3
4.490833333E-1,6.103515625E-4
4.491041667E-1,1.861572266E-3
4.491250000E-1,2.410888672E-3
4.491458333E-1,1.556396484E-3
4.491666667E-1,2.258300781E-3
4.491875000E-1,2.044677734E-3
4.492083333E-1,1.464843750E-3
4.492291667E-1,7.019042969E-4
4.492500000E-1,-3.051757812E-5
4.492708333E-1,-4.577636719E-4
4.492916667E-1,-6.103515625E-5
4.493125000E-1,-8.544921875E-4
4.493333333E-1,-2.136230469E-4
4.493541667E-1,-1.434326172E-3
4.493750000E-1,-1.220703125E-3
4.493958333E-1,-8.239746094E-4
4.494166667E-1,0.000000000E0
4.494375000E-1,1.556396484E-3
4.494583333E-1,1.373291016E-3
4.494791667E-1,3.570556641E-3
4.495000000E-1,3.479003906E-3
4.495208333E-1,4.089355469E-3
4.495416667E-1,4.913330078E-3
4.495625000E-1,4.119873047E-3
4.495833333E-1,4.455566406E-3
4.496041667E-1,3.723144531E-3
4.496250000E-1,3.051757812E-3
4.496458333E-1,1.281738281E-3
4.496666667E-1,-2.746582031E-4
4.496875000E-1,-8.239746094E-4
4.497083333E-1,-1.342773438E-3
4.497291667E-1,-3.662109375E-4
4.497500000E-1,5.187988281E-4
4.497708333E-1,4.577636719E-4
4.497916667E-1,1.525878906E-4
4.498125000E-1,-5.187988281E-4
4.498333333E-1,-1.800537109E-3
4.498541667E-1,-1.739501953E-3
4.498750000E-1,-1.892089844E-3
4.498958333E-1,-2.197265625E-3
4.499166667E-1,-1.708984375E-3
4.499375000E-1,-2.075195312E-3
4.499583333E-1,-6.408691406E-4
4.499791667E-1,-1.220703125E-3
4.500000000E-1,-5.187988281E-4
4.500208333E-1,-1.617431641E-3
4.500416667E-1,-2.044677734E-3
4.500625000E-1,-1.037597656E-3
4.500833333E-1,-2.136230469E-3
4.501041667E-1,-1.098632812E-3
4.501250000E-1,-2.349853516E-3
4.501458333E-1,-2.014160156E-3
4.501666667E-1,-1.708984375E-3
4.501875000E-1,-1.861572266E-3
4.502083333E-1,-6.713867188E-4
4.502291667E-1,-1.373291016E-3
4.502500000E-1,-3.356933594E-4
4.502708333E-1,-3.051757812E-4
4.502916667E-1,-9.765625000E-4
4.503125000E-1,9.155273438E-5
4.503333333E-1,-6.103515625E-5
4.503541667E-1,-3.051757812E-4
4.503750000E-1,-1.159667969E-3
4.503958333E-1,-1.556396484E-3
4.504166667E-1,-2.166748047E-3
4.504375000E-1,-2.136230469E-3
4.504583333E-1,-2.075195312E-3
4.504791667E-1,-2.105712891E-3
4.505000000E-1,-1.220703125E-3
4.505208333E-1,-1.647949219E-3
4.505416667E-1,-1.251220703E-3
4.505625000E-1,-8.850097656E-4
4.505833333E-1,-6.408691406E-4
4.506041667E-1,0.000000000E0
4.506250000E-1,1.525878906E-4
4.506458333E-1,1.922607422E-3
4.506666667E-1,1.831054688E-3
4.506875000E-1,1.831054688E-3
4.507083333E-1,2.166748047E-3
4.507291667E-1,1.159667969E-3
4.507500000E-1,1.281738281E-3
4.507708333E-1,6.408691406E-4
4.507916667E-1,6.713867188E-4
4.508125000E-1,-2.441406250E-4
4.508333333E-1,-9.460449219E-4
4.508541667E-1,-2.136230469E-3
4.508750000E-1,-2.471923828E-3
4.508958333E-1,-2.532958984E-3
4.509166667E-1,-3.234863281E-3
4.509375000E-1,-2.746582031E-3
4.509583333E-1,-1.983642578E-3
4.509791667E-1,-1.098632812E-3
4.510000000E-1,1.220703125E-4
4.510208333E-1,2.227783203E-3
4.510416667E-1,1.678466797E-3
4.510625000E-1,2.624511719E-3
4.510833333E-1,2.960205078E-3
4.511041667E-1,2.807617188E-3
4.511250000E-1,3.051757812E-3
4.511458333E-1,2.838134766E-3
4.511666667E-1,3.051757812E-3
4.511875000E-1,1.586914062E-3
4.512083333E-1,1.464843750E-3
4.512291667E-1,1.037597656E-3
4.512500000E-1,5.187988281E-4
4.512708333E-1,3.051757812E-4
4.512916667E-1,-1.220703125E-4
4.513125000E-1,-1.525878906E-4
4.513333333E-1,2.441406250E-4
4.513541667E-1,6.408691406E-4
4.513750000E-1,7.324218750E-4
4.513958333E-1,3.662109375E-4
4.514166667E-1,-5.798339844E-4
4.514375000E-1,-1.037597656E-3
4.514583333E-1,-1.770019531E-3
4.514791667E-1,-2.349853516E-3
4.515000000E-1,-6.408691406E-4
4.515208333E-1,-1.007080078E-3
4.515416667E-1,-1.525878906E-4
4.515625000E-1,8.239746094E-4
4.515833333E-1,7.934570312E-4
4.516041667E-1,1.495361328E-3
4.516250000E-1,1.007080078E-3
4.516458333E-1,1.708984375E-3
4.516666667E-1,1.098632812E-3
4.516875000E-1,1.129150391E-3
4.517083333E-1,7.934570312E-4
4.517291667E-1,1.159667969E-3
4.517500000E-1,1.678466797E-3
4.517708333E-1,3.967285156E-4
4.517916667E-1,1.098632812E-3
4.518125000E-1,1.220703125E-4
4.518333333E-1,4.577636719E-4
4.518541667E-1,3.051757812E-4
4.518750000E-1,6.408691406E-4
4.518958333E-1,2.349853516E-3
4.519166667E-1,2.227783203E-3
4.519375000E-1,2.960205078E-3
4.519583333E-1,3.448486328E-3
4.519791667E-1,3.356933594E-3
4.520000000E-1,3.021240234E-3
4.520208333E-1,1.739501953E-3
4.520416667E-1,5.798339844E-4
4.520625000E-1,9.765625000E-4
4.520833333E-1,-5.187988281E-4
4.521041667E-1,-5.493164062E-4
4.521250000E-1,-1.525878906E-4
4.521458333E-1,5.187988281E-4
4.521666667E-1,1.525878906E-3
4.521875000E-1,5.187988281E-4
4.522083333E-1,1.403808594E-3
4.522291667E-1,6.408691406E-4
4.522500000E-1,6.408691406E-4
4.522708333E-1,8.544921875E-4
4.522916667E-1,-3.662109375E-4
4.523125000E-1,1.037597656E-3
4.523333333E-1,8.239746094E-4
4.523541667E-1,9.460449219E-4
4.523750000E-1,1.159667969E-3
4.523958333E-1,3.051757812E-5
4.524166667E-1,-3.356933594E-4
4.524375000E-1,-8.850097656E-4
4.524583333E-1,-1.098632812E-3
4.524791667E-1,-1.098632812E-3
4.525000000E-1,-7.324218750E-4
4.525208333E-1,-9.155273438E-4
4.525416667E-1,-2.136230469E-4
4.525625000E-1,-4.272460938E-4
4.525833333E-1,1.220703125E-4
4.526041667E-1,7.324218750E-4
4.526250000E-1,7.324218750E-4
4.526458333E-1,1.525878906E-4
4.526666667E-1,-1.342773438E-3
4.526875000E-1,-1.770019531E-3
4.527083333E-1,-3.326416016E-3
4.527291667E-1,-2.838134766E-3
4.527500000E-1,-2.532958984E-3
4.527708333E-1,-1.586914062E-3
4.527916667E-1,-1.281738281E-3
4.528125000E-1,-1.556396484E-3
4.528333333E-1,-1.892089844E-3
4.528541667E-1,-3.662109375E-3
4.528750000E-1,-4.302978516E-3
4.528958333E-1,-5.249023438E-3
4.529166667E-1,-5.249023438E-3
4.529375000E-1,-6.195068359E-3
4.529583333E-1,-7.080078125E-3
4.529791667E-1,-6.713867188E-3
4.530000000E-1,-6.134033203E-3
4.530208333E-1,-5.615234375E-3
4.530416667E-1,-4.425048828E-3
4.530625000E-1,-2.655029297E-3
4.530833333E-1,-2.166748047E-3
4.531041667E-1,-1.495361328E-3
4.531250000E-1,-1.800537109E-3
4.531458333E-1,-1.281738281E-3
4.531666667E-1,-2.014160156E-3
4.531875000E-1,-1.068115234E-3
4.532083333E-1,-1.525878906E-3
4.532291667E-1,-1.190185547E-3
4.532500000E-1,4.882812500E-4
4.532708333E-1,3.051757812E-5
4.532916667E-1,2.227783203E-3
4.533125000E-1,1.770019531E-3
4.533333333E-1,2.838134766E-3
4.533541667E-1,3.112792969E-3
4.533750000E-1,3.875732422E-3
4.533958333E-1,4.150390625E-3
4.534166667E-1,3.936767578E-3
4.534375000E-1,4.455566406E-3
4.534583333E-1,3.875732422E-3
4.534791667E-1,3.448486328E-3
4.535000000E-1,3.601074219E-3
4.535208333E-1,3.814697266E-3
4.535416667E-1,4.455566406E-3
4.535625000E-1,4.577636719E-3
4.535833333E-1,3.936767578E-3
4.536041667E-1,4.364013672E-3
4.536250000E-1,3.326416016E-3
4.536458333E-1,2.990722656E-3
4.536666667E-1,2.136230469E-3
4.536875000E-1,2.349853516E-3
4.537083333E-1,2.807617188E-3
4.537291667E-1,1.403808594E-3
4.537500000E-1,1.159667969E-3
4.537708333E-1,-4.577636719E-4
4.537916667E-1,-9.155273438E-5
4.538125000E-1,1.525878906E-4
4.538333333E-1,1.434326172E-3
4.538541667E-1,1.525878906E-3
4.538750000E-1,1.892089844E-3
4.538958333E-1,2.532958984E-3
4.539166667E-1,1.434326172E-3
4.539375000E-1,2.532958984E-3
4.539583333E-1,1.678466797E-3
4.539791667E-1,1.434326172E-3
4.540000000E-1,9.460449219E-4
4.540208333E-1,4.272460938E-4
4.540416667E-1,1.281738281E-3
4.540625000E-1,4.272460938E-4
4.540833333E-1,1.037597656E-3
4.541041667E-1,1.617431641E-3
4.541250000E-1,1.922607422E-3
4.541458333E-1,2.075195312E-3
4.541666667E-1,1.251220703E-3
4.541875000E-1,6.408691406E-4
4.542083333E-1,-9.155273438E-5
4.542291667E-1,-2.746582031E-4
4.542500000E-1,-1.739501953E-3
4.542708333E-1,3.051757812E-5
4.542916667E-1,-8.850097656E-4
4.543125000E-1,-1.068115234E-3
4.543333333E-1,3.051757812E-5
4.543541667E-1,-1.464843750E-3
4.543750000E-1,3.051757812E-4
4.543958333E-1,-4.882812500E-4
4.544166667E-1,-3.356933594E-4
4.544375000E-1,-9.155273438E-5
4.544583333E-1,-1.007080078E-3
4.544791667E-1,-8.544921875E-4
4.545000000E-1,-1.403808594E-3
4.545208333E-1,-9.155273438E-4
4.545416667E-1,-2.136230469E-3
4.545625000E-1,-3.082275391E-3
4.545833333E-1,-2.380371094E-3
4.546041667E-1,-2.532958984E-3
4.546250000E-1,-1.464843750E-3
4.546458333E-1,3.051757812E-5
4.546666667E-1,7.629394531E-4
4.546875000E-1,1.861572266E-3
4.547083333E-1,2.624511719E-3
4.547291667E-1,2.593994141E-3
4.547500000E-1,1.708984375E-3
4.547708333E-1,1.007080078E-3
4.547916667E-1,1.098632812E-3
4.548125000E-1,3.967285156E-4
4.548333333E-1,9.155273438E-5
4.548541667E-1,-3.051757812E-5
4.548750000E-1,-5.493164062E-4
4.548958333E-1,-2.441406250E-4
4.549166667E-1,-6.103515625E-4
4.549375000E-1,-3.662109375E-4
4.549583333E-1,-1.586914062E-3
4.549791667E-1,-2.105712891E-3
4.550000000E-1,-1.586914062E-3
4.550208333E-1,-2.136230469E-3
4.550416667E-1,-2.044677734E-3
4.550625000E-1,-2.502441406E-3
4.550833333E-1,-3.326416016E-3
4.551041667E-1,-3.112792969E-3
4.551250000E-1,-3.417968750E-3
4.551458333E-1,-3.021240234E-3
4.551666667E-1,-3.692626953E-3
4.551875000E-1,-4.180908203E-3
4.552083333E-1,-4.364013672E-3
4.552291667E-1,-4.547119141E-3
4.552500000E-1,-3.112792969E-3
4.552708333E-1,-2.624511719E-3
4.552916667E-1,-2.075195312E-3
4.553125000E-1,-1.647949219E-3
4.553333333E-1,-3.051757812E-5
4.553541667E-1,-8.544921875E-4
4.553750000E-1,-1.068115234E-3
4.553958333E-1,-6.713867188E-4
4.554166667E-1,-1.892089844E-3
4.554375000E-1,-2.258300781E-3
4.554583333E-1,-2.807617188E-3
4.554791667E-1,-1.953125000E-3
4.555000000E-1,-2.502441406E-3
4.555208333E-1,-3.448486328E-3
4.555416667E-1,-2.532958984E-3
4.555625000E-1,-3.021240234E-3
4.555833333E-1,-2.868652344E-3
4.556041667E-1,-2.410888672E-3
4.556250000E-1,-2.655029297E-3
4.556458333E-1,-2.014160156E-3
4.556666667E-1,-2.441406250E-3
4.556875000E-1,-1.892089844E-3
4.557083333E-1,-1.037597656E-3
4.557291667E-1,-8.544921875E-4
4.557500000E-1,-5.187988281E-4
4.557708333E-1,-8.239746094E-4
4.557916667E-1,3.662109375E-4
4.558125000E-1,-3.051757812E-5
4.558333333E-1,9.765625000E-4
4.558541667E-1,1.251220703E-3
4.558750000E-1,1.403808594E-3
4.558958333E-1,1.739501953E-3
4.559166667E-1,0.000000000E0
4.559375000E-1,4.882812500E-4
4.559583333E-1,-3.356933594E-4
4.559791667E-1,2.441406250E-4
4.560000000E-1,2.746582031E-4
4.560208333E-1,1.525878906E-4
4.560416667E-1,7.324218750E-4
4.560625000E-1,-1.129150391E-3
4.560833333E-1,-1.129150391E-3
4.561041667E-1,-1.831054688E-3
4.561250000E-1,-1.678466797E-3
4.561458333E-1,-1.098632812E-3
4.561666667E-1,-6.408691406E-4
4.561875000E-1,-4.577636719E-4
4.562083333E-1,6.103515625E-5
4.562291667E-1,1.098632812E-3
4.562500000E-1,1.708984375E-3
4.562708333E-1,2.410888672E-3
4.562916667E-1,3.845214844E-3
4.563125000E-1,5.035400391E-3
4.563333333E-1,5.035400391E-3
4.563541667E-1,6.500244141E-3
4.563750000E-1,6.713867188E-3
4.563958333E-1,7.049560547E-3
4.564166667E-1,6.225585938E-3
4.564375000E-1,6.134033203E-3
4.564583333E-1,5.432128906E-3
4.564791667E-1,4.333496094E-3
4.565000000E-1,3.875732422E-3
4.565208333E-1,2.166748047E-3
4.565416667E-1,1.464843750E-3
4.565625000E-1,1.831054688E-4
4.565833333E-1,-3.662109375E-4
4.566041667E-1,-1.434326172E-3
4.566250000E-1,-2.288818359E-3
4.566458333E-1,-3.570556641E-3
4.566666667E-1,-3.265380859E-3
4.566875000E-1,-2.746582031E-3
4.567083333E-1,-2.838134766E-3
4.567291667E-1,-1.373291016E-3
4.567500000E-1,-2.105712891E-3
4.567708333E-1,1.831054688E-4
4.567916667E-1,1.220703125E-4
4.568125000E-1,1.831054688E-4
4.568333333E-1,8.239746094E-4
4.568541667E-1,3.967285156E-4
4.568750000E-1,1.861572266E-3
4.568958333E-1,9.460449219E-4
4.569166667E-1,1.373291016E-3
4.569375000E-1,5.493164062E-4
4.569583333E-1,6.408691406E-4
4.569791667E-1,9.460449219E-4
4.570000000E-1,5.187988281E-4
4.570208333E-1,1.861572266E-3
4.570416667E-1,1.312255859E-3
4.570625000E-1,2.166748047E-3
4.570833333E-1,2.136230469E-3
4.571041667E-1,2.502441406E-3
4.571250000E-1,2.838134766E-3
4.571458333E-1,1.953125000E-3
4.571666667E-1,3.295898438E-3
4.571875000E-1,6.408691406E-4
4.572083333E-1,1.831054688E-4
4.572291667E-1,0.000000000E0
4.572500000E-1,1.525878906E-4
4.572708333E-1,6.103515625E-4
4.572916667E-1,8.850097656E-4
4.573125000E-1,2.319335938E-3
4.573333333E-1,1.373291016E-3
4.573541667E-1,9.155273438E-4
4.573750000E-1,-6.103515625E-5
4.573958333E-1,-1.525878906E-3
4.574166667E-1,-1.983642578E-3
4.574375000E-1,-2.166748047E-3
4.574583333E-1,-2.044677734E-3
4.574791667E-1,-1.190185547E-3
4.575000000E-1,-9.155273438E-5
4.575208333E-1,-4.882812500E-4
4.575416667E-1,-5.493164062E-4
4.575625000E-1,-1.129150391E-3
4.575833333E-1,-8.850097656E-4
4.576041667E-1,-9.765625000E-4
4.576250000E-1,-3.662109375E-4
4.576458333E-1,-2.441406250E-4
4.576666667E-1,-3.662109375E-4
4.576875000E-1,-1.403808594E-3
4.577083333E-1,-2.655029297E-3
4.577291667E-1,-3.204345703E-3
4.577500000E-1,-3.967285156E-3
4.577708333E-1,-4.211425781E-3
4.577916667E-1,-5.340576172E-3
4.578125000E-1,-6.225585938E-3
4.578333333E-1,-5.950927734E-3
4.578541667E-1,-5.889892578E-3
4.578750000E-1,-6.195068359E-3
4.578958333E-1,-4.852294922E-3
4.579166667E-1,-4.638671875E-3
4.579375000E-1,-3.387451172E-3
4.579583333E-1,-4.119873047E-3
4.579791667E-1,-4.882812500E-3
4.580000000E-1,-5.096435547E-3
4.580208333E-1,-5.279541016E-3
4.580416667E-1,-4.821777344E-3
4.580625000E-1,-4.852294922E-3
4.580833333E-1,-3.814697266E-3
4.581041667E-1,-2.685546875E-3
4.581250000E-1,-2.563476562E-3
4.581458333E-1,-2.990722656E-3
4.581666667E-1,-2.624511719E-3
4.581875000E-1,-3.356933594E-3
4.582083333E-1,-1.708984375E-3
4.582291667E-1,-4.058837891E-3
4.582500000E-1,-3.723144531E-3
4.582708333E-1,-1.983642578E-3
4.582916667E-1,-2.319335938E-3
4.583125000E-1,-1.098632812E-3
4.583333333E-1,-9.460449219E-4
4.583541667E-1,5.493164062E-4
4.583750000E-1,1.251220703E-3
4.583958333E-1,1.159667969E-3
4.584166667E-1,1.525878906E-3
4.584375000E-1,2.441406250E-3
4.584583333E-1,4.089355469E-3
4.584791667E-1,4.821777344E-3
4.585000000E-1,5.493164062E-3
4.585208333E-1,5.554199219E-3
4.585416667E-1,5.889892578E-3
4.585625000E-1,5.065917969E-3
4.585833333E-1,4.547119141E-3
4.586041667E-1,5.462646484E-3
4.586250000E-1,5.676269531E-3
4.586458333E-1,5.645751953E-3
4.586666667E-1,5.065917969E-3
4.586875000E-1,5.493164062E-3
4.587083333E-1,6.164550781E-3
4.587291667E-1,5.401611328E-3
4.587500000E-1,4.913330078E-3
4.587708333E-1,4.394531250E-3
4.587916667E-1,2.868652344E-3
4.588125000E-1,2.532958984E-3
4.588333333E-1,1.434326172E-3
4.588541667E-1,7.629394531E-4
4.588750000E-1,-5.798339844E-4
4.588958333E-1,-4.577636719E-4
4.589166667E-1,-1.220703125E-4
4.589375000E-1,7.019042969E-4
4.589583333E-1,1.617431641E-3
4.589791667E-1,9.765625000E-4
4.590000000E-1,1.220703125E-3
4.590208333E-1,6.103515625E-5
4.590416667E-1,-1.220703125E-4
4.590625000E-1,-1.434326172E-3
4.590833333E-1,-1.037597656E-3
4.591041667E-1,-4.577636719E-4
4.591250000E-1,-3.967285156E-4
4.591458333E-1,1.831054688E-4
4.591666667E-1,1.220703125E-4
4.591875000E-1,8.239746094E-4
4.592083333E-1,-7.019042969E-4
4.592291667E-1,3.356933594E-4
4.592500000E-1,8.239746094E-4
4.592708333E-1,7.934570312E-4
4.592916667E-1,9.460449219E-4
4.593125000E-1,-3.356933594E-4
4.593333333E-1,-9.155273438E-5
4.593541667E-1,-2.746582031E-4
4.593750000E-1,0.000000000E0
4.593958333E-1,1.831054688E-4
4.594166667E-1,3.662109375E-4
4.594375000E-1,2.105712891E-3
4.594583333E-1,1.770019531E-3
4.594791667E-1,2.197265625E-3
4.595000000E-1,1.403808594E-3
4.595208333E-1,8.850097656E-4
4.595416667E-1,1.068115234E-3
4.595625000E-1,2.746582031E-4
4.595833333E-1,3.356933594E-4
4.596041667E-1,-2.441406250E-4
4.596250000E-1,-1.342773438E-3
4.596458333E-1,-2.716064453E-3
4.596666667E-1,-3.204345703E-3
4.596875000E-1,-3.662109375E-3
4.597083333E-1,-2.960205078E-3
4.597291667E-1,-1.800537109E-3
4.597500000E-1,-1.525878906E-3
4.597708333E-1,-3.051757812E-4
4.597916667E-1,-6.408691406E-4
4.598125000E-1,2.441406250E-4
4.598333333E-1,1.037597656E-3
4.598541667E-1,-6.103515625E-5
4.598750000E-1,3.051757812E-4
4.598958333E-1,-1.342773438E-3
4.599166667E-1,-5.798339844E-4
4.599375000E-1,-1.525878906E-3
4.599583333E-1,-3.662109375E-4
4.599791667E-1,3.662109375E-4
4.600000000E-1,5.187988281E-4
4.600208333E-1,1.708984375E-3
4.600416667E-1,3.051757812E-5
4.600625000E-1,1.129150391E-3
4.600833333E-1,-8.239746094E-4
4.601041667E-1,-8.239746094E-4
4.601250000E-1,-1.831054688E-4
4.601458333E-1,-1.159667969E-3
4.601666667E-1,-3.356933594E-4
4.601875000E-1,-1.159667969E-3
4.602083333E-1,-4.272460938E-4
4.602291667E-1,-1.037597656E-3
4.602500000E-1,-1.953125000E-3
4.602708333E-1,-2.136230469E-3
4.602916667E-1,-2.746582031E-3
4.603125000E-1,-2.044677734E-3
4.603333333E-1,-3.051757812E-3
4.603541667E-1,-2.471923828E-3
4.603750000E-1,-3.631591797E-3
4.603958333E-1,-3.875732422E-3
4.604166667E-1,-3.082275391E-3
4.604375000E-1,-4.302978516E-3
4.604583333E-1,-3.784179688E-3
4.604791667E-1,-3.997802734E-3
4.605000000E-1,-3.814697266E-3
4.605208333E-1,-3.570556641E-3
4.605416667E-1,-4.028320312E-3
4.605625000E-1,-3.417968750E-3
4.605833333E-1,-3.051757812E-3
4.606041667E-1,-2.716064453E-3
4.606250000E-1,-2.441406250E-3
4.606458333E-1,-2.288818359E-3
4.606666667E-1,-2.624511719E-3
4.606875000E-1,-2.685546875E-3
4.607083333E-1,-3.417968750E-3
4.607291667E-1,-3.784179688E-3
4.607500000E-1,-3.479003906E-3
4.607708333E-1,-3.845214844E-3
4.607916667E-1,-1.892089844E-3
4.608125000E-1,-2.349853516E-3
4.608333333E-1,-2.197265625E-3
4.608541667E-1,-8.850097656E-4
4.608750000E-1,-1.434326172E-3
4.608958333E-1,-5.187988281E-4
4.609166667E-1,-3.356933594E-4
4.609375000E-1,3.662109375E-4
4.609583333E-1,1.129150391E-3
4.609791667E-1,8.850097656E-4
4.610000000E-1,2.136230469E-3
4.610208333E-1,1.098632812E-3
4.610416667E-1,1.831054688E-3
4.610625000E-1,7.629394531E-4
4.610833333E-1,3.967285156E-4
4.611041667E-1,0.000000000E0
4.611250000E-1,-1.586914062E-3
4.611458333E-1,-1.770019531E-3
4.611666667E-1,-1.983642578E-3
4.611875000E-1,-2.166748047E-3
4.612083333E-1,-3.509521484E-3
4.612291667E-1,-2.288818359E-3
4.612500000E-1,-3.143310547E-3
4.612708333E-1,-3.265380859E-3
4.612916667E-1,-2.960205078E-3
4.613125000E-1,-3.448486328E-3
4.613333333E-1,-3.417968750E-3
4.613541667E-1,-2.899169922E-3
4.613750000E-1,-2.136230469E-3
4.613958333E-1,-2.136230469E-3
4.614166667E-1,-8.850097656E-4
4.614375000E-1,-8.850097656E-4
4.614583333E-1,-3.051757812E-4
4.614791667E-1,-1.373291016E-3
4.615000000E-1,-1.342773438E-3
4.615208333E-1,-2.746582031E-4
4.615416667E-1,-3.356933594E-4
4.615625000E-1,3.356933594E-4
4.615833333E-1,7.629394531E-4
4.616041667E-1,7.629394531E-4
4.616250000E-1,1.281738281E-3
4.616458333E-1,1.434326172E-3
4.616666667E-1,1.647949219E-3
4.616875000E-1,1.831054688E-3
4.617083333E-1,2.380371094E-3
4.617291667E-1,3.753662109E-3
4.617500000E-1,4.028320312E-3
4.617708333E-1,4.608154297E-3
4.617916667E-1,4.638671875E-3
4.618125000E-1,4.547119141E-3
4.618333333E-1,5.035400391E-3
4.618541667E-1,4.608154297E-3
4.618750000E-1,4.455566406E-3
4.618958333E-1,2.746582031E-3
4.619166667E-1,3.723144531E-3
4.619375000E-1,3.082275391E-3
4.619583333E-1,3.204345703E-3
4.619791667E-1,2.990722656E-3
4.620000000E-1,3.112792969E-3
4.620208333E-1,3.295898438E-3
4.620416667E-1,1.861572266E-3
4.620625000E-1,1.922607422E-3
4.620833333E-1,1.373291016E-3
4.621041667E-1,2.044677734E-3
4.621250000E-1,1.037597656E-3
4.621458333E-1,1.617431641E-3
4.621666667E-1,1.495361328E-3
4.621875000E-1,8.544921875E-4
4.622083333E-1,1.739501953E-3
4.622291667E-1,1.403808594E-3
4.622500000E-1,1.892089844E-3
4.622708333E-1,9.765625000E-4
4.622916667E-1,8.850097656E-4
4.623125000E-1,1.434326172E-3
4.623333333E-1,-4.882812500E-4
4.623541667E-1,8.544921875E-4
4.623750000E-1,-6.103515625E-5
4.623958333E-1,1.525878906E-4
4.624166667E-1,1.373291016E-3
4.624375000E-1,6.408691406E-4
4.624583333E-1,2.197265625E-3
4.624791667E-1,1.098632812E-3
4.625000000E-1,1.831054688E-3
4.625208333E-1,4.882812500E-4
4.625416667E-1,0.000000000E0
4.625625000E-1,-2.136230469E-4
4.625833333E-1,-9.155273438E-4
4.626041667E-1,2.136230469E-4
4.626250000E-1,-3.356933594E-4
4.626458333E-1,1.556396484E-3
4.626666667E-1,1.434326172E-3
4.626875000E-1,3.082275391E-3
4.627083333E-1,2.655029297E-3
4.627291667E-1,1.464843750E-3
4.627500000E-1,2.746582031E-3
4.627708333E-1,1.983642578E-3
4.627916667E-1,2.075195312E-3
4.628125000E-1,1.983642578E-3
4.628333333E-1,7.934570312E-4
4.628541667E-1,1.464843750E-3
4.628750000E-1,3.356933594E-4
4.628958333E-1,1.220703125E-4
4.629166667E-1,3.051757812E-4
4.629375000E-1,2.136230469E-4
4.629583333E-1,1.770019531E-3
4.629791667E-1,1.647949219E-3
4.630000000E-1,3.204345703E-3
4.630208333E-1,1.983642578E-3
4.630416667E-1,2.380371094E-3
4.630625000E-1,2.532958984E-3
4.630833333E-1,9.155273438E-4
4.631041667E-1,6.713867188E-4
4.631250000E-1,-1.525878906E-4
4.631458333E-1,8.850097656E-4
4.631666667E-1,-2.136230469E-4
4.631875000E-1,-3.051757812E-5
4.632083333E-1,2.136230469E-4
4.632291667E-1,4.272460938E-4
4.632500000E-1,3.356933594E-4
4.632708333E-1,-1.068115234E-3
4.632916667E-1,-1.129150391E-3
4.633125000E-1,-1.098632812E-3
4.633333333E-1,-1.892089844E-3
4.633541667E-1,-1.892089844E-3
4.633750000E-1,-2.075195312E-3
4.633958333E-1,-2.807617188E-3
4.634166667E-1,-2.410888672E-3
4.634375000E-1,-3.143310547E-3
4.634583333E-1,-2.197265625E-3
4.634791667E-1,-2.685546875E-3
4.635000000E-1,-1.922607422E-3
4.635208333E-1,-1.281738281E-3
4.635416667E-1,-1.525878906E-3
4.635625000E-1,-2.746582031E-4
4.635833333E-1,-9.765625000E-4
4.636041667E-1,-3.051757812E-5
4.636250000E-1,-8.544921875E-4
4.636458333E-1,-1.678466797E-3
4.636666667E-1,-2.044677734E-3
4.636875000E-1,-1.098632812E-3
4.637083333E-1,-1.312255859E-3
4.637291667E-1,-1.800537109E-3
4.637500000E-1,-1.251220703E-3
4.637708333E-1,-7.019042969E-4
4.637916667E-1,1.220703125E-3
4.638125000E-1,9.460449219E-4
4.638333333E-1,2.838134766E-3
4.638541667E-1,2.960205078E-3
4.638750000E-1,2.166748047E-3
4.638958333E-1,2.410888672E-3
4.639166667E-1,1.159667969E-3
4.639375000E-1,2.288818359E-3
4.639583333E-1,1.403808594E-3
4.639791667E-1,9.155273438E-5
4.640000000E-1,5.798339844E-4
4.640208333E-1,1.373291016E-3
4.640416667E-1,1.953125000E-3
4.640625000E-1,2.197265625E-3
4.640833333E-1,2.288818359E-3
4.641041667E-1,2.502441406E-3
4.641250000E-1,2.716064453E-3
4.641458333E-1,1.556396484E-3
4.641666667E-1,1.556396484E-3
4.641875000E-1,1.495361328E-3
4.642083333E-1,1.068115234E-3
4.642291667E-1,9.765625000E-4
4.642500000E-1,-3.051757812E-4
4.642708333E-1,-5.187988281E-4
4.642916667E-1,-7.324218750E-4
4.643125000E-1,-3.967285156E-4
4.643333333E-1,-6.408691406E-4
4.643541667E-1,-9.155273438E-4
4.643750000E-1,-8.239746094E-4
4.643958333E-1,-3.051757812E-4
4.644166667E-1,7.934570312E-4
4.644375000E-1,1.007080078E-3
4.644583333E-1,8.239746094E-4
4.644791667E-1,1.220703125E-3
4.645000000E-1,1.403808594E-3
4.645208333E-1,1.403808594E-3
4.645416667E-1,7.019042969E-4
4.645625000E-1,2.441406250E-4
4.645833333E-1,-1.220703125E-4
4.646041667E-1,-1.098632812E-3
4.646250000E-1,-1.037597656E-3
4.646458333E-1,-1.617431641E-3
4.646666667E-1,-7.324218750E-4
4.646875000E-1,-4.882812500E-4
4.647083333E-1,-3.662109375E-4
4.647291667E-1,9.155273438E-4
4.647500000E-1,8.544921875E-4
4.647708333E-1,1.586914062E-3
4.647916667E-1,1.617431641E-3
4.648125000E-1,1.068115234E-3
4.648333333E-1,5.493164062E-4
4.648541667E-1,-6.103515625E-4
4.648750000E-1,-7.324218750E-4
4.648958333E-1,6.103515625E-5
4.649166667E-1,-1.831054688E-4
4.649375000E-1,3.356933594E-4
4.649583333E-1,4.272460938E-4
4.649791667E-1,2.441406250E-4
4.650000000E-1,-1.525878906E-4
4.650208333E-1,-7.629394531E-4
4.650416667E-1,-4.882812500E-4
4.650625000E-1,-8.544921875E-4
4.650833333E-1,-7.324218750E-4
4.651041667E-1,-1.586914062E-3
4.651250000E-1,-1.953125000E-3
4.651458333E-1,-2.075195312E-3
4.651666667E-1,-2.868652344E-3
4.651875000E-1,-3.387451172E-3
4.652083333E-1,-3.356933594E-3
4.652291667E-1,-4.150390625E-3
4.652500000E-1,-3.662109375E-3
4.652708333E-1,-3.387451172E-3
4.652916667E-1,-3.479003906E-3
4.653125000E-1,-2.105712891E-3
4.653333333E-1,-2.624511719E-3
4.653541667E-1,-1.647949219E-3
4.653750000E-1,-1.647949219E-3
4.653958333E-1,-1.403808594E-3
4.654166667E-1,6.103515625E-5
4.654375000E-1,-5.798339844E-4
4.654583333E-1,2.136230469E-4
4.654791667E-1,-1.495361328E-3
4.655000000E-1,-1.129150391E-3
4.655208333E-1,-1.586914062E-3
4.655416667E-1,-1.892089844E-3
4.655625000E-1,-3.967285156E-4
4.655833333E-1,-2.136230469E-4
4.656041667E-1,1.190185547E-3
4.656250000E-1,1.403808594E-3
4.656458333E-1,2.746582031E-3
4.656666667E-1,2.868652344E-3
4.656875000E-1,2.746582031E-3
4.657083333E-1,1.159667969E-3
4.657291667E-1,-4.882812500E-4
4.657500000E-1,-8.850097656E-4
4.657708333E-1,-8.239746094E-4
4.657916667E-1,-6.408691406E-4
4.658125000E-1,-1.800537109E-3
4.658333333E-1,-9.155273438E-4
4.658541667E-1,-4.577636719E-4
4.658750000E-1,4.577636719E-4
4.658958333E-1,2.471923828E-3
4.659166667E-1,2.075195312E-3
4.659375000E-1,3.326416016E-3
4.659583333E-1,2.441406250E-3
4.659791667E-1,2.441406250E-3
4.660000000E-1,2.410888672E-3
4.660208333E-1,3.082275391E-3
4.660416667E-1,4.150390625E-3
4.660625000E-1,3.509521484E-3
4.660833333E-1,4.425048828E-3
4.661041667E-1,3.845214844E-3
4.661250000E-1,3.295898438E-3
4.661458333E-1,4.119873047E-3
4.661666667E-1,3.509521484E-3
4.661875000E-1,2.777099609E-3
4.662083333E-1,1.739501953E-3
4.662291667E-1,1.586914062E-3
4.662500000E-1,1.953125000E-3
4.662708333E-1,1.525878906E-3
4.662916667E-1,1.983642578E-3
4.663125000E-1,1.892089844E-3
4.663333333E-1,2.044677734E-3
4.663541667E-1,1.739501953E-3
4.663750000E-1,1.892089844E-3
4.663958333E-1,1.159667969E-3
4.664166667E-1,1.708984375E-3
4.664375000E-1,1.831054688E-3
4.664583333E-1,1.464843750E-3
4.664791667E-1,8.239746094E-4
4.665000000E-1,6.408691406E-4
4.665208333E-1,6.103515625E-4
4.665416667E-1,-1.129150391E-3
4.665625000E-1,6.103515625E-5
4.665833333E-1,-6.103515625E-5
4.666041667E-1,-1.617431641E-3
4.666250000E-1,-8.239746094E-4
4.666458333E-1,-7.324218750E-4
4.666666667E-1,-1.007080078E-3
4.666875000E-1,-9.460449219E-4
4.667083333E-1,-1.007080078E-3
4.667291667E-1,-6.103515625E-4
4.667500000E-1,-5.798339844E-4
4.667708333E-1,-1.007080078E-3
4.667916667E-1,4.577636719E-4
4.668125000E-1,1.007080078E-3
4.668333333E-1,-9.155273438E-4
4.668541667E-1,-7.934570312E-4
4.668750000E-1,-1.892089844E-3
4.668958333E-1,-2.410888672E-3
4.669166667E-1,-2.655029297E-3
4.669375000E-1,-3.204345703E-3
4.669583333E-1,-2.349853516E-3
4.669791667E-1,-2.166748047E-3
4.670000000E-1,-1.953125000E-3
4.670208333E-1,-2.563476562E-3
4.670416667E-1,-1.800537109E-3
4.670625000E-1,-9.460449219E-4
4.670833333E-1,-2.471923828E-3
4.671041667E-1,-1.190185547E-3
4.671250000E-1,-1.342773438E-3
4.671458333E-1,-9.155273438E-4
4.671666667E-1,-7.019042969E-4
4.671875000E-1,-9.765625000E-4
4.672083333E-1,3.662109375E-4
4.672291667E-1,7.629394531E-4
4.672500000E-1,3.234863281E-3
4.672708333E-1,3.631591797E-3
4.672916667E-1,4.486083984E-3
4.673125000E-1,4.394531250E-3
4.673333333E-1,3.143310547E-3
4.673541667E-1,3.753662109E-3
4.673750000E-1,2.685546875E-3
4.673958333E-1,3.173828125E-3
4.674166667E-1,2.502441406E-3
4.674375000E-1,3.082275391E-3
4.674583333E-1,2.502441406E-3
4.674791667E-1,1.922607422E-3
4.675000000E-1,1.556396484E-3
4.675208333E-1,4.272460938E-4
4.675416667E-1,1.007080078E-3
4.675625000E-1,-3.967285156E-4
4.675833333E-1,1.525878906E-4
4.676041667E-1,-7.324218750E-4
4.676250000E-1,-1.342773438E-3
4.676458333E-1,-1.556396484E-3
4.676666667E-1,-1.800537109E-3
4.676875000E-1,-2.014160156E-3
4.677083333E-1,-1.617431641E-3
4.677291667E-1,-1.281738281E-3
4.677500000E-1,-1.037597656E-3
4.677708333E-1,3.051757812E-5
4.677916667E-1,-7.934570312E-4
4.678125000E-1,9.155273438E-5
4.678333333E-1,-7.934570312E-4
4.678541667E-1,6.103515625E-5
4.678750000E-1,-6.408691406E-4
4.678958333E-1,-1.251220703E-3
4.679166667E-1,-7.629394531E-4
4.679375000E-1,-2.319335938E-3
4.679583333E-1,-2.288818359E-3
4.679791667E-1,-2.655029297E-3
4.680000000E-1,-2.410888672E-3
4.680208333E-1,-3.173828125E-3
4.680416667E-1,-2.227783203E-3
4.680625000E-1,-1.861572266E-3
4.680833333E-1,-1.342773438E-3
4.681041667E-1,-1.831054688E-4
4.681250000E-1,1.220703125E-4
4.681458333E-1,1.098632812E-3
4.681666667E-1,3.356933594E-4
4.681875000E-1,1.220703125E-3
4.682083333E-1,7.629394531E-4
4.682291667E-1,9.460449219E-4
4.682500000E-1,1.953125000E-3
4.682708333E-1,1.892089844E-3
4.682916667E-1,3.295898438E-3
4.683125000E-1,3.234863281E-3
4.683333333E-1,3.906250000E-3
4.683541667E-1,2.044677734E-3
4.683750000E-1,2.258300781E-3
4.683958333E-1,2.014160156E-3
4.684166667E-1,1.220703125E-3
4.684375000E-1,2.838134766E-3
4.684583333E-1,2.838134766E-3
4.684791667E-1,3.479003906E-3
4.685000000E-1,3.875732422E-3
4.685208333E-1,3.784179688E-3
4.685416667E-1,2.807617188E-3
4.685625000E-1,1.800537109E-3
4.685833333E-1,1.312255859E-3
4.686041667E-1,1.220703125E-3
4.686250000E-1,1.342773438E-3
4.686458333E-1,8.544921875E-4
4.686666667E-1,1.068115234E-3
4.686875000E-1,-5.187988281E-4
4.687083333E-1,-1.251220703E-3
4.687291667E-1,-2.227783203E-3
4.687500000E-1,-1.770019531E-3
4.687708333E-1,-1.800537109E-3
4.687916667E-1,-2.197265625E-3
4.688125000E-1,-1.281738281E-3
4.688333333E-1,-1.770019531E-3
4.688541667E-1,-1.953125000E-3
4.688750000E-1,-2.197265625E-3
4.688958333E-1,-1.739501953E-3
4.689166667E-1,-1.586914062E-3
4.689375000E-1,-1.800537109E-3
4.689583333E-1,-1.495361328E-3
4.689791667E-1,-1.190185547E-3
4.690000000E-1,-3.662109375E-4
4.690208333E-1,-9.155273438E-4
4.690416667E-1,-3.051757812E-5
4.690625000E-1,-1.831054688E-3
4.690833333E-1,-2.410888672E-3
4.691041667E-1,-2.807617188E-3
4.691250000E-1,-4.394531250E-3
4.691458333E-1,-2.685546875E-3
4.691666667E-1,-2.868652344E-3
4.691875000E-1,-3.204345703E-3
4.692083333E-1,-3.417968750E-3
4.692291667E-1,-3.936767578E-3
4.692500000E-1,-3.631591797E-3
4.692708333E-1,-4.425048828E-3
4.692916667E-1,-4.272460938E-3
4.693125000E-1,-3.723144531E-3
4.693333333E-1,-3.967285156E-3
4.693541667E-1,-2.807617188E-3
4.693750000E-1,-3.631591797E-3
4.693958333E-1,-2.746582031E-3
4.694166667E-1,-1.983642578E-3
4.694375000E-1,-1.800537109E-3
4.694583333E-1,-1.525878906E-3
4.694791667E-1,-2.136230469E-3
4.695000000E-1,-1.281738281E-3
4.695208333E-1,-1.861572266E-3
4.695416667E-1,-1.220703125E-3
4.695625000E-1,-2.105712891E-3
4.695833333E-1,-6.408691406E-4
4.696041667E-1,-1.129150391E-3
4.696250000E-1,-5.798339844E-4
4.696458333E-1,1.068115234E-3
4.696666667E-1,4.882812500E-4
4.696875000E-1,2.380371094E-3
4.697083333E-1,4.272460938E-4
4.697291667E-1,1.220703125E-3
4.697500000E-1,1.525878906E-4
4.697708333E-1,-1.892089844E-3
4.697916667E-1,-2.441406250E-4
4.698125000E-1,-9.460449219E-4
4.698333333E-1,1.220703125E-4
4.698541667E-1,-9.155273438E-5
4.698750000E-1,1.220703125E-4
4.698958333E-1,1.007080078E-3
4.699166667E-1,3.051757812E-5
4.699375000E-1,-3.356933594E-4
4.699583333E-1,-1.312255859E-3
4.699791667E-1,-1.159667969E-3
4.700000000E-1,-2.288818359E-3
4.700208333E-1,-3.509521484E-3
4.700416667E-1,-3.143310547E-3
4.700625000E-1,-2.441406250E-3
4.700833333E-1,-2.075195312E-3
4.701041667E-1,-5.187988281E-4
4.701250000E-1,2.136230469E-4
4.701458333E-1,1.708984375E-3
4.701666667E-1,2.563476562E-3
4.701875000E-1,3.753662109E-3
4.702083333E-1,4.669189453E-3
4.702291667E-1,3.814697266E-3
4.702500000E-1,4.852294922E-3
4.702708333E-1,3.540039062E-3
4.702916667E-1,2.593994141E-3
4.703125000E-1,2.593994141E-3
4.703333333E-1,1.770019531E-3
4.703541667E-1,2.410888672E-3
4.703750000E-1,1.647949219E-3
4.703958333E-1,2.288818359E-3
4.704166667E-1,1.922607422E-3
4.704375000E-1,2.044677734E-3
4.704583333E-1,3.234863281E-3
4.704791667E-1,2.105712891E-3
4.705000000E-1,2.258300781E-3
4.705208333E-1,1.129150391E-3
4.705416667E-1,6.713867188E-4
4.705625000E-1,-3.662109375E-4
4.705833333E-1,-1.312255859E-3
4.706041667E-1,-9.155273438E-4
4.706250000E-1,-1.159667969E-3
4.706458333E-1,1.525878906E-4
4.706666667E-1,2.441406250E-4
4.706875000E-1,1.983642578E-3
4.707083333E-1,1.892089844E-3
4.707291667E-1,2.838134766E-3
4.707500000E-1,3.326416016E-3
4.707708333E-1,2.929687500E-3
4.707916667E-1,3.051757812E-3
4.708125000E-1,6.408691406E-4
4.708333333E-1,7.324218750E-4
4.708541667E-1,-1.068115234E-3
4.708750000E-1,-2.441406250E-4
4.708958333E-1,1.220703125E-4
4.709166667E-1,-3.662109375E-4
4.709375000E-1,-5.493164062E-4
4.709583333E-1,6.103515625E-5
4.709791667E-1,6.103515625E-4
4.710000000E-1,7.324218750E-4
4.710208333E-1,1.373291016E-3
4.710416667E-1,5.187988281E-4
4.710625000E-1,2.746582031E-4
4.710833333E-1,1.007080078E-3
4.711041667E-1,1.312255859E-3
4.711250000E-1,1.495361328E-3
4.711458333E-1,1.037597656E-3
4.711666667E-1,0.000000000E0
4.711875000E-1,-8.239746094E-4
4.712083333E-1,-1.159667969E-3
4.712291667E-1,-8.239746094E-4
4.712500000E-1,-4.272460938E-4
4.712708333E-1,-5.187988281E-4
4.712916667E-1,9.155273438E-5
4.713125000E-1,-2.136230469E-4
4.713333333E-1,4.272460938E-4
4.713541667E-1,5.798339844E-4
4.713750000E-1,-1.068115234E-3
4.713958333E-1,-5.187988281E-4
4.714166667E-1,-1.220703125E-3
4.714375000E-1,-1.251220703E-3
4.714583333E-1,-1.068115234E-3
4.714791667E-1,-1.159667969E-3
4.715000000E-1,-9.155273438E-4
4.715208333E-1,-2.502441406E-3
4.715416667E-1,-3.143310547E-3
4.715625000E-1,-3.753662109E-3
4.715833333E-1,-3.265380859E-3
4.716041667E-1,-2.838134766E-3
4.716250000E-1,-2.593994141E-3
4.716458333E-1,-1.495361328E-3
4.716666667E-1,-1.708984375E-3
4.716875000E-1,-1.190185547E-3
4.717083333E-1,-1.190185547E-3
4.717291667E-1,-1.739501953E-3
4.717500000E-1,-1.434326172E-3
4.717708333E-1,-1.586914062E-3
4.717916667E-1,-1.220703125E-3
4.718125000E-1,-6.408691406E-4
4.718333333E-1,1.220703125E-4
4.718541667E-1,4.882812500E-4
4.718750000E-1,-8.239746094E-4
4.718958333E-1,-4.882812500E-4
4.719166667E-1,-2.746582031E-3
4.719375000E-1,-3.234863281E-3
4.719583333E-1,-2.319335938E-3
4.719791667E-1,-3.723144531E-3
4.720000000E-1,-2.868652344E-3
4.720208333E-1,-2.777099609E-3
4.720416667E-1,-1.953125000E-3
4.720625000E-1,-1.708984375E-3
4.720833333E-1,-5.493164062E-4
4.721041667E-1,7.629394531E-4
4.721250000E-1,1.220703125E-3
4.721458333E-1,2.288818359E-3
4.721666667E-1,2.502441406E-3
4.721875000E-1,2.227783203E-3
4.722083333E-1,2.197265625E-3
4.722291667E-1,1.922607422E-3
4.722500000E-1,2.563476562E-3
4.722708333E-1,2.685546875E-3
4.722916667E-1,3.387451172E-3
4.723125000E-1,2.990722656E-3
4.723333333E-1,2.990722656E-3
4.723541667E-1,4.119873047E-3
4.723750000E-1,3.692626953E-3
4.723958333E-1,4.302978516E-3
4.724166667E-1,3.997802734E-3
4.724375000E-1,3.753662109E-3
4.724583333E-1,4.394531250E-3
4.724791667E-1,4.516601562E-3
4.725000000E-1,5.676269531E-3
4.725208333E-1,5.218505859E-3
4.725416667E-1,4.455566406E-3
4.725625000E-1,5.035400391E-3
4.725833333E-1,3.906250000E-3
4.726041667E-1,4.028320312E-3
4.726250000E-1,3.906250000E-3
4.726458333E-1,2.990722656E-3
4.726666667E-1,3.234863281E-3
4.726875000E-1,3.234863281E-3
4.727083333E-1,3.112792969E-3
4.727291667E-1,2.502441406E-3
4.727500000E-1,2.777099609E-3
4.727708333E-1,2.593994141E-3
4.727916667E-1,1.617431641E-3
4.728125000E-1,2.044677734E-3
4.728333333E-1,1.525878906E-3
4.728541667E-1,1.617431641E-3
4.728750000E-1,1.739501953E-3
4.728958333E-1,1.892089844E-3
4.729166667E-1,2.227783203E-3
4.729375000E-1,2.868652344E-3
4.729583333E-1,3.021240234E-3
4.729791667E-1,2.380371094E-3
4.730000000E-1,3.387451172E-3
4.730208333E-1,2.807617188E-3
4.730416667E-1,2.105712891E-3
4.730625000E-1,2.899169922E-3
4.730833333E-1,2.441406250E-3
4.731041667E-1,2.227783203E-3
4.731250000E-1,2.014160156E-3
4.731458333E-1,2.166748047E-3
4.731666667E-1,1.434326172E-3
4.731875000E-1,1.007080078E-3
4.732083333E-1,6.103515625E-4
4.732291667E-1,7.019042969E-4
4.732500000E-1,1.190185547E-3
4.732708333E-1,1.586914062E-3
4.732916667E-1,1.800537109E-3
4.733125000E-1,1.586914062E-3
4.733333333E-1,2.807617188E-3
4.733541667E-1,1.861572266E-3
4.733750000E-1,2.441406250E-3
4.733958333E-1,2.258300781E-3
4.734166667E-1,2.502441406E-3
4.734375000E-1,2.258300781E-3
4.734583333E-1,8.850097656E-4
4.734791667E-1,1.281738281E-3
4.735000000E-1,-3.662109375E-4
4.735208333E-1,4.272460938E-4
4.735416667E-1,-8.544921875E-4
4.735625000E-1,-2.105712891E-3
4.735833333E-1,-1.098632812E-3
4.736041667E-1,-2.227783203E-3
4.736250000E-1,-1.525878906E-3
4.736458333E-1,-1.464843750E-3
4.736666667E-1,-8.850097656E-4
4.736875000E-1,-7.629394531E-4
4.737083333E-1,-8.544921875E-4
4.737291667E-1,-1.220703125E-3
4.737500000E-1,-1.373291016E-3
4.737708333E-1,-6.713867188E-4
4.737916667E-1,-7.019042969E-4
4.738125000E-1,9.155273438E-5
4.738333333E-1,-5.798339844E-4
4.738541667E-1,-5.798339844E-4
4.738750000E-1,-1.281738281E-3
4.738958333E-1,-1.892089844E-3
4.739166667E-1,-2.319335938E-3
4.739375000E-1,-2.716064453E-3
4.739583333E-1,-2.624511719E-3
4.739791667E-1,-3.540039062E-3
4.740000000E-1,-4.150390625E-3
4.740208333E-1,-5.157470703E-3
4.740416667E-1,-5.706787109E-3
4.740625000E-1,-5.645751953E-3
4.740833333E-1,-5.279541016E-3
4.741041667E-1,-4.577636719E-3
4.741250000E-1,-4.089355469E-3
4.741458333E-1,-3.326416016E-3
4.741666667E-1,-3.448486328E-3
4.741875000E-1,-4.333496094E-3
4.742083333E-1,-4.730224609E-3
4.742291667E-1,-5.340576172E-3
4.742500000E-1,-4.760742188E-3
4.742708333E-1,-5.554199219E-3
4.742916667E-1,-5.126953125E-3
4.743125000E-1,-5.035400391E-3
4.743333333E-1,-5.767822266E-3
4.743541667E-1,-4.241943359E-3
4.743750000E-1,-4.760742188E-3
4.743958333E-1,-3.723144531E-3
4.744166667E-1,-4.394531250E-3
4.744375000E-1,-4.608154297E-3
4.744583333E-1,-3.509521484E-3
4.744791667E-1,-3.723144531E-3
4.745000000E-1,-1.129150391E-3
4.745208333E-1,-1.159667969E-3
4.745416667E-1,-3.662109375E-4
4.745625000E-1,7.324218750E-4
4.745833333E-1,-2.746582031E-4
4.746041667E-1,3.662109375E-4
4.746250000E-1,-1.098632812E-3
4.746458333E-1,-1.281738281E-3
4.746666667E-1,-9.460449219E-4
4.746875000E-1,-1.708984375E-3
4.747083333E-1,-1.464843750E-3
4.747291667E-1,-1.007080078E-3
4.747500000E-1,5.187988281E-4
4.747708333E-1,1.373291016E-3
4.747916667E-1,1.678466797E-3
4.748125000E-1,2.502441406E-3
4.748333333E-1,1.251220703E-3
4.748541667E-1,1.770019531E-3
4.748750000E-1,1.037597656E-3
4.748958333E-1,1.007080078E-3
4.749166667E-1,1.983642578E-3
4.749375000E-1,1.861572266E-3
4.749583333E-1,2.685546875E-3
4.749791667E-1,2.532958984E-3
4.750000000E-1,1.129150391E-3
4.750208333E-1,6.103515625E-5
4.750416667E-1,-1.251220703E-3
4.750625000E-1,-1.770019531E-3
4.750833333E-1,-2.655029297E-3
4.751041667E-1,-4.089355469E-3
4.751250000E-1,-2.441406250E-3
4.751458333E-1,-3.265380859E-3
4.751666667E-1,-3.295898438E-3
4.751875000E-1,-1.129150391E-3
4.752083333E-1,-1.495361328E-3
4.752291667E-1,-7.324218750E-4
4.752500000E-1,-1.647949219E-3
4.752708333E-1,-2.075195312E-3
4.752916667E-1,-1.678466797E-3
4.753125000E-1,-2.655029297E-3
4.753333333E-1,-2.319335938E-3
4.753541667E-1,-2.319335938E-3
4.753750000E-1,-1.098632812E-3
4.753958333E-1,-2.441406250E-4
4.754166667E-1,3.356933594E-4
4.754375000E-1,9.460449219E-4
4.754583333E-1,9.460449219E-4
4.754791667E-1,6.713867188E-4
4.755000000E-1,0.000000000E0
4.755208333E-1,8.850097656E-4
4.755416667E-1,-3.051757812E-5
4.755625000E-1,3.051757812E-4
4.755833333E-1,4.272460938E-4
4.756041667E-1,-6.103515625E-4
4.756250000E-1,-4.882812500E-4
4.756458333E-1,-1.129150391E-3
4.756666667E-1,-1.251220703E-3
4.756875000E-1,-1.892089844E-3
4.757083333E-1,-1.556396484E-3
4.757291667E-1,-1.586914062E-3
4.757500000E-1,-2.227783203E-3
4.757708333E-1,-1.403808594E-3
4.757916667E-1,-2.136230469E-3
4.758125000E-1,-1.983642578E-3
4.758333333E-1,-2.136230469E-3
4.758541667E-1,-1.312255859E-3
4.758750000E-1,-7.019042969E-4
4.758958333E-1,0.000000000E0
4.759166667E-1,2.044677734E-3
4.759375000E-1,1.647949219E-3
4.759583333E-1,2.258300781E-3
4.759791667E-1,1.983642578E-3
4.760000000E-1,2.349853516E-3
4.760208333E-1,2.532958984E-3
4.760416667E-1,1.281738281E-3
4.760625000E-1,1.647949219E-3
4.760833333E-1,1.495361328E-3
4.761041667E-1,5.187988281E-4
4.761250000E-1,8.239746094E-4
4.761458333E-1,-2.136230469E-4
4.761666667E-1,-7.629394531E-4
4.761875000E-1,-1.342773438E-3
4.762083333E-1,-2.258300781E-3
4.762291667E-1,-2.380371094E-3
4.762500000E-1,-2.166748047E-3
4.762708333E-1,-2.410888672E-3
4.762916667E-1,-2.746582031E-3
4.763125000E-1,-2.044677734E-3
4.763333333E-1,-2.014160156E-3
4.763541667E-1,-8.239746094E-4
4.763750000E-1,-1.129150391E-3
4.763958333E-1,-1.037597656E-3
4.764166667E-1,-1.251220703E-3
4.764375000E-1,-1.983642578E-3
4.764583333E-1,-1.770019531E-3
4.764791667E-1,-3.356933594E-3
4.765000000E-1,-1.495361328E-3
4.765208333E-1,-1.098632812E-3
4.765416667E-1,-8.850097656E-4
4.765625000E-1,-9.155273438E-5
4.765833333E-1,-1.129150391E-3
4.766041667E-1,-9.155273438E-5
4.766250000E-1,-7.019042969E-4
4.766458333E-1,-7.934570312E-4
4.766666667E-1,-8.239746094E-4
4.766875000E-1,-4.272460938E-4
4.767083333E-1,-9.460449219E-4
4.767291667E-1,-1.464843750E-3
4.767500000E-1,-1.647949219E-3
4.767708333E-1,-2.410888672E-3
4.767916667E-1,-9.155273438E-4
4.768125000E-1,-1.312255859E-3
4.768333333E-1,-3.051757812E-5
4.768541667E-1,-1.129150391E-3
4.768750000E-1,-1.464843750E-3
4.768958333E-1,0.000000000E0
4.769166667E-1,-1.037597656E-3
4.769375000E-1,4.577636719E-4
4.769583333E-1,6.103515625E-4
4.769791667E-1,2.044677734E-3
4.770000000E-1,2.960205078E-3
4.770208333E-1,3.265380859E-3
4.770416667E-1,4.486083984E-3
4.770625000E-1,4.211425781E-3
4.770833333E-1,3.997802734E-3
4.771041667E-1,3.814697266E-3
4.771250000E-1,2.349853516E-3
4.771458333E-1,2.075195312E-3
4.771666667E-1,1.586914062E-3
4.771875000E-1,1.495361328E-3
4.772083333E-1,1.800537109E-3
4.772291667E-1,1.922607422E-3
4.772500000E-1,2.441406250E-3
4.772708333E-1,2.105712891E-3
4.772916667E-1,2.288818359E-3
4.773125000E-1,1.495361328E-3
4.773333333E-1,9.460449219E-4
4.773541667E-1,7.934570312E-4
4.773750000E-1,9.460449219E-4
4.773958333E-1,1.953125000E-3
4.774166667E-1,2.044677734E-3
4.774375000E-1,2.014160156E-3
4.774583333E-1,2.197265625E-3
4.774791667E-1,2.532958984E-3
4.775000000E-1,2.838134766E-3
4.775208333E-1,2.288818359E-3
4.775416667E-1,3.356933594E-3
4.775625000E-1,2.685546875E-3
4.775833333E-1,1.983642578E-3
4.776041667E-1,2.014160156E-3
4.776250000E-1,2.075195312E-3
4.776458333E-1,3.143310547E-3
4.776666667E-1,4.089355469E-3
4.776875000E-1,3.997802734E-3
4.777083333E-1,3.051757812E-3
4.777291667E-1,2.777099609E-3
4.777500000E-1,1.007080078E-3
4.777708333E-1,6.103515625E-5
4.777916667E-1,-1.007080078E-3
4.778125000E-1,-1.922607422E-3
4.778333333E-1,-8.850097656E-4
4.778541667E-1,-4.272460938E-4
4.778750000E-1,7.019042969E-4
4.778958333E-1,1.831054688E-3
4.779166667E-1,2.349853516E-3
4.779375000E-1,3.570556641E-3
4.779583333E-1,4.150390625E-3
4.779791667E-1,4.577636719E-3
4.780000000E-1,4.669189453E-3
4.780208333E-1,5.187988281E-3
4.780416667E-1,4.913330078E-3
4.780625000E-1,4.669189453E-3
4.780833333E-1,4.058837891E-3
4.781041667E-1,5.157470703E-3
4.781250000E-1,5.126953125E-3
4.781458333E-1,4.882812500E-3
4.781666667E-1,5.249023438E-3
4.781875000E-1,4.333496094E-3
4.782083333E-1,5.340576172E-3
4.782291667E-1,5.157470703E-3
4.782500000E-1,5.706787109E-3
4.782708333E-1,4.669189453E-3
4.782916667E-1,3.814697266E-3
4.783125000E-1,2.929687500E-3
4.783333333E-1,1.770019531E-3
4.783541667E-1,6.408691406E-4
4.783750000E-1,4.882812500E-4
4.783958333E-1,1.831054688E-4
4.784166667E-1,-1.464843750E-3
4.784375000E-1,-1.800537109E-3
4.784583333E-1,-2.227783203E-3
4.784791667E-1,-1.647949219E-3
4.785000000E-1,-2.258300781E-3
4.785208333E-1,-9.765625000E-4
4.785416667E-1,-3.967285156E-4
4.785625000E-1,6.713867188E-4
4.785833333E-1,1.373291016E-3
4.786041667E-1,6.103515625E-4
4.786250000E-1,1.800537109E-3
4.786458333E-1,9.765625000E-4
4.786666667E-1,1.373291016E-3
4.786875000E-1,1.007080078E-3
4.787083333E-1,-6.103515625E-4
4.787291667E-1,2.441406250E-4
4.787500000E-1,-6.103515625E-5
4.787708333E-1,-3.051757812E-4
4.787916667E-1,-7.934570312E-4
4.788125000E-1,-1.922607422E-3
4.788333333E-1,-1.739501953E-3
4.788541667E-1,-3.082275391E-3
4.788750000E-1,-2.319335938E-3
4.788958333E-1,-2.746582031E-3
4.789166667E-1,-3.417968750E-3
4.789375000E-1,-2.502441406E-3
4.789583333E-1,-2.716064453E-3
4.789791667E-1,-2.349853516E-3
4.790000000E-1,-2.655029297E-3
4.790208333E-1,-2.868652344E-3
4.790416667E-1,-2.990722656E-3
4.790625000E-1,-2.746582031E-3
4.790833333E-1,-2.075195312E-3
4.791041667E-1,-2.441406250E-3
4.791250000E-1,-2.044677734E-3
4.791458333E-1,-1.342773438E-3
4.791666667E-1,-1.556396484E-3
4.791875000E-1,-1.159667969E-3
4.792083333E-1,-1.373291016E-3
4.792291667E-1,-2.746582031E-3
4.792500000E-1,-2.105712891E-3
4.792708333E-1,-2.136230469E-3
4.792916667E-1,-2.075195312E-3
4.793125000E-1,-1.617431641E-3
4.793333333E-1,-1.220703125E-3
4.793541667E-1,-1.220703125E-4
4.793750000E-1,-7.324218750E-4
4.793958333E-1,-9.765625000E-4
4.794166667E-1,-1.159667969E-3
4.794375000E-1,-1.586914062E-3
4.794583333E-1,-1.129150391E-3
4.794791667E-1,-1.190185547E-3
4.795000000E-1,-9.155273438E-4
4.795208333E-1,-7.324218750E-4
4.795416667E-1,-3.051757812E-4
4.795625000E-1,-1.373291016E-3
4.795833333E-1,-1.342773438E-3
4.796041667E-1,-2.288818359E-3
4.796250000E-1,-1.678466797E-3
4.796458333E-1,-1.220703125E-3
4.796666667E-1,9.155273438E-5
4.796875000E-1,5.493164062E-4
4.797083333E-1,3.356933594E-4
4.797291667E-1,1.770019531E-3
4.797500000E-1,1.007080078E-3
4.797708333E-1,1.190185547E-3
4.797916667E-1,-6.103515625E-5
4.798125000E-1,-1.098632812E-3
4.798333333E-1,-1.342773438E-3
4.798541667E-1,-1.617431641E-3
4.798750000E-1,-1.831054688E-3
4.798958333E-1,-1.342773438E-3
4.799166667E-1,-1.495361328E-3
4.799375000E-1,-1.586914062E-3
4.799583333E-1,-1.281738281E-3
4.799791667E-1,-1.373291016E-3
4.800000000E-1,-2.441406250E-4
4.800208333E-1,-1.037597656E-3
4.800416667E-1,-1.190185547E-3
4.800625000E-1,-1.647949219E-3
4.800833333E-1,-2.166748047E-3
4.801041667E-1,-9.155273438E-4
4.801250000E-1,-1.922607422E-3
4.801458333E-1,-1.586914062E-3
4.801666667E-1,-1.525878906E-3
4.801875000E-1,-1.586914062E-3
4.802083333E-1,-4.882812500E-4
4.802291667E-1,-7.629394531E-4
4.802500000E-1,-5.493164062E-4
4.802708333E-1,1.220703125E-4
4.802916667E-1,-1.159667969E-3
4.803125000E-1,3.051757812E-5
4.803333333E-1,-4.577636719E-4
4.803541667E-1,-1.098632812E-3
4.803750000E-1,3.967285156E-4
4.803958333E-1,-7.019042969E-4
4.804166667E-1,4.882812500E-4
4.804375000E-1,-3.662109375E-4
4.804583333E-1,6.103515625E-5
4.804791667E-1,-9.155273438E-5
4.805000000E-1,-1.251220703E-3
4.805208333E-1,-3.662109375E-4
4.805416667E-1,-1.953125000E-3
4.805625000E-1,-1.068115234E-3
4.805833333E-1,-1.617431641E-3
4.806041667E-1,-1.770019531E-3
4.806250000E-1,-1.068115234E-3
4.806458333E-1,-2.136230469E-3
4.806666667E-1,-2.258300781E-3
4.806875000E-1,-2.471923828E-3
4.807083333E-1,-2.136230469E-3
4.807291667E-1,-1.800537109E-3
4.807500000E-1,-4.272460938E-4
4.807708333E-1,6.713867188E-4
4.807916667E-1,4.882812500E-4
4.808125000E-1,2.136230469E-3
4.808333333E-1,1.159667969E-3
4.808541667E-1,5.493164062E-4
4.808750000E-1,9.765625000E-4
4.808958333E-1,2.136230469E-4
4.809166667E-1,1.403808594E-3
4.809375000E-1,1.525878906E-4
4.809583333E-1,1.281738281E-3
4.809791667E-1,9.765625000E-4
4.810000000E-1,7.324218750E-4
4.810208333E-1,1.281738281E-3
4.810416667E-1,-1.831054688E-4
4.810625000E-1,1.098632812E-3
4.810833333E-1,-9.155273438E-5
4.811041667E-1,2.441406250E-4
4.811250000E-1,3.051757812E-4
4.811458333E-1,-9.460449219E-4
4.811666667E-1,-7.934570312E-4
4.811875000E-1,-1.861572266E-3
4.812083333E-1,-1.159667969E-3
4.812291667E-1,-8.239746094E-4
4.812500000E-1,-4.577636719E-4
4.812708333E-1,-8.544921875E-4
4.812916667E-1,-1.434326172E-3
4.813125000E-1,-1.464843750E-3
4.813333333E-1,-1.892089844E-3
4.813541667E-1,-1.678466797E-3
4.813750000E-1,-1.556396484E-3
4.813958333E-1,-1.525878906E-3
4.814166667E-1,-8.850097656E-4
4.814375000E-1,-3.356933594E-4
4.814583333E-1,6.103515625E-4
4.814791667E-1,2.136230469E-4
4.815000000E-1,1.342773438E-3
4.815208333E-1,1.495361328E-3
4.815416667E-1,1.556396484E-3
4.815625000E-1,1.953125000E-3
4.815833333E-1,1.525878906E-3
4.816041667E-1,2.380371094E-3
4.816250000E-1,1.281738281E-3
4.816458333E-1,1.190185547E-3
4.816666667E-1,5.798339844E-4
4.816875000E-1,4.882812500E-4
4.817083333E-1,6.408691406E-4
4.817291667E-1,-1.220703125E-4
4.817500000E-1,5.187988281E-4
4.817708333E-1,9.155273438E-4
4.817916667E-1,2.044677734E-3
4.818125000E-1,2.014160156E-3
4.818333333E-1,2.044677734E-3
4.818541667E-1,1.983642578E-3
4.818750000E-1,1.068115234E-3
4.818958333E-1,7.324218750E-4
4.819166667E-1,1.464843750E-3
4.819375000E-1,1.525878906E-3
4.819583333E-1,2.105712891E-3
4.819791667E-1,1.647949219E-3
4.820000000E-1,1.220703125E-3
4.820208333E-1,1.525878906E-3
4.820416667E-1,6.103515625E-4
4.820625000E-1,5.187988281E-4
4.820833333E-1,-9.460449219E-4
4.821041667E-1,-7.019042969E-4
4.821250000E-1,-3.051757812E-4
4.821458333E-1,-3.356933594E-4
4.821666667E-1,-3.356933594E-4
4.821875000E-1,-9.155273438E-5
4.822083333E-1,8.544921875E-4
4.822291667E-1,2.136230469E-4
4.822500000E-1,2.441406250E-4
4.822708333E-1,-2.746582031E-4
4.822916667E-1,3.051757812E-5
4.823125000E-1,-3.051757812E-4
4.823333333E-1,-4.577636719E-4
4.823541667E-1,-5.187988281E-4
4.823750000E-1,-1.831054688E-4
4.823958333E-1,9.460449219E-4
4.824166667E-1,2.075195312E-3
4.824375000E-1,3.204345703E-3
4.824583333E-1,3.234863281E-3
4.824791667E-1,3.479003906E-3
4.825000000E-1,2.838134766E-3
4.825208333E-1,1.586914062E-3
4.825416667E-1,9.155273438E-4
4.825625000E-1,6.713867188E-4
4.825833333E-1,9.765625000E-4
4.826041667E-1,3.356933594E-4
4.826250000E-1,9.155273438E-5
4.826458333E-1,9.155273438E-5
4.826666667E-1,6.103515625E-5
4.826875000E-1,3.967285156E-4
4.827083333E-1,3.967285156E-4
4.827291667E-1,1.312255859E-3
4.827500000E-1,1.800537109E-3
4.827708333E-1,1.739501953E-3
4.827916667E-1,2.166748047E-3
4.828125000E-1,1.678466797E-3
4.828333333E-1,1.800537109E-3
4.828541667E-1,8.239746094E-4
4.828750000E-1,3.051757812E-5
4.828958333E-1,0.000000000E0
4.829166667E-1,-7.934570312E-4
4.829375000E-1,-5.187988281E-4
4.829583333E-1,-2.441406250E-4
4.829791667E-1,3.967285156E-4
4.830000000E-1,2.136230469E-4
4.830208333E-1,7.324218750E-4
4.830416667E-1,7.324218750E-4
4.830625000E-1,6.103515625E-5
4.830833333E-1,9.765625000E-4
4.831041667E-1,1.373291016E-3
4.831250000E-1,2.288818359E-3
4.831458333E-1,2.471923828E-3
4.831666667E-1,3.051757812E-3
4.831875000E-1,3.967285156E-3
4.832083333E-1,4.791259766E-3
4.832291667E-1,4.455566406E-3
4.832500000E-1,3.692626953E-3
4.832708333E-1,3.021240234E-3
4.832916667E-1,1.892089844E-3
4.833125000E-1,9.155273438E-4
4.833333333E-1,5.493164062E-4
4.833541667E-1,1.434326172E-3
4.833750000E-1,2.166748047E-3
4.833958333E-1,2.716064453E-3
4.834166667E-1,2.746582031E-3
4.834375000E-1,2.746582031E-3
4.834583333E-1,2.807617188E-3
4.834791667E-1,2.777099609E-3
4.835000000E-1,2.899169922E-3
4.835208333E-1,3.509521484E-3
4.835416667E-1,3.417968750E-3
4.835625000E-1,3.112792969E-3
4.835833333E-1,3.295898438E-3
4.836041667E-1,2.319335938E-3
4.836250000E-1,2.136230469E-3
4.836458333E-1,2.197265625E-3
4.836666667E-1,1.678466797E-3
4.836875000E-1,1.464843750E-3
4.837083333E-1,1.251220703E-3
4.837291667E-1,1.281738281E-3
4.837500000E-1,7.629394531E-4
4.837708333E-1,7.019042969E-4
4.837916667E-1,3.356933594E-4
4.838125000E-1,-1.525878906E-4
4.838333333E-1,-4.577636719E-4
4.838541667E-1,-9.155273438E-4
4.838750000E-1,-7.629394531E-4
4.838958333E-1,-8.850097656E-4
4.839166667E-1,6.103515625E-5
4.839375000E-1,5.187988281E-4
4.839583333E-1,1.220703125E-4
4.839791667E-1,-2.136230469E-4
4.840000000E-1,-9.765625000E-4
4.840208333E-1,-8.239746094E-4
4.840416667E-1,-1.739501953E-3
4.840625000E-1,-9.460449219E-4
4.840833333E-1,-9.765625000E-4
4.841041667E-1,-7.934570312E-4
4.841250000E-1,-8.544921875E-4
4.841458333E-1,-1.495361328E-3
4.841666667E-1,-7.324218750E-4
4.841875000E-1,-1.831054688E-3
4.842083333E-1,-1.068115234E-3
4.842291667E-1,-1.403808594E-3
4.842500000E-1,-2.227783203E-3
4.842708333E-1,-1.403808594E-3
4.842916667E-1,-2.929687500E-3
4.843125000E-1,-2.197265625E-3
4.843333333E-1,-1.800537109E-3
4.843541667E-1,-1.556396484E-3
4.843750000E-1,-5.493164062E-4
4.843958333E-1,-6.713867188E-4
4.844166667E-1,-7.019042969E-4
4.844375000E-1,-1.251220703E-3
4.844583333E-1,-1.586914062E-3
4.844791667E-1,-1.953125000E-3
4.845000000E-1,-1.922607422E-3
4.845208333E-1,-2.380371094E-3
4.845416667E-1,-1.861572266E-3
4.845625000E-1,-1.678466797E-3
4.845833333E-1,-1.739501953E-3
4.846041667E-1,-1.251220703E-3
4.846250000E-1,-2.380371094E-3
4.846458333E-1,-2.960205078E-3
4.846666667E-1,-2.990722656E-3
4.846875000E-1,-3.753662109E-3
4.847083333E-1,-4.455566406E-3
4.847291667E-1,-4.028320312E-3
4.847500000E-1,-3.753662109E-3
4.847708333E-1,-2.655029297E-3
4.847916667E-1,-2.166748047E-3
4.848125000E-1,-2.532958984E-3
4.848333333E-1,-1.220703125E-3
4.848541667E-1,-1.831054688E-3
4.848750000E-1,-1.190185547E-3
4.848958333E-1,-1.464843750E-3
4.849166667E-1,-1.525878906E-3
4.849375000E-1,-8.544921875E-4
4.849583333E-1,-1.708984375E-3
4.849791667E-1,-1.892089844E-3
4.850000000E-1,-2.319335938E-3
4.850208333E-1,-1.312255859E-3
4.850416667E-1,-1.617431641E-3
4.850625000E-1,-1.647949219E-3
4.850833333E-1,-2.014160156E-3
4.851041667E-1,-2.532958984E-3
4.851250000E-1,-2.349853516E-3
4.851458333E-1,-2.868652344E-3
4.851666667E-1,-1.800537109E-3
4.851875000E-1,-1.556396484E-3
4.852083333E-1,-7.629394531E-4
4.852291667E-1,9.765625000E-4
4.852500000E-1,-6.103515625E-5
4.852708333E-1,6.713867188E-4
4.852916667E-1,1.464843750E-3
4.853125000E-1,6.713867188E-4
4.853333333E-1,1.159667969E-3
4.853541667E-1,-3.051757812E-5
4.853750000E-1,5.798339844E-4
4.853958333E-1,-5.798339844E-4
4.854166667E-1,-1.220703125E-4
4.854375000E-1,2.441406250E-4
4.854583333E-1,2.441406250E-4
4.854791667E-1,7.934570312E-4
4.855000000E-1,7.934570312E-4
4.855208333E-1,9.460449219E-4
4.855416667E-1,1.312255859E-3
4.855625000E-1,2.014160156E-3
4.855833333E-1,1.251220703E-3
4.856041667E-1,7.629394531E-4
4.856250000E-1,-4.882812500E-4
4.856458333E-1,-1.068115234E-3
4.856666667E-1,-1.129150391E-3
4.856875000E-1,-4.882812500E-4
4.857083333E-1,0.000000000E0
4.857291667E-1,9.155273438E-5
4.857500000E-1,1.525878906E-4
4.857708333E-1,-9.155273438E-5
4.857916667E-1,3.051757812E-4
4.858125000E-1,3.051757812E-4
4.858333333E-1,5.187988281E-4
4.858541667E-1,2.441406250E-4
4.858750000E-1,-7.324218750E-4
4.858958333E-1,-2.563476562E-3
4.859166667E-1,-3.234863281E-3
4.859375000E-1,-3.845214844E-3
4.859583333E-1,-4.119873047E-3
4.859791667E-1,-3.692626953E-3
4.860000000E-1,-2.990722656E-3
4.860208333E-1,-2.899169922E-3
4.860416667E-1,-1.403808594E-3
4.860625000E-1,-6.713867188E-4
4.860833333E-1,-2.441406250E-4
4.861041667E-1,3.967285156E-4
4.861250000E-1,-3.051757812E-5
4.861458333E-1,-6.103515625E-5
4.861666667E-1,-5.493164062E-4
4.861875000E-1,1.129150391E-3
4.862083333E-1,8.850097656E-4
4.862291667E-1,2.258300781E-3
4.862500000E-1,2.838134766E-3
4.862708333E-1,2.929687500E-3
4.862916667E-1,3.356933594E-3
4.863125000E-1,1.922607422E-3
4.863333333E-1,2.471923828E-3
4.863541667E-1,2.227783203E-3
4.863750000E-1,1.342773438E-3
4.863958333E-1,1.495361328E-3
4.864166667E-1,1.983642578E-3
4.864375000E-1,1.922607422E-3
4.864583333E-1,2.716064453E-3
4.864791667E-1,2.258300781E-3
4.865000000E-1,3.326416016E-3
4.865208333E-1,3.723144531E-3
4.865416667E-1,2.899169922E-3
4.865625000E-1,3.051757812E-3
4.865833333E-1,1.037597656E-3
4.866041667E-1,2.136230469E-4
4.866250000E-1,2.136230469E-4
4.866458333E-1,3.356933594E-4
4.866666667E-1,1.586914062E-3
4.866875000E-1,1.556396484E-3
4.867083333E-1,2.868652344E-3
4.867291667E-1,3.295898438E-3
4.867500000E-1,2.075195312E-3
4.867708333E-1,2.044677734E-3
4.867916667E-1,1.464843750E-3
4.868125000E-1,1.159667969E-3
4.868333333E-1,6.103515625E-4
4.868541667E-1,-3.662109375E-4
4.868750000E-1,-1.708984375E-3
4.868958333E-1,-2.075195312E-3
4.869166667E-1,-2.136230469E-3
4.869375000E-1,-2.227783203E-3
4.869583333E-1,-2.929687500E-3
4.869791667E-1,-3.326416016E-3
4.870000000E-1,-3.479003906E-3
4.870208333E-1,-3.204345703E-3
4.870416667E-1,-2.685546875E-3
4.870625000E-1,-2.868652344E-3
4.870833333E-1,-1.983642578E-3
4.871041667E-1,-1.556396484E-3
4.871250000E-1,-1.678466797E-3
4.871458333E-1,-1.922607422E-3
4.871666667E-1,-2.075195312E-3
4.871875000E-1,-1.403808594E-3
4.872083333E-1,-1.708984375E-3
4.872291667E-1,-1.434326172E-3
4.872500000E-1,-1.342773438E-3
4.872708333E-1,-8.239746094E-4
4.872916667E-1,2.136230469E-4
4.873125000E-1,-9.155273438E-5
4.873333333E-1,2.441406250E-4
4.873541667E-1,-5.493164062E-4
4.873750000E-1,-1.098632812E-3
4.873958333E-1,-1.068115234E-3
4.874166667E-1,-2.166748047E-3
4.874375000E-1,-1.403808594E-3
4.874583333E-1,-1.861572266E-3
4.874791667E-1,-1.892089844E-3
4.875000000E-1,-2.349853516E-3
4.875208333E-1,-2.319335938E-3
4.875416667E-1,-1.220703125E-3
4.875625000E-1,-7.019042969E-4
4.875833333E-1,-4.882812500E-4
4.876041667E-1,0.000000000E0
4.876250000E-1,4.272460938E-4
4.876458333E-1,1.281738281E-3
4.876666667E-1,3.967285156E-4
4.876875000E-1,7.629394531E-4
4.877083333E-1,2.136230469E-4
4.877291667E-1,3.662109375E-4
4.877500000E-1,1.007080078E-3
4.877708333E-1,8.544921875E-4
4.877916667E-1,2.044677734E-3
4.878125000E-1,1.800537109E-3
4.878333333E-1,2.258300781E-3
4.878541667E-1,1.922607422E-3
4.878750000E-1,2.441406250E-3
4.878958333E-1,2.410888672E-3
4.879166667E-1,1.495361328E-3
4.879375000E-1,1.770019531E-3
4.879583333E-1,1.068115234E-3
4.879791667E-1,-1.525878906E-4
4.880000000E-1,1.037597656E-3
4.880208333E-1,1.312255859E-3
4.880416667E-1,1.190185547E-3
4.880625000E-1,1.586914062E-3
4.880833333E-1,1.831054688E-3
4.881041667E-1,3.173828125E-3
4.881250000E-1,3.112792969E-3
4.881458333E-1,2.746582031E-3
4.881666667E-1,2.929687500E-3
4.881875000E-1,2.716064453E-3
4.882083333E-1,3.234863281E-3
4.882291667E-1,2.746582031E-3
4.882500000E-1,2.807617188E-3
4.882708333E-1,3.601074219E-3
4.882916667E-1,3.021240234E-3
4.883125000E-1,3.234863281E-3
4.883333333E-1,3.112792969E-3
4.883541667E-1,1.983642578E-3
4.883750000E-1,2.197265625E-3
4.883958333E-1,2.044677734E-3
4.884166667E-1,1.037597656E-3
4.884375000E-1,1.373291016E-3
4.884583333E-1,2.014160156E-3
4.884791667E-1,1.495361328E-3
4.885000000E-1,2.288818359E-3
4.885208333E-1,2.716064453E-3
4.885416667E-1,3.448486328E-3
4.885625000E-1,2.288818359E-3
4.885833333E-1,1.525878906E-3
4.886041667E-1,9.155273438E-4
4.886250000E-1,-4.272460938E-4
4.886458333E-1,-1.495361328E-3
4.886666667E-1,-2.716064453E-3
4.886875000E-1,-1.892089844E-3
4.887083333E-1,-2.075195312E-3
4.887291667E-1,-2.105712891E-3
4.887500000E-1,-2.258300781E-3
4.887708333E-1,-2.319335938E-3
4.887916667E-1,-2.044677734E-3
4.888125000E-1,-2.319335938E-3
4.888333333E-1,-2.471923828E-3
4.888541667E-1,-2.746582031E-3
4.888750000E-1,-2.166748047E-3
4.888958333E-1,-1.831054688E-3
4.889166667E-1,-9.460449219E-4
4.889375000E-1,-1.525878906E-3
4.889583333E-1,-1.739501953E-3
4.889791667E-1,-9.765625000E-4
4.890000000E-1,-1.770019531E-3
4.890208333E-1,-1.098632812E-3
4.890416667E-1,-3.967285156E-4
4.890625000E-1,0.000000000E0
4.890833333E-1,6.103515625E-5
4.891041667E-1,-2.441406250E-4
4.891250000E-1,9.155273438E-5
4.891458333E-1,6.713867188E-4
4.891666667E-1,1.464843750E-3
4.891875000E-1,1.525878906E-3
4.892083333E-1,8.850097656E-4
4.892291667E-1,1.129150391E-3
4.892500000E-1,7.934570312E-4
4.892708333E-1,3.662109375E-4
4.892916667E-1,-9.155273438E-4
4.893125000E-1,0.000000000E0
4.893333333E-1,5.798339844E-4
4.893541667E-1,1.586914062E-3
4.893750000E-1,2.746582031E-3
4.893958333E-1,2.593994141E-3
4.894166667E-1,4.669189453E-3
4.894375000E-1,3.723144531E-3
4.894583333E-1,4.425048828E-3
4.894791667E-1,3.967285156E-3
4.895000000E-1,3.204345703E-3
4.895208333E-1,4.882812500E-3
4.895416667E-1,3.204345703E-3
4.895625000E-1,2.655029297E-3
4.895833333E-1,1.617431641E-3
4.896041667E-1,3.051757812E-5
4.896250000E-1,8.544921875E-4
4.896458333E-1,3.051757812E-4
4.896666667E-1,1.739501953E-3
4.896875000E-1,1.068115234E-3
4.897083333E-1,1.556396484E-3
4.897291667E-1,1.617431641E-3
4.897500000E-1,-9.155273438E-5
4.897708333E-1,1.129150391E-3
4.897916667E-1,1.159667969E-3
4.898125000E-1,1.220703125E-3
4.898333333E-1,7.934570312E-4
4.898541667E-1,1.159667969E-3
4.898750000E-1,5.798339844E-4
4.898958333E-1,1.251220703E-3
4.899166667E-1,1.251220703E-3
4.899375000E-1,9.460449219E-4
4.899583333E-1,6.408691406E-4
4.899791667E-1,-3.051757812E-4
4.900000000E-1,-2.441406250E-4
4.900208333E-1,-1.434326172E-3
4.900416667E-1,-2.716064453E-3
4.900625000E-1,-2.777099609E-3
4.900833333E-1,-3.051757812E-3
4.901041667E-1,-2.868652344E-3
4.901250000E-1,-2.563476562E-3
4.901458333E-1,-2.380371094E-3
4.901666667E-1,-2.593994141E-3
4.901875000E-1,-2.075195312E-3
4.902083333E-1,-1.922607422E-3
4.902291667E-1,-2.014160156E-3
4.902500000E-1,-1.464843750E-3
4.902708333E-1,-1.037597656E-3
4.902916667E-1,-3.967285156E-4
4.903125000E-1,-5.187988281E-4
4.903333333E-1,-9.155273438E-5
4.903541667E-1,-1.831054688E-4
4.903750000E-1,-5.493164062E-4
4.903958333E-1,7.629394531E-4
4.904166667E-1,-2.136230469E-4
4.904375000E-1,-3.051757812E-4
4.904583333E-1,-6.103515625E-5
4.904791667E-1,-5.493164062E-4
4.905000000E-1,2.441406250E-4
4.905208333E-1,-1.831054688E-4
4.905416667E-1,5.187988281E-4
4.905625000E-1,1.159667969E-3
4.905833333E-1,1.892089844E-3
4.906041667E-1,1.739501953E-3
4.906250000E-1,2.319335938E-3
4.906458333E-1,2.227783203E-3
4.906666667E-1,7.019042969E-4
4.906875000E-1,1.190185547E-3
4.907083333E-1,1.525878906E-4
4.907291667E-1,7.629394531E-4
4.907500000E-1,4.272460938E-4
4.907708333E-1,-3.967285156E-4
4.907916667E-1,-8.850097656E-4
4.908125000E-1,-1.922607422E-3
4.908333333E-1,-1.495361328E-3
4.908541667E-1,-1.770019531E-3
4.908750000E-1,-1.464843750E-3
4.908958333E-1,-6.408691406E-4
4.909166667E-1,-1.068115234E-3
4.909375000E-1,-2.349853516E-3
4.909583333E-1,-2.105712891E-3
4.909791667E-1,-2.227783203E-3
4.910000000E-1,-1.861572266E-3
4.910208333E-1,-6.103515625E-5
4.910416667E-1,3.051757812E-5
4.910625000E-1,4.577636719E-4
4.910833333E-1,9.155273438E-4
4.911041667E-1,1.159667969E-3
4.911250000E-1,5.798339844E-4
4.911458333E-1,-3.967285156E-4
4.911666667E-1,-7.934570312E-4
4.911875000E-1,-1.617431641E-3
4.912083333E-1,-1.922607422E-3
4.912291667E-1,-1.739501953E-3
4.912500000E-1,-1.464843750E-3
4.912708333E-1,-3.662109375E-4
4.912916667E-1,-4.272460938E-4
4.913125000E-1,-4.577636719E-4
4.913333333E-1,-2.136230469E-4
4.913541667E-1,1.098632812E-3
4.913750000E-1,1.525878906E-3
4.913958333E-1,1.129150391E-3
4.914166667E-1,1.617431641E-3
4.914375000E-1,1.251220703E-3
4.914583333E-1,8.544921875E-4
4.914791667E-1,1.098632812E-3
4.915000000E-1,1.159667969E-3
4.915208333E-1,3.967285156E-4
4.915416667E-1,1.342773438E-3
4.915625000E-1,9.155273438E-4
4.915833333E-1,2.441406250E-4
4.916041667E-1,-1.525878906E-4
4.916250000E-1,-1.373291016E-3
4.916458333E-1,-1.708984375E-3
4.916666667E-1,-2.502441406E-3
4.916875000E-1,-1.922607422E-3
4.917083333E-1,-2.319335938E-3
4.917291667E-1,-1.586914062E-3
4.917500000E-1,-1.495361328E-3
4.917708333E-1,-7.629394531E-4
4.917916667E-1,0.000000000E0
4.918125000E-1,-5.187988281E-4
4.918333333E-1,1.190185547E-3
4.918541667E-1,9.155273438E-5
4.918750000E-1,3.051757812E-5
4.918958333E-1,-7.019042969E-4
4.919166667E-1,-1.068115234E-3
4.919375000E-1,-5.493164062E-4
4.919583333E-1,-1.342773438E-3
4.919791667E-1,-1.373291016E-3
4.920000000E-1,-3.173828125E-3
4.920208333E-1,-2.197265625E-3
4.920416667E-1,-3.417968750E-3
4.920625000E-1,-3.417968750E-3
4.920833333E-1,-4.272460938E-3
4.921041667E-1,-4.852294922E-3
4.921250000E-1,-4.486083984E-3
4.921458333E-1,-5.584716797E-3
4.921666667E-1,-4.669189453E-3
4.921875000E-1,-5.126953125E-3
4.922083333E-1,-3.845214844E-3
4.922291667E-1,-4.241943359E-3
4.922500000E-1,-3.997802734E-3
4.922708333E-1,-3.723144531E-3
4.922916667E-1,-3.997802734E-3
4.923125000E-1,-3.051757812E-3
4.923333333E-1,-2.960205078E-3
4.923541667E-1,-2.197265625E-3
4.923750000E-1,-2.075195312E-3
4.923958333E-1,-1.312255859E-3
4.924166667E-1,-7.019042969E-4
4.924375000E-1,-1.007080078E-3
4.924583333E-1,1.220703125E-4
4.924791667E-1,-3.051757812E-4
4.925000000E-1,-3.356933594E-4
4.925208333E-1,-8.239746094E-4
4.925416667E-1,-1.403808594E-3
4.925625000E-1,-4.577636719E-4
4.925833333E-1,-5.187988281E-4
4.926041667E-1,2.136230469E-4
4.926250000E-1,-1.007080078E-3
4.926458333E-1,-2.136230469E-4
4.926666667E-1,-3.967285156E-4
4.926875000E-1,-4.577636719E-4
4.927083333E-1,1.098632812E-3
4.927291667E-1,1.708984375E-3
4.927500000E-1,2.655029297E-3
4.927708333E-1,3.082275391E-3
4.927916667E-1,3.509521484E-3
4.928125000E-1,4.028320312E-3
4.928333333E-1,3.936767578E-3
4.928541667E-1,3.906250000E-3
4.928750000E-1,3.570556641E-3
4.928958333E-1,3.601074219E-3
4.929166667E-1,3.631591797E-3
4.929375000E-1,2.563476562E-3
4.929583333E-1,2.929687500E-3
4.929791667E-1,2.105712891E-3
4.930000000E-1,1.251220703E-3
4.930208333E-1,7.324218750E-4
4.930416667E-1,6.103515625E-5
4.930625000E-1,1.129150391E-3
4.930833333E-1,1.342773438E-3
4.931041667E-1,2.502441406E-3
4.931250000E-1,3.448486328E-3
4.931458333E-1,3.265380859E-3
4.931666667E-1,2.868652344E-3
4.931875000E-1,2.807617188E-3
4.932083333E-1,2.044677734E-3
4.932291667E-1,2.624511719E-3
4.932500000E-1,3.112792969E-3
4.932708333E-1,2.349853516E-3
4.932916667E-1,2.227783203E-3
4.933125000E-1,1.556396484E-3
4.933333333E-1,1.403808594E-3
4.933541667E-1,1.739501953E-3
4.933750000E-1,2.166748047E-3
4.933958333E-1,2.014160156E-3
4.934166667E-1,2.227783203E-3
4.934375000E-1,2.410888672E-3
4.934583333E-1,1.434326172E-3
4.934791667E-1,1.220703125E-3
4.935000000E-1,9.155273438E-4
4.935208333E-1,-3.662109375E-4
4.935416667E-1,-3.051757812E-5
4.935625000E-1,-2.746582031E-4
4.935833333E-1,4.882812500E-4
4.936041667E-1,9.155273438E-5
4.936250000E-1,3.051757812E-5
4.936458333E-1,5.493164062E-4
4.936666667E-1,-6.103515625E-5
4.936875000E-1,3.051757812E-4
4.937083333E-1,3.051757812E-5
4.937291667E-1,9.460449219E-4
4.937500000E-1,1.800537109E-3
4.937708333E-1,1.342773438E-3
4.937916667E-1,1.586914062E-3
4.938125000E-1,1.342773438E-3
4.938333333E-1,1.922607422E-3
4.938541667E-1,2.227783203E-3
4.938750000E-1,2.075195312E-3
4.938958333E-1,2.044677734E-3
4.939166667E-1,7.019042969E-4
4.939375000E-1,3.356933594E-4
4.939583333E-1,-1.220703125E-3
4.939791667E-1,-1.251220703E-3
4.940000000E-1,-7.019042969E-4
4.940208333E-1,-1.190185547E-3
4.940416667E-1,-8.544921875E-4
4.940625000E-1,-1.068115234E-3
4.940833333E-1,-3.967285156E-4
4.941041667E-1,-3.356933594E-4
4.941250000E-1,-4.882812500E-4
4.941458333E-1,-1.953125000E-3
4.941666667E-1,-2.380371094E-3
4.941875000E-1,-2.349853516E-3
4.942083333E-1,-2.563476562E-3
4.942291667E-1,-7.934570312E-4
4.942500000E-1,-1.190185547E-3
4.942708333E-1,6.408691406E-4
4.942916667E-1,9.155273438E-4
4.943125000E-1,1.770019531E-3
4.943333333E-1,2.532958984E-3
4.943541667E-1,1.647949219E-3
4.943750000E-1,1.800537109E-3
4.943958333E-1,1.129150391E-3
4.944166667E-1,1.251220703E-3
4.944375000E-1,1.434326172E-3
4.944583333E-1,1.617431641E-3
4.944791667E-1,2.258300781E-3
4.945000000E-1,2.075195312E-3
4.945208333E-1,1.983642578E-3
4.945416667E-1,2.044677734E-3
4.945625000E-1,7.629394531E-4
4.945833333E-1,1.525878906E-4
4.946041667E-1,4.272460938E-4
4.946250000E-1,0.000000000E0
4.946458333E-1,1.831054688E-4
4.946666667E-1,9.155273438E-5
4.946875000E-1,8.850097656E-4
4.947083333E-1,1.098632812E-3
4.947291667E-1,1.495361328E-3
4.947500000E-1,1.800537109E-3
4.947708333E-1,1.159667969E-3
4.947916667E-1,4.272460938E-4
4.948125000E-1,-6.408691406E-4
4.948333333E-1,-8.239746094E-4
4.948541667E-1,-2.288818359E-3
4.948750000E-1,-2.807617188E-3
4.948958333E-1,-2.502441406E-3
4.949166667E-1,-2.777099609E-3
4.949375000E-1,-1.953125000E-3
4.949583333E-1,-1.251220703E-3
4.949791667E-1,-4.577636719E-4
4.950000000E-1,-4.577636719E-4
4.950208333E-1,-3.051757812E-4
4.950416667E-1,-9.155273438E-4
4.950625000E-1,-1.678466797E-3
4.950833333E-1,-2.624511719E-3
4.951041667E-1,-2.593994141E-3
4.951250000E-1,-2.075195312E-3
4.951458333E-1,-1.434326172E-3
4.951666667E-1,-6.103515625E-4
4.951875000E-1,-5.187988281E-4
4.952083333E-1,-4.882812500E-4
4.952291667E-1,-1.007080078E-3
4.952500000E-1,-9.765625000E-4
4.952708333E-1,-6.103515625E-4
4.952916667E-1,-9.765625000E-4
4.953125000E-1,-1.251220703E-3
4.953333333E-1,-9.765625000E-4
4.953541667E-1,-2.746582031E-4
4.953750000E-1,1.525878906E-4
4.953958333E-1,1.831054688E-4
4.954166667E-1,8.239746094E-4
4.954375000E-1,-1.831054688E-4
4.954583333E-1,-3.051757812E-5
4.954791667E-1,-1.525878906E-4
4.955000000E-1,-1.525878906E-4
4.955208333E-1,1.007080078E-3
4.955416667E-1,7.324218750E-4
4.955625000E-1,1.770019531E-3
4.955833333E-1,2.349853516E-3
4.956041667E-1,3.204345703E-3
4.956250000E-1,3.204345703E-3
4.956458333E-1,1.770019531E-3
4.956666667E-1,1.373291016E-3
4.956875000E-1,6.713867188E-4
4.957083333E-1,-1.525878906E-4
4.957291667E-1,2.441406250E-4
4.957500000E-1,3.356933594E-4
4.957708333E-1,1.312255859E-3
4.957916667E-1,1.495361328E-3
4.958125000E-1,3.051757812E-4
4.958333333E-1,2.441406250E-4
4.958541667E-1,6.103515625E-5
4.958750000E-1,3.356933594E-4
4.958958333E-1,-9.155273438E-5
4.959166667E-1,9.155273438E-5
4.959375000E-1,8.544921875E-4
4.959583333E-1,8.850097656E-4
4.959791667E-1,1.129150391E-3
4.960000000E-1,1.159667969E-3
4.960208333E-1,6.103515625E-4
4.960416667E-1,1.831054688E-4
4.960625000E-1,-5.493164062E-4
4.960833333E-1,-1.251220703E-3
4.961041667E-1,-1.251220703E-3
4.961250000E-1,-8.544921875E-4
4.961458333E-1,-1.525878906E-3
4.961666667E-1,-2.349853516E-3
4.961875000E-1,-2.044677734E-3
4.962083333E-1,-1.922607422E-3
4.962291667E-1,-2.044677734E-3
4.962500000E-1,-1.983642578E-3
4.962708333E-1,-2.716064453E-3
4.962916667E-1,-2.258300781E-3
4.963125000E-1,-2.044677734E-3
4.963333333E-1,-2.105712891E-3
4.963541667E-1,-1.892089844E-3
4.963750000E-1,-1.434326172E-3
4.963958333E-1,-1.220703125E-3
4.964166667E-1,-2.349853516E-3
4.964375000E-1,-2.288818359E-3
4.964583333E-1,-2.624511719E-3
4.964791667E-1,-2.838134766E-3
4.965000000E-1,-2.502441406E-3
4.965208333E-1,-2.197265625E-3
4.965416667E-1,-1.373291016E-3
4.965625000E-1,-1.373291016E-3
4.965833333E-1,-1.037597656E-3
4.966041667E-1,-9.460449219E-4
4.966250000E-1,-7.629394531E-4
4.966458333E-1,-1.831054688E-4
4.966666667E-1,3.051757812E-5
4.966875000E-1,8.544921875E-4
4.967083333E-1,8.544921875E-4
4.967291667E-1,1.556396484E-3
4.967500000E-1,8.544921875E-4
4.967708333E-1,4.272460938E-4
4.967916667E-1,1.831054688E-4
4.968125000E-1,-4.272460938E-4
4.968333333E-1,0.000000000E0
4.968541667E-1,-7.934570312E-4
4.968750000E-1,-1.220703125E-3
4.968958333E-1,-2.075195312E-3
4.969166667E-1,-1.708984375E-3
4.969375000E-1,-1.403808594E-3
4.969583333E-1,-1.770019531E-3
4.969791667E-1,-1.586914062E-3
4.970000000E-1,-1.739501953E-3
4.970208333E-1,-2.471923828E-3
4.970416667E-1,-2.685546875E-3
4.970625000E-1,-2.899169922E-3
4.970833333E-1,-2.899169922E-3
4.971041667E-1,-2.532958984E-3
4.971250000E-1,-2.532958984E-3
4.971458333E-1,-2.716064453E-3
4.971666667E-1,-3.631591797E-3
4.971875000E-1,-3.204345703E-3
4.972083333E-1,-3.479003906E-3
4.972291667E-1,-2.838134766E-3
4.972500000E-1,-1.617431641E-3
4.972708333E-1,-1.342773438E-3
4.972916667E-1,-6.103515625E-4
4.973125000E-1,9.155273438E-5
4.973333333E-1,-2.441406250E-4
4.973541667E-1,8.544921875E-4
4.973750000E-1,1.037597656E-3
4.973958333E-1,8.239746094E-4
4.974166667E-1,1.190185547E-3
4.974375000E-1,7.324218750E-4
4.974583333E-1,1.892089844E-3
4.974791667E-1,1.281738281E-3
4.975000000E-1,1.647949219E-3
4.975208333E-1,1.373291016E-3
4.975416667E-1,1.220703125E-3
4.975625000E-1,1.312255859E-3
4.975833333E-1,5.493164062E-4
4.976041667E-1,1.373291016E-3
4.976250000E-1,7.324218750E-4
4.976458333E-1,1.373291016E-3
4.976666667E-1,9.765625000E-4
4.976875000E-1,9.155273438E-4
4.977083333E-1,1.647949219E-3
4.977291667E-1,5.798339844E-4
4.977500000E-1,3.662109375E-4
4.977708333E-1,-2.441406250E-4
4.977916667E-1,-1.220703125E-3
4.978125000E-1,-7.019042969E-4
4.978333333E-1,-8.850097656E-4
4.978541667E-1,-2.136230469E-4
4.978750000E-1,6.103515625E-4
4.978958333E-1,1.403808594E-3
4.979166667E-1,2.258300781E-3
4.979375000E-1,2.532958984E-3
4.979583333E-1,2.655029297E-3
4.979791667E-1,2.807617188E-3
4.980000000E-1,2.563476562E-3
4.980208333E-1,2.227783203E-3
4.980416667E-1,2.838134766E-3
4.980625000E-1,1.953125000E-3
4.980833333E-1,2.410888672E-3
4.981041667E-1,2.319335938E-3
4.981250000E-1,1.953125000E-3
4.981458333E-1,2.685546875E-3
4.981666667E-1,1.922607422E-3
4.981875000E-1,2.044677734E-3
4.982083333E-1,1.586914062E-3
4.982291667E-1,2.014160156E-3
4.982500000E-1,2.166748047E-3
4.982708333E-1,2.227783203E-3
4.982916667E-1,1.739501953E-3
4.983125000E-1,1.434326172E-3
4.983333333E-1,1.312255859E-3
4.983541667E-1,7.629394531E-4
4.983750000E-1,7.934570312E-4
4.983958333E-1,4.577636719E-4
4.984166667E-1,3.967285156E-4
4.984375000E-1,9.155273438E-5
4.984583333E-1,2.136230469E-4
4.984791667E-1,2.441406250E-4
4.985000000E-1,-2.746582031E-4
4.985208333E-1,-1.220703125E-4
4.985416667E-1,-3.662109375E-4
4.985625000E-1,-4.272460938E-4
4.985833333E-1,-1.281738281E-3
4.986041667E-1,1.525878906E-4
4.986250000E-1,7.324218750E-4
4.986458333E-1,-9.155273438E-5
4.986666667E-1,3.051757812E-4
4.986875000E-1,-3.051757812E-4
4.987083333E-1,6.103515625E-5
4.987291667E-1,-2.441406250E-4
4.987500000E-1,-1.220703125E-4
4.987708333E-1,4.577636719E-4
4.987916667E-1,-2.441406250E-4
4.988125000E-1,3.051757812E-5
4.988333333E-1,-3.051757812E-5
4.988541667E-1,-7.934570312E-4
4.988750000E-1,-9.155273438E-5
4.988958333E-1,-9.460449219E-4
4.989166667E-1,-4.272460938E-4
4.989375000E-1,-3.051757812E-5
4.989583333E-1,-8.544921875E-4
4.989791667E-1,-3.051757812E-5
4.990000000E-1,-2.014160156E-3
4.990208333E-1,-1.129150391E-3
4.990416667E-1,-1.281738281E-3
4.990625000E-1,-1.861572266E-3
4.990833333E-1,1.220703125E-4
4.991041667E-1,-1.678466797E-3
4.991250000E-1,4.577636719E-4
4.991458333E-1,-4.882812500E-4
4.991666667E-1,-7.019042969E-4
4.991875000E-1,6.103515625E-4
4.992083333E-1,-1.037597656E-3
4.992291667E-1,4.577636719E-4
4.992500000E-1,-1.220703125E-3
4.992708333E-1,-9.155273438E-4
4.992916667E-1,-8.239746094E-4
4.993125000E-1,-7.934570312E-4
4.993333333E-1,1.434326172E-3
4.993541667E-1,3.051757812E-4
4.993750000E-1,1.617431641E-3
4.993958333E-1,9.765625000E-4
4.994166667E-1,9.155273438E-4
4.994375000E-1,1.007080078E-3
4.994583333E-1,4.882812500E-4
4.994791667E-1,2.105712891E-3
4.995000000E-1,1.983642578E-3
4.995208333E-1,2.410888672E-3
4.995416667E-1,2.471923828E-3
4.995625000E-1,1.373291016E-3
4.995833333E-1,1.586914062E-3
4.996041667E-1,8.850097656E-4
4.996250000E-1,8.544921875E-4
4.996458333E-1,9.765625000E-4
4.996666667E-1,7.629394531E-4
4.996875000E-1,6.408691406E-4
4.997083333E-1,1.464843750E-3
4.997291667E-1,2.349853516E-3
4.997500000E-1,2.044677734E-3
4.997708333E-1,1.464843750E-3
4.997916667E-1,1.068115234E-3
4.998125000E-1,1.098632812E-3
4.998333333E-1,4.882812500E-4
4.998541667E-1,-3.051757812E-5
4.998750000E-1,-5.493164062E-4
4.998958333E-1,-7.019042969E-4
4.999166667E-1,-5.493164062E-4
4.999375000E-1,-5.187988281E-4
4.999583333E-1,-6.713867188E-4
4.999791667E-1,-1.037597656E-3
5.000000000E-1,-9.460449219E-4
5.000208333E-1,-1.770019531E-3
5.000416667E-1,-2.258300781E-3
5.000625000E-1,-2.288818359E-3
5.000833333E-1,-2.471923828E-3
5.001041667E-1,-1.983642578E-3
5.001250000E-1,-1.586914062E-3
5.001458333E-1,-2.044677734E-3
5.001666667E-1,-1.892089844E-3
5.001875000E-1,-2.258300781E-3
5.002083333E-1,-2.380371094E-3
5.002291667E-1,-2.807617188E-3
5.002500000E-1,-2.227783203E-3
5.002708333E-1,-2.075195312E-3
5.002916667E-1,-2.532958984E-3
5.003125000E-1,-2.502441406E-3
5.003333333E-1,-2.532958984E-3
5.003541667E-1,-1.220703125E-3
5.003750000E-1,-8.544921875E-4
5.003958333E-1,-2.441406250E-4
5.004166667E-1,6.103515625E-5
5.004375000E-1,3.051757812E-5
5.004583333E-1,6.408691406E-4
5.004791667E-1,4.272460938E-4
5.005000000E-1,1.373291016E-3
5.005208333E-1,1.525878906E-3
5.005416667E-1,1.892089844E-3
5.005625000E-1,2.258300781E-3
5.005833333E-1,1.251220703E-3
5.006041667E-1,1.678466797E-3
5.006250000E-1,1.678466797E-3
5.006458333E-1,1.068115234E-3
5.006666667E-1,1.220703125E-3
5.006875000E-1,6.408691406E-4
5.007083333E-1,4.882812500E-4
5.007291667E-1,8.239746094E-4
5.007500000E-1,5.798339844E-4
5.007708333E-1,1.861572266E-3
5.007916667E-1,1.800537109E-3
5.008125000E-1,2.899169922E-3
5.008333333E-1,3.479003906E-3
5.008541667E-1,3.234863281E-3
5.008750000E-1,3.417968750E-3
5.008958333E-1,2.014160156E-3
5.009166667E-1,1.922607422E-3
5.009375000E-1,1.556396484E-3
5.009583333E-1,1.220703125E-3
5.009791667E-1,2.166748047E-3
5.010000000E-1,2.471923828E-3
5.010208333E-1,2.960205078E-3
5.010416667E-1,2.929687500E-3
5.010625000E-1,2.899169922E-3
5.010833333E-1,3.143310547E-3
5.011041667E-1,2.136230469E-3
5.011250000E-1,1.708984375E-3
5.011458333E-1,2.197265625E-3
5.011666667E-1,1.861572266E-3
5.011875000E-1,2.166748047E-3
5.012083333E-1,1.922607422E-3
5.012291667E-1,2.258300781E-3
5.012500000E-1,1.342773438E-3
5.012708333E-1,9.155273438E-4
5.012916667E-1,1.525878906E-4
5.013125000E-1,1.831054688E-4
5.013333333E-1,3.356933594E-4
5.013541667E-1,6.713867188E-4
5.013750000E-1,1.159667969E-3
5.013958333E-1,1.525878906E-4
5.014166667E-1,7.324218750E-4
5.014375000E-1,-3.051757812E-5
5.014583333E-1,-4.882812500E-4
5.014791667E-1,-9.460449219E-4
5.015000000E-1,-8.239746094E-4
5.015208333E-1,-4.272460938E-4
5.015416667E-1,-7.629394531E-4
5.015625000E-1,-1.220703125E-4
5.015833333E-1,-7.629394531E-4
5.016041667E-1,-9.155273438E-5
5.016250000E-1,-7.324218750E-4
5.016458333E-1,-6.408691406E-4
5.016666667E-1,-9.155273438E-5
5.016875000E-1,-2.441406250E-4
5.017083333E-1,9.460449219E-4
5.017291667E-1,-3.662109375E-4
5.017500000E-1,-3.051757812E-4
5.017708333E-1,-7.934570312E-4
5.017916667E-1,-8.850097656E-4
5.018125000E-1,-6.713867188E-4
5.018333333E-1,-1.708984375E-3
5.018541667E-1,-1.007080078E-3
5.018750000E-1,-1.617431641E-3
5.018958333E-1,-1.892089844E-3
5.019166667E-1,-1.831054688E-3
5.019375000E-1,-2.746582031E-3
5.019583333E-1,-2.746582031E-3
5.019791667E-1,-1.861572266E-3
5.020000000E-1,-1.007080078E-3
5.020208333E-1,6.408691406E-4
5.020416667E-1,1.190185547E-3
5.020625000E-1,1.373291016E-3
5.020833333E-1,1.281738281E-3
5.021041667E-1,7.324218750E-4
5.021250000E-1,2.136230469E-4
5.021458333E-1,2.136230469E-4
5.021666667E-1,3.051757812E-5
5.021875000E-1,1.525878906E-4
5.022083333E-1,4.272460938E-4
5.022291667E-1,-5.798339844E-4
5.022500000E-1,-1.831054688E-4
5.022708333E-1,-2.136230469E-4
5.022916667E-1,7.629394531E-4
5.023125000E-1,3.967285156E-4
5.023333333E-1,1.220703125E-4
5.023541667E-1,-7.019042969E-4
5.023750000E-1,-2.105712891E-3
5.023958333E-1,-1.617431641E-3
5.024166667E-1,-2.075195312E-3
5.024375000E-1,-1.098632812E-3
5.024583333E-1,0.000000000E0
5.024791667E-1,3.051757812E-5
5.025000000E-1,-6.103515625E-5
5.025208333E-1,-1.831054688E-4
5.025416667E-1,-1.831054688E-4
5.025625000E-1,-7.629394531E-4
5.025833333E-1,6.103515625E-5
5.026041667E-1,-4.882812500E-4
5.026250000E-1,-6.713867188E-4
5.026458333E-1,-4.882812500E-4
5.026666667E-1,-9.460449219E-4
5.026875000E-1,-4.272460938E-4
5.027083333E-1,3.967285156E-4
5.027291667E-1,9.460449219E-4
5.027500000E-1,6.103515625E-4
5.027708333E-1,4.272460938E-4
5.027916667E-1,1.220703125E-4
5.028125000E-1,-3.356933594E-4
5.028333333E-1,-6.713867188E-4
5.028541667E-1,-1.159667969E-3
5.028750000E-1,-1.800537109E-3
5.028958333E-1,-2.532958984E-3
5.029166667E-1,-2.258300781E-3
5.029375000E-1,-1.922607422E-3
5.029583333E-1,-1.190185547E-3
5.029791667E-1,-3.051757812E-4
5.030000000E-1,-3.662109375E-4
5.030208333E-1,-1.220703125E-4
5.030416667E-1,-1.220703125E-4
5.030625000E-1,-7.934570312E-4
5.030833333E-1,-7.324218750E-4
5.031041667E-1,-1.586914062E-3
5.031250000E-1,-1.525878906E-3
5.031458333E-1,-1.892089844E-3
5.031666667E-1,-2.136230469E-3
5.031875000E-1,-7.324218750E-4
5.032083333E-1,-1.251220703E-3
5.032291667E-1,-3.356933594E-4
5.032500000E-1,-1.525878906E-4
5.032708333E-1,-1.251220703E-3
5.032916667E-1,-1.434326172E-3
5.033125000E-1,-1.983642578E-3
5.033333333E-1,-1.495361328E-3
5.033541667E-1,-1.403808594E-3
5.033750000E-1,-7.629394531E-4
5.033958333E-1,-6.713867188E-4
5.034166667E-1,-7.934570312E-4
5.034375000E-1,-1.190185547E-3
5.034583333E-1,-1.373291016E-3
5.034791667E-1,-1.892089844E-3
5.035000000E-1,-1.525878906E-3
5.035208333E-1,-1.129150391E-3
5.035416667E-1,-1.220703125E-3
5.035625000E-1,6.103515625E-4
5.035833333E-1,-3.051757812E-5
5.036041667E-1,5.493164062E-4
5.036250000E-1,1.220703125E-4
5.036458333E-1,-4.577636719E-4
5.036666667E-1,-1.831054688E-4
5.036875000E-1,-1.403808594E-3
5.037083333E-1,-5.798339844E-4
5.037291667E-1,-1.220703125E-3
5.037500000E-1,-1.220703125E-4
5.037708333E-1,-7.324218750E-4
5.037916667E-1,-6.713867188E-4
5.038125000E-1,-3.967285156E-4
5.038333333E-1,2.441406250E-4
5.038541667E-1,7.934570312E-4
5.038750000E-1,4.272460938E-4
5.038958333E-1,1.098632812E-3
5.039166667E-1,2.136230469E-4
5.039375000E-1,1.068115234E-3
5.039583333E-1,1.251220703E-3
5.039791667E-1,6.103515625E-4
5.040000000E-1,6.103515625E-4
5.040208333E-1,-6.103515625E-5
5.040416667E-1,-3.967285156E-4
5.040625000E-1,-3.051757812E-4
5.040833333E-1,-6.103515625E-4
5.041041667E-1,-4.882812500E-4
5.041250000E-1,-9.460449219E-4
5.041458333E-1,-1.281738281E-3
5.041666667E-1,-1.831054688E-3
5.041875000E-1,-2.136230469E-3
5.042083333E-1,-2.014160156E-3
5.042291667E-1,-8.544921875E-4
5.042500000E-1,-3.967285156E-4
5.042708333E-1,2.746582031E-4
5.042916667E-1,6.408691406E-4
5.043125000E-1,-9.155273438E-5
5.043333333E-1,-9.155273438E-5
5.043541667E-1,-7.324218750E-4
5.043750000E-1,-3.356933594E-4
5.043958333E-1,-5.798339844E-4
5.044166667E-1,-4.577636719E-4
5.044375000E-1,-3.967285156E-4
5.044583333E-1,-1.525878906E-3
5.044791667E-1,-1.586914062E-3
5.045000000E-1,-1.708984375E-3
5.045208333E-1,-9.460449219E-4
5.045416667E-1,-6.103515625E-4
5.045625000E-1,-1.525878906E-4
5.045833333E-1,7.934570312E-4
5.046041667E-1,-3.662109375E-4
5.046250000E-1,3.356933594E-4
5.046458333E-1,9.155273438E-5
5.046666667E-1,-1.525878906E-4
5.046875000E-1,2.136230469E-4
5.047083333E-1,0.000000000E0
5.047291667E-1,1.007080078E-3
5.047500000E-1,-6.103515625E-5
5.047708333E-1,1.708984375E-3
5.047916667E-1,1.617431641E-3
5.048125000E-1,2.075195312E-3
5.048333333E-1,3.021240234E-3
5.048541667E-1,1.983642578E-3
5.048750000E-1,2.655029297E-3
5.048958333E-1,1.739501953E-3
5.049166667E-1,1.220703125E-3
5.049375000E-1,8.239746094E-4
5.049583333E-1,4.882812500E-4
5.049791667E-1,1.525878906E-4
5.050000000E-1,5.798339844E-4
5.050208333E-1,1.129150391E-3
5.050416667E-1,1.129150391E-3
5.050625000E-1,1.586914062E-3
5.050833333E-1,8.850097656E-4
5.051041667E-1,8.544921875E-4
5.051250000E-1,1.159667969E-3
5.051458333E-1,1.495361328E-3
5.051666667E-1,1.678466797E-3
5.051875000E-1,1.708984375E-3
5.052083333E-1,1.708984375E-3
5.052291667E-1,1.342773438E-3
5.052500000E-1,7.934570312E-4
5.052708333E-1,7.629394531E-4
5.052916667E-1,7.019042969E-4
5.053125000E-1,1.220703125E-3
5.053333333E-1,1.983642578E-3
5.053541667E-1,1.647949219E-3
5.053750000E-1,2.227783203E-3
5.053958333E-1,2.197265625E-3
5.054166667E-1,2.258300781E-3
5.054375000E-1,2.380371094E-3
5.054583333E-1,2.044677734E-3
5.054791667E-1,2.380371094E-3
5.055000000E-1,1.831054688E-3
5.055208333E-1,2.593994141E-3
5.055416667E-1,2.471923828E-3
5.055625000E-1,2.136230469E-3
5.055833333E-1,1.708984375E-3
5.056041667E-1,1.220703125E-3
5.056250000E-1,1.007080078E-3
5.056458333E-1,-3.051757812E-5
5.056666667E-1,-1.525878906E-4
5.056875000E-1,-7.629394531E-4
5.057083333E-1,3.051757812E-4
5.057291667E-1,-1.831054688E-4
5.057500000E-1,-9.155273438E-4
5.057708333E-1,-1.831054688E-4
5.057916667E-1,-3.051757812E-4
5.058125000E-1,1.098632812E-3
5.058333333E-1,9.765625000E-4
5.058541667E-1,1.037597656E-3
5.058750000E-1,1.678466797E-3
5.058958333E-1,1.434326172E-3
5.059166667E-1,2.136230469E-3
5.059375000E-1,1.586914062E-3
5.059583333E-1,2.014160156E-3
5.059791667E-1,1.495361328E-3
5.060000000E-1,1.922607422E-3
5.060208333E-1,2.777099609E-3
5.060416667E-1,1.892089844E-3
5.060625000E-1,1.770019531E-3
5.060833333E-1,1.464843750E-3
5.061041667E-1,1.464843750E-3
5.061250000E-1,1.403808594E-3
5.061458333E-1,2.136230469E-3
5.061666667E-1,1.892089844E-3
5.061875000E-1,1.647949219E-3
5.062083333E-1,9.460449219E-4
5.062291667E-1,1.220703125E-3
5.062500000E-1,8.850097656E-4
5.062708333E-1,3.051757812E-5
5.062916667E-1,4.272460938E-4
5.063125000E-1,2.136230469E-4
5.063333333E-1,1.647949219E-3
5.063541667E-1,7.324218750E-4
5.063750000E-1,1.434326172E-3
5.063958333E-1,1.068115234E-3
5.064166667E-1,1.525878906E-4
5.064375000E-1,7.019042969E-4
5.064583333E-1,-3.967285156E-4
5.064791667E-1,4.272460938E-4
5.065000000E-1,-3.662109375E-4
5.065208333E-1,-7.934570312E-4
5.065416667E-1,-4.882812500E-4
5.065625000E-1,-1.159667969E-3
5.065833333E-1,-1.098632812E-3
5.066041667E-1,1.220703125E-4
5.066250000E-1,-5.798339844E-4
5.066458333E-1,-8.544921875E-4
5.066666667E-1,-2.136230469E-4
5.066875000E-1,-1.556396484E-3
5.067083333E-1,-8.850097656E-4
5.067291667E-1,-1.678466797E-3
5.067500000E-1,-2.471923828E-3
5.067708333E-1,-2.655029297E-3
5.067916667E-1,-3.509521484E-3
5.068125000E-1,-2.502441406E-3
5.068333333E-1,-2.777099609E-3
5.068541667E-1,-2.593994141E-3
5.068750000E-1,-1.312255859E-3
5.068958333E-1,-2.166748047E-3
5.069166667E-1,-1.892089844E-3
5.069375000E-1,-2.807617188E-3
5.069583333E-1,-2.716064453E-3
5.069791667E-1,-2.685546875E-3
5.070000000E-1,-3.143310547E-3
5.070208333E-1,-2.532958984E-3
5.070416667E-1,-2.624511719E-3
5.070625000E-1,-2.044677734E-3
5.070833333E-1,-1.342773438E-3
5.071041667E-1,-5.798339844E-4
5.071250000E-1,-7.629394531E-4
5.071458333E-1,-8.239746094E-4
5.071666667E-1,-1.007080078E-3
5.071875000E-1,-1.037597656E-3
5.072083333E-1,-1.312255859E-3
5.072291667E-1,-2.044677734E-3
5.072500000E-1,-1.922607422E-3
5.072708333E-1,-2.166748047E-3
5.072916667E-1,-2.288818359E-3
5.073125000E-1,-1.770019531E-3
5.073333333E-1,-1.403808594E-3
5.073541667E-1,-1.251220703E-3
5.073750000E-1,-2.746582031E-4
5.073958333E-1,2.746582031E-4
5.074166667E-1,-1.831054688E-4
5.074375000E-1,-5.798339844E-4
5.074583333E-1,-7.629394531E-4
5.074791667E-1,-1.068115234E-3
5.075000000E-1,-6.408691406E-4
5.075208333E-1,-1.251220703E-3
5.075416667E-1,3.356933594E-4
5.075625000E-1,7.629394531E-4
5.075833333E-1,1.220703125E-4
5.076041667E-1,7.019042969E-4
5.076250000E-1,-5.798339844E-4
5.076458333E-1,-5.493164062E-4
5.076666667E-1,-3.356933594E-4
5.076875000E-1,1.220703125E-4
5.077083333E-1,2.136230469E-4
5.077291667E-1,-6.408691406E-4
5.077500000E-1,0.000000000E0
5.077708333E-1,-7.019042969E-4
5.077916667E-1,-6.713867188E-4
5.078125000E-1,-5.187988281E-4
5.078333333E-1,-4.882812500E-4
5.078541667E-1,3.967285156E-4
5.078750000E-1,3.051757812E-4
5.078958333E-1,4.272460938E-4
5.079166667E-1,5.187988281E-4
5.079375000E-1,-2.441406250E-4
5.079583333E-1,-2.746582031E-4
5.079791667E-1,-7.934570312E-4
5.080000000E-1,-6.103515625E-4
5.080208333E-1,-5.798339844E-4
5.080416667E-1,-7.019042969E-4
5.080625000E-1,-9.155273438E-4
5.080833333E-1,-1.037597656E-3
5.081041667E-1,-1.434326172E-3
5.081250000E-1,-1.678466797E-3
5.081458333E-1,-3.356933594E-4
5.081666667E-1,-4.272460938E-4
5.081875000E-1,1.525878906E-4
5.082083333E-1,8.850097656E-4
5.082291667E-1,1.586914062E-3
5.082500000E-1,1.281738281E-3
5.082708333E-1,9.765625000E-4
5.082916667E-1,1.708984375E-3
5.083125000E-1,1.342773438E-3
5.083333333E-1,1.495361328E-3
5.083541667E-1,9.765625000E-4
5.083750000E-1,1.281738281E-3
5.083958333E-1,1.953125000E-3
5.084166667E-1,1.495361328E-3
5.084375000E-1,1.922607422E-3
5.084583333E-1,1.403808594E-3
5.084791667E-1,1.220703125E-3
5.085000000E-1,8.544921875E-4
5.085208333E-1,-1.831054688E-4
5.085416667E-1,-1.220703125E-4
5.085625000E-1,-4.882812500E-4
5.085833333E-1,2.441406250E-4
5.086041667E-1,1.220703125E-4
5.086250000E-1,-9.155273438E-5
5.086458333E-1,3.662109375E-4
5.086666667E-1,-1.525878906E-4
5.086875000E-1,7.019042969E-4
5.087083333E-1,1.525878906E-4
5.087291667E-1,6.713867188E-4
5.087500000E-1,1.098632812E-3
5.087708333E-1,2.746582031E-4
5.087916667E-1,1.068115234E-3
5.088125000E-1,1.220703125E-3
5.088333333E-1,1.068115234E-3
5.088541667E-1,3.051757812E-4
5.088750000E-1,1.220703125E-4
5.088958333E-1,3.356933594E-4
5.089166667E-1,3.051757812E-5
5.089375000E-1,1.220703125E-4
5.089583333E-1,-3.051757812E-4
5.089791667E-1,-9.765625000E-4
5.090000000E-1,-7.629394531E-4
5.090208333E-1,-7.019042969E-4
5.090416667E-1,-5.493164062E-4
5.090625000E-1,3.967285156E-4
5.090833333E-1,9.765625000E-4
5.091041667E-1,6.713867188E-4
5.091250000E-1,-4.577636719E-4
5.091458333E-1,-1.342773438E-3
5.091666667E-1,-1.251220703E-3
5.091875000E-1,-1.464843750E-3
5.092083333E-1,-1.617431641E-3
5.092291667E-1,-1.953125000E-3
5.092500000E-1,-1.983642578E-3
5.092708333E-1,-1.861572266E-3
5.092916667E-1,-2.807617188E-3
5.093125000E-1,-2.655029297E-3
5.093333333E-1,-3.814697266E-3
5.093541667E-1,-4.577636719E-3
5.093750000E-1,-3.662109375E-3
5.093958333E-1,-3.356933594E-3
5.094166667E-1,-1.647949219E-3
5.094375000E-1,-1.495361328E-3
5.094583333E-1,-5.798339844E-4
5.094791667E-1,-1.220703125E-4
5.095000000E-1,-7.019042969E-4
5.095208333E-1,-3.662109375E-4
5.095416667E-1,-8.239746094E-4
5.095625000E-1,0.000000000E0
5.095833333E-1,9.765625000E-4
5.096041667E-1,6.103515625E-4
5.096250000E-1,1.403808594E-3
5.096458333E-1,2.746582031E-4
5.096666667E-1,1.037597656E-3
5.096875000E-1,1.220703125E-3
5.097083333E-1,9.765625000E-4
5.097291667E-1,1.556396484E-3
5.097500000E-1,1.281738281E-3
5.097708333E-1,1.708984375E-3
5.097916667E-1,7.324218750E-4
5.098125000E-1,1.037597656E-3
5.098333333E-1,1.159667969E-3
5.098541667E-1,5.493164062E-4
5.098750000E-1,1.098632812E-3
5.098958333E-1,9.155273438E-4
5.099166667E-1,1.495361328E-3
5.099375000E-1,1.464843750E-3
5.099583333E-1,1.220703125E-3
5.099791667E-1,2.227783203E-3
5.100000000E-1,1.617431641E-3
5.100208333E-1,2.197265625E-3
5.100416667E-1,1.342773438E-3
5.100625000E-1,1.281738281E-3
5.100833333E-1,1.953125000E-3
5.101041667E-1,1.007080078E-3
5.101250000E-1,7.934570312E-4
5.101458333E-1,4.272460938E-4
5.101666667E-1,8.544921875E-4
5.101875000E-1,1.434326172E-3
5.102083333E-1,1.434326172E-3
5.102291667E-1,1.708984375E-3
5.102500000E-1,1.647949219E-3
5.102708333E-1,1.098632812E-3
5.102916667E-1,7.019042969E-4
5.103125000E-1,7.629394531E-4
5.103333333E-1,1.007080078E-3
5.103541667E-1,7.324218750E-4
5.103750000E-1,-9.155273438E-5
5.103958333E-1,-8.850097656E-4
5.104166667E-1,-1.495361328E-3
5.104375000E-1,-2.014160156E-3
5.104583333E-1,-8.239746094E-4
5.104791667E-1,-9.155273438E-4
5.105000000E-1,-7.019042969E-4
5.105208333E-1,-1.098632812E-3
5.105416667E-1,-1.373291016E-3
5.105625000E-1,-1.647949219E-3
5.105833333E-1,-2.197265625E-3
5.106041667E-1,-1.495361328E-3
5.106250000E-1,-1.678466797E-3
5.106458333E-1,-1.678466797E-3
5.106666667E-1,-1.281738281E-3
5.106875000E-1,-1.739501953E-3
5.107083333E-1,-1.373291016E-3
5.107291667E-1,-2.075195312E-3
5.107500000E-1,-2.563476562E-3
5.107708333E-1,-2.044677734E-3
5.107916667E-1,-2.685546875E-3
5.108125000E-1,-2.319335938E-3
5.108333333E-1,-2.716064453E-3
5.108541667E-1,-3.051757812E-3
5.108750000E-1,-2.716064453E-3
5.108958333E-1,-3.631591797E-3
5.109166667E-1,-2.899169922E-3
5.109375000E-1,-3.540039062E-3
5.109583333E-1,-2.624511719E-3
5.109791667E-1,-1.525878906E-3
5.110000000E-1,-1.922607422E-3
5.110208333E-1,-5.798339844E-4
5.110416667E-1,-1.007080078E-3
5.110625000E-1,-8.850097656E-4
5.110833333E-1,-4.577636719E-4
5.111041667E-1,-3.356933594E-4
5.111250000E-1,3.967285156E-4
5.111458333E-1,3.356933594E-4
5.111666667E-1,4.272460938E-4
5.111875000E-1,6.408691406E-4
5.112083333E-1,6.713867188E-4
5.112291667E-1,1.251220703E-3
5.112500000E-1,1.617431641E-3
5.112708333E-1,6.103515625E-4
5.112916667E-1,7.629394531E-4
5.113125000E-1,6.103515625E-4
5.113333333E-1,4.272460938E-4
5.113541667E-1,3.662109375E-4
5.113750000E-1,9.155273438E-5
5.113958333E-1,1.434326172E-3
5.114166667E-1,1.586914062E-3
5.114375000E-1,1.953125000E-3
5.114583333E-1,2.441406250E-3
5.114791667E-1,1.983642578E-3
5.115000000E-1,1.342773438E-3
5.115208333E-1,9.155273438E-4
5.115416667E-1,1.678466797E-3
5.115625000E-1,9.460449219E-4
5.115833333E-1,1.495361328E-3
5.116041667E-1,7.019042969E-4
5.116250000E-1,7.934570312E-4
5.116458333E-1,9.765625000E-4
5.116666667E-1,1.190185547E-3
5.116875000E-1,2.624511719E-3
5.117083333E-1,1.708984375E-3
5.117291667E-1,2.380371094E-3
5.117500000E-1,1.617431641E-3
5.117708333E-1,1.037597656E-3
5.117916667E-1,1.525878906E-3
5.118125000E-1,9.155273438E-4
5.118333333E-1,1.953125000E-3
5.118541667E-1,2.349853516E-3
5.118750000E-1,2.166748047E-3
5.118958333E-1,2.380371094E-3
5.119166667E-1,1.953125000E-3
5.119375000E-1,1.098632812E-3
5.119583333E-1,6.408691406E-4
5.119791667E-1,7.019042969E-4
5.120000000E-1,0.000000000E0
5.120208333E-1,3.967285156E-4
5.120416667E-1,6.103515625E-5
5.120625000E-1,-5.187988281E-4
5.120833333E-1,-2.136230469E-4
5.121041667E-1,-5.798339844E-4
5.121250000E-1,3.356933594E-4
5.121458333E-1,3.662109375E-4
5.121666667E-1,1.525878906E-4
5.121875000E-1,-1.220703125E-4
5.122083333E-1,-4.272460938E-4
5.122291667E-1,1.220703125E-4
5.122500000E-1,9.155273438E-4
5.122708333E-1,1.800537109E-3
5.122916667E-1,1.770019531E-3
5.123125000E-1,2.075195312E-3
5.123333333E-1,1.647949219E-3
5.123541667E-1,6.408691406E-4
5.123750000E-1,-2.746582031E-4
5.123958333E-1,-3.356933594E-4
5.124166667E-1,-2.441406250E-4
5.124375000E-1,-3.967285156E-4
5.124583333E-1,9.765625000E-4
5.124791667E-1,8.544921875E-4
5.125000000E-1,1.251220703E-3
5.125208333E-1,1.770019531E-3
5.125416667E-1,1.281738281E-3
5.125625000E-1,1.556396484E-3
5.125833333E-1,1.678466797E-3
5.126041667E-1,2.410888672E-3
5.126250000E-1,3.967285156E-3
5.126458333E-1,3.570556641E-3
5.126666667E-1,3.601074219E-3
5.126875000E-1,3.875732422E-3
5.127083333E-1,2.838134766E-3
5.127291667E-1,2.685546875E-3
5.127500000E-1,2.227783203E-3
5.127708333E-1,2.258300781E-3
5.127916667E-1,1.861572266E-3
5.128125000E-1,1.251220703E-3
5.128333333E-1,1.281738281E-3
5.128541667E-1,1.281738281E-3
5.128750000E-1,1.647949219E-3
5.128958333E-1,1.281738281E-3
5.129166667E-1,8.850097656E-4
5.129375000E-1,3.662109375E-4
5.129583333E-1,-1.831054688E-4
5.129791667E-1,0.000000000E0
5.130000000E-1,-5.187988281E-4
5.130208333E-1,-3.662109375E-4
5.130416667E-1,0.000000000E0
5.130625000E-1,-4.577636719E-4
5.130833333E-1,-1.220703125E-4
5.131041667E-1,-9.460449219E-4
5.131250000E-1,-5.798339844E-4
5.131458333E-1,-1.251220703E-3
5.131666667E-1,-1.434326172E-3
5.131875000E-1,-1.892089844E-3
5.132083333E-1,-2.746582031E-3
5.132291667E-1,-1.342773438E-3
5.132500000E-1,-1.861572266E-3
5.132708333E-1,-1.068115234E-3
5.132916667E-1,-8.850097656E-4
5.133125000E-1,-1.525878906E-4
5.133333333E-1,-2.136230469E-4
5.133541667E-1,-3.356933594E-4
5.133750000E-1,-7.629394531E-4
5.133958333E-1,-2.105712891E-3
5.134166667E-1,-1.525878906E-3
5.134375000E-1,-2.471923828E-3
5.134583333E-1,-1.251220703E-3
5.134791667E-1,-1.708984375E-3
5.135000000E-1,-1.586914062E-3
5.135208333E-1,-1.495361328E-3
5.135416667E-1,-2.960205078E-3
5.135625000E-1,-2.319335938E-3
5.135833333E-1,-3.692626953E-3
5.136041667E-1,-2.593994141E-3
5.136250000E-1,-2.166748047E-3
5.136458333E-1,-2.807617188E-3
5.136666667E-1,-2.075195312E-3
5.136875000E-1,-2.288818359E-3
5.137083333E-1,-2.807617188E-3
5.137291667E-1,-3.173828125E-3
5.137500000E-1,-3.143310547E-3
5.137708333E-1,-2.502441406E-3
5.137916667E-1,-1.495361328E-3
5.138125000E-1,-1.068115234E-3
5.138333333E-1,-2.746582031E-4
5.138541667E-1,-8.850097656E-4
5.138750000E-1,-8.850097656E-4
5.138958333E-1,-1.525878906E-4
5.139166667E-1,-6.103515625E-4
5.139375000E-1,6.408691406E-4
5.139583333E-1,4.272460938E-4
5.139791667E-1,1.831054688E-4
5.140000000E-1,3.356933594E-4
5.140208333E-1,-9.155273438E-5
5.140416667E-1,4.882812500E-4
5.140625000E-1,6.408691406E-4
5.140833333E-1,1.007080078E-3
5.141041667E-1,9.155273438E-5
5.141250000E-1,-2.746582031E-4
5.141458333E-1,-3.051757812E-4
5.141666667E-1,-5.493164062E-4
5.141875000E-1,-1.037597656E-3
5.142083333E-1,-1.373291016E-3
5.142291667E-1,-1.312255859E-3
5.142500000E-1,-1.861572266E-3
5.142708333E-1,-2.349853516E-3
5.142916667E-1,-1.708984375E-3
5.143125000E-1,-1.495361328E-3
5.143333333E-1,-9.765625000E-4
5.143541667E-1,-6.103515625E-5
5.143750000E-1,7.019042969E-4
5.143958333E-1,9.460449219E-4
5.144166667E-1,1.464843750E-3
5.144375000E-1,1.739501953E-3
5.144583333E-1,1.495361328E-3
5.144791667E-1,1.495361328E-3
5.145000000E-1,1.312255859E-3
5.145208333E-1,1.586914062E-3
5.145416667E-1,1.556396484E-3
5.145625000E-1,1.831054688E-3
5.145833333E-1,2.136230469E-3
5.146041667E-1,1.708984375E-3
5.146250000E-1,1.708984375E-3
5.146458333E-1,4.272460938E-4
5.146666667E-1,-6.713867188E-4
5.146875000E-1,-9.460449219E-4
5.147083333E-1,-1.464843750E-3
5.147291667E-1,-1.617431641E-3
5.147500000E-1,-1.770019531E-3
5.147708333E-1,-1.953125000E-3
5.147916667E-1,-9.155273438E-4
5.148125000E-1,-1.220703125E-3
5.148333333E-1,-8.239746094E-4
5.148541667E-1,-8.850097656E-4
5.148750000E-1,-5.493164062E-4
5.148958333E-1,-1.220703125E-3
5.149166667E-1,-2.014160156E-3
5.149375000E-1,-1.647949219E-3
5.149583333E-1,-2.441406250E-3
5.149791667E-1,-1.708984375E-3
5.150000000E-1,-2.105712891E-3
5.150208333E-1,-1.647949219E-3
5.150416667E-1,2.136230469E-4
5.150625000E-1,-6.103515625E-5
5.150833333E-1,9.460449219E-4
5.151041667E-1,1.525878906E-4
5.151250000E-1,6.103515625E-5
5.151458333E-1,-2.136230469E-4
5.151666667E-1,-4.882812500E-4
5.151875000E-1,-1.831054688E-4
5.152083333E-1,2.746582031E-4
5.152291667E-1,9.765625000E-4
5.152500000E-1,1.007080078E-3
5.152708333E-1,1.251220703E-3
5.152916667E-1,1.281738281E-3
5.153125000E-1,7.019042969E-4
5.153333333E-1,-4.577636719E-4
5.153541667E-1,3.356933594E-4
5.153750000E-1,-3.051757812E-4
5.153958333E-1,-7.019042969E-4
5.154166667E-1,1.525878906E-4
5.154375000E-1,-5.798339844E-4
5.154583333E-1,-1.098632812E-3
5.154791667E-1,-1.525878906E-3
5.155000000E-1,-2.563476562E-3
5.155208333E-1,-1.892089844E-3
5.155416667E-1,-2.777099609E-3
5.155625000E-1,-2.136230469E-3
5.155833333E-1,-1.678466797E-3
5.156041667E-1,-1.861572266E-3
5.156250000E-1,-1.098632812E-3
5.156458333E-1,-3.967285156E-4
5.156666667E-1,-1.220703125E-4
5.156875000E-1,3.662109375E-4
5.157083333E-1,5.493164062E-4
5.157291667E-1,9.765625000E-4
5.157500000E-1,1.556396484E-3
5.157708333E-1,1.220703125E-3
5.157916667E-1,1.586914062E-3
5.158125000E-1,1.434326172E-3
5.158333333E-1,1.800537109E-3
5.158541667E-1,1.098632812E-3
5.158750000E-1,8.850097656E-4
5.158958333E-1,7.934570312E-4
5.159166667E-1,6.713867188E-4
5.159375000E-1,8.850097656E-4
5.159583333E-1,-3.662109375E-4
5.159791667E-1,5.798339844E-4
5.160000000E-1,4.882812500E-4
5.160208333E-1,-9.155273438E-5
5.160416667E-1,5.798339844E-4
5.160625000E-1,6.713867188E-4
5.160833333E-1,1.525878906E-4
5.161041667E-1,2.746582031E-4
5.161250000E-1,3.051757812E-5
5.161458333E-1,1.220703125E-4
5.161666667E-1,-5.798339844E-4
5.161875000E-1,-3.967285156E-4
5.162083333E-1,0.000000000E0
5.162291667E-1,3.356933594E-4
5.162500000E-1,9.155273438E-4
5.162708333E-1,7.324218750E-4
5.162916667E-1,1.251220703E-3
5.163125000E-1,1.342773438E-3
5.163333333E-1,1.159667969E-3
5.163541667E-1,1.098632812E-3
5.163750000E-1,1.251220703E-3
5.163958333E-1,1.098632812E-3
5.164166667E-1,1.800537109E-3
5.164375000E-1,2.014160156E-3
5.164583333E-1,2.166748047E-3
5.164791667E-1,2.380371094E-3
5.165000000E-1,1.495361328E-3
5.165208333E-1,1.800537109E-3
5.165416667E-1,5.187988281E-4
5.165625000E-1,3.051757812E-4
5.165833333E-1,-1.831054688E-4
5.166041667E-1,-1.342773438E-3
5.166250000E-1,-3.051757812E-4
5.166458333E-1,-1.647949219E-3
5.166666667E-1,-1.098632812E-3
5.166875000E-1,-6.408691406E-4
5.167083333E-1,-7.019042969E-4
5.167291667E-1,-8.239746094E-4
5.167500000E-1,-1.098632812E-3
5.167708333E-1,-7.934570312E-4
5.167916667E-1,-8.239746094E-4
5.168125000E-1,3.051757812E-5
5.168333333E-1,0.000000000E0
5.168541667E-1,3.051757812E-4
5.168750000E-1,1.068115234E-3
5.168958333E-1,1.525878906E-3
5.169166667E-1,7.019042969E-4
5.169375000E-1,3.051757812E-4
5.169583333E-1,8.850097656E-4
5.169791667E-1,5.798339844E-4
5.170000000E-1,1.220703125E-4
5.170208333E-1,5.798339844E-4
5.170416667E-1,4.882812500E-4
5.170625000E-1,-1.220703125E-4
5.170833333E-1,5.187988281E-4
5.171041667E-1,-1.831054688E-4
5.171250000E-1,-6.713867188E-4
5.171458333E-1,-1.831054688E-4
5.171666667E-1,-8.544921875E-4
5.171875000E-1,-6.103515625E-4
5.172083333E-1,-1.007080078E-3
5.172291667E-1,-6.713867188E-4
5.172500000E-1,-1.220703125E-4
5.172708333E-1,5.493164062E-4
5.172916667E-1,1.861572266E-3
5.173125000E-1,2.136230469E-3
5.173333333E-1,2.807617188E-3
5.173541667E-1,2.502441406E-3
5.173750000E-1,1.739501953E-3
5.173958333E-1,1.556396484E-3
5.174166667E-1,1.068115234E-3
5.174375000E-1,7.019042969E-4
5.174583333E-1,7.629394531E-4
5.174791667E-1,7.934570312E-4
5.175000000E-1,3.967285156E-4
5.175208333E-1,3.967285156E-4
5.175416667E-1,5.187988281E-4
5.175625000E-1,-3.051757812E-4
5.175833333E-1,-9.155273438E-5
5.176041667E-1,1.831054688E-4
5.176250000E-1,-9.155273438E-5
5.176458333E-1,3.967285156E-4
5.176666667E-1,3.356933594E-4
5.176875000E-1,1.098632812E-3
5.177083333E-1,8.850097656E-4
5.177291667E-1,3.356933594E-4
5.177500000E-1,1.342773438E-3
5.177708333E-1,1.586914062E-3
5.177916667E-1,2.044677734E-3
5.178125000E-1,1.953125000E-3
5.178333333E-1,1.281738281E-3
5.178541667E-1,8.544921875E-4
5.178750000E-1,-6.713867188E-4
5.178958333E-1,-3.662109375E-4
5.179166667E-1,-4.882812500E-4
5.179375000E-1,-3.662109375E-4
5.179583333E-1,4.882812500E-4
5.179791667E-1,-1.220703125E-4
5.180000000E-1,0.000000000E0
5.180208333E-1,3.051757812E-5
5.180416667E-1,3.356933594E-4
5.180625000E-1,4.882812500E-4
5.180833333E-1,2.441406250E-4
5.181041667E-1,9.155273438E-4
5.181250000E-1,4.272460938E-4
5.181458333E-1,4.882812500E-4
5.181666667E-1,-9.155273438E-5
5.181875000E-1,-9.460449219E-4
5.182083333E-1,-1.617431641E-3
5.182291667E-1,-1.831054688E-3
5.182500000E-1,-1.922607422E-3
5.182708333E-1,-2.258300781E-3
5.182916667E-1,-2.075195312E-3
5.183125000E-1,-2.166748047E-3
5.183333333E-1,-2.075195312E-3
5.183541667E-1,-2.014160156E-3
5.183750000E-1,-2.380371094E-3
5.183958333E-1,-1.953125000E-3
5.184166667E-1,-1.403808594E-3
5.184375000E-1,-6.713867188E-4
5.184583333E-1,5.493164062E-4
5.184791667E-1,4.272460938E-4
5.185000000E-1,9.460449219E-4
5.185208333E-1,4.577636719E-4
5.185416667E-1,-2.441406250E-4
5.185625000E-1,-1.220703125E-4
5.185833333E-1,-8.850097656E-4
5.186041667E-1,-1.403808594E-3
5.186250000E-1,-1.068115234E-3
5.186458333E-1,-1.922607422E-3
5.186666667E-1,-1.556396484E-3
5.186875000E-1,-1.190185547E-3
5.187083333E-1,-6.103515625E-4
5.187291667E-1,1.220703125E-4
5.187500000E-1,-3.967285156E-4
5.187708333E-1,1.831054688E-4
5.187916667E-1,4.272460938E-4
5.188125000E-1,-1.220703125E-4
5.188333333E-1,1.525878906E-4
5.188541667E-1,-1.525878906E-4
5.188750000E-1,-5.187988281E-4
5.188958333E-1,-1.220703125E-4
5.189166667E-1,9.155273438E-5
5.189375000E-1,2.136230469E-4
5.189583333E-1,2.136230469E-4
5.189791667E-1,-9.155273438E-5
5.190000000E-1,-5.187988281E-4
5.190208333E-1,-1.037597656E-3
5.190416667E-1,-1.495361328E-3
5.190625000E-1,-1.739501953E-3
5.190833333E-1,-1.617431641E-3
5.191041667E-1,-1.098632812E-3
5.191250000E-1,-1.556396484E-3
5.191458333E-1,-1.770019531E-3
5.191666667E-1,-9.155273438E-4
5.191875000E-1,-1.464843750E-3
5.192083333E-1,-9.155273438E-4
5.192291667E-1,-2.441406250E-4
5.192500000E-1,-4.882812500E-4
5.192708333E-1,-2.441406250E-4
5.192916667E-1,-6.408691406E-4
5.193125000E-1,-3.051757812E-4
5.193333333E-1,-1.129150391E-3
5.193541667E-1,-1.312255859E-3
5.193750000E-1,-5.493164062E-4
5.193958333E-1,-7.629394531E-4
5.194166667E-1,-4.882812500E-4
5.194375000E-1,-7.324218750E-4
5.194583333E-1,-3.051757812E-4
5.194791667E-1,-8.239746094E-4
5.195000000E-1,-1.434326172E-3
5.195208333E-1,-1.007080078E-3
5.195416667E-1,-1.098632812E-3
5.195625000E-1,-6.103515625E-4
5.195833333E-1,-3.967285156E-4
5.196041667E-1,2.746582031E-4
5.196250000E-1,3.051757812E-5
5.196458333E-1,-1.220703125E-4
5.196666667E-1,7.019042969E-4
5.196875000E-1,5.798339844E-4
5.197083333E-1,-3.051757812E-5
5.197291667E-1,4.577636719E-4
5.197500000E-1,-3.967285156E-4
5.197708333E-1,-3.967285156E-4
5.197916667E-1,-2.136230469E-4
5.198125000E-1,0.000000000E0
5.198333333E-1,1.831054688E-4
5.198541667E-1,6.103515625E-5
5.198750000E-1,5.187988281E-4
5.198958333E-1,1.861572266E-3
5.199166667E-1,1.190185547E-3
5.199375000E-1,1.464843750E-3
5.199583333E-1,1.434326172E-3
5.199791667E-1,8.239746094E-4
5.200000000E-1,1.922607422E-3
5.200208333E-1,1.037597656E-3
5.200416667E-1,2.136230469E-3
5.200625000E-1,2.105712891E-3
5.200833333E-1,1.861572266E-3
5.201041667E-1,1.495361328E-3
5.201250000E-1,9.460449219E-4
5.201458333E-1,1.037597656E-3
5.201666667E-1,3.356933594E-4
5.201875000E-1,1.342773438E-3
5.202083333E-1,7.019042969E-4
5.202291667E-1,5.798339844E-4
5.202500000E-1,2.746582031E-4
5.202708333E-1,1.525878906E-4
5.202916667E-1,3.051757812E-5
5.203125000E-1,-1.831054688E-4
5.203333333E-1,3.967285156E-4
5.203541667E-1,1.190185547E-3
5.203750000E-1,7.934570312E-4
5.203958333E-1,1.434326172E-3
5.204166667E-1,1.495361328E-3
5.204375000E-1,6.713867188E-4
5.204583333E-1,1.312255859E-3
5.204791667E-1,5.798339844E-4
5.205000000E-1,1.312255859E-3
5.205208333E-1,1.586914062E-3
5.205416667E-1,2.105712891E-3
5.205625000E-1,2.044677734E-3
5.205833333E-1,1.495361328E-3
5.206041667E-1,4.577636719E-4
5.206250000E-1,-8.239746094E-4
5.206458333E-1,-3.967285156E-4
5.206666667E-1,-1.403808594E-3
5.206875000E-1,-3.662109375E-4
5.207083333E-1,-1.770019531E-3
5.207291667E-1,-1.831054688E-3
5.207500000E-1,-8.544921875E-4
5.207708333E-1,-1.403808594E-3
5.207916667E-1,-3.051757812E-5
5.208125000E-1,-7.934570312E-4
5.208333333E-1,3.662109375E-4
5.208541667E-1,-2.136230469E-4
5.208750000E-1,-6.408691406E-4
5.208958333E-1,-5.493164062E-4
5.209166667E-1,-1.220703125E-3
5.209375000E-1,-9.765625000E-4
5.209583333E-1,-2.441406250E-3
5.209791667E-1,-2.014160156E-3
5.210000000E-1,-1.525878906E-3
5.210208333E-1,-1.800537109E-3
5.210416667E-1,-8.239746094E-4
5.210625000E-1,-9.460449219E-4
5.210833333E-1,-1.129150391E-3
5.211041667E-1,-5.187988281E-4
5.211250000E-1,-4.882812500E-4
5.211458333E-1,-6.408691406E-4
5.211666667E-1,-6.408691406E-4
5.211875000E-1,-7.324218750E-4
5.212083333E-1,-1.129150391E-3
5.212291667E-1,-1.434326172E-3
5.212500000E-1,-1.342773438E-3
5.212708333E-1,-1.708984375E-3
5.212916667E-1,-7.934570312E-4
5.213125000E-1,-1.281738281E-3
5.213333333E-1,-8.239746094E-4
5.213541667E-1,1.220703125E-4
5.213750000E-1,-9.155273438E-5
5.213958333E-1,1.403808594E-3
5.214166667E-1,1.251220703E-3
5.214375000E-1,1.983642578E-3
5.214583333E-1,1.586914062E-3
5.214791667E-1,9.765625000E-4
5.215000000E-1,1.251220703E-3
5.215208333E-1,6.103515625E-5
5.215416667E-1,3.967285156E-4
5.215625000E-1,-1.220703125E-4
5.215833333E-1,-2.441406250E-4
5.216041667E-1,-4.577636719E-4
5.216250000E-1,1.831054688E-4
5.216458333E-1,1.220703125E-4
5.216666667E-1,-1.525878906E-4
5.216875000E-1,0.000000000E0
5.217083333E-1,-2.136230469E-4
5.217291667E-1,7.019042969E-4
5.217500000E-1,-2.136230469E-4
5.217708333E-1,-3.356933594E-4
5.217916667E-1,-5.798339844E-4
5.218125000E-1,-7.324218750E-4
5.218333333E-1,-1.525878906E-4
5.218541667E-1,-5.798339844E-4
5.218750000E-1,3.051757812E-5
5.218958333E-1,-8.239746094E-4
5.219166667E-1,-7.629394531E-4
5.219375000E-1,-2.441406250E-4
5.219583333E-1,-1.129150391E-3
5.219791667E-1,-6.408691406E-4
5.220000000E-1,-2.166748047E-3
5.220208333E-1,-3.051757812E-3
5.220416667E-1,-3.479003906E-3
5.220625000E-1,-4.638671875E-3
5.220833333E-1,-3.326416016E-3
5.221041667E-1,-2.288818359E-3
5.221250000E-1,-2.044677734E-3
5.221458333E-1,-9.460449219E-4
5.221666667E-1,-1.373291016E-3
5.221875000E-1,-1.434326172E-3
5.222083333E-1,-1.739501953E-3
5.222291667E-1,-2.227783203E-3
5.222500000E-1,-1.556396484E-3
5.222708333E-1,-1.831054688E-3
5.222916667E-1,-1.068115234E-3
5.223125000E-1,-1.373291016E-3
5.223333333E-1,-9.155273438E-4
5.223541667E-1,-5.187988281E-4
5.223750000E-1,-6.713867188E-4
5.223958333E-1,-1.098632812E-3
5.224166667E-1,-1.708984375E-3
5.224375000E-1,-1.556396484E-3
5.224583333E-1,-1.678466797E-3
5.224791667E-1,-1.098632812E-3
5.225000000E-1,-4.882812500E-4
5.225208333E-1,-9.155273438E-5
5.225416667E-1,9.155273438E-5
5.225625000E-1,3.662109375E-4
5.225833333E-1,8.544921875E-4
5.226041667E-1,4.272460938E-4
5.226250000E-1,1.007080078E-3
5.226458333E-1,1.495361328E-3
5.226666667E-1,6.103515625E-4
5.226875000E-1,5.798339844E-4
5.227083333E-1,2.136230469E-4
5.227291667E-1,-1.525878906E-4
5.227500000E-1,4.272460938E-4
5.227708333E-1,-2.441406250E-4
5.227916667E-1,6.408691406E-4
5.228125000E-1,1.220703125E-4
5.228333333E-1,-3.356933594E-4
5.228541667E-1,7.934570312E-4
5.228750000E-1,6.408691406E-4
5.228958333E-1,1.342773438E-3
5.229166667E-1,1.586914062E-3
5.229375000E-1,1.373291016E-3
5.229583333E-1,9.460449219E-4
5.229791667E-1,1.403808594E-3
5.230000000E-1,1.678466797E-3
5.230208333E-1,2.075195312E-3
5.230416667E-1,2.441406250E-3
5.230625000E-1,2.044677734E-3
5.230833333E-1,2.227783203E-3
5.231041667E-1,1.922607422E-3
5.231250000E-1,2.044677734E-3
5.231458333E-1,2.319335938E-3
5.231666667E-1,2.258300781E-3
5.231875000E-1,1.953125000E-3
5.232083333E-1,1.159667969E-3
5.232291667E-1,2.044677734E-3
5.232500000E-1,1.312255859E-3
5.232708333E-1,1.800537109E-3
5.232916667E-1,2.136230469E-3
5.233125000E-1,2.716064453E-3
5.233333333E-1,3.326416016E-3
5.233541667E-1,2.624511719E-3
5.233750000E-1,3.448486328E-3
5.233958333E-1,3.112792969E-3
5.234166667E-1,3.082275391E-3
5.234375000E-1,2.349853516E-3
5.234583333E-1,1.678466797E-3
5.234791667E-1,1.403808594E-3
5.235000000E-1,1.556396484E-3
5.235208333E-1,1.190185547E-3
5.235416667E-1,1.159667969E-3
5.235625000E-1,9.460449219E-4
5.235833333E-1,6.713867188E-4
5.236041667E-1,1.647949219E-3
5.236250000E-1,9.765625000E-4
5.236458333E-1,1.403808594E-3
5.236666667E-1,1.678466797E-3
5.236875000E-1,1.647949219E-3
5.237083333E-1,2.288818359E-3
5.237291667E-1,1.770019531E-3
5.237500000E-1,1.617431641E-3
5.237708333E-1,1.464843750E-3
5.237916667E-1,1.220703125E-3
5.238125000E-1,1.098632812E-3
5.238333333E-1,1.098632812E-3
5.238541667E-1,5.493164062E-4
5.238750000E-1,1.525878906E-3
5.238958333E-1,1.495361328E-3
5.239166667E-1,1.190185547E-3
5.239375000E-1,2.502441406E-3
5.239583333E-1,1.556396484E-3
5.239791667E-1,1.831054688E-3
5.240000000E-1,1.068115234E-3
5.240208333E-1,-1.831054688E-4
5.240416667E-1,-3.967285156E-4
5.240625000E-1,-3.051757812E-4
5.240833333E-1,-2.136230469E-4
5.241041667E-1,-7.019042969E-4
5.241250000E-1,-1.525878906E-4
5.241458333E-1,-4.272460938E-4
5.241666667E-1,-9.460449219E-4
5.241875000E-1,-1.373291016E-3
5.242083333E-1,-1.281738281E-3
5.242291667E-1,-8.239746094E-4
5.242500000E-1,-1.220703125E-3
5.242708333E-1,-7.629394531E-4
5.242916667E-1,-5.187988281E-4
5.243125000E-1,-4.577636719E-4
5.243333333E-1,-9.765625000E-4
5.243541667E-1,-1.617431641E-3
5.243750000E-1,-1.403808594E-3
5.243958333E-1,-1.037597656E-3
5.244166667E-1,-1.495361328E-3
5.244375000E-1,-1.190185547E-3
5.244583333E-1,-7.629394531E-4
5.244791667E-1,-9.765625000E-4
5.245000000E-1,-5.187988281E-4
5.245208333E-1,-8.239746094E-4
5.245416667E-1,-1.556396484E-3
5.245625000E-1,-1.068115234E-3
5.245833333E-1,-1.525878906E-3
5.246041667E-1,-1.678466797E-3
5.246250000E-1,-1.464843750E-3
5.246458333E-1,-1.678466797E-3
5.246666667E-1,-7.629394531E-4
5.246875000E-1,-1.037597656E-3
5.247083333E-1,-8.239746094E-4
5.247291667E-1,4.577636719E-4
5.247500000E-1,5.798339844E-4
5.247708333E-1,1.007080078E-3
5.247916667E-1,7.019042969E-4
5.248125000E-1,-3.051757812E-4
5.248333333E-1,-4.882812500E-4
5.248541667E-1,-1.251220703E-3
5.248750000E-1,1.220703125E-4
5.248958333E-1,2.136230469E-4
5.249166667E-1,7.019042969E-4
5.249375000E-1,1.434326172E-3
5.249583333E-1,1.007080078E-3
5.249791667E-1,1.251220703E-3
5.250000000E-1,3.662109375E-4
5.250208333E-1,6.103515625E-5
5.250416667E-1,4.577636719E-4
5.250625000E-1,-3.356933594E-4
5.250833333E-1,9.155273438E-4
5.251041667E-1,1.831054688E-4
5.251250000E-1,4.577636719E-4
5.251458333E-1,9.155273438E-4
5.251666667E-1,-4.272460938E-4
5.251875000E-1,1.037597656E-3
5.252083333E-1,-3.356933594E-4
5.252291667E-1,-6.103515625E-5
5.252500000E-1,-7.324218750E-4
5.252708333E-1,-1.678466797E-3
5.252916667E-1,-1.068115234E-3
5.253125000E-1,-1.800537109E-3
5.253333333E-1,-6.713867188E-4
5.253541667E-1,-7.019042969E-4
5.253750000E-1,-3.051757812E-5
5.253958333E-1,-2.136230469E-4
5.254166667E-1,-5.187988281E-4
5.254375000E-1,5.187988281E-4
5.254583333E-1,-9.155273438E-5
5.254791667E-1,1.525878906E-4
5.255000000E-1,-2.136230469E-4
5.255208333E-1,-2.746582031E-4
5.255416667E-1,-2.746582031E-4
5.255625000E-1,9.155273438E-5
5.255833333E-1,4.882812500E-4
5.256041667E-1,9.460449219E-4
5.256250000E-1,1.525878906E-3
5.256458333E-1,1.647949219E-3
5.256666667E-1,1.831054688E-3
5.256875000E-1,1.708984375E-3
5.257083333E-1,1.953125000E-3
5.257291667E-1,2.593994141E-3
5.257500000E-1,2.166748047E-3
5.257708333E-1,1.922607422E-3
5.257916667E-1,2.349853516E-3
5.258125000E-1,2.044677734E-3
5.258333333E-1,2.258300781E-3
5.258541667E-1,2.410888672E-3
5.258750000E-1,1.617431641E-3
5.258958333E-1,1.556396484E-3
5.259166667E-1,1.007080078E-3
5.259375000E-1,5.798339844E-4
5.259583333E-1,2.136230469E-4
5.259791667E-1,-9.460449219E-4
5.260000000E-1,-5.187988281E-4
5.260208333E-1,-3.967285156E-4
5.260416667E-1,-5.798339844E-4
5.260625000E-1,-1.342773438E-3
5.260833333E-1,-2.227783203E-3
5.261041667E-1,-2.349853516E-3
5.261250000E-1,-3.112792969E-3
5.261458333E-1,-3.601074219E-3
5.261666667E-1,-4.455566406E-3
5.261875000E-1,-3.753662109E-3
5.262083333E-1,-3.662109375E-3
5.262291667E-1,-3.540039062E-3
5.262500000E-1,-2.197265625E-3
5.262708333E-1,-1.678466797E-3
5.262916667E-1,-4.577636719E-4
5.263125000E-1,-1.831054688E-4
5.263333333E-1,0.000000000E0
5.263541667E-1,2.746582031E-4
5.263750000E-1,7.019042969E-4
5.263958333E-1,7.019042969E-4
5.264166667E-1,4.882812500E-4
5.264375000E-1,8.850097656E-4
5.264583333E-1,3.051757812E-4
5.264791667E-1,2.746582031E-4
5.265000000E-1,-1.220703125E-4
5.265208333E-1,2.746582031E-4
5.265416667E-1,3.967285156E-4
5.265625000E-1,8.239746094E-4
5.265833333E-1,1.068115234E-3
5.266041667E-1,1.007080078E-3
5.266250000E-1,8.239746094E-4
5.266458333E-1,3.356933594E-4
5.266666667E-1,3.051757812E-4
5.266875000E-1,1.220703125E-4
5.267083333E-1,2.136230469E-4
5.267291667E-1,-5.187988281E-4
5.267500000E-1,-3.051757812E-4
5.267708333E-1,-1.220703125E-4
5.267916667E-1,-2.746582031E-4
5.268125000E-1,-9.460449219E-4
5.268333333E-1,-9.765625000E-4
5.268541667E-1,-3.662109375E-4
5.268750000E-1,-8.850097656E-4
5.268958333E-1,-8.544921875E-4
5.269166667E-1,-7.629394531E-4
5.269375000E-1,-1.312255859E-3
5.269583333E-1,-1.159667969E-3
5.269791667E-1,-1.251220703E-3
5.270000000E-1,-1.281738281E-3
5.270208333E-1,-5.493164062E-4
5.270416667E-1,-3.662109375E-4
5.270625000E-1,6.713867188E-4
5.270833333E-1,-9.155273438E-5
5.271041667E-1,3.051757812E-4
5.271250000E-1,7.934570312E-4
5.271458333E-1,-3.051757812E-4
5.271666667E-1,-5.187988281E-4
5.271875000E-1,-6.713867188E-4
5.272083333E-1,1.220703125E-4
5.272291667E-1,3.356933594E-4
5.272500000E-1,1.159667969E-3
5.272708333E-1,1.678466797E-3
5.272916667E-1,1.007080078E-3
5.273125000E-1,1.403808594E-3
5.273333333E-1,9.460449219E-4
5.273541667E-1,1.434326172E-3
5.273750000E-1,9.460449219E-4
5.273958333E-1,1.037597656E-3
5.274166667E-1,8.239746094E-4
5.274375000E-1,6.408691406E-4
5.274583333E-1,1.464843750E-3
5.274791667E-1,1.190185547E-3
5.275000000E-1,2.014160156E-3
5.275208333E-1,2.014160156E-3
5.275416667E-1,2.624511719E-3
5.275625000E-1,2.258300781E-3
5.275833333E-1,2.288818359E-3
5.276041667E-1,2.197265625E-3
5.276250000E-1,1.861572266E-3
5.276458333E-1,2.044677734E-3
5.276666667E-1,1.708984375E-3
5.276875000E-1,1.434326172E-3
5.277083333E-1,1.403808594E-3
5.277291667E-1,1.464843750E-3
5.277500000E-1,1.739501953E-3
5.277708333E-1,1.037597656E-3
5.277916667E-1,5.798339844E-4
5.278125000E-1,2.746582031E-4
5.278333333E-1,3.662109375E-4
5.278541667E-1,2.746582031E-4
5.278750000E-1,2.136230469E-4
5.278958333E-1,1.586914062E-3
5.279166667E-1,1.281738281E-3
5.279375000E-1,1.037597656E-3
5.279583333E-1,5.187988281E-4
5.279791667E-1,-1.831054688E-4
5.280000000E-1,1.831054688E-4
5.280208333E-1,-2.136230469E-4
5.280416667E-1,1.525878906E-4
5.280625000E-1,3.051757812E-5
5.280833333E-1,-6.103515625E-5
5.281041667E-1,6.103515625E-4
5.281250000E-1,5.493164062E-4
5.281458333E-1,1.190185547E-3
5.281666667E-1,4.272460938E-4
5.281875000E-1,4.577636719E-4
5.282083333E-1,-8.239746094E-4
5.282291667E-1,-4.272460938E-4
5.282500000E-1,-5.187988281E-4
5.282708333E-1,-3.662109375E-4
5.282916667E-1,7.019042969E-4
5.283125000E-1,3.967285156E-4
5.283333333E-1,3.967285156E-4
5.283541667E-1,-6.408691406E-4
5.283750000E-1,4.577636719E-4
5.283958333E-1,-1.831054688E-4
5.284166667E-1,-7.019042969E-4
5.284375000E-1,-8.544921875E-4
5.284583333E-1,-1.831054688E-3
5.284791667E-1,-1.342773438E-3
5.285000000E-1,-1.708984375E-3
5.285208333E-1,-1.434326172E-3
5.285416667E-1,-1.220703125E-3
5.285625000E-1,-1.373291016E-3
5.285833333E-1,-7.324218750E-4
5.286041667E-1,-1.068115234E-3
5.286250000E-1,-9.460449219E-4
5.286458333E-1,-8.850097656E-4
5.286666667E-1,-1.403808594E-3
5.286875000E-1,-1.068115234E-3
5.287083333E-1,-1.892089844E-3
5.287291667E-1,-1.495361328E-3
5.287500000E-1,-2.075195312E-3
5.287708333E-1,-2.075195312E-3
5.287916667E-1,-1.708984375E-3
5.288125000E-1,-1.190185547E-3
5.288333333E-1,-1.281738281E-3
5.288541667E-1,-1.403808594E-3
5.288750000E-1,-1.525878906E-3
5.288958333E-1,-2.410888672E-3
5.289166667E-1,-3.021240234E-3
5.289375000E-1,-3.143310547E-3
5.289583333E-1,-3.143310547E-3
5.289791667E-1,-3.784179688E-3
5.290000000E-1,-4.150390625E-3
5.290208333E-1,-4.180908203E-3
5.290416667E-1,-4.211425781E-3
5.290625000E-1,-4.455566406E-3
5.290833333E-1,-3.692626953E-3
5.291041667E-1,-3.387451172E-3
5.291250000E-1,-3.265380859E-3
5.291458333E-1,-1.892089844E-3
5.291666667E-1,-1.739501953E-3
5.291875000E-1,-1.403808594E-3
5.292083333E-1,-1.617431641E-3
5.292291667E-1,-1.800537109E-3
5.292500000E-1,-1.861572266E-3
5.292708333E-1,-2.166748047E-3
5.292916667E-1,-1.251220703E-3
5.293125000E-1,2.441406250E-4
5.293333333E-1,9.765625000E-4
5.293541667E-1,1.129150391E-3
5.293750000E-1,1.586914062E-3
5.293958333E-1,1.647949219E-3
5.294166667E-1,9.765625000E-4
5.294375000E-1,1.403808594E-3
5.294583333E-1,5.493164062E-4
5.294791667E-1,8.544921875E-4
5.295000000E-1,1.007080078E-3
5.295208333E-1,5.187988281E-4
5.295416667E-1,8.544921875E-4
5.295625000E-1,2.441406250E-4
5.295833333E-1,3.051757812E-4
5.296041667E-1,1.525878906E-4
5.296250000E-1,-3.051757812E-4
5.296458333E-1,-3.662109375E-4
5.296666667E-1,-2.746582031E-4
5.296875000E-1,3.051757812E-4
5.297083333E-1,1.007080078E-3
5.297291667E-1,1.495361328E-3
5.297500000E-1,2.838134766E-3
5.297708333E-1,2.990722656E-3
5.297916667E-1,3.112792969E-3
5.298125000E-1,2.532958984E-3
5.298333333E-1,2.471923828E-3
5.298541667E-1,3.143310547E-3
5.298750000E-1,3.295898438E-3
5.298958333E-1,3.570556641E-3
5.299166667E-1,3.143310547E-3
5.299375000E-1,3.417968750E-3
5.299583333E-1,3.234863281E-3
5.299791667E-1,3.692626953E-3
5.300000000E-1,2.807617188E-3
5.300208333E-1,2.502441406E-3
5.300416667E-1,2.075195312E-3
5.300625000E-1,1.708984375E-3
5.300833333E-1,1.922607422E-3
5.301041667E-1,1.770019531E-3
5.301250000E-1,2.471923828E-3
5.301458333E-1,1.739501953E-3
5.301666667E-1,2.197265625E-3
5.301875000E-1,1.525878906E-3
5.302083333E-1,1.342773438E-3
5.302291667E-1,9.460449219E-4
5.302500000E-1,5.493164062E-4
5.302708333E-1,2.441406250E-4
5.302916667E-1,6.103515625E-5
5.303125000E-1,9.155273438E-5
5.303333333E-1,-6.103515625E-4
5.303541667E-1,-7.019042969E-4
5.303750000E-1,-2.166748047E-3
5.303958333E-1,-2.563476562E-3
5.304166667E-1,-2.624511719E-3
5.304375000E-1,-2.136230469E-3
5.304583333E-1,-1.953125000E-3
5.304791667E-1,-2.044677734E-3
5.305000000E-1,-1.861572266E-3
5.305208333E-1,-1.678466797E-3
5.305416667E-1,-1.342773438E-3
5.305625000E-1,-9.765625000E-4
5.305833333E-1,-7.019042969E-4
5.306041667E-1,-1.068115234E-3
5.306250000E-1,-8.239746094E-4
5.306458333E-1,-3.662109375E-4
5.306666667E-1,-1.037597656E-3
5.306875000E-1,-7.324218750E-4
5.307083333E-1,-4.882812500E-4
5.307291667E-1,-1.159667969E-3
5.307500000E-1,6.103515625E-5
5.307708333E-1,-1.220703125E-4
5.307916667E-1,6.103515625E-4
5.308125000E-1,8.239746094E-4
5.308333333E-1,9.765625000E-4
5.308541667E-1,1.159667969E-3
5.308750000E-1,3.051757812E-4
5.308958333E-1,3.967285156E-4
5.309166667E-1,-6.103515625E-4
5.309375000E-1,-4.882812500E-4
5.309583333E-1,-1.068115234E-3
5.309791667E-1,-1.647949219E-3
5.310000000E-1,-6.408691406E-4
5.310208333E-1,-7.019042969E-4
5.310416667E-1,-5.187988281E-4
5.310625000E-1,-6.103515625E-4
5.310833333E-1,-7.934570312E-4
5.311041667E-1,-4.577636719E-4
5.311250000E-1,-1.068115234E-3
5.311458333E-1,-7.019042969E-4
5.311666667E-1,-1.190185547E-3
5.311875000E-1,-5.798339844E-4
5.312083333E-1,-8.239746094E-4
5.312291667E-1,-4.272460938E-4
5.312500000E-1,-8.544921875E-4
5.312708333E-1,-1.098632812E-3
5.312916667E-1,-2.441406250E-4
5.313125000E-1,-3.662109375E-4
5.313333333E-1,-9.155273438E-5
5.313541667E-1,-4.272460938E-4
5.313750000E-1,-3.356933594E-4
5.313958333E-1,-6.713867188E-4
5.314166667E-1,-8.850097656E-4
5.314375000E-1,-8.544921875E-4
5.314583333E-1,-5.187988281E-4
5.314791667E-1,-2.441406250E-4
5.315000000E-1,-7.629394531E-4
5.315208333E-1,-6.713867188E-4
5.315416667E-1,-1.220703125E-3
5.315625000E-1,-1.342773438E-3
5.315833333E-1,-1.434326172E-3
5.316041667E-1,-1.983642578E-3
5.316250000E-1,-1.403808594E-3
5.316458333E-1,-1.617431641E-3
5.316666667E-1,-1.281738281E-3
5.316875000E-1,6.103515625E-5
5.317083333E-1,6.408691406E-4
5.317291667E-1,1.342773438E-3
5.317500000E-1,1.617431641E-3
5.317708333E-1,8.544921875E-4
5.317916667E-1,9.155273438E-4
5.318125000E-1,3.662109375E-4
5.318333333E-1,3.662109375E-4
5.318541667E-1,1.220703125E-4
5.318750000E-1,-9.155273438E-5
5.318958333E-1,3.051757812E-4
5.319166667E-1,4.272460938E-4
5.319375000E-1,1.861572266E-3
5.319583333E-1,1.800537109E-3
5.319791667E-1,2.716064453E-3
5.320000000E-1,2.197265625E-3
5.320208333E-1,1.556396484E-3
5.320416667E-1,1.678466797E-3
5.320625000E-1,5.187988281E-4
5.320833333E-1,1.312255859E-3
5.321041667E-1,4.272460938E-4
5.321250000E-1,1.647949219E-3
5.321458333E-1,1.037597656E-3
5.321666667E-1,4.882812500E-4
5.321875000E-1,1.068115234E-3
5.322083333E-1,3.051757812E-4
5.322291667E-1,9.155273438E-5
5.322500000E-1,-6.103515625E-4
5.322708333E-1,-8.544921875E-4
5.322916667E-1,-9.765625000E-4
5.323125000E-1,-1.190185547E-3
5.323333333E-1,-9.460449219E-4
5.323541667E-1,-1.068115234E-3
5.323750000E-1,-1.312255859E-3
5.323958333E-1,-1.525878906E-3
5.324166667E-1,-1.892089844E-3
5.324375000E-1,-1.861572266E-3
5.324583333E-1,-2.532958984E-3
5.324791667E-1,-2.685546875E-3
5.325000000E-1,-2.563476562E-3
5.325208333E-1,-2.471923828E-3
5.325416667E-1,-2.502441406E-3
5.325625000E-1,-1.708984375E-3
5.325833333E-1,-9.765625000E-4
5.326041667E-1,-9.765625000E-4
5.326250000E-1,-5.493164062E-4
5.326458333E-1,-7.629394531E-4
5.326666667E-1,-9.765625000E-4
5.326875000E-1,-3.967285156E-4
5.327083333E-1,-1.586914062E-3
5.327291667E-1,-2.227783203E-3
5.327500000E-1,-2.929687500E-3
5.327708333E-1,-3.204345703E-3
5.327916667E-1,-2.441406250E-3
5.328125000E-1,-2.716064453E-3
5.328333333E-1,-2.410888672E-3
5.328541667E-1,-2.380371094E-3
5.328750000E-1,-2.471923828E-3
5.328958333E-1,-2.197265625E-3
5.329166667E-1,-2.410888672E-3
5.329375000E-1,-1.678466797E-3
5.329583333E-1,-1.831054688E-3
5.329791667E-1,-2.349853516E-3
5.330000000E-1,-2.166748047E-3
5.330208333E-1,-1.770019531E-3
5.330416667E-1,-1.434326172E-3
5.330625000E-1,-7.324218750E-4
5.330833333E-1,-8.239746094E-4
5.331041667E-1,-8.850097656E-4
5.331250000E-1,-7.019042969E-4
5.331458333E-1,-1.678466797E-3
5.331666667E-1,-2.380371094E-3
5.331875000E-1,-2.227783203E-3
5.332083333E-1,-2.014160156E-3
5.332291667E-1,-1.617431641E-3
5.332500000E-1,-1.251220703E-3
5.332708333E-1,-1.220703125E-4
5.332916667E-1,-3.356933594E-4
5.333125000E-1,-3.051757812E-4
5.333333333E-1,2.136230469E-4
5.333541667E-1,-9.155273438E-5
5.333750000E-1,2.746582031E-4
5.333958333E-1,1.831054688E-4
5.334166667E-1,1.525878906E-4
5.334375000E-1,5.187988281E-4
5.334583333E-1,7.934570312E-4
5.334791667E-1,1.220703125E-4
5.335000000E-1,9.155273438E-4
5.335208333E-1,1.617431641E-3
5.335416667E-1,1.800537109E-3
5.335625000E-1,2.410888672E-3
5.335833333E-1,2.258300781E-3
5.336041667E-1,2.227783203E-3
5.336250000E-1,2.288818359E-3
5.336458333E-1,1.464843750E-3
5.336666667E-1,1.281738281E-3
5.336875000E-1,9.460449219E-4
5.337083333E-1,1.190185547E-3
5.337291667E-1,9.460449219E-4
5.337500000E-1,4.882812500E-4
5.337708333E-1,1.007080078E-3
5.337916667E-1,6.713867188E-4
5.338125000E-1,1.068115234E-3
5.338333333E-1,1.434326172E-3
5.338541667E-1,7.019042969E-4
5.338750000E-1,1.129150391E-3
5.338958333E-1,6.408691406E-4
5.339166667E-1,5.798339844E-4
5.339375000E-1,1.770019531E-3
5.339583333E-1,1.647949219E-3
5.339791667E-1,1.586914062E-3
5.340000000E-1,9.765625000E-4
5.340208333E-1,9.155273438E-4
5.340416667E-1,3.356933594E-4
5.340625000E-1,6.408691406E-4
5.340833333E-1,2.441406250E-4
5.341041667E-1,-7.019042969E-4
5.341250000E-1,-3.356933594E-4
5.341458333E-1,-9.460449219E-4
5.341666667E-1,9.155273438E-5
5.341875000E-1,3.051757812E-4
5.342083333E-1,1.892089844E-3
5.342291667E-1,2.441406250E-3
5.342500000E-1,2.227783203E-3
5.342708333E-1,3.021240234E-3
5.342916667E-1,1.586914062E-3
5.343125000E-1,1.800537109E-3
5.343333333E-1,9.765625000E-4
5.343541667E-1,6.713867188E-4
5.343750000E-1,1.007080078E-3
5.343958333E-1,1.068115234E-3
5.344166667E-1,1.403808594E-3
5.344375000E-1,1.342773438E-3
5.344583333E-1,1.190185547E-3
5.344791667E-1,1.159667969E-3
5.345000000E-1,6.713867188E-4
5.345208333E-1,4.577636719E-4
5.345416667E-1,5.493164062E-4
5.345625000E-1,-3.662109375E-4
5.345833333E-1,4.272460938E-4
5.346041667E-1,1.525878906E-4
5.346250000E-1,4.272460938E-4
5.346458333E-1,6.713867188E-4
5.346666667E-1,5.187988281E-4
5.346875000E-1,1.159667969E-3
5.347083333E-1,3.356933594E-4
5.347291667E-1,2.441406250E-4
5.347500000E-1,-1.220703125E-4
5.347708333E-1,-4.882812500E-4
5.347916667E-1,-4.577636719E-4
5.348125000E-1,-3.356933594E-4
5.348333333E-1,3.662109375E-4
5.348541667E-1,3.051757812E-5
5.348750000E-1,-3.051757812E-5
5.348958333E-1,-7.629394531E-4
5.349166667E-1,-7.934570312E-4
5.349375000E-1,-7.934570312E-4
5.349583333E-1,-1.434326172E-3
5.349791667E-1,-1.403808594E-3
5.350000000E-1,-1.678466797E-3
5.350208333E-1,-8.850097656E-4
5.350416667E-1,-1.098632812E-3
5.350625000E-1,-5.187988281E-4
5.350833333E-1,-3.356933594E-4
5.351041667E-1,-3.051757812E-5
5.351250000E-1,9.155273438E-5
5.351458333E-1,-6.103515625E-5
5.351666667E-1,3.051757812E-5
5.351875000E-1,-3.662109375E-4
5.352083333E-1,-7.019042969E-4
5.352291667E-1,-9.765625000E-4
5.352500000E-1,-6.713867188E-4
5.352708333E-1,-1.281738281E-3
5.352916667E-1,-4.577636719E-4
5.353125000E-1,-4.272460938E-4
5.353333333E-1,6.103515625E-5
5.353541667E-1,5.798339844E-4
5.353750000E-1,3.356933594E-4
5.353958333E-1,2.166748047E-3
5.354166667E-1,2.197265625E-3
5.354375000E-1,2.044677734E-3
5.354583333E-1,2.258300781E-3
5.354791667E-1,1.525878906E-3
5.355000000E-1,1.495361328E-3
5.355208333E-1,1.098632812E-3
5.355416667E-1,1.281738281E-3
5.355625000E-1,2.044677734E-3
5.355833333E-1,1.312255859E-3
5.356041667E-1,1.770019531E-3
5.356250000E-1,1.922607422E-3
5.356458333E-1,1.617431641E-3
5.356666667E-1,1.342773438E-3
5.356875000E-1,9.765625000E-4
5.357083333E-1,5.187988281E-4
5.357291667E-1,6.103515625E-4
5.357500000E-1,1.037597656E-3
5.357708333E-1,3.051757812E-4
5.357916667E-1,1.251220703E-3
5.358125000E-1,1.312255859E-3
5.358333333E-1,1.342773438E-3
5.358541667E-1,1.251220703E-3
5.358750000E-1,2.044677734E-3
5.358958333E-1,2.593994141E-3
5.359166667E-1,2.014160156E-3
5.359375000E-1,2.288818359E-3
5.359583333E-1,1.892089844E-3
5.359791667E-1,1.251220703E-3
5.360000000E-1,1.220703125E-3
5.360208333E-1,9.155273438E-4
5.360416667E-1,-1.831054688E-4
5.360625000E-1,-1.525878906E-4
5.360833333E-1,-3.051757812E-4
5.361041667E-1,-1.831054688E-4
5.361250000E-1,-3.051757812E-4
5.361458333E-1,-3.967285156E-4
5.361666667E-1,9.155273438E-5
5.361875000E-1,2.136230469E-4
5.362083333E-1,1.007080078E-3
5.362291667E-1,1.220703125E-3
5.362500000E-1,1.892089844E-3
5.362708333E-1,1.525878906E-3
5.362916667E-1,1.495361328E-3
5.363125000E-1,1.312255859E-3
5.363333333E-1,8.544921875E-4
5.363541667E-1,8.544921875E-4
5.363750000E-1,-9.155273438E-5
5.363958333E-1,-4.272460938E-4
5.364166667E-1,-1.251220703E-3
5.364375000E-1,-1.800537109E-3
5.364583333E-1,-1.251220703E-3
5.364791667E-1,-1.281738281E-3
5.365000000E-1,-1.373291016E-3
5.365208333E-1,-1.525878906E-3
5.365416667E-1,-2.532958984E-3
5.365625000E-1,-2.685546875E-3
5.365833333E-1,-3.631591797E-3
5.366041667E-1,-3.265380859E-3
5.366250000E-1,-3.356933594E-3
5.366458333E-1,-2.044677734E-3
5.366666667E-1,-1.434326172E-3
5.366875000E-1,-1.098632812E-3
5.367083333E-1,1.831054688E-4
5.367291667E-1,6.103515625E-5
5.367500000E-1,1.220703125E-3
5.367708333E-1,7.629394531E-4
5.367916667E-1,1.617431641E-3
5.368125000E-1,1.129150391E-3
5.368333333E-1,1.007080078E-3
5.368541667E-1,1.037597656E-3
5.368750000E-1,3.356933594E-4
5.368958333E-1,7.019042969E-4
5.369166667E-1,2.441406250E-4
5.369375000E-1,7.324218750E-4
5.369583333E-1,1.037597656E-3
5.369791667E-1,1.312255859E-3
5.370000000E-1,4.882812500E-4
5.370208333E-1,1.525878906E-4
5.370416667E-1,-1.525878906E-4
5.370625000E-1,-3.356933594E-4
5.370833333E-1,-9.155273438E-5
5.371041667E-1,2.441406250E-4
5.371250000E-1,8.544921875E-4
5.371458333E-1,7.629394531E-4
5.371666667E-1,9.460449219E-4
5.371875000E-1,8.850097656E-4
5.372083333E-1,1.068115234E-3
5.372291667E-1,1.098632812E-3
5.372500000E-1,7.019042969E-4
5.372708333E-1,6.408691406E-4
5.372916667E-1,9.155273438E-4
5.373125000E-1,3.662109375E-4
5.373333333E-1,7.629394531E-4
5.373541667E-1,1.403808594E-3
5.373750000E-1,7.629394531E-4
5.373958333E-1,1.098632812E-3
5.374166667E-1,4.882812500E-4
5.374375000E-1,8.850097656E-4
5.374583333E-1,5.798339844E-4
5.374791667E-1,-9.155273438E-5
5.375000000E-1,-1.525878906E-4
5.375208333E-1,-3.662109375E-4
5.375416667E-1,2.746582031E-4
5.375625000E-1,-3.967285156E-4
5.375833333E-1,1.525878906E-4
5.376041667E-1,2.746582031E-4
5.376250000E-1,3.967285156E-4
5.376458333E-1,-3.356933594E-4
5.376666667E-1,-5.493164062E-4
5.376875000E-1,-5.798339844E-4
5.377083333E-1,-5.493164062E-4
5.377291667E-1,-2.136230469E-4
5.377500000E-1,-3.662109375E-4
5.377708333E-1,4.577636719E-4
5.377916667E-1,3.051757812E-5
5.378125000E-1,9.155273438E-5
5.378333333E-1,2.441406250E-4
5.378541667E-1,3.051757812E-4
5.378750000E-1,7.629394531E-4
5.378958333E-1,1.495361328E-3
5.379166667E-1,2.044677734E-3
5.379375000E-1,1.861572266E-3
5.379583333E-1,1.647949219E-3
5.379791667E-1,1.708984375E-3
5.380000000E-1,1.800537109E-3
5.380208333E-1,7.324218750E-4
5.380416667E-1,9.765625000E-4
5.380625000E-1,8.850097656E-4
5.380833333E-1,3.356933594E-4
5.381041667E-1,1.220703125E-4
5.381250000E-1,-7.324218750E-4
5.381458333E-1,-7.934570312E-4
5.381666667E-1,-9.460449219E-4
5.381875000E-1,-1.312255859E-3
5.382083333E-1,-1.037597656E-3
5.382291667E-1,-9.460449219E-4
5.382500000E-1,-1.220703125E-4
5.382708333E-1,-5.493164062E-4
5.382916667E-1,-5.798339844E-4
5.383125000E-1,-5.187988281E-4
5.383333333E-1,-6.713867188E-4
5.383541667E-1,-7.019042969E-4
5.383750000E-1,-8.544921875E-4
5.383958333E-1,-5.187988281E-4
5.384166667E-1,-5.798339844E-4
5.384375000E-1,-1.220703125E-4
5.384583333E-1,-6.103515625E-4
5.384791667E-1,-1.281738281E-3
5.385000000E-1,-1.251220703E-3
5.385208333E-1,-2.624511719E-3
5.385416667E-1,-2.288818359E-3
5.385625000E-1,-3.051757812E-3
5.385833333E-1,-2.807617188E-3
5.386041667E-1,-3.204345703E-3
5.386250000E-1,-4.211425781E-3
5.386458333E-1,-2.838134766E-3
5.386666667E-1,-3.509521484E-3
5.386875000E-1,-2.899169922E-3
5.387083333E-1,-2.563476562E-3
5.387291667E-1,-2.197265625E-3
5.387500000E-1,-1.007080078E-3
5.387708333E-1,-7.324218750E-4
5.387916667E-1,4.882812500E-4
5.388125000E-1,3.051757812E-4
5.388333333E-1,5.798339844E-4
5.388541667E-1,1.525878906E-4
5.388750000E-1,-6.103515625E-5
5.388958333E-1,-4.272460938E-4
5.389166667E-1,-9.155273438E-4
5.389375000E-1,-1.037597656E-3
5.389583333E-1,-1.556396484E-3
5.389791667E-1,-7.934570312E-4
5.390000000E-1,-7.934570312E-4
5.390208333E-1,1.831054688E-4
5.390416667E-1,7.934570312E-4
5.390625000E-1,1.159667969E-3
5.390833333E-1,1.556396484E-3
5.391041667E-1,1.831054688E-3
5.391250000E-1,1.800537109E-3
5.391458333E-1,1.739501953E-3
5.391666667E-1,1.983642578E-3
5.391875000E-1,1.922607422E-3
5.392083333E-1,1.922607422E-3
5.392291667E-1,1.678466797E-3
5.392500000E-1,1.892089844E-3
5.392708333E-1,1.342773438E-3
5.392916667E-1,1.098632812E-3
5.393125000E-1,3.051757812E-4
5.393333333E-1,-6.103515625E-5
5.393541667E-1,-7.019042969E-4
5.393750000E-1,-1.129150391E-3
5.393958333E-1,-8.850097656E-4
5.394166667E-1,-1.464843750E-3
5.394375000E-1,9.155273438E-5
5.394583333E-1,6.103515625E-5
5.394791667E-1,3.662109375E-4
5.395000000E-1,1.098632812E-3
5.395208333E-1,3.967285156E-4
5.395416667E-1,5.798339844E-4
5.395625000E-1,-1.831054688E-4
5.395833333E-1,3.662109375E-4
5.396041667E-1,8.850097656E-4
5.396250000E-1,7.324218750E-4
5.396458333E-1,1.098632812E-3
5.396666667E-1,0.000000000E0
5.396875000E-1,-3.051757812E-4
5.397083333E-1,-3.967285156E-4
5.397291667E-1,-1.647949219E-3
5.397500000E-1,-1.708984375E-3
5.397708333E-1,-2.593994141E-3
5.397916667E-1,-2.593994141E-3
5.398125000E-1,-3.601074219E-3
5.398333333E-1,-3.875732422E-3
5.398541667E-1,-3.601074219E-3
5.398750000E-1,-3.662109375E-3
5.398958333E-1,-2.319335938E-3
5.399166667E-1,-2.593994141E-3
5.399375000E-1,-2.380371094E-3
5.399583333E-1,-2.380371094E-3
5.399791667E-1,-2.258300781E-3
5.400000000E-1,-1.770019531E-3
5.400208333E-1,-1.556396484E-3
5.400416667E-1,-1.342773438E-3
5.400625000E-1,-1.586914062E-3
5.400833333E-1,-1.495361328E-3
5.401041667E-1,-1.068115234E-3
5.401250000E-1,-7.324218750E-4
5.401458333E-1,-9.155273438E-5
5.401666667E-1,5.187988281E-4
5.401875000E-1,4.577636719E-4
5.402083333E-1,-6.103515625E-5
5.402291667E-1,-2.746582031E-4
5.402500000E-1,-3.662109375E-4
5.402708333E-1,-1.831054688E-4
5.402916667E-1,6.103515625E-5
5.403125000E-1,-9.155273438E-5
5.403333333E-1,4.577636719E-4
5.403541667E-1,1.129150391E-3
5.403750000E-1,2.319335938E-3
5.403958333E-1,1.129150391E-3
5.404166667E-1,2.319335938E-3
5.404375000E-1,2.471923828E-3
5.404583333E-1,1.953125000E-3
5.404791667E-1,3.601074219E-3
5.405000000E-1,2.655029297E-3
5.405208333E-1,2.716064453E-3
5.405416667E-1,1.892089844E-3
5.405625000E-1,1.281738281E-3
5.405833333E-1,1.220703125E-3
5.406041667E-1,1.159667969E-3
5.406250000E-1,9.460449219E-4
5.406458333E-1,3.051757812E-5
5.406666667E-1,-9.155273438E-5
5.406875000E-1,-9.155273438E-5
5.407083333E-1,3.051757812E-5
5.407291667E-1,8.239746094E-4
5.407500000E-1,1.464843750E-3
5.407708333E-1,1.739501953E-3
5.407916667E-1,2.227783203E-3
5.408125000E-1,2.288818359E-3
5.408333333E-1,2.532958984E-3
5.408541667E-1,1.831054688E-3
5.408750000E-1,1.800537109E-3
5.408958333E-1,1.281738281E-3
5.409166667E-1,1.068115234E-3
5.409375000E-1,7.629394531E-4
5.409583333E-1,6.103515625E-5
5.409791667E-1,3.662109375E-4
5.410000000E-1,-4.577636719E-4
5.410208333E-1,4.272460938E-4
5.410416667E-1,6.713867188E-4
5.410625000E-1,6.103515625E-5
5.410833333E-1,2.746582031E-4
5.411041667E-1,-1.007080078E-3
5.411250000E-1,-1.159667969E-3
5.411458333E-1,-1.068115234E-3
5.411666667E-1,-5.493164062E-4
5.411875000E-1,3.967285156E-4
5.412083333E-1,1.159667969E-3
5.412291667E-1,1.983642578E-3
5.412500000E-1,2.349853516E-3
5.412708333E-1,1.770019531E-3
5.412916667E-1,2.014160156E-3
5.413125000E-1,1.403808594E-3
5.413333333E-1,1.159667969E-3
5.413541667E-1,1.251220703E-3
5.413750000E-1,7.629394531E-4
5.413958333E-1,1.312255859E-3
5.414166667E-1,5.493164062E-4
5.414375000E-1,1.251220703E-3
5.414583333E-1,6.103515625E-4
5.414791667E-1,1.037597656E-3
5.415000000E-1,9.155273438E-4
5.415208333E-1,2.136230469E-4
5.415416667E-1,3.967285156E-4
5.415625000E-1,-1.556396484E-3
5.415833333E-1,-7.324218750E-4
5.416041667E-1,-1.159667969E-3
5.416250000E-1,-3.051757812E-5
5.416458333E-1,7.934570312E-4
5.416666667E-1,1.251220703E-3
5.416875000E-1,1.739501953E-3
5.417083333E-1,8.239746094E-4
5.417291667E-1,1.068115234E-3
5.417500000E-1,3.356933594E-4
5.417708333E-1,2.441406250E-4
5.417916667E-1,-4.577636719E-4
5.418125000E-1,-1.068115234E-3
5.418333333E-1,-2.685546875E-3
5.418541667E-1,-3.417968750E-3
5.418750000E-1,-2.960205078E-3
5.418958333E-1,-2.746582031E-3
5.419166667E-1,-1.678466797E-3
5.419375000E-1,-1.739501953E-3
5.419583333E-1,-1.556396484E-3
5.419791667E-1,-2.136230469E-3
5.420000000E-1,-2.380371094E-3
5.420208333E-1,-1.861572266E-3
5.420416667E-1,-1.525878906E-3
5.420625000E-1,-1.190185547E-3
5.420833333E-1,-7.629394531E-4
5.421041667E-1,-8.239746094E-4
5.421250000E-1,-5.798339844E-4
5.421458333E-1,9.155273438E-5
5.421666667E-1,4.882812500E-4
5.421875000E-1,-2.441406250E-4
5.422083333E-1,-9.155273438E-4
5.422291667E-1,-1.708984375E-3
5.422500000E-1,-1.953125000E-3
5.422708333E-1,-1.739501953E-3
5.422916667E-1,-1.037597656E-3
5.423125000E-1,-1.190185547E-3
5.423333333E-1,-1.342773438E-3
5.423541667E-1,-6.408691406E-4
5.423750000E-1,-9.460449219E-4
5.423958333E-1,-8.239746094E-4
5.424166667E-1,3.051757812E-5
5.424375000E-1,0.000000000E0
5.424583333E-1,3.967285156E-4
5.424791667E-1,3.356933594E-4
5.425000000E-1,6.408691406E-4
5.425208333E-1,3.662109375E-4
5.425416667E-1,6.408691406E-4
5.425625000E-1,-2.746582031E-4
5.425833333E-1,-8.544921875E-4
5.426041667E-1,-1.220703125E-4
5.426250000E-1,-3.356933594E-4
5.426458333E-1,-2.136230469E-4
5.426666667E-1,-5.187988281E-4
5.426875000E-1,-9.765625000E-4
5.427083333E-1,-1.708984375E-3
5.427291667E-1,-1.861572266E-3
5.427500000E-1,-1.800537109E-3
5.427708333E-1,-1.068115234E-3
5.427916667E-1,-1.464843750E-3
5.428125000E-1,-1.373291016E-3
5.428333333E-1,-1.220703125E-4
5.428541667E-1,-2.441406250E-4
5.428750000E-1,8.239746094E-4
5.428958333E-1,9.460449219E-4
5.429166667E-1,9.765625000E-4
5.429375000E-1,1.525878906E-3
5.429583333E-1,2.044677734E-3
5.429791667E-1,1.556396484E-3
5.430000000E-1,1.739501953E-3
5.430208333E-1,1.129150391E-3
5.430416667E-1,1.525878906E-3
5.430625000E-1,1.190185547E-3
5.430833333E-1,1.220703125E-3
5.431041667E-1,1.678466797E-3
5.431250000E-1,5.187988281E-4
5.431458333E-1,7.629394531E-4
5.431666667E-1,5.798339844E-4
5.431875000E-1,4.882812500E-4
5.432083333E-1,9.460449219E-4
5.432291667E-1,1.556396484E-3
5.432500000E-1,1.525878906E-3
5.432708333E-1,1.007080078E-3
5.432916667E-1,1.617431641E-3
5.433125000E-1,1.190185547E-3
5.433333333E-1,2.441406250E-4
5.433541667E-1,4.272460938E-4
5.433750000E-1,3.051757812E-5
5.433958333E-1,-3.967285156E-4
5.434166667E-1,5.493164062E-4
5.434375000E-1,7.629394531E-4
5.434583333E-1,1.312255859E-3
5.434791667E-1,1.434326172E-3
5.435000000E-1,1.281738281E-3
5.435208333E-1,9.460449219E-4
5.435416667E-1,5.798339844E-4
5.435625000E-1,3.662109375E-4
5.435833333E-1,3.967285156E-4
5.436041667E-1,3.356933594E-4
5.436250000E-1,-2.746582031E-4
5.436458333E-1,-6.713867188E-4
5.436666667E-1,-4.882812500E-4
5.436875000E-1,-7.629394531E-4
5.437083333E-1,-8.239746094E-4
5.437291667E-1,-3.662109375E-4
5.437500000E-1,-5.187988281E-4
5.437708333E-1,1.831054688E-4
5.437916667E-1,9.460449219E-4
5.438125000E-1,6.713867188E-4
5.438333333E-1,5.493164062E-4
5.438541667E-1,9.460449219E-4
5.438750000E-1,3.967285156E-4
5.438958333E-1,1.464843750E-3
5.439166667E-1,2.014160156E-3
5.439375000E-1,1.525878906E-3
5.439583333E-1,2.471923828E-3
5.439791667E-1,1.770019531E-3
5.440000000E-1,1.525878906E-3
5.440208333E-1,5.493164062E-4
5.440416667E-1,-3.967285156E-4
5.440625000E-1,-6.713867188E-4
5.440833333E-1,-2.319335938E-3
5.441041667E-1,-2.380371094E-3
5.441250000E-1,-2.532958984E-3
5.441458333E-1,-2.685546875E-3
5.441666667E-1,-1.647949219E-3
5.441875000E-1,-1.770019531E-3
5.442083333E-1,-2.105712891E-3
5.442291667E-1,-2.044677734E-3
5.442500000E-1,-2.319335938E-3
5.442708333E-1,-1.953125000E-3
5.442916667E-1,-2.319335938E-3
5.443125000E-1,-2.288818359E-3
5.443333333E-1,-1.312255859E-3
5.443541667E-1,-9.155273438E-4
5.443750000E-1,-3.356933594E-4
5.443958333E-1,-4.577636719E-4
5.444166667E-1,2.746582031E-4
5.444375000E-1,4.577636719E-4
5.444583333E-1,-3.967285156E-4
5.444791667E-1,3.356933594E-4
5.445000000E-1,2.136230469E-4
5.445208333E-1,3.051757812E-4
5.445416667E-1,1.068115234E-3
5.445625000E-1,1.007080078E-3
5.445833333E-1,9.765625000E-4
5.446041667E-1,1.464843750E-3
5.446250000E-1,2.166748047E-3
5.446458333E-1,1.739501953E-3
5.446666667E-1,1.922607422E-3
5.446875000E-1,8.239746094E-4
5.447083333E-1,8.239746094E-4
5.447291667E-1,1.220703125E-4
5.447500000E-1,-1.525878906E-4
5.447708333E-1,-6.103515625E-5
5.447916667E-1,-5.187988281E-4
5.448125000E-1,5.493164062E-4
5.448333333E-1,-3.662109375E-4
5.448541667E-1,9.155273438E-5
5.448750000E-1,4.577636719E-4
5.448958333E-1,-1.220703125E-4
5.449166667E-1,6.408691406E-4
5.449375000E-1,9.460449219E-4
5.449583333E-1,1.129150391E-3
5.449791667E-1,1.739501953E-3
5.450000000E-1,1.739501953E-3
5.450208333E-1,1.373291016E-3
5.450416667E-1,1.373291016E-3
5.450625000E-1,1.159667969E-3
5.450833333E-1,1.617431641E-3
5.451041667E-1,1.129150391E-3
5.451250000E-1,1.617431641E-3
5.451458333E-1,1.007080078E-3
5.451666667E-1,1.373291016E-3
5.451875000E-1,1.342773438E-3
5.452083333E-1,7.629394531E-4
5.452291667E-1,1.312255859E-3
5.452500000E-1,6.408691406E-4
5.452708333E-1,5.493164062E-4
5.452916667E-1,3.356933594E-4
5.453125000E-1,-6.103515625E-5
5.453333333E-1,6.103515625E-5
5.453541667E-1,-7.629394531E-4
5.453750000E-1,-7.019042969E-4
5.453958333E-1,-1.251220703E-3
5.454166667E-1,-1.464843750E-3
5.454375000E-1,-1.586914062E-3
5.454583333E-1,-1.800537109E-3
5.454791667E-1,-1.037597656E-3
5.455000000E-1,-1.251220703E-3
5.455208333E-1,-3.051757812E-4
5.455416667E-1,-7.019042969E-4
5.455625000E-1,-4.272460938E-4
5.455833333E-1,-2.136230469E-4
5.456041667E-1,-1.312255859E-3
5.456250000E-1,-5.798339844E-4
5.456458333E-1,-1.312255859E-3
5.456666667E-1,-5.493164062E-4
5.456875000E-1,-1.220703125E-3
5.457083333E-1,-9.460449219E-4
5.457291667E-1,9.155273438E-5
5.457500000E-1,-8.544921875E-4
5.457708333E-1,2.441406250E-4
5.457916667E-1,3.051757812E-4
5.458125000E-1,-2.136230469E-4
5.458333333E-1,-1.281738281E-3
5.458541667E-1,-7.934570312E-4
5.458750000E-1,-9.155273438E-5
5.458958333E-1,-1.251220703E-3
5.459166667E-1,1.220703125E-4
5.459375000E-1,-8.544921875E-4
5.459583333E-1,-6.713867188E-4
5.459791667E-1,-7.324218750E-4
5.460000000E-1,-1.586914062E-3
5.460208333E-1,-9.155273438E-4
5.460416667E-1,-2.014160156E-3
5.460625000E-1,-1.922607422E-3
5.460833333E-1,-2.380371094E-3
5.461041667E-1,-3.387451172E-3
5.461250000E-1,-2.960205078E-3
5.461458333E-1,-3.967285156E-3
5.461666667E-1,-2.319335938E-3
5.461875000E-1,-3.143310547E-3
5.462083333E-1,-3.112792969E-3
5.462291667E-1,-3.234863281E-3
5.462500000E-1,-4.211425781E-3
5.462708333E-1,-3.540039062E-3
5.462916667E-1,-4.364013672E-3
5.463125000E-1,-3.662109375E-3
5.463333333E-1,-4.577636719E-3
5.463541667E-1,-4.638671875E-3
5.463750000E-1,-3.356933594E-3
5.463958333E-1,-4.241943359E-3
5.464166667E-1,-2.319335938E-3
5.464375000E-1,-1.800537109E-3
5.464583333E-1,-1.708984375E-3
5.464791667E-1,-1.037597656E-3
5.465000000E-1,-2.288818359E-3
5.465208333E-1,-9.765625000E-4
5.465416667E-1,-1.861572266E-3
5.465625000E-1,-1.281738281E-3
5.465833333E-1,-9.460449219E-4
5.466041667E-1,-1.922607422E-3
5.466250000E-1,-4.272460938E-4
5.466458333E-1,-9.460449219E-4
5.466666667E-1,-3.051757812E-4
5.466875000E-1,2.441406250E-4
5.467083333E-1,-5.187988281E-4
5.467291667E-1,1.983642578E-3
5.467500000E-1,-1.220703125E-4
5.467708333E-1,1.525878906E-3
5.467916667E-1,1.678466797E-3
5.468125000E-1,1.831054688E-4
5.468333333E-1,2.136230469E-3
5.468541667E-1,-8.544921875E-4
5.468750000E-1,8.239746094E-4
5.468958333E-1,-9.460449219E-4
5.469166667E-1,3.662109375E-4
5.469375000E-1,1.525878906E-4
5.469583333E-1,-9.155273438E-5
5.469791667E-1,2.563476562E-3
5.470000000E-1,-6.103515625E-5
5.470208333E-1,3.692626953E-3
5.470416667E-1,2.105712891E-3
5.470625000E-1,3.356933594E-3
5.470833333E-1,3.509521484E-3
5.471041667E-1,2.075195312E-3
5.471250000E-1,3.295898438E-3
5.471458333E-1,1.312255859E-3
5.471666667E-1,3.448486328E-3
5.471875000E-1,9.460449219E-4
5.472083333E-1,3.509521484E-3
5.472291667E-1,3.265380859E-3
5.472500000E-1,2.777099609E-3
5.472708333E-1,5.218505859E-3
5.472916667E-1,3.417968750E-3
5.473125000E-1,5.462646484E-3
5.473333333E-1,3.295898438E-3
5.473541667E-1,5.615234375E-3
5.473750000E-1,2.166748047E-3
5.473958333E-1,3.662109375E-3
5.474166667E-1,4.119873047E-3
5.474375000E-1,2.105712891E-3
5.474583333E-1,4.974365234E-3
5.474791667E-1,2.105712891E-3
5.475000000E-1,5.126953125E-3
5.475208333E-1,1.861572266E-3
5.475416667E-1,3.234863281E-3
5.475625000E-1,3.875732422E-3
5.475833333E-1,2.624511719E-3
5.476041667E-1,4.913330078E-3
5.476250000E-1,4.669189453E-3
5.476458333E-1,5.035400391E-3
5.476666667E-1,5.462646484E-3
5.476875000E-1,4.486083984E-3
5.477083333E-1,4.638671875E-3
5.477291667E-1,4.119873047E-3
5.477500000E-1,2.044677734E-3
5.477708333E-1,2.380371094E-3
5.477916667E-1,2.502441406E-3
5.478125000E-1,2.410888672E-3
5.478333333E-1,2.990722656E-3
5.478541667E-1,3.082275391E-3
5.478750000E-1,2.380371094E-3
5.478958333E-1,1.739501953E-3
5.479166667E-1,1.190185547E-3
5.479375000E-1,1.525878906E-3
5.479583333E-1,4.272460938E-4
5.479791667E-1,1.129150391E-3
5.480000000E-1,6.103515625E-5
5.480208333E-1,5.493164062E-4
5.480416667E-1,1.098632812E-3
5.480625000E-1,6.408691406E-4
5.480833333E-1,5.493164062E-4
5.481041667E-1,-1.007080078E-3
5.481250000E-1,-8.544921875E-4
5.481458333E-1,-4.302978516E-3
5.481666667E-1,-9.765625000E-4
5.481875000E-1,-3.631591797E-3
5.482083333E-1,-4.028320312E-3
5.482291667E-1,-2.410888672E-3
5.482500000E-1,-4.821777344E-3
5.482708333E-1,-3.631591797E-3
5.482916667E-1,-3.082275391E-3
5.483125000E-1,-2.410888672E-3
5.483333333E-1,-2.532958984E-3
5.483541667E-1,-3.662109375E-3
5.483750000E-1,-3.662109375E-3
5.483958333E-1,-2.166748047E-3
5.484166667E-1,-4.425048828E-3
5.484375000E-1,-2.990722656E-3
5.484583333E-1,-3.021240234E-3
5.484791667E-1,-3.509521484E-3
5.485000000E-1,-2.014160156E-3
5.485208333E-1,-4.119873047E-3
5.485416667E-1,-2.105712891E-3
5.485625000E-1,-2.838134766E-3
5.485833333E-1,-3.417968750E-3
5.486041667E-1,-2.380371094E-3
5.486250000E-1,-4.943847656E-3
5.486458333E-1,-2.075195312E-3
5.486666667E-1,-2.990722656E-3
5.486875000E-1,-1.831054688E-3
5.487083333E-1,-3.417968750E-3
5.487291667E-1,-3.295898438E-3
5.487500000E-1,-4.577636719E-4
5.487708333E-1,-4.211425781E-3
5.487916667E-1,-1.281738281E-3
5.488125000E-1,-2.105712891E-3
5.488333333E-1,-9.460449219E-4
5.488541667E-1,-1.373291016E-3
5.488750000E-1,-3.051757812E-4
5.488958333E-1,-1.159667969E-3
5.489166667E-1,-1.220703125E-3
5.489375000E-1,9.155273438E-4
5.489583333E-1,-2.899169922E-3
5.489791667E-1,1.403808594E-3
5.490000000E-1,-2.746582031E-4
5.490208333E-1,1.678466797E-3
5.490416667E-1,6.408691406E-4
5.490625000E-1,-1.373291016E-3
5.490833333E-1,1.403808594E-3
5.491041667E-1,-1.068115234E-3
5.491250000E-1,3.051757812E-4
5.491458333E-1,-1.129150391E-3
5.491666667E-1,-1.892089844E-3
5.491875000E-1,-6.103515625E-5
5.492083333E-1,-7.019042969E-4
5.492291667E-1,-9.155273438E-5
5.492500000E-1,3.387451172E-3
5.492708333E-1,1.373291016E-3
5.492916667E-1,1.220703125E-3
5.493125000E-1,3.051757812E-3
5.493333333E-1,1.434326172E-3
5.493541667E-1,1.892089844E-3
5.493750000E-1,9.765625000E-4
5.493958333E-1,1.770019531E-3
5.494166667E-1,1.434326172E-3
5.494375000E-1,4.577636719E-4
5.494583333E-1,3.662109375E-3
5.494791667E-1,2.685546875E-3
5.495000000E-1,2.410888672E-3
5.495208333E-1,2.380371094E-3
5.495416667E-1,2.258300781E-3
5.495625000E-1,1.281738281E-3
5.495833333E-1,2.105712891E-3
5.496041667E-1,1.495361328E-3
5.496250000E-1,1.068115234E-3
5.496458333E-1,2.136230469E-3
5.496666667E-1,1.525878906E-3
5.496875000E-1,3.753662109E-3
5.497083333E-1,1.892089844E-3
5.497291667E-1,3.875732422E-3
5.497500000E-1,2.349853516E-3
5.497708333E-1,2.502441406E-3
5.497916667E-1,3.845214844E-3
5.498125000E-1,2.197265625E-3
5.498333333E-1,4.455566406E-3
5.498541667E-1,4.150390625E-3
5.498750000E-1,3.448486328E-3
5.498958333E-1,3.173828125E-3
5.499166667E-1,3.692626953E-3
5.499375000E-1,2.288818359E-3
5.499583333E-1,4.028320312E-3
5.499791667E-1,5.340576172E-3
5.500000000E-1,3.936767578E-3
5.500208333E-1,4.486083984E-3
5.500416667E-1,5.096435547E-3
5.500625000E-1,3.295898438E-3
5.500833333E-1,3.417968750E-3
5.501041667E-1,4.241943359E-3
5.501250000E-1,3.112792969E-3
5.501458333E-1,3.967285156E-3
5.501666667E-1,3.601074219E-3
5.501875000E-1,4.180908203E-3
5.502083333E-1,2.471923828E-3
5.502291667E-1,3.814697266E-3
5.502500000E-1,3.906250000E-3
5.502708333E-1,3.143310547E-3
5.502916667E-1,2.593994141E-3
5.503125000E-1,3.204345703E-3
5.503333333E-1,2.685546875E-3
5.503541667E-1,2.410888672E-3
5.503750000E-1,3.662109375E-3
5.503958333E-1,9.460449219E-4
5.504166667E-1,2.746582031E-3
5.504375000E-1,3.356933594E-4
5.504583333E-1,-3.967285156E-4
5.504791667E-1,-2.746582031E-4
5.505000000E-1,-5.493164062E-4
5.505208333E-1,7.934570312E-4
5.505416667E-1,-6.713867188E-4
5.505625000E-1,8.544921875E-4
5.505833333E-1,-5.187988281E-4
5.506041667E-1,-9.155273438E-4
5.506250000E-1,1.831054688E-4
5.506458333E-1,-2.929687500E-3
5.506666667E-1,-1.922607422E-3
5.506875000E-1,-3.356933594E-3
5.507083333E-1,-2.868652344E-3
5.507291667E-1,-1.647949219E-3
5.507500000E-1,-2.716064453E-3
5.507708333E-1,-1.312255859E-3
5.507916667E-1,-3.784179688E-3
5.508125000E-1,-2.136230469E-3
5.508333333E-1,-3.143310547E-3
5.508541667E-1,-4.669189453E-3
5.508750000E-1,-3.540039062E-3
5.508958333E-1,-4.302978516E-3
5.509166667E-1,-4.241943359E-3
5.509375000E-1,-2.685546875E-3
5.509583333E-1,-3.326416016E-3
5.509791667E-1,-2.716064453E-3
5.510000000E-1,-1.556396484E-3
5.510208333E-1,-2.410888672E-3
5.510416667E-1,-1.190185547E-3
5.510625000E-1,-3.356933594E-3
5.510833333E-1,-2.319335938E-3
5.511041667E-1,-2.593994141E-3
5.511250000E-1,-3.234863281E-3
5.511458333E-1,-2.807617188E-3
5.511666667E-1,-1.922607422E-3
5.511875000E-1,-2.410888672E-3
5.512083333E-1,-4.669189453E-3
5.512291667E-1,-4.028320312E-3
5.512500000E-1,-4.364013672E-3
5.512708333E-1,-5.554199219E-3
5.512916667E-1,-3.875732422E-3
5.513125000E-1,-3.173828125E-3
5.513333333E-1,-2.838134766E-3
5.513541667E-1,-4.180908203E-3
5.513750000E-1,-4.211425781E-3
5.513958333E-1,-2.746582031E-3
5.514166667E-1,-2.716064453E-3
5.514375000E-1,-3.021240234E-3
5.514583333E-1,-2.136230469E-3
5.514791667E-1,-2.685546875E-3
5.515000000E-1,-2.288818359E-3
5.515208333E-1,-1.861572266E-3
5.515416667E-1,-4.364013672E-3
5.515625000E-1,-9.155273438E-5
5.515833333E-1,-3.967285156E-3
5.516041667E-1,-1.953125000E-3
5.516250000E-1,-3.662109375E-4
5.516458333E-1,-3.967285156E-3
5.516666667E-1,2.380371094E-3
5.516875000E-1,-3.417968750E-3
5.517083333E-1,-6.103515625E-5
5.517291667E-1,2.014160156E-3
5.517500000E-1,-1.342773438E-3
5.517708333E-1,2.410888672E-3
5.517916667E-1,-1.281738281E-3
5.518125000E-1,-7.019042969E-4
5.518333333E-1,-9.765625000E-4
5.518541667E-1,-2.960205078E-3
5.518750000E-1,-2.044677734E-3
5.518958333E-1,-2.960205078E-3
5.519166667E-1,-2.349853516E-3
5.519375000E-1,-3.173828125E-3
5.519583333E-1,-4.089355469E-3
5.519791667E-1,-7.629394531E-4
5.520000000E-1,-2.014160156E-3
5.520208333E-1,-4.119873047E-3
5.520416667E-1,-1.312255859E-3
5.520625000E-1,-2.838134766E-3
5.520833333E-1,-3.784179688E-3
5.521041667E-1,-1.007080078E-3
5.521250000E-1,-3.723144531E-3
5.521458333E-1,-3.173828125E-3
5.521666667E-1,-3.906250000E-3
5.521875000E-1,-3.662109375E-3
5.522083333E-1,-4.425048828E-3
5.522291667E-1,-3.936767578E-3
5.522500000E-1,-2.685546875E-3
5.522708333E-1,-3.326416016E-3
5.522916667E-1,-2.136230469E-3
5.523125000E-1,-2.258300781E-3
5.523333333E-1,6.103515625E-5
5.523541667E-1,-3.417968750E-3
5.523750000E-1,-2.105712891E-3
5.523958333E-1,-2.563476562E-3
5.524166667E-1,-4.791259766E-3
5.524375000E-1,-2.044677734E-3
5.524583333E-1,-3.662109375E-3
5.524791667E-1,-1.464843750E-3
5.525000000E-1,-2.777099609E-3
5.525208333E-1,-1.739501953E-3
5.525416667E-1,-1.831054688E-4
5.525625000E-1,-1.831054688E-3
5.525833333E-1,9.155273438E-5
5.526041667E-1,-2.197265625E-3
5.526250000E-1,-2.471923828E-3
5.526458333E-1,-1.800537109E-3
5.526666667E-1,-1.892089844E-3
5.526875000E-1,-2.258300781E-3
5.527083333E-1,-1.525878906E-4
5.527291667E-1,1.831054688E-4
5.527500000E-1,-7.629394531E-4
5.527708333E-1,-1.373291016E-3
5.527916667E-1,-2.746582031E-4
5.528125000E-1,-7.019042969E-4
5.528333333E-1,-1.678466797E-3
5.528541667E-1,-6.103515625E-5
5.528750000E-1,-2.655029297E-3
5.528958333E-1,-1.525878906E-3
5.529166667E-1,-1.190185547E-3
5.529375000E-1,-2.441406250E-3
5.529583333E-1,-3.143310547E-3
5.529791667E-1,-2.899169922E-3
5.530000000E-1,-5.462646484E-3
5.530208333E-1,-4.211425781E-3
5.530416667E-1,-4.730224609E-3
5.530625000E-1,-5.432128906E-3
5.530833333E-1,-2.777099609E-3
5.531041667E-1,-3.417968750E-3
5.531250000E-1,-1.525878906E-3
5.531458333E-1,-5.798339844E-3
5.531666667E-1,-3.662109375E-4
5.531875000E-1,-1.647949219E-3
5.532083333E-1,-2.777099609E-3
5.532291667E-1,-6.713867188E-4
5.532500000E-1,-3.692626953E-3
5.532708333E-1,-3.112792969E-3
5.532916667E-1,-1.373291016E-3
5.533125000E-1,-7.629394531E-4
5.533333333E-1,-1.983642578E-3
5.533541667E-1,9.155273438E-4
5.533750000E-1,-1.434326172E-3
5.533958333E-1,2.746582031E-4
5.534166667E-1,-3.509521484E-3
5.534375000E-1,-2.136230469E-3
5.534583333E-1,-1.586914062E-3
5.534791667E-1,-5.065917969E-3
5.535000000E-1,-2.136230469E-3
5.535208333E-1,-4.364013672E-3
5.535416667E-1,-3.173828125E-3
5.535625000E-1,-4.455566406E-3
5.535833333E-1,-3.143310547E-3
5.536041667E-1,-6.713867188E-4
5.536250000E-1,-3.448486328E-3
5.536458333E-1,-2.807617188E-3
5.536666667E-1,-9.460449219E-4
5.536875000E-1,-2.471923828E-3
5.537083333E-1,2.746582031E-4
5.537291667E-1,-6.713867188E-4
5.537500000E-1,2.075195312E-3
5.537708333E-1,2.044677734E-3
5.537916667E-1,1.708984375E-3
5.538125000E-1,3.601074219E-3
5.538333333E-1,3.051757812E-5
5.538541667E-1,2.899169922E-3
5.538750000E-1,2.136230469E-4
5.538958333E-1,2.899169922E-3
5.539166667E-1,-1.953125000E-3
5.539375000E-1,3.051757812E-4
5.539583333E-1,1.708984375E-3
5.539791667E-1,-3.021240234E-3
5.540000000E-1,5.432128906E-3
5.540208333E-1,-5.065917969E-3
5.540416667E-1,4.333496094E-3
5.540625000E-1,1.739501953E-3
5.540833333E-1,-2.685546875E-3
5.541041667E-1,5.798339844E-3
5.541250000E-1,-2.288818359E-3
5.541458333E-1,5.462646484E-3
5.541666667E-1,-1.708984375E-3
5.541875000E-1,3.143310547E-3
5.542083333E-1,6.042480469E-3
5.542291667E-1,1.159667969E-3
5.542500000E-1,8.453369141E-3
5.542708333E-1,2.502441406E-3
5.542916667E-1,4.089355469E-3
5.543125000E-1,2.380371094E-3
5.543333333E-1,1.129150391E-3
5.543541667E-1,2.258300781E-3
5.543750000E-1,1.525878906E-3
5.543958333E-1,4.241943359E-3
5.544166667E-1,3.326416016E-3
5.544375000E-1,4.943847656E-3
5.544583333E-1,4.364013672E-3
5.544791667E-1,4.852294922E-3
5.545000000E-1,4.302978516E-3
5.545208333E-1,2.471923828E-3
5.545416667E-1,3.479003906E-3
5.545625000E-1,1.220703125E-4
5.545833333E-1,1.190185547E-3
5.546041667E-1,2.868652344E-3
5.546250000E-1,-3.967285156E-4
5.546458333E-1,2.471923828E-3
5.546666667E-1,1.495361328E-3
5.546875000E-1,3.936767578E-3
5.547083333E-1,2.532958984E-3
5.547291667E-1,1.037597656E-3
5.547500000E-1,3.204345703E-3
5.547708333E-1,-9.765625000E-4
5.547916667E-1,1.586914062E-3
5.548125000E-1,-2.746582031E-4
5.548333333E-1,-7.019042969E-4
5.548541667E-1,1.342773438E-3
5.548750000E-1,4.577636719E-4
5.548958333E-1,1.922607422E-3
5.549166667E-1,-9.460449219E-4
5.549375000E-1,3.753662109E-3
5.549583333E-1,4.882812500E-4
5.549791667E-1,2.075195312E-3
5.550000000E-1,3.845214844E-3
5.550208333E-1,1.831054688E-3
5.550416667E-1,3.234863281E-3
5.550625000E-1,2.227783203E-3
5.550833333E-1,5.493164062E-3
5.551041667E-1,2.746582031E-4
5.551250000E-1,6.530761719E-3
5.551458333E-1,2.075195312E-3
5.551666667E-1,3.662109375E-3
5.551875000E-1,5.889892578E-3
5.552083333E-1,1.861572266E-3
5.552291667E-1,4.760742188E-3
5.552500000E-1,1.068115234E-3
5.552708333E-1,3.967285156E-3
5.552916667E-1,-4.272460938E-4
5.553125000E-1,-2.136230469E-4
5.553333333E-1,1.281738281E-3
5.553541667E-1,-2.075195312E-3
5.553750000E-1,1.739501953E-3
5.553958333E-1,7.934570312E-4
5.554166667E-1,-1.342773438E-3
5.554375000E-1,3.356933594E-3
5.554583333E-1,1.708984375E-3
5.554791667E-1,1.586914062E-3
5.555000000E-1,2.288818359E-3
5.555208333E-1,1.434326172E-3
5.555416667E-1,2.990722656E-3
5.555625000E-1,3.082275391E-3
5.555833333E-1,5.187988281E-4
5.556041667E-1,1.037597656E-3
5.556250000E-1,3.173828125E-3
5.556458333E-1,-6.103515625E-5
5.556666667E-1,1.953125000E-3
5.556875000E-1,-1.098632812E-3
5.557083333E-1,1.220703125E-4
5.557291667E-1,3.509521484E-3
5.557500000E-1,-1.464843750E-3
5.557708333E-1,2.746582031E-3
5.557916667E-1,3.662109375E-4
5.558125000E-1,9.460449219E-4
5.558333333E-1,2.471923828E-3
5.558541667E-1,-1.159667969E-3
5.558750000E-1,3.631591797E-3
5.558958333E-1,2.471923828E-3
5.559166667E-1,3.906250000E-3
5.559375000E-1,1.525878906E-3
5.559583333E-1,2.410888672E-3
5.559791667E-1,5.310058594E-3
5.560000000E-1,-1.770019531E-3
5.560208333E-1,3.082275391E-3
5.560416667E-1,1.556396484E-3
5.560625000E-1,-1.281738281E-3
5.560833333E-1,2.319335938E-3
5.561041667E-1,-1.281738281E-3
5.561250000E-1,4.364013672E-3
5.561458333E-1,3.356933594E-3
5.561666667E-1,1.983642578E-3
5.561875000E-1,4.577636719E-3
5.562083333E-1,-2.136230469E-4
5.562291667E-1,1.190185547E-3
5.562500000E-1,-1.831054688E-4
5.562708333E-1,2.288818359E-3
5.562916667E-1,4.180908203E-3
5.563125000E-1,3.784179688E-3
5.563333333E-1,6.591796875E-3
5.563541667E-1,3.112792969E-3
5.563750000E-1,6.225585938E-3
5.563958333E-1,4.791259766E-3
5.564166667E-1,6.347656250E-3
5.564375000E-1,8.697509766E-3
5.564583333E-1,2.563476562E-3
5.564791667E-1,6.744384766E-3
5.565000000E-1,3.112792969E-3
5.565208333E-1,6.561279297E-3
5.565416667E-1,6.225585938E-3
5.565625000E-1,2.746582031E-3
5.565833333E-1,8.605957031E-3
5.566041667E-1,2.624511719E-3
5.566250000E-1,4.882812500E-3
5.566458333E-1,7.019042969E-4
5.566666667E-1,3.265380859E-3
5.566875000E-1,5.523681641E-3
5.567083333E-1,1.831054688E-4
5.567291667E-1,3.051757812E-3
5.567500000E-1,9.155273438E-4
5.567708333E-1,-7.629394531E-4
5.567916667E-1,1.647949219E-3
5.568125000E-1,-4.882812500E-4
5.568333333E-1,-3.356933594E-4
5.568541667E-1,2.227783203E-3
5.568750000E-1,-7.934570312E-4
5.568958333E-1,-9.155273438E-5
5.569166667E-1,-3.051757812E-5
5.569375000E-1,2.136230469E-3
5.569583333E-1,1.373291016E-3
5.569791667E-1,1.342773438E-3
5.570000000E-1,7.324218750E-4
5.570208333E-1,-3.479003906E-3
5.570416667E-1,9.155273438E-4
5.570625000E-1,-3.967285156E-4
5.570833333E-1,-3.662109375E-3
5.571041667E-1,2.563476562E-3
5.571250000E-1,-3.234863281E-3
5.571458333E-1,-2.899169922E-3
5.571666667E-1,-1.800537109E-3
5.571875000E-1,-4.638671875E-3
5.572083333E-1,-2.197265625E-3
5.572291667E-1,-5.523681641E-3
5.572500000E-1,6.713867188E-4
5.572708333E-1,-4.302978516E-3
5.572916667E-1,-5.187988281E-3
5.573125000E-1,-2.868652344E-3
5.573333333E-1,-5.554199219E-3
5.573541667E-1,-2.593994141E-3
5.573750000E-1,-4.974365234E-3
5.573958333E-1,-1.098632812E-3
5.574166667E-1,-5.371093750E-3
5.574375000E-1,-2.349853516E-3
5.574583333E-1,-5.493164062E-4
5.574791667E-1,-8.117675781E-3
5.575000000E-1,7.934570312E-4
5.575208333E-1,-3.753662109E-3
5.575416667E-1,-3.845214844E-3
5.575625000E-1,-2.746582031E-4
5.575833333E-1,-6.744384766E-3
5.576041667E-1,2.075195312E-3
5.576250000E-1,-3.051757812E-3
5.576458333E-1,-1.586914062E-3
5.576666667E-1,-3.936767578E-3
5.576875000E-1,-4.394531250E-3
5.577083333E-1,-1.831054688E-4
5.577291667E-1,-8.117675781E-3
5.577500000E-1,-7.019042969E-4
5.577708333E-1,-2.105712891E-3
5.577916667E-1,-6.011962891E-3
5.578125000E-1,-4.608154297E-3
5.578333333E-1,-1.770019531E-3
5.578541667E-1,-6.011962891E-3
5.578750000E-1,-4.333496094E-3
5.578958333E-1,-2.685546875E-3
5.579166667E-1,1.220703125E-3
5.579375000E-1,2.136230469E-4
5.579583333E-1,-2.990722656E-3
5.579791667E-1,-1.159667969E-3
5.580000000E-1,-4.943847656E-3
5.580208333E-1,-1.678466797E-3
5.580416667E-1,-4.089355469E-3
5.580625000E-1,-2.288818359E-3
5.580833333E-1,-1.190185547E-3
5.581041667E-1,-2.929687500E-3
5.581250000E-1,-3.906250000E-3
5.581458333E-1,-2.166748047E-3
5.581666667E-1,-2.197265625E-3
5.581875000E-1,-2.136230469E-3
5.582083333E-1,-2.380371094E-3
5.582291667E-1,-5.157470703E-3
5.582500000E-1,-1.068115234E-3
5.582708333E-1,-1.892089844E-3
5.582916667E-1,-1.647949219E-3
5.583125000E-1,-1.647949219E-3
5.583333333E-1,7.019042969E-4
5.583541667E-1,-1.037597656E-3
5.583750000E-1,-5.615234375E-3
5.583958333E-1,-4.943847656E-3
5.584166667E-1,-3.479003906E-3
5.584375000E-1,-6.713867188E-4
5.584583333E-1,-5.676269531E-3
5.584791667E-1,-1.953125000E-3
5.585000000E-1,1.251220703E-3
5.585208333E-1,-4.699707031E-3
5.585416667E-1,-3.021240234E-3
5.585625000E-1,-3.021240234E-3
5.585833333E-1,-2.197265625E-3
5.586041667E-1,-2.136230469E-3
5.586250000E-1,-3.997802734E-3
5.586458333E-1,1.220703125E-4
5.586666667E-1,3.967285156E-4
5.586875000E-1,-1.831054688E-3
5.587083333E-1,-2.960205078E-3
5.587291667E-1,2.868652344E-3
5.587500000E-1,-3.448486328E-3
5.587708333E-1,-1.373291016E-3
5.587916667E-1,-1.190185547E-3
5.588125000E-1,-3.997802734E-3
5.588333333E-1,-5.187988281E-4
5.588541667E-1,-7.202148438E-3
5.588750000E-1,-4.577636719E-4
5.588958333E-1,-1.525878906E-4
5.589166667E-1,-3.570556641E-3
5.589375000E-1,-2.716064453E-3
5.589583333E-1,-3.234863281E-3
5.589791667E-1,-2.105712891E-3
5.590000000E-1,-3.540039062E-3
5.590208333E-1,-4.272460938E-4
5.590416667E-1,-1.129150391E-3
5.590625000E-1,-4.089355469E-3
5.590833333E-1,-3.967285156E-4
5.591041667E-1,-2.746582031E-3
5.591250000E-1,-2.197265625E-3
5.591458333E-1,-9.765625000E-4
5.591666667E-1,-2.685546875E-3
5.591875000E-1,4.272460938E-4
5.592083333E-1,-2.532958984E-3
5.592291667E-1,1.220703125E-3
5.592500000E-1,-3.601074219E-3
5.592708333E-1,-4.333496094E-3
5.592916667E-1,-1.708984375E-3
5.593125000E-1,-4.943847656E-3
5.593333333E-1,1.739501953E-3
5.593541667E-1,-1.434326172E-3
5.593750000E-1,2.044677734E-3
5.593958333E-1,1.647949219E-3
5.594166667E-1,-2.166748047E-3
5.594375000E-1,8.850097656E-4
5.594583333E-1,1.556396484E-3
5.594791667E-1,3.753662109E-3
5.595000000E-1,7.629394531E-4
5.595208333E-1,7.629394531E-4
5.595416667E-1,1.373291016E-3
5.595625000E-1,-3.082275391E-3
5.595833333E-1,6.103515625E-5
5.596041667E-1,7.934570312E-4
5.596250000E-1,3.082275391E-3
5.596458333E-1,2.441406250E-3
5.596666667E-1,3.387451172E-3
5.596875000E-1,1.678466797E-3
5.597083333E-1,6.103515625E-4
5.597291667E-1,2.899169922E-3
5.597500000E-1,9.155273438E-5
5.597708333E-1,1.190185547E-3
5.597916667E-1,-2.136230469E-4
5.598125000E-1,1.770019531E-3
5.598333333E-1,1.617431641E-3
5.598541667E-1,5.187988281E-4
5.598750000E-1,1.953125000E-3
5.598958333E-1,-7.019042969E-4
5.599166667E-1,5.798339844E-4
5.599375000E-1,2.197265625E-3
5.599583333E-1,-1.525878906E-3
5.599791667E-1,1.525878906E-3
5.600000000E-1,2.746582031E-4
5.600208333E-1,3.051757812E-5
5.600416667E-1,-4.882812500E-4
5.600625000E-1,-1.770019531E-3
5.600833333E-1,-3.356933594E-4
5.601041667E-1,-1.464843750E-3
5.601250000E-1,-2.136230469E-4
5.601458333E-1,-1.953125000E-3
5.601666667E-1,1.312255859E-3
5.601875000E-1,-1.495361328E-3
5.602083333E-1,-1.220703125E-3
5.602291667E-1,5.798339844E-4
5.602500000E-1,-1.098632812E-3
5.602708333E-1,4.882812500E-4
5.602916667E-1,-1.403808594E-3
5.603125000E-1,-9.155273438E-4
5.603333333E-1,-1.312255859E-3
5.603541667E-1,-1.953125000E-3
5.603750000E-1,-2.136230469E-3
5.603958333E-1,-2.441406250E-4
5.604166667E-1,2.044677734E-3
5.604375000E-1,2.136230469E-3
5.604583333E-1,-1.617431641E-3
5.604791667E-1,8.850097656E-4
5.605000000E-1,1.464843750E-3
5.605208333E-1,-1.800537109E-3
5.605416667E-1,5.615234375E-3
5.605625000E-1,1.190185547E-3
5.605833333E-1,9.155273438E-4
5.606041667E-1,4.241943359E-3
5.606250000E-1,1.617431641E-3
5.606458333E-1,3.051757812E-4
5.606666667E-1,-4.272460938E-4
5.606875000E-1,2.563476562E-3
5.607083333E-1,6.713867188E-4
5.607291667E-1,1.831054688E-4
5.607500000E-1,1.831054688E-4
5.607708333E-1,-2.441406250E-4
5.607916667E-1,8.544921875E-4
5.608125000E-1,2.105712891E-3
5.608333333E-1,-1.525878906E-4
5.608541667E-1,2.899169922E-3
5.608750000E-1,-8.544921875E-4
5.608958333E-1,-2.105712891E-3
5.609166667E-1,7.324218750E-4
5.609375000E-1,-1.037597656E-3
5.609583333E-1,5.157470703E-3
5.609791667E-1,-2.288818359E-3
5.610000000E-1,3.204345703E-3
5.610208333E-1,1.342773438E-3
5.610416667E-1,2.746582031E-4
5.610625000E-1,2.166748047E-3
5.610833333E-1,4.882812500E-4
5.611041667E-1,4.211425781E-3
5.611250000E-1,-5.065917969E-3
5.611458333E-1,5.767822266E-3
5.611666667E-1,8.850097656E-4
5.611875000E-1,2.075195312E-3
5.612083333E-1,5.218505859E-3
5.612291667E-1,-3.356933594E-4
5.612500000E-1,2.227783203E-3
5.612708333E-1,3.875732422E-3
5.612916667E-1,1.617431641E-3
5.613125000E-1,1.464843750E-3
5.613333333E-1,3.570556641E-3
5.613541667E-1,5.187988281E-4
5.613750000E-1,4.058837891E-3
5.613958333E-1,2.075195312E-3
5.614166667E-1,5.889892578E-3
5.614375000E-1,2.960205078E-3
5.614583333E-1,3.784179688E-3
5.614791667E-1,4.241943359E-3
5.615000000E-1,1.373291016E-3
5.615208333E-1,6.256103516E-3
5.615416667E-1,2.136230469E-4
5.615625000E-1,2.441406250E-3
5.615833333E-1,7.324218750E-4
5.616041667E-1,1.953125000E-3
5.616250000E-1,3.662109375E-4
5.616458333E-1,-2.746582031E-4
5.616666667E-1,3.051757812E-3
5.616875000E-1,-1.403808594E-3
5.617083333E-1,4.821777344E-3
5.617291667E-1,-1.556396484E-3
5.617500000E-1,5.493164062E-3
5.617708333E-1,2.624511719E-3
5.617916667E-1,-3.662109375E-4
5.618125000E-1,8.270263672E-3
5.618333333E-1,-2.746582031E-3
5.618541667E-1,5.340576172E-3
5.618750000E-1,-7.019042969E-4
5.618958333E-1,1.251220703E-3
5.619166667E-1,5.371093750E-3
5.619375000E-1,5.493164062E-4
5.619583333E-1,6.378173828E-3
5.619791667E-1,2.105712891E-3
5.620000000E-1,4.089355469E-3
5.620208333E-1,2.227783203E-3
5.620416667E-1,4.455566406E-3
5.620625000E-1,2.960205078E-3
5.620833333E-1,2.349853516E-3
5.621041667E-1,1.220703125E-3
5.621250000E-1,2.380371094E-3
5.621458333E-1,3.753662109E-3
5.621666667E-1,3.021240234E-3
5.621875000E-1,6.500244141E-3
5.622083333E-1,3.692626953E-3
5.622291667E-1,2.838134766E-3
5.622500000E-1,-2.136230469E-4
5.622708333E-1,2.441406250E-4
5.622916667E-1,3.295898438E-3
5.623125000E-1,2.716064453E-3
5.623333333E-1,2.899169922E-3
5.623541667E-1,5.554199219E-3
5.623750000E-1,1.831054688E-3
5.623958333E-1,4.211425781E-3
5.624166667E-1,1.861572266E-3
5.624375000E-1,3.662109375E-4
5.624583333E-1,2.166748047E-3
5.624791667E-1,-2.532958984E-3
5.625000000E-1,3.692626953E-3
5.625208333E-1,2.655029297E-3
5.625416667E-1,-1.068115234E-3
5.625625000E-1,2.838134766E-3
5.625833333E-1,1.953125000E-3
5.626041667E-1,3.356933594E-3
5.626250000E-1,5.493164062E-4
5.626458333E-1,3.051757812E-4
5.626666667E-1,2.136230469E-4
5.626875000E-1,-3.814697266E-3
5.627083333E-1,-1.281738281E-3
5.627291667E-1,-5.065917969E-3
5.627500000E-1,-8.239746094E-4
5.627708333E-1,-1.770019531E-3
5.627916667E-1,1.495361328E-3
5.628125000E-1,-1.739501953E-3
5.628333333E-1,-3.906250000E-3
5.628541667E-1,3.356933594E-4
5.628750000E-1,-6.195068359E-3
5.628958333E-1,1.312255859E-3
5.629166667E-1,-4.119873047E-3
5.629375000E-1,-2.014160156E-3
5.629583333E-1,-2.532958984E-3
5.629791667E-1,-2.777099609E-3
5.630000000E-1,6.408691406E-4
5.630208333E-1,-3.753662109E-3
5.630416667E-1,4.272460938E-4
5.630625000E-1,-4.699707031E-3
5.630833333E-1,-2.471923828E-3
5.631041667E-1,-3.723144531E-3
5.631250000E-1,-6.317138672E-3
5.631458333E-1,-1.739501953E-3
5.631666667E-1,-2.136230469E-4
5.631875000E-1,-1.556396484E-3
5.632083333E-1,2.441406250E-4
5.632291667E-1,-8.239746094E-4
5.632500000E-1,-1.312255859E-3
5.632708333E-1,1.586914062E-3
5.632916667E-1,-1.770019531E-3
5.633125000E-1,-5.493164062E-4
5.633333333E-1,-4.577636719E-4
5.633541667E-1,-1.068115234E-3
5.633750000E-1,-3.234863281E-3
5.633958333E-1,8.850097656E-4
5.634166667E-1,-1.831054688E-3
5.634375000E-1,-4.882812500E-4
5.634583333E-1,2.075195312E-3
5.634791667E-1,-5.798339844E-4
5.635000000E-1,3.173828125E-3
5.635208333E-1,7.629394531E-4
5.635416667E-1,4.272460938E-4
5.635625000E-1,3.570556641E-3
5.635833333E-1,1.129150391E-3
5.636041667E-1,-9.460449219E-4
5.636250000E-1,3.662109375E-3
5.636458333E-1,-1.159667969E-3
5.636666667E-1,3.967285156E-3
5.636875000E-1,-1.831054688E-4
5.637083333E-1,1.007080078E-3
5.637291667E-1,4.180908203E-3
5.637500000E-1,-1.312255859E-3
5.637708333E-1,2.685546875E-3
5.637916667E-1,-2.075195312E-3
5.638125000E-1,1.647949219E-3
5.638333333E-1,1.525878906E-4
5.638541667E-1,-6.713867188E-4
5.638750000E-1,3.326416016E-3
5.638958333E-1,2.380371094E-3
5.639166667E-1,2.777099609E-3
5.639375000E-1,1.586914062E-3
5.639583333E-1,8.544921875E-4
5.639791667E-1,-9.460449219E-4
5.640000000E-1,-6.408691406E-4
5.640208333E-1,8.544921875E-4
5.640416667E-1,3.601074219E-3
5.640625000E-1,3.082275391E-3
5.640833333E-1,1.739501953E-3
5.641041667E-1,3.387451172E-3
5.641250000E-1,-2.990722656E-3
5.641458333E-1,3.601074219E-3
5.641666667E-1,-3.662109375E-3
5.641875000E-1,-3.540039062E-3
5.642083333E-1,3.662109375E-3
5.642291667E-1,-3.662109375E-3
5.642500000E-1,-4.577636719E-4
5.642708333E-1,-1.800537109E-3
5.642916667E-1,4.547119141E-3
5.643125000E-1,2.777099609E-3
5.643333333E-1,6.103515625E-4
5.643541667E-1,3.356933594E-3
5.643750000E-1,-1.220703125E-4
5.643958333E-1,3.814697266E-3
5.644166667E-1,-2.319335938E-3
5.644375000E-1,9.765625000E-4
5.644583333E-1,4.119873047E-3
5.644791667E-1,-1.831054688E-3
5.645000000E-1,1.525878906E-4
5.645208333E-1,4.577636719E-4
5.645416667E-1,2.716064453E-3
5.645625000E-1,-2.288818359E-3
5.645833333E-1,1.159667969E-3
5.646041667E-1,2.136230469E-3
5.646250000E-1,1.220703125E-4
5.646458333E-1,-1.464843750E-3
5.646666667E-1,3.051757812E-4
5.646875000E-1,-1.068115234E-3
5.647083333E-1,-4.425048828E-3
5.647291667E-1,-5.187988281E-4
5.647500000E-1,-5.615234375E-3
5.647708333E-1,-9.155273438E-5
5.647916667E-1,-1.800537109E-3
5.648125000E-1,-5.187988281E-3
5.648333333E-1,1.373291016E-3
5.648541667E-1,-4.394531250E-3
5.648750000E-1,3.967285156E-4
5.648958333E-1,-2.563476562E-3
5.649166667E-1,-3.845214844E-3
5.649375000E-1,7.934570312E-4
5.649583333E-1,-4.547119141E-3
5.649791667E-1,-9.155273438E-5
5.650000000E-1,-3.662109375E-3
5.650208333E-1,-2.136230469E-3
5.650416667E-1,0.000000000E0
5.650625000E-1,-4.760742188E-3
5.650833333E-1,-6.713867188E-4
5.651041667E-1,-6.011962891E-3
5.651250000E-1,-6.103515625E-5
5.651458333E-1,-3.753662109E-3
5.651666667E-1,-6.317138672E-3
5.651875000E-1,1.098632812E-3
5.652083333E-1,-6.744384766E-3
5.652291667E-1,-2.197265625E-3
5.652500000E-1,-4.364013672E-3
5.652708333E-1,-4.394531250E-3
5.652916667E-1,-5.432128906E-3
5.653125000E-1,-4.730224609E-3
5.653333333E-1,-2.593994141E-3
5.653541667E-1,-3.692626953E-3
5.653750000E-1,-7.629394531E-4
5.653958333E-1,1.220703125E-3
5.654166667E-1,-1.922607422E-3
5.654375000E-1,-2.685546875E-3
5.654583333E-1,-1.739501953E-3
5.654791667E-1,-2.105712891E-3
5.655000000E-1,-2.441406250E-3
5.655208333E-1,-2.136230469E-3
5.655416667E-1,-9.765625000E-4
5.655625000E-1,-8.544921875E-4
5.655833333E-1,7.629394531E-4
5.656041667E-1,9.155273438E-4
5.656250000E-1,3.601074219E-3
5.656458333E-1,2.380371094E-3
5.656666667E-1,1.220703125E-4
5.656875000E-1,-1.251220703E-3
5.657083333E-1,-2.410888672E-3
5.657291667E-1,-1.373291016E-3
5.657500000E-1,3.051757812E-5
5.657708333E-1,4.486083984E-3
5.657916667E-1,2.807617188E-3
5.658125000E-1,4.577636719E-4
5.658333333E-1,-1.770019531E-3
5.658541667E-1,2.075195312E-3
5.658750000E-1,-1.525878906E-4
5.658958333E-1,-2.410888672E-3
5.659166667E-1,2.044677734E-3
5.659375000E-1,-3.448486328E-3
5.659583333E-1,2.136230469E-4
5.659791667E-1,-1.342773438E-3
5.660000000E-1,1.098632812E-3
5.660208333E-1,7.019042969E-4
5.660416667E-1,-1.861572266E-3
5.660625000E-1,1.556396484E-3
5.660833333E-1,1.220703125E-4
5.661041667E-1,9.155273438E-5
5.661250000E-1,-3.234863281E-3
5.661458333E-1,-2.563476562E-3
5.661666667E-1,1.098632812E-3
5.661875000E-1,-1.525878906E-3
5.662083333E-1,-1.037597656E-3
5.662291667E-1,1.007080078E-3
5.662500000E-1,-2.746582031E-4
5.662708333E-1,2.136230469E-4
5.662916667E-1,-2.410888672E-3
5.663125000E-1,2.929687500E-3
5.663333333E-1,2.929687500E-3
5.663541667E-1,-1.525878906E-4
5.663750000E-1,1.251220703E-3
5.663958333E-1,-1.953125000E-3
5.664166667E-1,1.281738281E-3
5.664375000E-1,-8.544921875E-4
5.664583333E-1,-2.746582031E-4
5.664791667E-1,2.136230469E-4
5.665000000E-1,-2.960205078E-3
5.665208333E-1,1.892089844E-3
5.665416667E-1,-2.929687500E-3
5.665625000E-1,4.272460938E-3
5.665833333E-1,-9.765625000E-4
5.666041667E-1,1.281738281E-3
5.666250000E-1,1.586914062E-3
5.666458333E-1,-3.387451172E-3
5.666666667E-1,6.408691406E-3
5.666875000E-1,-4.791259766E-3
5.667083333E-1,3.234863281E-3
5.667291667E-1,-1.007080078E-3
5.667500000E-1,5.798339844E-4
5.667708333E-1,5.493164062E-3
5.667916667E-1,-1.708984375E-3
5.668125000E-1,2.807617188E-3
5.668333333E-1,-3.845214844E-3
5.668541667E-1,3.936767578E-3
5.668750000E-1,-1.800537109E-3
5.668958333E-1,8.850097656E-4
5.669166667E-1,3.417968750E-3
5.669375000E-1,-2.105712891E-3
5.669583333E-1,4.180908203E-3
5.669791667E-1,-5.828857422E-3
5.670000000E-1,3.570556641E-3
5.670208333E-1,-2.075195312E-3
5.670416667E-1,3.753662109E-3
5.670625000E-1,3.723144531E-3
5.670833333E-1,-2.136230469E-3
5.671041667E-1,6.011962891E-3
5.671250000E-1,-6.103515625E-4
5.671458333E-1,5.706787109E-3
5.671666667E-1,7.019042969E-4
5.671875000E-1,4.150390625E-3
5.672083333E-1,3.692626953E-3
5.672291667E-1,-1.068115234E-3
5.672500000E-1,1.495361328E-3
5.672708333E-1,-1.983642578E-3
5.672916667E-1,1.495361328E-3
5.673125000E-1,1.007080078E-3
5.673333333E-1,7.019042969E-4
5.673541667E-1,1.129150391E-3
5.673750000E-1,2.746582031E-3
5.673958333E-1,3.784179688E-3
5.674166667E-1,-7.934570312E-4
5.674375000E-1,1.831054688E-3
5.674583333E-1,7.934570312E-4
5.674791667E-1,-2.166748047E-3
5.675000000E-1,-1.525878906E-4
5.675208333E-1,-2.807617188E-3
5.675416667E-1,7.019042969E-4
5.675625000E-1,1.251220703E-3
5.675833333E-1,-2.593994141E-3
5.676041667E-1,-1.220703125E-4
5.676250000E-1,-1.220703125E-4
5.676458333E-1,-4.882812500E-3
5.676666667E-1,-6.103515625E-5
5.676875000E-1,-1.770019531E-3
5.677083333E-1,-2.532958984E-3
5.677291667E-1,-1.525878906E-4
5.677500000E-1,-1.495361328E-3
5.677708333E-1,-1.831054688E-4
5.677916667E-1,-4.699707031E-3
5.678125000E-1,-1.800537109E-3
5.678333333E-1,-3.234863281E-3
5.678541667E-1,-1.190185547E-3
5.678750000E-1,-4.577636719E-4
5.678958333E-1,-3.234863281E-3
5.679166667E-1,-3.631591797E-3
5.679375000E-1,-2.349853516E-3
5.679583333E-1,-2.532958984E-3
5.679791667E-1,-5.218505859E-3
5.680000000E-1,3.051757812E-4
5.680208333E-1,-8.544921875E-4
5.680416667E-1,-4.089355469E-3
5.680625000E-1,-9.765625000E-4
5.680833333E-1,-4.821777344E-3
5.681041667E-1,-9.155273438E-4
5.681250000E-1,-2.227783203E-3
5.681458333E-1,-3.295898438E-3
5.681666667E-1,-3.570556641E-3
5.681875000E-1,-4.882812500E-3
5.682083333E-1,1.373291016E-3
5.682291667E-1,-3.845214844E-3
5.682500000E-1,-1.831054688E-4
5.682708333E-1,-1.403808594E-3
5.682916667E-1,-3.692626953E-3
5.683125000E-1,-1.251220703E-3
5.683333333E-1,-5.889892578E-3
5.683541667E-1,-3.601074219E-3
5.683750000E-1,-5.401611328E-3
5.683958333E-1,-1.831054688E-4
5.684166667E-1,-2.502441406E-3
5.684375000E-1,-3.845214844E-3
5.684583333E-1,2.960205078E-3
5.684791667E-1,-7.019042969E-4
5.685000000E-1,1.251220703E-3
5.685208333E-1,-1.892089844E-3
5.685416667E-1,-3.051757812E-4
5.685625000E-1,-4.333496094E-3
5.685833333E-1,-1.434326172E-3
5.686041667E-1,-1.495361328E-3
5.686250000E-1,-3.173828125E-3
5.686458333E-1,3.387451172E-3
5.686666667E-1,-3.570556641E-3
5.686875000E-1,2.105712891E-3
5.687083333E-1,-1.037597656E-3
5.687291667E-1,8.850097656E-4
5.687500000E-1,1.556396484E-3
5.687708333E-1,-3.082275391E-3
5.687916667E-1,6.439208984E-3
5.688125000E-1,4.272460938E-4
5.688333333E-1,-2.807617188E-3
5.688541667E-1,2.319335938E-3
5.688750000E-1,-1.159667969E-3
5.688958333E-1,9.155273438E-5
5.689166667E-1,-5.493164062E-4
5.689375000E-1,2.288818359E-3
5.689583333E-1,1.831054688E-3
5.689791667E-1,1.953125000E-3
5.690000000E-1,-1.312255859E-3
5.690208333E-1,2.380371094E-3
5.690416667E-1,3.601074219E-3
5.690625000E-1,-2.288818359E-3
5.690833333E-1,5.767822266E-3
5.691041667E-1,1.220703125E-4
5.691250000E-1,7.873535156E-3
5.691458333E-1,2.044677734E-3
5.691666667E-1,2.258300781E-3
5.691875000E-1,3.356933594E-3
5.692083333E-1,-1.525878906E-3
5.692291667E-1,4.547119141E-3
5.692500000E-1,-8.850097656E-4
5.692708333E-1,2.136230469E-3
5.692916667E-1,1.007080078E-3
5.693125000E-1,3.143310547E-3
5.693333333E-1,3.082275391E-3
5.693541667E-1,-8.850097656E-4
5.693750000E-1,1.708984375E-3
5.693958333E-1,2.105712891E-3
5.694166667E-1,-4.577636719E-4
5.694375000E-1,9.155273438E-4
5.694583333E-1,-3.051757812E-4
5.694791667E-1,5.615234375E-3
5.695000000E-1,-1.251220703E-3
5.695208333E-1,1.220703125E-4
5.695416667E-1,4.089355469E-3
5.695625000E-1,-3.662109375E-3
5.695833333E-1,4.364013672E-3
5.696041667E-1,-1.373291016E-3
5.696250000E-1,7.324218750E-4
5.696458333E-1,-2.105712891E-3
5.696666667E-1,-4.882812500E-4
5.696875000E-1,2.075195312E-3
5.697083333E-1,-2.868652344E-3
5.697291667E-1,4.974365234E-3
5.697500000E-1,-2.075195312E-3
5.697708333E-1,3.967285156E-4
5.697916667E-1,-2.349853516E-3
5.698125000E-1,8.239746094E-4
5.698333333E-1,8.850097656E-4
5.698541667E-1,-3.967285156E-4
5.698750000E-1,5.645751953E-3
5.698958333E-1,-2.258300781E-3
5.699166667E-1,5.615234375E-3
5.699375000E-1,-1.922607422E-3
5.699583333E-1,-2.441406250E-4
5.699791667E-1,1.892089844E-3
5.700000000E-1,-1.556396484E-3
5.700208333E-1,1.800537109E-3
5.700416667E-1,-4.577636719E-3
5.700625000E-1,1.129150391E-3
5.700833333E-1,-1.739501953E-3
5.701041667E-1,-4.394531250E-3
5.701250000E-1,-3.356933594E-3
5.701458333E-1,2.441406250E-4
5.701666667E-1,-1.800537109E-3
5.701875000E-1,-4.089355469E-3
5.702083333E-1,4.180908203E-3
5.702291667E-1,-1.953125000E-3
5.702500000E-1,5.798339844E-4
5.702708333E-1,2.899169922E-3
5.702916667E-1,-1.739501953E-3
5.703125000E-1,3.265380859E-3
5.703333333E-1,-9.460449219E-4
5.703541667E-1,-1.464843750E-3
5.703750000E-1,-6.103515625E-4
5.703958333E-1,-1.617431641E-3
5.704166667E-1,8.850097656E-4
5.704375000E-1,-2.258300781E-3
5.704583333E-1,1.678466797E-3
5.704791667E-1,-2.563476562E-3
5.705000000E-1,-1.892089844E-3
5.705208333E-1,-2.716064453E-3
5.705416667E-1,-3.723144531E-3
5.705625000E-1,2.319335938E-3
5.705833333E-1,-1.495361328E-3
5.706041667E-1,1.586914062E-3
5.706250000E-1,-2.258300781E-3
5.706458333E-1,-1.434326172E-3
5.706666667E-1,-1.739501953E-3
5.706875000E-1,-2.563476562E-3
5.707083333E-1,4.730224609E-3
5.707291667E-1,-5.798339844E-4
5.707500000E-1,6.103515625E-5
5.707708333E-1,-7.629394531E-4
5.707916667E-1,-2.227783203E-3
5.708125000E-1,1.678466797E-3
5.708333333E-1,-2.746582031E-3
5.708541667E-1,-8.239746094E-4
5.708750000E-1,-5.279541016E-3
5.708958333E-1,-2.532958984E-3
5.709166667E-1,-1.220703125E-4
5.709375000E-1,-4.791259766E-3
5.709583333E-1,1.678466797E-3
5.709791667E-1,-2.380371094E-3
5.710000000E-1,-1.281738281E-3
5.710208333E-1,-4.577636719E-4
5.710416667E-1,-4.577636719E-4
5.710625000E-1,-2.532958984E-3
5.710833333E-1,-2.502441406E-3
5.711041667E-1,-1.678466797E-3
5.711250000E-1,-3.082275391E-3
5.711458333E-1,3.265380859E-3
5.711666667E-1,-3.479003906E-3
5.711875000E-1,-9.460449219E-4
5.712083333E-1,-6.103515625E-4
5.712291667E-1,-4.119873047E-3
5.712500000E-1,-2.655029297E-3
5.712708333E-1,-1.617431641E-3
5.712916667E-1,-7.934570312E-4
5.713125000E-1,-3.662109375E-3
5.713333333E-1,-1.892089844E-3
5.713541667E-1,-1.800537109E-3
5.713750000E-1,1.403808594E-3
5.713958333E-1,3.967285156E-4
5.714166667E-1,1.953125000E-3
5.714375000E-1,1.739501953E-3
5.714583333E-1,-2.899169922E-3
5.714791667E-1,-1.586914062E-3
5.715000000E-1,-6.103515625E-5
5.715208333E-1,-1.892089844E-3
5.715416667E-1,3.356933594E-3
5.715625000E-1,3.692626953E-3
5.715833333E-1,2.136230469E-3
5.716041667E-1,5.462646484E-3
5.716250000E-1,7.934570312E-4
5.716458333E-1,3.540039062E-3
5.716666667E-1,1.739501953E-3
5.716875000E-1,7.629394531E-4
5.717083333E-1,1.068115234E-3
5.717291667E-1,9.155273438E-5
5.717500000E-1,4.272460938E-4
5.717708333E-1,5.187988281E-4
5.717916667E-1,4.577636719E-3
5.718125000E-1,1.251220703E-3
5.718333333E-1,3.662109375E-3
5.718541667E-1,3.662109375E-4
5.718750000E-1,8.850097656E-4
5.718958333E-1,4.547119141E-3
5.719166667E-1,-3.051757812E-5
5.719375000E-1,6.042480469E-3
5.719583333E-1,-1.495361328E-3
5.719791667E-1,1.220703125E-3
5.720000000E-1,1.190185547E-3
5.720208333E-1,-3.692626953E-3
5.720416667E-1,2.532958984E-3
5.720625000E-1,-3.723144531E-3
5.720833333E-1,2.746582031E-4
5.721041667E-1,1.831054688E-4
5.721250000E-1,-1.220703125E-3
5.721458333E-1,2.960205078E-3
5.721666667E-1,-3.662109375E-4
5.721875000E-1,6.408691406E-4
5.722083333E-1,-2.990722656E-3
5.722291667E-1,1.739501953E-3
5.722500000E-1,-2.227783203E-3
5.722708333E-1,-1.251220703E-3
5.722916667E-1,4.882812500E-3
5.723125000E-1,-1.831054688E-3
5.723333333E-1,2.593994141E-3
5.723541667E-1,-3.082275391E-3
5.723750000E-1,3.906250000E-3
5.723958333E-1,3.051757812E-4
5.724166667E-1,-2.014160156E-3
5.724375000E-1,1.556396484E-3
5.724583333E-1,-5.462646484E-3
5.724791667E-1,2.014160156E-3
5.725000000E-1,-5.371093750E-3
5.725208333E-1,-2.532958984E-3
5.725416667E-1,-1.129150391E-3
5.725625000E-1,-2.532958984E-3
5.725833333E-1,9.155273438E-5
5.726041667E-1,-4.669189453E-3
5.726250000E-1,3.051757812E-5
5.726458333E-1,-3.265380859E-3
5.726666667E-1,-9.155273438E-4
5.726875000E-1,-3.906250000E-3
5.727083333E-1,0.000000000E0
5.727291667E-1,1.953125000E-3
5.727500000E-1,-6.072998047E-3
5.727708333E-1,1.831054688E-3
5.727916667E-1,-3.662109375E-3
5.728125000E-1,-8.239746094E-4
5.728333333E-1,-2.441406250E-4
5.728541667E-1,2.685546875E-3
5.728750000E-1,1.159667969E-3
5.728958333E-1,-3.356933594E-3
5.729166667E-1,3.509521484E-3
5.729375000E-1,-3.875732422E-3
5.729583333E-1,3.723144531E-3
5.729791667E-1,-2.441406250E-3
5.730000000E-1,-1.007080078E-3
5.730208333E-1,1.342773438E-3
5.730416667E-1,-5.157470703E-3
5.730625000E-1,5.584716797E-3
5.730833333E-1,-1.190185547E-3
5.731041667E-1,4.547119141E-3
5.731250000E-1,-2.014160156E-3
5.731458333E-1,1.525878906E-4
5.731666667E-1,4.241943359E-3
5.731875000E-1,-5.828857422E-3
5.732083333E-1,4.821777344E-3
5.732291667E-1,-9.155273438E-5
5.732500000E-1,2.258300781E-3
5.732708333E-1,5.493164062E-4
5.732916667E-1,-2.746582031E-4
5.733125000E-1,3.143310547E-3
5.733333333E-1,1.831054688E-4
5.733541667E-1,4.791259766E-3
5.733750000E-1,-3.967285156E-4
5.733958333E-1,4.241943359E-3
5.734166667E-1,-1.098632812E-3
5.734375000E-1,3.967285156E-4
5.734583333E-1,1.861572266E-3
5.734791667E-1,-3.967285156E-4
5.735000000E-1,3.784179688E-3
5.735208333E-1,1.434326172E-3
5.735416667E-1,5.767822266E-3
5.735625000E-1,1.892089844E-3
5.735833333E-1,2.868652344E-3
5.736041667E-1,2.105712891E-3
5.736250000E-1,2.380371094E-3
5.736458333E-1,1.342773438E-3
5.736666667E-1,3.662109375E-4
5.736875000E-1,3.662109375E-4
5.737083333E-1,2.380371094E-3
5.737291667E-1,1.403808594E-3
5.737500000E-1,1.190185547E-3
5.737708333E-1,5.035400391E-3
5.737916667E-1,2.227783203E-3
5.738125000E-1,3.906250000E-3
5.738333333E-1,3.967285156E-4
5.738541667E-1,1.434326172E-3
5.738750000E-1,8.544921875E-4
5.738958333E-1,-1.068115234E-3
5.739166667E-1,2.593994141E-3
5.739375000E-1,2.136230469E-4
5.739583333E-1,1.281738281E-3
5.739791667E-1,2.502441406E-3
5.740000000E-1,2.258300781E-3
5.740208333E-1,2.197265625E-3
5.740416667E-1,3.356933594E-4
5.740625000E-1,1.525878906E-3
5.740833333E-1,1.770019531E-3
5.741041667E-1,-3.906250000E-3
5.741250000E-1,2.136230469E-4
5.741458333E-1,2.746582031E-4
5.741666667E-1,5.493164062E-4
5.741875000E-1,-9.460449219E-4
5.742083333E-1,-2.532958984E-3
5.742291667E-1,-1.831054688E-4
5.742500000E-1,-5.767822266E-3
5.742708333E-1,-2.746582031E-4
5.742916667E-1,-3.143310547E-3
5.743125000E-1,-1.220703125E-3
5.743333333E-1,9.765625000E-4
5.743541667E-1,-2.014160156E-3
5.743750000E-1,-6.408691406E-4
5.743958333E-1,-4.364013672E-3
5.744166667E-1,-6.103515625E-5
5.744375000E-1,-1.800537109E-3
5.744583333E-1,-9.765625000E-4
5.744791667E-1,5.493164062E-4
5.745000000E-1,-3.784179688E-3
5.745208333E-1,1.464843750E-3
5.745416667E-1,4.882812500E-4
5.745625000E-1,-3.326416016E-3
5.745833333E-1,-1.983642578E-3
5.746041667E-1,-2.227783203E-3
5.746250000E-1,-2.655029297E-3
5.746458333E-1,-2.624511719E-3
5.746666667E-1,2.136230469E-4
5.746875000E-1,-2.227783203E-3
5.747083333E-1,-1.251220703E-3
5.747291667E-1,8.544921875E-4
5.747500000E-1,-1.312255859E-3
5.747708333E-1,-1.525878906E-3
5.747916667E-1,2.136230469E-4
5.748125000E-1,1.953125000E-3
5.748333333E-1,-1.495361328E-3
5.748541667E-1,-7.019042969E-4
5.748750000E-1,1.831054688E-3
5.748958333E-1,-2.136230469E-4
5.749166667E-1,1.525878906E-4
5.749375000E-1,4.028320312E-3
5.749583333E-1,7.934570312E-4
5.749791667E-1,1.190185547E-3
5.750000000E-1,1.312255859E-3
5.750208333E-1,1.464843750E-3
5.750416667E-1,2.593994141E-3
5.750625000E-1,7.629394531E-4
5.750833333E-1,1.647949219E-3
5.751041667E-1,1.068115234E-3
5.751250000E-1,3.173828125E-3
5.751458333E-1,3.540039062E-3
5.751666667E-1,3.540039062E-3
5.751875000E-1,5.035400391E-3
5.752083333E-1,4.272460938E-3
5.752291667E-1,3.997802734E-3
5.752500000E-1,4.608154297E-3
5.752708333E-1,3.051757812E-3
5.752916667E-1,2.441406250E-4
5.753125000E-1,3.662109375E-3
5.753333333E-1,3.112792969E-3
5.753541667E-1,1.708984375E-3
5.753750000E-1,3.082275391E-3
5.753958333E-1,1.983642578E-3
5.754166667E-1,4.577636719E-3
5.754375000E-1,2.075195312E-3
5.754583333E-1,2.624511719E-3
5.754791667E-1,1.129150391E-3
5.755000000E-1,8.850097656E-4
5.755208333E-1,1.342773438E-3
5.755416667E-1,-2.014160156E-3
5.755625000E-1,2.655029297E-3
5.755833333E-1,1.831054688E-3
5.756041667E-1,1.068115234E-3
5.756250000E-1,1.831054688E-4
5.756458333E-1,5.493164062E-4
5.756666667E-1,7.629394531E-4
5.756875000E-1,-1.220703125E-3
5.757083333E-1,1.922607422E-3
5.757291667E-1,-1.556396484E-3
5.757500000E-1,-3.723144531E-3
5.757708333E-1,-1.129150391E-3
5.757916667E-1,-8.544921875E-4
5.758125000E-1,5.493164062E-4
5.758333333E-1,-1.525878906E-4
5.758541667E-1,1.342773438E-3
5.758750000E-1,-2.471923828E-3
5.758958333E-1,-2.166748047E-3
5.759166667E-1,-7.324218750E-4
5.759375000E-1,-1.434326172E-3
5.759583333E-1,-3.662109375E-4
5.759791667E-1,-3.967285156E-3
5.760000000E-1,-1.037597656E-3
5.760208333E-1,-2.349853516E-3
5.760416667E-1,-4.821777344E-3
5.760625000E-1,-1.312255859E-3
5.760833333E-1,-7.324218750E-4
5.761041667E-1,-4.730224609E-3
5.761250000E-1,-7.019042969E-4
5.761458333E-1,-4.821777344E-3
5.761666667E-1,-1.159667969E-3
5.761875000E-1,-1.129150391E-3
5.762083333E-1,-2.960205078E-3
5.762291667E-1,-1.831054688E-3
5.762500000E-1,-3.936767578E-3
5.762708333E-1,-6.103515625E-5
5.762916667E-1,-7.537841797E-3
5.763125000E-1,3.051757812E-4
5.763333333E-1,-7.629394531E-3
5.763541667E-1,-3.295898438E-3
5.763750000E-1,-6.408691406E-4
5.763958333E-1,-6.988525391E-3
5.764166667E-1,1.373291016E-3
5.764375000E-1,-5.859375000E-3
5.764583333E-1,-1.495361328E-3
5.764791667E-1,-5.432128906E-3
5.765000000E-1,-4.150390625E-3
5.765208333E-1,-1.739501953E-3
5.765416667E-1,-4.241943359E-3
5.765625000E-1,-1.220703125E-4
5.765833333E-1,-3.662109375E-3
5.766041667E-1,1.098632812E-3
5.766250000E-1,-2.044677734E-3
5.766458333E-1,-1.220703125E-3
5.766666667E-1,1.251220703E-3
5.766875000E-1,-2.716064453E-3
5.767083333E-1,6.103515625E-5
5.767291667E-1,-7.629394531E-4
5.767500000E-1,5.798339844E-4
5.767708333E-1,-5.187988281E-4
5.767916667E-1,-3.143310547E-3
5.768125000E-1,-6.103515625E-5
5.768333333E-1,-2.716064453E-3
5.768541667E-1,-2.532958984E-3
5.768750000E-1,-2.502441406E-3
5.768958333E-1,-7.934570312E-4
5.769166667E-1,-2.624511719E-3
5.769375000E-1,-5.493164062E-4
5.769583333E-1,8.850097656E-4
5.769791667E-1,6.713867188E-4
5.770000000E-1,2.044677734E-3
5.770208333E-1,-3.051757812E-4
5.770416667E-1,6.713867188E-4
5.770625000E-1,-1.708984375E-3
5.770833333E-1,9.765625000E-4
5.771041667E-1,-3.387451172E-3
5.771250000E-1,-4.577636719E-4
5.771458333E-1,2.777099609E-3
5.771666667E-1,-1.403808594E-3
5.771875000E-1,-1.373291016E-3
5.772083333E-1,-1.525878906E-4
5.772291667E-1,1.495361328E-3
5.772500000E-1,-1.495361328E-3
5.772708333E-1,7.324218750E-4
5.772916667E-1,-2.838134766E-3
5.773125000E-1,-7.324218750E-4
5.773333333E-1,7.324218750E-4
5.773541667E-1,-5.493164062E-4
5.773750000E-1,4.302978516E-3
5.773958333E-1,1.129150391E-3
5.774166667E-1,3.387451172E-3
5.774375000E-1,2.319335938E-3
5.774583333E-1,1.251220703E-3
5.774791667E-1,2.899169922E-3
5.775000000E-1,2.838134766E-3
5.775208333E-1,4.028320312E-3
5.775416667E-1,4.394531250E-3
5.775625000E-1,2.532958984E-3
5.775833333E-1,3.295898438E-3
5.776041667E-1,1.220703125E-3
5.776250000E-1,1.983642578E-3
5.776458333E-1,3.173828125E-3
5.776666667E-1,1.403808594E-3
5.776875000E-1,3.326416016E-3
5.777083333E-1,-4.272460938E-4
5.777291667E-1,2.746582031E-4
5.777500000E-1,1.983642578E-3
5.777708333E-1,8.850097656E-4
5.777916667E-1,3.662109375E-3
5.778125000E-1,2.502441406E-3
5.778333333E-1,1.556396484E-3
5.778541667E-1,3.417968750E-3
5.778750000E-1,-7.019042969E-4
5.778958333E-1,5.798339844E-4
5.779166667E-1,2.716064453E-3
5.779375000E-1,2.105712891E-3
5.779583333E-1,2.136230469E-4
5.779791667E-1,4.760742188E-3
5.780000000E-1,4.821777344E-3
5.780208333E-1,1.983642578E-3
5.780416667E-1,1.861572266E-3
5.780625000E-1,-6.103515625E-5
5.780833333E-1,2.777099609E-3
5.781041667E-1,-2.288818359E-3
5.781250000E-1,-5.798339844E-4
5.781458333E-1,2.197265625E-3
5.781666667E-1,6.713867188E-4
5.781875000E-1,4.516601562E-3
5.782083333E-1,-5.798339844E-4
5.782291667E-1,1.556396484E-3
5.782500000E-1,8.544921875E-4
5.782708333E-1,4.882812500E-4
5.782916667E-1,3.051757812E-5
5.783125000E-1,-2.441406250E-3
5.783333333E-1,1.403808594E-3
5.783541667E-1,-2.441406250E-4
5.783750000E-1,1.495361328E-3
5.783958333E-1,-3.112792969E-3
5.784166667E-1,1.617431641E-3
5.784375000E-1,-5.493164062E-4
5.784583333E-1,-6.103515625E-4
5.784791667E-1,1.708984375E-3
5.785000000E-1,-1.220703125E-4
5.785208333E-1,3.326416016E-3
5.785416667E-1,1.159667969E-3
5.785625000E-1,3.479003906E-3
5.785833333E-1,0.000000000E0
5.786041667E-1,3.143310547E-3
5.786250000E-1,-1.831054688E-4
5.786458333E-1,-2.777099609E-3
5.786666667E-1,1.586914062E-3
5.786875000E-1,8.239746094E-4
5.787083333E-1,1.403808594E-3
5.787291667E-1,2.929687500E-3
5.787500000E-1,1.312255859E-3
5.787708333E-1,-7.324218750E-4
5.787916667E-1,1.861572266E-3
5.788125000E-1,-1.129150391E-3
5.788333333E-1,1.983642578E-3
5.788541667E-1,-3.967285156E-4
5.788750000E-1,1.495361328E-3
5.788958333E-1,2.990722656E-3
5.789166667E-1,2.136230469E-4
5.789375000E-1,2.685546875E-3
5.789583333E-1,-1.312255859E-3
5.789791667E-1,2.716064453E-3
5.790000000E-1,3.662109375E-4
5.790208333E-1,-1.525878906E-3
5.790416667E-1,3.082275391E-3
5.790625000E-1,6.408691406E-4
5.790833333E-1,3.173828125E-3
5.791041667E-1,2.136230469E-4
5.791250000E-1,-3.631591797E-3
5.791458333E-1,1.312255859E-3
5.791666667E-1,-1.831054688E-3
5.791875000E-1,-7.019042969E-4
5.792083333E-1,1.220703125E-3
5.792291667E-1,-1.861572266E-3
5.792500000E-1,1.892089844E-3
5.792708333E-1,3.051757812E-5
5.792916667E-1,2.777099609E-3
5.793125000E-1,2.563476562E-3
5.793333333E-1,-1.831054688E-4
5.793541667E-1,1.647949219E-3
5.793750000E-1,-1.770019531E-3
5.793958333E-1,3.326416016E-3
5.794166667E-1,-5.798339844E-4
5.794375000E-1,-6.103515625E-5
5.794583333E-1,2.502441406E-3
5.794791667E-1,3.662109375E-4
5.795000000E-1,2.105712891E-3
5.795208333E-1,-6.408691406E-4
5.795416667E-1,2.655029297E-3
5.795625000E-1,-1.037597656E-3
5.795833333E-1,-2.441406250E-4
5.796041667E-1,1.678466797E-3
5.796250000E-1,-7.629394531E-4
5.796458333E-1,3.540039062E-3
5.796666667E-1,7.324218750E-4
5.796875000E-1,4.241943359E-3
5.797083333E-1,2.441406250E-4
5.797291667E-1,-3.051757812E-5
5.797500000E-1,1.464843750E-3
5.797708333E-1,-7.019042969E-4
5.797916667E-1,5.004882812E-3
5.798125000E-1,9.765625000E-4
5.798333333E-1,2.624511719E-3
5.798541667E-1,2.441406250E-3
5.798750000E-1,7.019042969E-4
5.798958333E-1,2.441406250E-4
5.799166667E-1,1.678466797E-3
5.799375000E-1,2.563476562E-3
5.799583333E-1,2.899169922E-3
5.799791667E-1,-6.103515625E-5
5.800000000E-1,-1.434326172E-3
5.800208333E-1,3.723144531E-3
5.800416667E-1,-7.324218750E-4
5.800625000E-1,1.281738281E-3
5.800833333E-1,-1.708984375E-3
5.801041667E-1,-3.479003906E-3
5.801250000E-1,8.850097656E-4
5.801458333E-1,-2.380371094E-3
5.801666667E-1,2.105712891E-3
5.801875000E-1,-3.967285156E-4
5.802083333E-1,-8.850097656E-4
5.802291667E-1,9.765625000E-4
5.802500000E-1,3.967285156E-4
5.802708333E-1,3.356933594E-4
5.802916667E-1,-8.239746094E-4
5.803125000E-1,-3.356933594E-4
5.803333333E-1,-1.007080078E-3
5.803541667E-1,-6.408691406E-4
5.803750000E-1,-2.471923828E-3
5.803958333E-1,-1.525878906E-3
5.804166667E-1,-2.197265625E-3
5.804375000E-1,-1.220703125E-3
5.804583333E-1,-3.326416016E-3
5.804791667E-1,-2.593994141E-3
5.805000000E-1,-3.356933594E-3
5.805208333E-1,-3.387451172E-3
5.805416667E-1,-1.434326172E-3
5.805625000E-1,-3.143310547E-3
5.805833333E-1,-1.525878906E-4
5.806041667E-1,-3.479003906E-3
5.806250000E-1,-1.464843750E-3
5.806458333E-1,-1.342773438E-3
5.806666667E-1,-1.647949219E-3
5.806875000E-1,-1.464843750E-3
5.807083333E-1,-1.159667969E-3
5.807291667E-1,-7.324218750E-4
5.807500000E-1,-2.075195312E-3
5.807708333E-1,-1.159667969E-3
5.807916667E-1,-2.593994141E-3
5.808125000E-1,-7.324218750E-4
5.808333333E-1,-1.434326172E-3
5.808541667E-1,-7.629394531E-4
5.808750000E-1,-1.861572266E-3
5.808958333E-1,6.103515625E-4
5.809166667E-1,-3.967285156E-4
5.809375000E-1,1.220703125E-4
5.809583333E-1,-1.434326172E-3
5.809791667E-1,-1.831054688E-3
5.810000000E-1,2.166748047E-3
5.810208333E-1,-3.967285156E-4
5.810416667E-1,-7.324218750E-4
5.810625000E-1,-3.051757812E-4
5.810833333E-1,1.342773438E-3
5.811041667E-1,-1.312255859E-3
5.811250000E-1,5.798339844E-4
5.811458333E-1,8.239746094E-4
5.811666667E-1,1.312255859E-3
5.811875000E-1,-4.577636719E-4
5.812083333E-1,2.319335938E-3
5.812291667E-1,1.220703125E-3
5.812500000E-1,-7.629394531E-4
5.812708333E-1,1.251220703E-3
5.812916667E-1,-1.831054688E-4
5.813125000E-1,7.629394531E-4
5.813333333E-1,-9.460449219E-4
5.813541667E-1,3.601074219E-3
5.813750000E-1,-7.019042969E-4
5.813958333E-1,-5.798339844E-4
5.814166667E-1,4.577636719E-4
5.814375000E-1,-8.239746094E-4
5.814583333E-1,1.373291016E-3
5.814791667E-1,-1.037597656E-3
5.815000000E-1,-1.708984375E-3
5.815208333E-1,3.051757812E-4
5.815416667E-1,-5.798339844E-4
5.815625000E-1,-4.882812500E-4
5.815833333E-1,7.019042969E-4
5.816041667E-1,-4.119873047E-3
5.816250000E-1,-5.798339844E-4
5.816458333E-1,-2.746582031E-4
5.816666667E-1,-1.647949219E-3
5.816875000E-1,4.882812500E-4
5.817083333E-1,-2.746582031E-4
5.817291667E-1,-3.967285156E-4
5.817500000E-1,-7.324218750E-4
5.817708333E-1,-3.051757812E-4
5.817916667E-1,-6.713867188E-4
5.818125000E-1,5.493164062E-4
5.818333333E-1,-6.103515625E-5
5.818541667E-1,-3.479003906E-3
5.818750000E-1,9.460449219E-4
5.818958333E-1,-1.007080078E-3
5.819166667E-1,-1.464843750E-3
5.819375000E-1,-2.593994141E-3
5.819583333E-1,-2.471923828E-3
5.819791667E-1,-1.220703125E-4
5.820000000E-1,-2.075195312E-3
5.820208333E-1,1.525878906E-3
5.820416667E-1,-3.204345703E-3
5.820625000E-1,-4.577636719E-4
5.820833333E-1,-3.631591797E-3
5.821041667E-1,-4.425048828E-3
5.821250000E-1,-7.934570312E-4
5.821458333E-1,-5.706787109E-3
5.821666667E-1,-7.934570312E-4
5.821875000E-1,1.831054688E-4
5.822083333E-1,-1.159667969E-3
5.822291667E-1,-2.990722656E-3
5.822500000E-1,-1.831054688E-3
5.822708333E-1,-1.800537109E-3
5.822916667E-1,-1.129150391E-3
5.823125000E-1,-3.387451172E-3
5.823333333E-1,-1.373291016E-3
5.823541667E-1,1.037597656E-3
5.823750000E-1,-1.525878906E-3
5.823958333E-1,0.000000000E0
5.824166667E-1,-2.441406250E-4
5.824375000E-1,8.544921875E-4
5.824583333E-1,-4.577636719E-4
5.824791667E-1,-9.765625000E-4
5.825000000E-1,3.356933594E-4
5.825208333E-1,5.798339844E-4
5.825416667E-1,4.425048828E-3
5.825625000E-1,2.716064453E-3
5.825833333E-1,-2.258300781E-3
5.826041667E-1,3.143310547E-3
5.826250000E-1,-1.281738281E-3
5.826458333E-1,-1.831054688E-4
5.826666667E-1,3.540039062E-3
5.826875000E-1,1.831054688E-4
5.827083333E-1,-6.713867188E-4
5.827291667E-1,2.441406250E-4
5.827500000E-1,1.708984375E-3
5.827708333E-1,-9.155273438E-4
5.827916667E-1,-1.312255859E-3
5.828125000E-1,2.746582031E-4
5.828333333E-1,3.662109375E-4
5.828541667E-1,1.220703125E-4
5.828750000E-1,5.187988281E-4
5.828958333E-1,2.105712891E-3
5.829166667E-1,7.324218750E-4
5.829375000E-1,-1.495361328E-3
5.829583333E-1,1.983642578E-3
5.829791667E-1,-7.629394531E-4
5.830000000E-1,-1.586914062E-3
5.830208333E-1,3.051757812E-4
5.830416667E-1,1.892089844E-3
5.830625000E-1,5.493164062E-4
5.830833333E-1,-1.129150391E-3
5.831041667E-1,2.227783203E-3
5.831250000E-1,-2.838134766E-3
5.831458333E-1,1.007080078E-3
5.831666667E-1,1.831054688E-3
5.831875000E-1,-2.044677734E-3
5.832083333E-1,2.105712891E-3
5.832291667E-1,-3.417968750E-3
5.832500000E-1,1.342773438E-3
5.832708333E-1,6.103515625E-4
5.832916667E-1,-1.281738281E-3
5.833125000E-1,1.647949219E-3
5.833333333E-1,-1.098632812E-3
5.833541667E-1,1.525878906E-4
5.833750000E-1,-2.197265625E-3
5.833958333E-1,1.861572266E-3
5.834166667E-1,6.103515625E-5
5.834375000E-1,1.220703125E-4
5.834583333E-1,7.019042969E-4
5.834791667E-1,-2.441406250E-4
5.835000000E-1,3.875732422E-3
5.835208333E-1,-2.410888672E-3
5.835416667E-1,1.861572266E-3
5.835625000E-1,2.746582031E-4
5.835833333E-1,-2.593994141E-3
5.836041667E-1,-1.831054688E-4
5.836250000E-1,-3.997802734E-3
5.836458333E-1,3.540039062E-3
5.836666667E-1,-5.798339844E-4
5.836875000E-1,1.281738281E-3
5.837083333E-1,1.770019531E-3
5.837291667E-1,3.967285156E-4
5.837500000E-1,5.950927734E-3
5.837708333E-1,-1.190185547E-3
5.837916667E-1,2.197265625E-3
5.838125000E-1,1.586914062E-3
5.838333333E-1,6.408691406E-4
5.838541667E-1,-4.272460938E-4
5.838750000E-1,-5.187988281E-4
5.838958333E-1,4.577636719E-4
5.839166667E-1,6.713867188E-4
5.839375000E-1,1.953125000E-3
5.839583333E-1,-3.051757812E-5
5.839791667E-1,2.716064453E-3
5.840000000E-1,-4.882812500E-4
5.840208333E-1,1.800537109E-3
5.840416667E-1,2.868652344E-3
5.840625000E-1,-1.190185547E-3
5.840833333E-1,7.934570312E-4
5.841041667E-1,-2.716064453E-3
5.841250000E-1,4.272460938E-4
5.841458333E-1,2.197265625E-3
5.841666667E-1,-8.239746094E-4
5.841875000E-1,1.434326172E-3
5.842083333E-1,1.220703125E-3
5.842291667E-1,3.051757812E-4
5.842500000E-1,-6.103515625E-4
5.842708333E-1,3.051757812E-4
5.842916667E-1,0.000000000E0
5.843125000E-1,1.556396484E-3
5.843333333E-1,-1.373291016E-3
5.843541667E-1,-1.403808594E-3
5.843750000E-1,-1.525878906E-3
5.843958333E-1,-6.103515625E-4
5.844166667E-1,-2.380371094E-3
5.844375000E-1,-3.051757812E-4
5.844583333E-1,1.037597656E-3
5.844791667E-1,-1.403808594E-3
5.845000000E-1,6.103515625E-5
5.845208333E-1,-1.892089844E-3
5.845416667E-1,1.068115234E-3
5.845625000E-1,-2.655029297E-3
5.845833333E-1,-3.051757812E-5
5.846041667E-1,-1.892089844E-3
5.846250000E-1,-1.647949219E-3
5.846458333E-1,2.227783203E-3
5.846666667E-1,-2.807617188E-3
5.846875000E-1,2.197265625E-3
5.847083333E-1,-4.882812500E-4
5.847291667E-1,1.983642578E-3
5.847500000E-1,-1.037597656E-3
5.847708333E-1,-1.861572266E-3
5.847916667E-1,1.403808594E-3
5.848125000E-1,-3.356933594E-3
5.848333333E-1,1.525878906E-3
5.848541667E-1,-1.098632812E-3
5.848750000E-1,1.007080078E-3
5.848958333E-1,-3.295898438E-3
5.849166667E-1,-4.272460938E-4
5.849375000E-1,-1.342773438E-3
5.849583333E-1,-2.929687500E-3
5.849791667E-1,1.861572266E-3
5.850000000E-1,-3.417968750E-3
5.850208333E-1,1.403808594E-3
5.850416667E-1,-1.312255859E-3
5.850625000E-1,-1.220703125E-3
5.850833333E-1,-1.495361328E-3
5.851041667E-1,-2.899169922E-3
5.851250000E-1,1.434326172E-3
5.851458333E-1,-4.425048828E-3
5.851666667E-1,-2.441406250E-4
5.851875000E-1,-4.272460938E-4
5.852083333E-1,-1.464843750E-3
5.852291667E-1,1.586914062E-3
5.852500000E-1,-1.098632812E-3
5.852708333E-1,-6.713867188E-4
5.852916667E-1,-1.708984375E-3
5.853125000E-1,6.103515625E-5
5.853333333E-1,-1.586914062E-3
5.853541667E-1,-2.777099609E-3
5.853750000E-1,4.272460938E-4
5.853958333E-1,-2.746582031E-3
5.854166667E-1,-8.239746094E-4
5.854375000E-1,4.882812500E-4
5.854583333E-1,8.850097656E-4
5.854791667E-1,-6.103515625E-4
5.855000000E-1,7.934570312E-4
5.855208333E-1,5.493164062E-4
5.855416667E-1,-3.448486328E-3
5.855625000E-1,-3.051757812E-4
5.855833333E-1,-3.967285156E-3
5.856041667E-1,-1.190185547E-3
5.856250000E-1,-2.349853516E-3
5.856458333E-1,-2.166748047E-3
5.856666667E-1,-8.544921875E-4
5.856875000E-1,-2.075195312E-3
5.857083333E-1,-6.408691406E-4
5.857291667E-1,6.103515625E-5
5.857500000E-1,9.155273438E-4
5.857708333E-1,2.746582031E-4
5.857916667E-1,9.765625000E-4
5.858125000E-1,1.342773438E-3
5.858333333E-1,-4.882812500E-4
5.858541667E-1,-6.408691406E-4
5.858750000E-1,6.103515625E-4
5.858958333E-1,3.967285156E-4
5.859166667E-1,9.765625000E-4
5.859375000E-1,-1.007080078E-3
5.859583333E-1,-1.129150391E-3
5.859791667E-1,1.220703125E-3
5.860000000E-1,1.525878906E-4
5.860208333E-1,-9.155273438E-4
5.860416667E-1,8.544921875E-4
5.860625000E-1,1.831054688E-4
5.860833333E-1,3.356933594E-4
5.861041667E-1,7.629394531E-4
5.861250000E-1,7.324218750E-4
5.861458333E-1,9.155273438E-5
5.861666667E-1,5.493164062E-4
5.861875000E-1,1.892089844E-3
5.862083333E-1,2.014160156E-3
5.862291667E-1,2.502441406E-3
5.862500000E-1,3.906250000E-3
5.862708333E-1,7.934570312E-4
5.862916667E-1,2.807617188E-3
5.863125000E-1,1.831054688E-3
5.863333333E-1,-8.239746094E-4
5.863541667E-1,1.129150391E-3
5.863750000E-1,7.934570312E-4
5.863958333E-1,7.019042969E-4
5.864166667E-1,-4.882812500E-4
5.864375000E-1,2.136230469E-4
5.864583333E-1,1.525878906E-4
5.864791667E-1,2.105712891E-3
5.865000000E-1,-2.624511719E-3
5.865208333E-1,1.373291016E-3
5.865416667E-1,1.678466797E-3
5.865625000E-1,1.342773438E-3
5.865833333E-1,2.014160156E-3
5.866041667E-1,-3.295898438E-3
5.866250000E-1,-1.403808594E-3
5.866458333E-1,-4.028320312E-3
5.866666667E-1,-1.098632812E-3
5.866875000E-1,-2.197265625E-3
5.867083333E-1,-1.159667969E-3
5.867291667E-1,3.051757812E-5
5.867500000E-1,3.662109375E-4
5.867708333E-1,5.493164062E-4
5.867916667E-1,-1.617431641E-3
5.868125000E-1,-2.136230469E-4
5.868333333E-1,-3.631591797E-3
5.868541667E-1,-1.525878906E-4
5.868750000E-1,-1.434326172E-3
5.868958333E-1,-1.586914062E-3
5.869166667E-1,9.155273438E-4
5.869375000E-1,-1.159667969E-3
5.869583333E-1,-9.155273438E-5
5.869791667E-1,1.525878906E-3
5.870000000E-1,4.577636719E-4
5.870208333E-1,1.403808594E-3
5.870416667E-1,1.007080078E-3
5.870625000E-1,-3.601074219E-3
5.870833333E-1,-1.220703125E-3
5.871041667E-1,-4.272460938E-3
5.871250000E-1,1.037597656E-3
5.871458333E-1,-2.136230469E-4
5.871666667E-1,-1.708984375E-3
5.871875000E-1,1.190185547E-3
5.872083333E-1,-3.417968750E-3
5.872291667E-1,-1.525878906E-4
5.872500000E-1,-3.753662109E-3
5.872708333E-1,-9.765625000E-4
5.872916667E-1,6.713867188E-4
5.873125000E-1,-1.770019531E-3
5.873333333E-1,2.044677734E-3
5.873541667E-1,-1.037597656E-3
5.873750000E-1,2.136230469E-4
5.873958333E-1,2.136230469E-4
5.874166667E-1,-3.051757812E-5
5.874375000E-1,-5.493164062E-4
5.874583333E-1,-1.770019531E-3
5.874791667E-1,-5.798339844E-4
5.875000000E-1,-3.540039062E-3
5.875208333E-1,-6.103515625E-5
5.875416667E-1,-9.765625000E-4
5.875625000E-1,-2.075195312E-3
5.875833333E-1,-5.493164062E-4
5.876041667E-1,-1.037597656E-3
5.876250000E-1,-9.155273438E-5
5.876458333E-1,-1.831054688E-3
5.876666667E-1,-9.460449219E-4
5.876875000E-1,-9.765625000E-4
5.877083333E-1,-2.441406250E-3
5.877291667E-1,-2.349853516E-3
5.877500000E-1,-4.852294922E-3
5.877708333E-1,-8.239746094E-4
5.877916667E-1,-1.464843750E-3
5.878125000E-1,-4.516601562E-3
5.878333333E-1,-3.356933594E-4
5.878541667E-1,-1.495361328E-3
5.878750000E-1,-1.525878906E-3
5.878958333E-1,-2.227783203E-3
5.879166667E-1,-1.678466797E-3
5.879375000E-1,-1.556396484E-3
5.879583333E-1,-3.662109375E-3
5.879791667E-1,-1.403808594E-3
5.880000000E-1,2.746582031E-4
5.880208333E-1,-3.967285156E-4
5.880416667E-1,-8.239746094E-4
5.880625000E-1,1.525878906E-4
5.880833333E-1,7.934570312E-4
5.881041667E-1,-1.861572266E-3
5.881250000E-1,-1.617431641E-3
5.881458333E-1,-1.098632812E-3
5.881666667E-1,-1.525878906E-4
5.881875000E-1,3.051757812E-5
5.882083333E-1,-2.441406250E-3
5.882291667E-1,8.850097656E-4
5.882500000E-1,-1.953125000E-3
5.882708333E-1,-2.441406250E-3
5.882916667E-1,-9.155273438E-4
5.883125000E-1,-1.678466797E-3
5.883333333E-1,2.075195312E-3
5.883541667E-1,-1.739501953E-3
5.883750000E-1,-9.155273438E-5
5.883958333E-1,5.798339844E-4
5.884166667E-1,-1.068115234E-3
5.884375000E-1,-7.934570312E-4
5.884583333E-1,-9.155273438E-5
5.884791667E-1,7.934570312E-4
5.885000000E-1,-8.850097656E-4
5.885208333E-1,6.713867188E-4
5.885416667E-1,5.187988281E-4
5.885625000E-1,1.556396484E-3
5.885833333E-1,-8.544921875E-4
5.886041667E-1,1.129150391E-3
5.886250000E-1,-2.441406250E-4
5.886458333E-1,-1.586914062E-3
5.886666667E-1,-1.312255859E-3
5.886875000E-1,-7.019042969E-4
5.887083333E-1,1.098632812E-3
5.887291667E-1,3.051757812E-4
5.887500000E-1,5.493164062E-4
5.887708333E-1,1.220703125E-3
5.887916667E-1,9.155273438E-4
5.888125000E-1,6.408691406E-4
5.888333333E-1,1.647949219E-3
5.888541667E-1,1.678466797E-3
5.888750000E-1,1.708984375E-3
5.888958333E-1,-3.356933594E-4
5.889166667E-1,2.532958984E-3
5.889375000E-1,4.577636719E-4
5.889583333E-1,2.227783203E-3
5.889791667E-1,2.014160156E-3
5.890000000E-1,1.708984375E-3
5.890208333E-1,1.983642578E-3
5.890416667E-1,-6.713867188E-4
5.890625000E-1,2.471923828E-3
5.890833333E-1,1.647949219E-3
5.891041667E-1,2.014160156E-3
5.891250000E-1,2.838134766E-3
5.891458333E-1,1.647949219E-3
5.891666667E-1,2.166748047E-3
5.891875000E-1,4.119873047E-3
5.892083333E-1,6.103515625E-4
5.892291667E-1,2.502441406E-3
5.892500000E-1,2.563476562E-3
5.892708333E-1,1.495361328E-3
5.892916667E-1,7.019042969E-4
5.893125000E-1,1.159667969E-3
5.893333333E-1,2.777099609E-3
5.893541667E-1,2.593994141E-3
5.893750000E-1,5.035400391E-3
5.893958333E-1,2.777099609E-3
5.894166667E-1,2.899169922E-3
5.894375000E-1,1.586914062E-3
5.894583333E-1,3.387451172E-3
5.894791667E-1,4.150390625E-3
5.895000000E-1,3.082275391E-3
5.895208333E-1,1.770019531E-3
5.895416667E-1,7.629394531E-4
5.895625000E-1,2.929687500E-3
5.895833333E-1,-6.103515625E-5
5.896041667E-1,1.495361328E-3
5.896250000E-1,2.227783203E-3
5.896458333E-1,6.103515625E-4
5.896666667E-1,3.173828125E-3
5.896875000E-1,1.434326172E-3
5.897083333E-1,3.234863281E-3
5.897291667E-1,2.014160156E-3
5.897500000E-1,8.850097656E-4
5.897708333E-1,2.593994141E-3
5.897916667E-1,3.967285156E-4
5.898125000E-1,1.525878906E-4
5.898333333E-1,7.324218750E-4
5.898541667E-1,9.460449219E-4
5.898750000E-1,2.014160156E-3
5.898958333E-1,1.159667969E-3
5.899166667E-1,1.647949219E-3
5.899375000E-1,2.166748047E-3
5.899583333E-1,-2.746582031E-4
5.899791667E-1,5.798339844E-4
5.900000000E-1,-1.159667969E-3
5.900208333E-1,6.408691406E-4
5.900416667E-1,-1.586914062E-3
5.900625000E-1,1.617431641E-3
5.900833333E-1,9.460449219E-4
5.901041667E-1,-3.387451172E-3
5.901250000E-1,2.136230469E-4
5.901458333E-1,-4.272460938E-4
5.901666667E-1,-4.882812500E-4
5.901875000E-1,-1.281738281E-3
5.902083333E-1,-1.831054688E-3
5.902291667E-1,-1.678466797E-3
5.902500000E-1,2.746582031E-4
5.902708333E-1,-2.471923828E-3
5.902916667E-1,-2.716064453E-3
5.903125000E-1,-1.159667969E-3
5.903333333E-1,-8.850097656E-4
5.903541667E-1,2.441406250E-4
5.903750000E-1,-2.136230469E-3
5.903958333E-1,-1.373291016E-3
5.904166667E-1,-3.967285156E-4
5.904375000E-1,-2.319335938E-3
5.904583333E-1,-3.051757812E-4
5.904791667E-1,-2.075195312E-3
5.905000000E-1,-2.868652344E-3
5.905208333E-1,-1.525878906E-4
5.905416667E-1,-1.586914062E-3
5.905625000E-1,7.324218750E-4
5.905833333E-1,-4.882812500E-4
5.906041667E-1,-2.899169922E-3
5.906250000E-1,1.678466797E-3
5.906458333E-1,7.629394531E-4
5.906666667E-1,3.662109375E-4
5.906875000E-1,2.075195312E-3
5.907083333E-1,2.441406250E-4
5.907291667E-1,3.662109375E-4
5.907500000E-1,-1.556396484E-3
5.907708333E-1,-6.103515625E-5
5.907916667E-1,-1.220703125E-3
5.908125000E-1,-5.187988281E-4
5.908333333E-1,-1.586914062E-3
5.908541667E-1,1.037597656E-3
5.908750000E-1,1.342773438E-3
5.908958333E-1,6.713867188E-4
5.909166667E-1,1.556396484E-3
5.909375000E-1,-1.647949219E-3
5.909583333E-1,1.312255859E-3
5.909791667E-1,-3.936767578E-3
5.910000000E-1,2.258300781E-3
5.910208333E-1,-3.051757812E-4
5.910416667E-1,-7.629394531E-4
5.910625000E-1,4.180908203E-3
5.910833333E-1,-7.629394531E-4
5.911041667E-1,2.685546875E-3
5.911250000E-1,6.103515625E-5
5.911458333E-1,2.807617188E-3
5.911666667E-1,5.798339844E-4
5.911875000E-1,-2.746582031E-4
5.912083333E-1,1.708984375E-3
5.912291667E-1,-7.934570312E-4
5.912500000E-1,7.629394531E-4
5.912708333E-1,-3.967285156E-4
5.912916667E-1,-1.190185547E-3
5.913125000E-1,3.662109375E-4
5.913333333E-1,5.493164062E-4
5.913541667E-1,-1.495361328E-3
5.913750000E-1,-1.403808594E-3
5.913958333E-1,-1.281738281E-3
5.914166667E-1,-3.662109375E-4
5.914375000E-1,1.831054688E-4
5.914583333E-1,1.251220703E-3
5.914791667E-1,-5.493164062E-4
5.915000000E-1,3.051757812E-5
5.915208333E-1,-3.051757812E-5
5.915416667E-1,-7.324218750E-4
5.915625000E-1,1.525878906E-4
5.915833333E-1,-3.662109375E-4
5.916041667E-1,1.220703125E-3
5.916250000E-1,-9.155273438E-4
5.916458333E-1,2.136230469E-3
5.916666667E-1,1.312255859E-3
5.916875000E-1,-3.356933594E-4
5.917083333E-1,2.563476562E-3
5.917291667E-1,4.272460938E-4
5.917500000E-1,3.967285156E-4
5.917708333E-1,4.272460938E-4
5.917916667E-1,7.934570312E-4
5.918125000E-1,6.103515625E-5
5.918333333E-1,-6.103515625E-4
5.918541667E-1,-3.051757812E-4
5.918750000E-1,1.281738281E-3
5.918958333E-1,1.037597656E-3
5.919166667E-1,-9.155273438E-5
5.919375000E-1,1.129150391E-3
5.919583333E-1,3.051757812E-4
5.919791667E-1,-1.281738281E-3
5.920000000E-1,1.251220703E-3
5.920208333E-1,3.326416016E-3
5.920416667E-1,-5.798339844E-4
5.920625000E-1,-3.356933594E-4
5.920833333E-1,-2.746582031E-4
5.921041667E-1,-8.239746094E-4
5.921250000E-1,6.408691406E-4
5.921458333E-1,1.525878906E-4
5.921666667E-1,1.831054688E-4
5.921875000E-1,2.258300781E-3
5.922083333E-1,-8.850097656E-4
5.922291667E-1,1.678466797E-3
5.922500000E-1,1.525878906E-3
5.922708333E-1,1.953125000E-3
5.922916667E-1,2.563476562E-3
5.923125000E-1,-7.629394531E-4
5.923333333E-1,1.708984375E-3
5.923541667E-1,7.324218750E-4
5.923750000E-1,9.155273438E-5
5.923958333E-1,4.882812500E-4
5.924166667E-1,3.662109375E-4
5.924375000E-1,7.934570312E-4
5.924583333E-1,-3.051757812E-4
5.924791667E-1,-1.007080078E-3
5.925000000E-1,2.746582031E-4
5.925208333E-1,-1.098632812E-3
5.925416667E-1,1.312255859E-3
5.925625000E-1,6.103515625E-4
5.925833333E-1,-8.544921875E-4
5.926041667E-1,-2.746582031E-4
5.926250000E-1,-8.850097656E-4
5.926458333E-1,-3.051757812E-4
5.926666667E-1,-3.051757812E-4
5.926875000E-1,1.983642578E-3
5.927083333E-1,-7.019042969E-4
5.927291667E-1,1.464843750E-3
5.927500000E-1,7.324218750E-4
5.927708333E-1,1.831054688E-4
5.927916667E-1,1.220703125E-3
5.928125000E-1,8.544921875E-4
5.928333333E-1,3.173828125E-3
5.928541667E-1,-5.187988281E-4
5.928750000E-1,2.288818359E-3
5.928958333E-1,-3.051757812E-4
5.929166667E-1,-8.544921875E-4
5.929375000E-1,1.281738281E-3
5.929583333E-1,-2.655029297E-3
5.929791667E-1,1.190185547E-3
5.930000000E-1,7.629394531E-4
5.930208333E-1,6.713867188E-4
5.930416667E-1,5.493164062E-4
5.930625000E-1,1.770019531E-3
5.930833333E-1,1.464843750E-3
5.931041667E-1,3.662109375E-4
5.931250000E-1,3.570556641E-3
5.931458333E-1,1.281738281E-3
5.931666667E-1,5.798339844E-4
5.931875000E-1,-1.312255859E-3
5.932083333E-1,-2.746582031E-4
5.932291667E-1,2.929687500E-3
5.932500000E-1,-2.136230469E-4
5.932708333E-1,7.934570312E-4
5.932916667E-1,1.373291016E-3
5.933125000E-1,-2.014160156E-3
5.933333333E-1,-3.051757812E-4
5.933541667E-1,-3.967285156E-4
5.933750000E-1,-4.882812500E-4
5.933958333E-1,1.007080078E-3
5.934166667E-1,-7.324218750E-4
5.934375000E-1,4.577636719E-4
5.934583333E-1,-6.408691406E-4
5.934791667E-1,-4.882812500E-4
5.935000000E-1,6.103515625E-4
5.935208333E-1,-1.007080078E-3
5.935416667E-1,-3.051757812E-4
5.935625000E-1,-1.953125000E-3
5.935833333E-1,4.272460938E-4
5.936041667E-1,-1.373291016E-3
5.936250000E-1,-1.892089844E-3
5.936458333E-1,-3.662109375E-4
5.936666667E-1,-2.075195312E-3
5.936875000E-1,-1.861572266E-3
5.937083333E-1,-2.960205078E-3
5.937291667E-1,7.324218750E-4
5.937500000E-1,-2.624511719E-3
5.937708333E-1,-2.838134766E-3
5.937916667E-1,3.051757812E-5
5.938125000E-1,1.525878906E-4
5.938333333E-1,-1.037597656E-3
5.938541667E-1,-1.251220703E-3
5.938750000E-1,1.220703125E-3
5.938958333E-1,-1.251220703E-3
5.939166667E-1,-4.882812500E-4
5.939375000E-1,-2.075195312E-3
5.939583333E-1,-2.441406250E-4
5.939791667E-1,1.342773438E-3
5.940000000E-1,-2.014160156E-3
5.940208333E-1,2.441406250E-3
5.940416667E-1,-3.051757812E-5
5.940625000E-1,-1.617431641E-3
5.940833333E-1,-1.190185547E-3
5.941041667E-1,-1.617431641E-3
5.941250000E-1,1.251220703E-3
5.941458333E-1,5.187988281E-4
5.941666667E-1,-5.798339844E-4
5.941875000E-1,8.239746094E-4
5.942083333E-1,-3.662109375E-4
5.942291667E-1,-9.155273438E-4
5.942500000E-1,9.155273438E-5
5.942708333E-1,-1.068115234E-3
5.942916667E-1,-4.272460938E-4
5.943125000E-1,-2.685546875E-3
5.943333333E-1,-9.155273438E-5
5.943541667E-1,1.190185547E-3
5.943750000E-1,-3.051757812E-5
5.943958333E-1,-3.356933594E-4
5.944166667E-1,1.525878906E-3
5.944375000E-1,1.373291016E-3
5.944583333E-1,-2.349853516E-3
5.944791667E-1,7.629394531E-4
5.945000000E-1,-6.713867188E-4
5.945208333E-1,1.586914062E-3
5.945416667E-1,8.544921875E-4
5.945625000E-1,-9.155273438E-4
5.945833333E-1,1.831054688E-4
5.946041667E-1,-1.831054688E-4
5.946250000E-1,1.068115234E-3
5.946458333E-1,8.239746094E-4
5.946666667E-1,1.312255859E-3
5.946875000E-1,-8.239746094E-4
5.947083333E-1,-3.662109375E-4
5.947291667E-1,1.708984375E-3
5.947500000E-1,1.037597656E-3
5.947708333E-1,9.765625000E-4
5.947916667E-1,1.373291016E-3
5.948125000E-1,2.441406250E-4
5.948333333E-1,9.155273438E-4
5.948541667E-1,-1.495361328E-3
5.948750000E-1,2.441406250E-4
5.948958333E-1,7.934570312E-4
5.949166667E-1,5.187988281E-4
5.949375000E-1,1.007080078E-3
5.949583333E-1,1.220703125E-4
5.949791667E-1,6.103515625E-4
5.950000000E-1,-1.068115234E-3
5.950208333E-1,1.770019531E-3
5.950416667E-1,-9.765625000E-4
5.950625000E-1,1.525878906E-4
5.950833333E-1,3.509521484E-3
5.951041667E-1,3.601074219E-3
5.951250000E-1,3.936767578E-3
5.951458333E-1,3.234863281E-3
5.951666667E-1,3.997802734E-3
5.951875000E-1,5.737304688E-3
5.952083333E-1,4.028320312E-3
5.952291667E-1,3.356933594E-3
5.952500000E-1,2.380371094E-3
5.952708333E-1,1.281738281E-3
5.952916667E-1,3.021240234E-3
5.953125000E-1,6.103515625E-4
5.953333333E-1,1.739501953E-3
5.953541667E-1,3.295898438E-3
5.953750000E-1,-4.882812500E-4
5.953958333E-1,3.021240234E-3
5.954166667E-1,1.739501953E-3
5.954375000E-1,9.155273438E-4
5.954583333E-1,7.934570312E-4
5.954791667E-1,-1.007080078E-3
5.955000000E-1,3.662109375E-4
5.955208333E-1,-6.103515625E-4
5.955416667E-1,3.051757812E-4
5.955625000E-1,1.586914062E-3
5.955833333E-1,2.929687500E-3
5.956041667E-1,3.936767578E-3
5.956250000E-1,2.166748047E-3
5.956458333E-1,3.112792969E-3
5.956666667E-1,3.723144531E-3
5.956875000E-1,1.800537109E-3
5.957083333E-1,8.544921875E-4
5.957291667E-1,-1.525878906E-4
5.957500000E-1,9.155273438E-4
5.957708333E-1,-1.831054688E-3
5.957916667E-1,-5.187988281E-4
5.958125000E-1,-7.629394531E-4
5.958333333E-1,-1.007080078E-3
5.958541667E-1,-1.586914062E-3
5.958750000E-1,-1.770019531E-3
5.958958333E-1,1.525878906E-4
5.959166667E-1,-1.831054688E-3
5.959375000E-1,-1.831054688E-4
5.959583333E-1,-1.129150391E-3
5.959791667E-1,-2.075195312E-3
5.960000000E-1,-2.044677734E-3
5.960208333E-1,-2.868652344E-3
5.960416667E-1,-4.272460938E-3
5.960625000E-1,-1.983642578E-3
5.960833333E-1,-1.281738281E-3
5.961041667E-1,-3.662109375E-4
5.961250000E-1,1.861572266E-3
5.961458333E-1,-7.934570312E-4
5.961666667E-1,-1.831054688E-4
5.961875000E-1,-1.708984375E-3
5.962083333E-1,-1.007080078E-3
5.962291667E-1,-2.258300781E-3
5.962500000E-1,-3.906250000E-3
5.962708333E-1,-6.408691406E-4
5.962916667E-1,-2.990722656E-3
5.963125000E-1,-1.068115234E-3
5.963333333E-1,-5.493164062E-4
5.963541667E-1,-1.373291016E-3
5.963750000E-1,2.746582031E-4
5.963958333E-1,-2.655029297E-3
5.964166667E-1,-4.272460938E-4
5.964375000E-1,8.850097656E-4
5.964583333E-1,-5.493164062E-4
5.964791667E-1,1.373291016E-3
5.965000000E-1,1.342773438E-3
5.965208333E-1,3.662109375E-4
5.965416667E-1,-3.051757812E-4
5.965625000E-1,7.629394531E-4
5.965833333E-1,1.586914062E-3
5.966041667E-1,1.068115234E-3
5.966250000E-1,1.892089844E-3
5.966458333E-1,-3.051757812E-4
5.966666667E-1,-6.103515625E-4
5.966875000E-1,9.460449219E-4
5.967083333E-1,-9.155273438E-5
5.967291667E-1,1.373291016E-3
5.967500000E-1,1.220703125E-3
5.967708333E-1,1.464843750E-3
5.967916667E-1,1.342773438E-3
5.968125000E-1,-1.220703125E-4
5.968333333E-1,-6.103515625E-4
5.968541667E-1,-4.882812500E-4
5.968750000E-1,1.556396484E-3
5.968958333E-1,1.556396484E-3
5.969166667E-1,9.765625000E-4
5.969375000E-1,2.349853516E-3
5.969583333E-1,3.051757812E-4
5.969791667E-1,5.798339844E-4
5.970000000E-1,2.288818359E-3
5.970208333E-1,9.155273438E-4
5.970416667E-1,2.655029297E-3
5.970625000E-1,2.868652344E-3
5.970833333E-1,1.800537109E-3
5.971041667E-1,2.441406250E-3
5.971250000E-1,2.624511719E-3
5.971458333E-1,2.685546875E-3
5.971666667E-1,1.159667969E-3
5.971875000E-1,2.166748047E-3
5.972083333E-1,2.075195312E-3
5.972291667E-1,6.103515625E-4
5.972500000E-1,3.540039062E-3
5.972708333E-1,1.098632812E-3
5.972916667E-1,-1.525878906E-4
5.973125000E-1,1.800537109E-3
5.973333333E-1,1.220703125E-3
5.973541667E-1,1.892089844E-3
5.973750000E-1,2.746582031E-4
5.973958333E-1,7.019042969E-4
5.974166667E-1,6.103515625E-4
5.974375000E-1,-1.373291016E-3
5.974583333E-1,2.593994141E-3
5.974791667E-1,4.272460938E-4
5.975000000E-1,1.220703125E-4
5.975208333E-1,1.068115234E-3
5.975416667E-1,-1.342773438E-3
5.975625000E-1,-5.187988281E-4
5.975833333E-1,-1.831054688E-4
5.976041667E-1,-1.037597656E-3
5.976250000E-1,-1.434326172E-3
5.976458333E-1,-3.051757812E-5
5.976666667E-1,-1.190185547E-3
5.976875000E-1,-1.403808594E-3
5.977083333E-1,3.051757812E-4
5.977291667E-1,1.098632812E-3
5.977500000E-1,-7.629394531E-4
5.977708333E-1,-3.051757812E-5
5.977916667E-1,-8.239746094E-4
5.978125000E-1,-3.967285156E-4
5.978333333E-1,-1.556396484E-3
5.978541667E-1,-5.187988281E-4
5.978750000E-1,-9.155273438E-5
5.978958333E-1,1.007080078E-3
5.979166667E-1,6.103515625E-4
5.979375000E-1,1.525878906E-4
5.979583333E-1,5.493164062E-4
5.979791667E-1,-1.525878906E-4
5.980000000E-1,8.239746094E-4
5.980208333E-1,-1.220703125E-3
5.980416667E-1,7.019042969E-4
5.980625000E-1,-8.544921875E-4
5.980833333E-1,5.493164062E-4
5.981041667E-1,-1.800537109E-3
5.981250000E-1,-2.136230469E-4
5.981458333E-1,4.272460938E-4
5.981666667E-1,-3.295898438E-3
5.981875000E-1,2.075195312E-3
5.982083333E-1,-1.159667969E-3
5.982291667E-1,-2.105712891E-3
5.982500000E-1,2.746582031E-4
5.982708333E-1,0.000000000E0
5.982916667E-1,-7.934570312E-4
5.983125000E-1,-7.324218750E-4
5.983333333E-1,-1.770019531E-3
5.983541667E-1,-1.770019531E-3
5.983750000E-1,-2.014160156E-3
5.983958333E-1,-2.746582031E-3
5.984166667E-1,-9.155273438E-5
5.984375000E-1,-4.882812500E-4
5.984583333E-1,3.051757812E-5
5.984791667E-1,-5.493164062E-4
5.985000000E-1,-2.471923828E-3
5.985208333E-1,-1.525878906E-4
5.985416667E-1,7.019042969E-4
5.985625000E-1,-3.051757812E-5
5.985833333E-1,9.155273438E-4
5.986041667E-1,5.493164062E-4
5.986250000E-1,-4.882812500E-4
5.986458333E-1,2.960205078E-3
5.986666667E-1,-3.967285156E-4
5.986875000E-1,9.765625000E-4
5.987083333E-1,1.312255859E-3
5.987291667E-1,-8.239746094E-4
5.987500000E-1,-2.380371094E-3
5.987708333E-1,-8.850097656E-4
5.987916667E-1,7.019042969E-4
5.988125000E-1,-1.708984375E-3
5.988333333E-1,1.007080078E-3
5.988541667E-1,-2.044677734E-3
5.988750000E-1,1.098632812E-3
5.988958333E-1,-1.495361328E-3
5.989166667E-1,-6.408691406E-4
5.989375000E-1,-1.525878906E-4
5.989583333E-1,-1.708984375E-3
5.989791667E-1,3.967285156E-4
5.990000000E-1,-6.408691406E-4
5.990208333E-1,1.495361328E-3
5.990416667E-1,-1.220703125E-4
5.990625000E-1,2.105712891E-3
5.990833333E-1,-1.861572266E-3
5.991041667E-1,-9.155273438E-5
5.991250000E-1,2.258300781E-3
5.991458333E-1,-2.716064453E-3
5.991666667E-1,1.525878906E-4
5.991875000E-1,-7.629394531E-4
5.992083333E-1,8.850097656E-4
5.992291667E-1,1.525878906E-4
5.992500000E-1,9.765625000E-4
5.992708333E-1,2.319335938E-3
5.992916667E-1,-3.356933594E-4
5.993125000E-1,8.850097656E-4
5.993333333E-1,-1.831054688E-4
5.993541667E-1,-2.441406250E-4
5.993750000E-1,-5.493164062E-4
5.993958333E-1,-1.098632812E-3
5.994166667E-1,-6.408691406E-4
5.994375000E-1,5.798339844E-4
5.994583333E-1,1.159667969E-3
5.994791667E-1,1.464843750E-3
5.995000000E-1,4.272460938E-4
5.995208333E-1,4.272460938E-4
5.995416667E-1,-4.272460938E-4
5.995625000E-1,-1.373291016E-3
5.995833333E-1,-1.342773438E-3
5.996041667E-1,-9.155273438E-5
5.996250000E-1,2.136230469E-4
5.996458333E-1,-1.831054688E-4
5.996666667E-1,1.861572266E-3
5.996875000E-1,-7.019042969E-4
5.997083333E-1,-1.251220703E-3
5.997291667E-1,4.272460938E-4
5.997500000E-1,-1.159667969E-3
5.997708333E-1,-1.129150391E-3
5.997916667E-1,-5.187988281E-4
5.998125000E-1,1.495361328E-3
5.998333333E-1,-3.356933594E-4
5.998541667E-1,1.159667969E-3
5.998750000E-1,1.037597656E-3
5.998958333E-1,7.934570312E-4
5.999166667E-1,7.629394531E-4
5.999375000E-1,-3.601074219E-3
5.999583333E-1,1.312255859E-3
5.999791667E-1,-3.662109375E-3
6.000000000E-1,-1.739501953E-3
6.000208333E-1,-2.258300781E-3
6.000416667E-1,-1.190185547E-3
6.000625000E-1,6.103515625E-5
6.000833333E-1,-2.288818359E-3
6.001041667E-1,4.577636719E-4
6.001250000E-1,3.662109375E-4
6.001458333E-1,1.464843750E-3
6.001666667E-1,-6.713867188E-4
6.001875000E-1,1.953125000E-3
6.002083333E-1,-2.227783203E-3
6.002291667E-1,-1.495361328E-3
6.002500000E-1,-1.586914062E-3
6.002708333E-1,-2.044677734E-3
6.002916667E-1,5.493164062E-4
6.003125000E-1,-1.281738281E-3
6.003333333E-1,-7.629394531E-4
6.003541667E-1,-2.410888672E-3
6.003750000E-1,-4.882812500E-4
6.003958333E-1,-4.302978516E-3
6.004166667E-1,-3.021240234E-3
6.004375000E-1,-1.251220703E-3
6.004583333E-1,-4.791259766E-3
6.004791667E-1,3.051757812E-5
6.005000000E-1,-3.814697266E-3
6.005208333E-1,-1.586914062E-3
6.005416667E-1,-2.685546875E-3
6.005625000E-1,-3.662109375E-3
6.005833333E-1,-3.448486328E-3
6.006041667E-1,-3.906250000E-3
6.006250000E-1,1.678466797E-3
6.006458333E-1,-4.150390625E-3
6.006666667E-1,-1.159667969E-3
6.006875000E-1,-7.324218750E-4
6.007083333E-1,-1.220703125E-3
6.007291667E-1,-1.983642578E-3
6.007500000E-1,-2.044677734E-3
6.007708333E-1,1.464843750E-3
6.007916667E-1,-5.798339844E-4
6.008125000E-1,1.220703125E-4
6.008333333E-1,-3.509521484E-3
6.008541667E-1,1.037597656E-3
6.008750000E-1,-1.983642578E-3
6.008958333E-1,-8.850097656E-4
6.009166667E-1,2.410888672E-3
6.009375000E-1,-3.936767578E-3
6.009583333E-1,-1.220703125E-4
6.009791667E-1,-1.220703125E-4
6.010000000E-1,-1.251220703E-3
6.010208333E-1,-1.464843750E-3
6.010416667E-1,-5.493164062E-4
6.010625000E-1,1.586914062E-3
6.010833333E-1,-7.934570312E-4
6.011041667E-1,-1.831054688E-3
6.011250000E-1,-4.577636719E-4
6.011458333E-1,7.324218750E-4
6.011666667E-1,3.662109375E-3
6.011875000E-1,-6.103515625E-5
6.012083333E-1,4.882812500E-4
6.012291667E-1,1.434326172E-3
6.012500000E-1,-6.713867188E-4
6.012708333E-1,8.239746094E-4
6.012916667E-1,1.098632812E-3
6.013125000E-1,1.312255859E-3
6.013333333E-1,5.493164062E-4
6.013541667E-1,1.373291016E-3
6.013750000E-1,2.746582031E-4
6.013958333E-1,2.105712891E-3
6.014166667E-1,-1.892089844E-3
6.014375000E-1,6.408691406E-4
6.014583333E-1,9.765625000E-4
6.014791667E-1,-6.408691406E-4
6.015000000E-1,1.861572266E-3
6.015208333E-1,2.441406250E-4
6.015416667E-1,1.739501953E-3
6.015625000E-1,-9.765625000E-4
6.015833333E-1,4.577636719E-4
6.016041667E-1,3.051757812E-5
6.016250000E-1,-2.441406250E-4
6.016458333E-1,3.051757812E-5
6.016666667E-1,-1.220703125E-3
6.016875000E-1,-6.103515625E-5
6.017083333E-1,-4.882812500E-4
6.017291667E-1,2.136230469E-4
6.017500000E-1,-9.155273438E-4
6.017708333E-1,2.746582031E-4
6.017916667E-1,-1.190185547E-3
6.018125000E-1,-6.103515625E-5
6.018333333E-1,-1.220703125E-3
6.018541667E-1,-4.425048828E-3
6.018750000E-1,1.373291016E-3
6.018958333E-1,-7.019042969E-4
6.019166667E-1,-6.103515625E-5
6.019375000E-1,1.159667969E-3
6.019583333E-1,-1.007080078E-3
6.019791667E-1,1.861572266E-3
6.020000000E-1,-1.953125000E-3
6.020208333E-1,-5.493164062E-4
6.020416667E-1,1.831054688E-4
6.020625000E-1,-3.662109375E-4
6.020833333E-1,1.007080078E-3
6.021041667E-1,1.129150391E-3
6.021250000E-1,1.647949219E-3
6.021458333E-1,3.967285156E-4
6.021666667E-1,1.831054688E-3
6.021875000E-1,3.051757812E-4
6.022083333E-1,-4.577636719E-4
6.022291667E-1,-3.662109375E-4
6.022500000E-1,-6.408691406E-4
6.022708333E-1,-1.892089844E-3
6.022916667E-1,-1.525878906E-3
6.023125000E-1,4.882812500E-4
6.023333333E-1,-1.708984375E-3
6.023541667E-1,-1.647949219E-3
6.023750000E-1,-3.662109375E-4
6.023958333E-1,-1.586914062E-3
6.024166667E-1,-3.082275391E-3
6.024375000E-1,-2.075195312E-3
6.024583333E-1,-2.136230469E-4
6.024791667E-1,-5.798339844E-4
6.025000000E-1,-2.349853516E-3
6.025208333E-1,9.155273438E-5
6.025416667E-1,7.019042969E-4
6.025625000E-1,-1.312255859E-3
6.025833333E-1,-1.037597656E-3
6.026041667E-1,-3.051757812E-4
6.026250000E-1,-6.713867188E-4
6.026458333E-1,-1.342773438E-3
6.026666667E-1,6.103515625E-5
6.026875000E-1,-1.007080078E-3
6.027083333E-1,-3.356933594E-4
6.027291667E-1,-2.655029297E-3
6.027500000E-1,-8.544921875E-4
6.027708333E-1,-1.312255859E-3
6.027916667E-1,-2.502441406E-3
6.028125000E-1,1.831054688E-4
6.028333333E-1,-1.159667969E-3
6.028541667E-1,6.103515625E-4
6.028750000E-1,-9.155273438E-5
6.028958333E-1,1.708984375E-3
6.029166667E-1,-1.342773438E-3
6.029375000E-1,-2.746582031E-4
6.029583333E-1,1.190185547E-3
6.029791667E-1,-1.800537109E-3
6.030000000E-1,5.798339844E-4
6.030208333E-1,-1.525878906E-4
6.030416667E-1,6.103515625E-4
6.030625000E-1,-9.765625000E-4
6.030833333E-1,2.166748047E-3
6.031041667E-1,4.577636719E-4
6.031250000E-1,7.019042969E-4
6.031458333E-1,5.371093750E-3
6.031666667E-1,-2.319335938E-3
6.031875000E-1,4.547119141E-3
6.032083333E-1,2.288818359E-3
6.032291667E-1,-1.281738281E-3
6.032500000E-1,3.265380859E-3
6.032708333E-1,3.356933594E-4
6.032916667E-1,4.272460938E-3
6.033125000E-1,1.403808594E-3
6.033333333E-1,3.082275391E-3
6.033541667E-1,2.319335938E-3
6.033750000E-1,1.007080078E-3
6.033958333E-1,3.601074219E-3
6.034166667E-1,5.798339844E-4
6.034375000E-1,1.617431641E-3
6.034583333E-1,2.105712891E-3
6.034791667E-1,2.563476562E-3
6.035000000E-1,-4.882812500E-4
6.035208333E-1,3.662109375E-4
6.035416667E-1,1.495361328E-3
6.035625000E-1,1.068115234E-3
6.035833333E-1,9.460449219E-4
6.036041667E-1,2.502441406E-3
6.036250000E-1,2.136230469E-3
6.036458333E-1,-1.373291016E-3
6.036666667E-1,2.105712891E-3
6.036875000E-1,-2.502441406E-3
6.037083333E-1,1.220703125E-4
6.037291667E-1,1.434326172E-3
6.037500000E-1,-2.288818359E-3
6.037708333E-1,1.190185547E-3
6.037916667E-1,1.831054688E-4
6.038125000E-1,-9.155273438E-4
6.038333333E-1,-2.258300781E-3
6.038541667E-1,1.159667969E-3
6.038750000E-1,9.155273438E-5
6.038958333E-1,-3.967285156E-4
6.039166667E-1,-4.882812500E-4
6.039375000E-1,1.190185547E-3
6.039583333E-1,-1.190185547E-3
6.039791667E-1,-3.112792969E-3
6.040000000E-1,3.387451172E-3
6.040208333E-1,-3.753662109E-3
6.040416667E-1,-1.251220703E-3
6.040625000E-1,4.577636719E-4
6.040833333E-1,-2.868652344E-3
6.041041667E-1,8.850097656E-4
6.041250000E-1,4.272460938E-4
6.041458333E-1,-9.155273438E-4
6.041666667E-1,-1.312255859E-3
6.041875000E-1,-9.155273438E-5
6.042083333E-1,3.356933594E-4
6.042291667E-1,-9.765625000E-4
6.042500000E-1,1.831054688E-3
6.042708333E-1,1.617431641E-3
6.042916667E-1,-1.831054688E-4
6.043125000E-1,8.850097656E-4
6.043333333E-1,1.098632812E-3
6.043541667E-1,8.239746094E-4
6.043750000E-1,9.460449219E-4
6.043958333E-1,1.831054688E-3
6.044166667E-1,-2.593994141E-3
6.044375000E-1,1.525878906E-3
6.044583333E-1,7.019042969E-4
6.044791667E-1,-1.770019531E-3
6.045000000E-1,3.051757812E-4
6.045208333E-1,2.746582031E-4
6.045416667E-1,6.408691406E-4
6.045625000E-1,-2.288818359E-3
6.045833333E-1,3.356933594E-4
6.046041667E-1,-2.044677734E-3
6.046250000E-1,7.324218750E-4
6.046458333E-1,-7.629394531E-4
6.046666667E-1,-5.187988281E-4
6.046875000E-1,1.068115234E-3
6.047083333E-1,-2.075195312E-3
6.047291667E-1,1.098632812E-3
6.047500000E-1,-3.692626953E-3
6.047708333E-1,-5.187988281E-4
6.047916667E-1,-2.105712891E-3
6.048125000E-1,-1.464843750E-3
6.048333333E-1,1.129150391E-3
6.048541667E-1,-1.373291016E-3
6.048750000E-1,3.967285156E-4
6.048958333E-1,-2.075195312E-3
6.049166667E-1,-8.850097656E-4
6.049375000E-1,-7.934570312E-4
6.049583333E-1,-2.136230469E-4
6.049791667E-1,-1.159667969E-3
6.050000000E-1,-2.166748047E-3
6.050208333E-1,1.525878906E-4
6.050416667E-1,-1.525878906E-4
6.050625000E-1,-2.563476562E-3
6.050833333E-1,1.251220703E-3
6.051041667E-1,-1.831054688E-3
6.051250000E-1,-1.800537109E-3
6.051458333E-1,9.155273438E-4
6.051666667E-1,-3.021240234E-3
6.051875000E-1,-2.746582031E-3
6.052083333E-1,-2.227783203E-3
6.052291667E-1,-3.967285156E-4
6.052500000E-1,-1.831054688E-3
6.052708333E-1,-4.272460938E-4
6.052916667E-1,-7.324218750E-4
6.053125000E-1,-3.356933594E-4
6.053333333E-1,9.155273438E-5
6.053541667E-1,-5.187988281E-4
6.053750000E-1,-2.410888672E-3
6.053958333E-1,-9.155273438E-4
6.054166667E-1,8.544921875E-4
6.054375000E-1,-6.713867188E-4
6.054583333E-1,1.831054688E-4
6.054791667E-1,1.525878906E-3
6.055000000E-1,1.007080078E-3
6.055208333E-1,-3.051757812E-5
6.055416667E-1,1.678466797E-3
6.055625000E-1,-1.007080078E-3
6.055833333E-1,2.258300781E-3
6.056041667E-1,-4.577636719E-4
6.056250000E-1,4.577636719E-4
6.056458333E-1,1.892089844E-3
6.056666667E-1,-5.493164062E-4
6.056875000E-1,2.593994141E-3
6.057083333E-1,-1.495361328E-3
6.057291667E-1,1.129150391E-3
6.057500000E-1,1.342773438E-3
6.057708333E-1,1.586914062E-3
6.057916667E-1,1.556396484E-3
6.058125000E-1,1.403808594E-3
6.058333333E-1,2.532958984E-3
6.058541667E-1,0.000000000E0
6.058750000E-1,1.129150391E-3
6.058958333E-1,-6.103515625E-5
6.059166667E-1,1.708984375E-3
6.059375000E-1,2.227783203E-3
6.059583333E-1,1.037597656E-3
6.059791667E-1,4.730224609E-3
6.060000000E-1,1.098632812E-3
6.060208333E-1,3.234863281E-3
6.060416667E-1,1.953125000E-3
6.060625000E-1,1.190185547E-3
6.060833333E-1,1.953125000E-3
6.061041667E-1,-1.342773438E-3
6.061250000E-1,4.058837891E-3
6.061458333E-1,-1.220703125E-3
6.061666667E-1,1.403808594E-3
6.061875000E-1,1.983642578E-3
6.062083333E-1,-8.239746094E-4
6.062291667E-1,4.302978516E-3
6.062500000E-1,2.655029297E-3
6.062708333E-1,1.281738281E-3
6.062916667E-1,-1.220703125E-4
6.063125000E-1,5.493164062E-4
6.063333333E-1,-7.629394531E-4
6.063541667E-1,1.159667969E-3
6.063750000E-1,3.570556641E-3
6.063958333E-1,-1.739501953E-3
6.064166667E-1,3.631591797E-3
6.064375000E-1,4.882812500E-4
6.064583333E-1,-3.662109375E-4
6.064791667E-1,1.770019531E-3
6.065000000E-1,-7.934570312E-4
6.065208333E-1,1.617431641E-3
6.065416667E-1,-2.502441406E-3
6.065625000E-1,2.044677734E-3
6.065833333E-1,-1.312255859E-3
6.066041667E-1,-1.342773438E-3
6.066250000E-1,-7.019042969E-4
6.066458333E-1,-2.075195312E-3
6.066666667E-1,-7.629394531E-4
6.066875000E-1,-4.913330078E-3
6.067083333E-1,-2.746582031E-4
6.067291667E-1,-1.342773438E-3
6.067500000E-1,-1.678466797E-3
6.067708333E-1,-5.798339844E-4
6.067916667E-1,-4.272460938E-4
6.068125000E-1,-9.155273438E-5
6.068333333E-1,-3.936767578E-3
6.068541667E-1,-1.342773438E-3
6.068750000E-1,-1.464843750E-3
6.068958333E-1,-3.356933594E-4
6.069166667E-1,1.403808594E-3
6.069375000E-1,-1.495361328E-3
6.069583333E-1,1.373291016E-3
6.069791667E-1,-1.342773438E-3
6.070000000E-1,-1.220703125E-3
6.070208333E-1,-2.441406250E-3
6.070416667E-1,-2.685546875E-3
6.070625000E-1,-2.838134766E-3
6.070833333E-1,-3.356933594E-3
6.071041667E-1,1.220703125E-4
6.071250000E-1,-1.495361328E-3
6.071458333E-1,1.556396484E-3
6.071666667E-1,7.019042969E-4
6.071875000E-1,-1.312255859E-3
6.072083333E-1,-1.434326172E-3
6.072291667E-1,-2.777099609E-3
6.072500000E-1,-6.408691406E-4
6.072708333E-1,-5.798339844E-4
6.072916667E-1,-3.662109375E-4
6.073125000E-1,-2.136230469E-3
6.073333333E-1,6.103515625E-5
6.073541667E-1,8.544921875E-4
6.073750000E-1,-2.929687500E-3
6.073958333E-1,2.044677734E-3
6.074166667E-1,-2.960205078E-3
6.074375000E-1,-1.220703125E-3
6.074583333E-1,-1.983642578E-3
6.074791667E-1,-2.899169922E-3
6.075000000E-1,-1.617431641E-3
6.075208333E-1,-1.525878906E-3
6.075416667E-1,1.037597656E-3
6.075625000E-1,-3.021240234E-3
6.075833333E-1,8.239746094E-4
6.076041667E-1,-2.380371094E-3
6.076250000E-1,-3.540039062E-3
6.076458333E-1,4.272460938E-4
6.076666667E-1,-1.678466797E-3
6.076875000E-1,-3.051757812E-3
6.077083333E-1,-2.624511719E-3
6.077291667E-1,-3.662109375E-4
6.077500000E-1,-1.098632812E-3
6.077708333E-1,-4.058837891E-3
6.077916667E-1,1.159667969E-3
6.078125000E-1,-3.173828125E-3
6.078333333E-1,-4.211425781E-3
6.078541667E-1,-3.326416016E-3
6.078750000E-1,-3.204345703E-3
6.078958333E-1,-3.356933594E-4
6.079166667E-1,-3.234863281E-3
6.079375000E-1,-1.525878906E-3
6.079583333E-1,-2.746582031E-3
6.079791667E-1,-3.082275391E-3
6.080000000E-1,-2.044677734E-3
6.080208333E-1,-1.831054688E-3
6.080416667E-1,-1.647949219E-3
6.080625000E-1,6.408691406E-4
6.080833333E-1,-3.265380859E-3
6.081041667E-1,6.103515625E-4
6.081250000E-1,4.272460938E-4
6.081458333E-1,-5.126953125E-3
6.081666667E-1,1.068115234E-3
6.081875000E-1,8.544921875E-4
6.082083333E-1,1.220703125E-3
6.082291667E-1,1.556396484E-3
6.082500000E-1,1.434326172E-3
6.082708333E-1,1.983642578E-3
6.082916667E-1,9.155273438E-5
6.083125000E-1,2.105712891E-3
6.083333333E-1,1.770019531E-3
6.083541667E-1,-2.136230469E-4
6.083750000E-1,1.617431641E-3
6.083958333E-1,5.798339844E-4
6.084166667E-1,2.319335938E-3
6.084375000E-1,1.892089844E-3
6.084583333E-1,3.112792969E-3
6.084791667E-1,4.180908203E-3
6.085000000E-1,1.831054688E-3
6.085208333E-1,3.417968750E-3
6.085416667E-1,3.662109375E-4
6.085625000E-1,2.868652344E-3
6.085833333E-1,3.723144531E-3
6.086041667E-1,2.105712891E-3
6.086250000E-1,4.302978516E-3
6.086458333E-1,1.892089844E-3
6.086666667E-1,3.295898438E-3
6.086875000E-1,4.882812500E-4
6.087083333E-1,4.974365234E-3
6.087291667E-1,3.479003906E-3
6.087500000E-1,2.319335938E-3
6.087708333E-1,4.486083984E-3
6.087916667E-1,3.509521484E-3
6.088125000E-1,5.859375000E-3
6.088333333E-1,1.678466797E-3
6.088541667E-1,5.218505859E-3
6.088750000E-1,3.723144531E-3
6.088958333E-1,3.570556641E-3
6.089166667E-1,3.082275391E-3
6.089375000E-1,1.037597656E-3
6.089583333E-1,5.554199219E-3
6.089791667E-1,2.410888672E-3
6.090000000E-1,3.051757812E-5
6.090208333E-1,3.387451172E-3
6.090416667E-1,3.082275391E-3
6.090625000E-1,2.380371094E-3
6.090833333E-1,6.744384766E-3
6.091041667E-1,2.319335938E-3
6.091250000E-1,2.410888672E-3
6.091458333E-1,5.615234375E-3
6.091666667E-1,4.272460938E-4
6.091875000E-1,3.356933594E-3
6.092083333E-1,3.234863281E-3
6.092291667E-1,1.373291016E-3
6.092500000E-1,3.784179688E-3
6.092708333E-1,2.532958984E-3
6.092916667E-1,2.197265625E-3
6.093125000E-1,1.251220703E-3
6.093333333E-1,2.990722656E-3
6.093541667E-1,3.662109375E-4
6.093750000E-1,-8.850097656E-4
6.093958333E-1,3.906250000E-3
6.094166667E-1,-9.155273438E-5
6.094375000E-1,2.105712891E-3
6.094583333E-1,2.716064453E-3
6.094791667E-1,-1.129150391E-3
6.095000000E-1,2.319335938E-3
6.095208333E-1,2.044677734E-3
6.095416667E-1,1.220703125E-4
6.095625000E-1,2.532958984E-3
6.095833333E-1,-7.629394531E-4
6.096041667E-1,-1.159667969E-3
6.096250000E-1,-5.798339844E-4
6.096458333E-1,-1.647949219E-3
6.096666667E-1,-1.098632812E-3
6.096875000E-1,-1.647949219E-3
6.097083333E-1,2.441406250E-4
6.097291667E-1,-2.227783203E-3
6.097500000E-1,1.831054688E-4
6.097708333E-1,-1.129150391E-3
6.097916667E-1,-2.502441406E-3
6.098125000E-1,-2.349853516E-3
6.098333333E-1,-5.615234375E-3
6.098541667E-1,-2.532958984E-3
6.098750000E-1,-2.899169922E-3
6.098958333E-1,-3.692626953E-3
6.099166667E-1,-4.547119141E-3
6.099375000E-1,-3.295898438E-3
6.099583333E-1,-3.387451172E-3
6.099791667E-1,-5.249023438E-3
6.100000000E-1,-1.312255859E-3
6.100208333E-1,-1.342773438E-3
6.100416667E-1,-1.464843750E-3
6.100625000E-1,-1.953125000E-3
6.100833333E-1,-1.098632812E-3
6.101041667E-1,-2.319335938E-3
6.101250000E-1,-3.540039062E-3
6.101458333E-1,-1.770019531E-3
6.101666667E-1,-5.096435547E-3
6.101875000E-1,-4.791259766E-3
6.102083333E-1,-1.586914062E-3
6.102291667E-1,-8.239746094E-4
6.102500000E-1,4.577636719E-4
6.102708333E-1,-1.556396484E-3
6.102916667E-1,9.155273438E-5
6.103125000E-1,-8.239746094E-4
6.103333333E-1,-1.464843750E-3
6.103541667E-1,-2.288818359E-3
6.103750000E-1,-2.258300781E-3
6.103958333E-1,8.850097656E-4
6.104166667E-1,-3.479003906E-3
6.104375000E-1,-1.403808594E-3
6.104583333E-1,-3.631591797E-3
6.104791667E-1,-2.288818359E-3
6.105000000E-1,-1.220703125E-3
6.105208333E-1,-1.983642578E-3
6.105416667E-1,-2.136230469E-4
6.105625000E-1,-3.875732422E-3
6.105833333E-1,-9.155273438E-5
6.106041667E-1,-3.662109375E-4
6.106250000E-1,-1.220703125E-3
6.106458333E-1,-1.586914062E-3
6.106666667E-1,1.831054688E-4
6.106875000E-1,1.831054688E-4
6.107083333E-1,-2.685546875E-3
6.107291667E-1,9.155273438E-4
6.107500000E-1,-2.258300781E-3
6.107708333E-1,-1.342773438E-3
6.107916667E-1,-1.678466797E-3
6.108125000E-1,-1.342773438E-3
6.108333333E-1,7.934570312E-4
6.108541667E-1,-3.173828125E-3
6.108750000E-1,8.544921875E-4
6.108958333E-1,4.577636719E-4
6.109166667E-1,-2.166748047E-3
6.109375000E-1,-7.019042969E-4
6.109583333E-1,-1.739501953E-3
6.109791667E-1,1.831054688E-4
6.110000000E-1,-2.807617188E-3
6.110208333E-1,1.373291016E-3
6.110416667E-1,1.007080078E-3
6.110625000E-1,-3.265380859E-3
6.110833333E-1,2.136230469E-4
6.111041667E-1,-8.239746094E-4
6.111250000E-1,1.525878906E-4
6.111458333E-1,-2.166748047E-3
6.111666667E-1,2.899169922E-3
6.111875000E-1,3.051757812E-4
6.112083333E-1,-7.934570312E-4
6.112291667E-1,3.204345703E-3
6.112500000E-1,-7.019042969E-4
6.112708333E-1,2.441406250E-3
6.112916667E-1,-3.051757812E-5
6.113125000E-1,4.882812500E-4
6.113333333E-1,-6.103515625E-4
6.113541667E-1,9.155273438E-5
6.113750000E-1,2.166748047E-3
6.113958333E-1,1.647949219E-3
6.114166667E-1,9.765625000E-4
6.114375000E-1,-3.662109375E-4
6.114583333E-1,2.044677734E-3
6.114791667E-1,9.155273438E-5
6.115000000E-1,9.765625000E-4
6.115208333E-1,-4.882812500E-4
6.115416667E-1,4.577636719E-4
6.115625000E-1,9.155273438E-4
6.115833333E-1,-7.019042969E-4
6.116041667E-1,2.075195312E-3
6.116250000E-1,1.403808594E-3
6.116458333E-1,-4.882812500E-4
6.116666667E-1,1.373291016E-3
6.116875000E-1,-4.577636719E-4
6.117083333E-1,2.655029297E-3
6.117291667E-1,1.312255859E-3
6.117500000E-1,1.525878906E-4
6.117708333E-1,8.850097656E-4
6.117916667E-1,-1.190185547E-3
6.118125000E-1,2.349853516E-3
6.118333333E-1,-3.967285156E-4
6.118541667E-1,4.882812500E-4
6.118750000E-1,-6.103515625E-5
6.118958333E-1,-1.983642578E-3
6.119166667E-1,-1.037597656E-3
6.119375000E-1,-4.272460938E-4
6.119583333E-1,4.882812500E-4
6.119791667E-1,1.403808594E-3
6.120000000E-1,5.187988281E-4
6.120208333E-1,0.000000000E0
6.120416667E-1,-5.493164062E-4
6.120625000E-1,-1.403808594E-3
6.120833333E-1,7.934570312E-4
6.121041667E-1,0.000000000E0
6.121250000E-1,1.159667969E-3
6.121458333E-1,-1.831054688E-3
6.121666667E-1,-2.746582031E-4
6.121875000E-1,3.051757812E-4
6.122083333E-1,-1.861572266E-3
6.122291667E-1,1.953125000E-3
6.122500000E-1,-7.019042969E-4
6.122708333E-1,-1.129150391E-3
6.122916667E-1,-3.051757812E-5
6.123125000E-1,-6.103515625E-4
6.123333333E-1,-9.155273438E-4
6.123541667E-1,-2.990722656E-3
6.123750000E-1,3.967285156E-4
6.123958333E-1,4.577636719E-4
6.124166667E-1,-9.155273438E-4
6.124375000E-1,-1.037597656E-3
6.124583333E-1,-1.464843750E-3
6.124791667E-1,-1.586914062E-3
6.125000000E-1,-2.105712891E-3
6.125208333E-1,-2.136230469E-3
6.125416667E-1,-1.220703125E-3
6.125625000E-1,-3.387451172E-3
6.125833333E-1,-8.544921875E-4
6.126041667E-1,-1.495361328E-3
6.126250000E-1,-2.288818359E-3
6.126458333E-1,-8.850097656E-4
6.126666667E-1,-2.563476562E-3
6.126875000E-1,-1.129150391E-3
6.127083333E-1,-2.502441406E-3
6.127291667E-1,3.967285156E-4
6.127500000E-1,-1.617431641E-3
6.127708333E-1,2.746582031E-4
6.127916667E-1,-1.617431641E-3
6.128125000E-1,-2.868652344E-3
6.128333333E-1,-1.312255859E-3
6.128541667E-1,-3.723144531E-3
6.128750000E-1,1.068115234E-3
6.128958333E-1,-7.324218750E-4
6.129166667E-1,-2.441406250E-4
6.129375000E-1,1.831054688E-4
6.129583333E-1,8.850097656E-4
6.129791667E-1,1.190185547E-3
6.130000000E-1,1.586914062E-3
6.130208333E-1,-6.408691406E-4
6.130416667E-1,-2.441406250E-4
6.130625000E-1,-1.190185547E-3
6.130833333E-1,-1.220703125E-3
6.131041667E-1,-1.007080078E-3
6.131250000E-1,-4.089355469E-3
6.131458333E-1,9.155273438E-5
6.131666667E-1,-9.155273438E-4
6.131875000E-1,-2.563476562E-3
6.132083333E-1,-3.967285156E-4
6.132291667E-1,-2.319335938E-3
6.132500000E-1,-9.155273438E-5
6.132708333E-1,-6.713867188E-4
6.132916667E-1,-1.678466797E-3
6.133125000E-1,6.408691406E-4
6.133333333E-1,-2.807617188E-3
6.133541667E-1,2.624511719E-3
6.133750000E-1,-2.655029297E-3
6.133958333E-1,-1.770019531E-3
6.134166667E-1,8.850097656E-4
6.134375000E-1,-3.143310547E-3
6.134583333E-1,2.197265625E-3
6.134791667E-1,-5.035400391E-3
6.135000000E-1,2.929687500E-3
6.135208333E-1,-1.770019531E-3
6.135416667E-1,-1.556396484E-3
6.135625000E-1,3.845214844E-3
6.135833333E-1,-3.631591797E-3
6.136041667E-1,3.051757812E-3
6.136250000E-1,-1.190185547E-3
6.136458333E-1,2.685546875E-3
6.136666667E-1,1.190185547E-3
6.136875000E-1,2.990722656E-3
6.137083333E-1,2.563476562E-3
6.137291667E-1,1.556396484E-3
6.137500000E-1,3.723144531E-3
6.137708333E-1,-1.739501953E-3
6.137916667E-1,5.310058594E-3
6.138125000E-1,7.324218750E-4
6.138333333E-1,3.906250000E-3
6.138541667E-1,2.563476562E-3
6.138750000E-1,3.417968750E-3
6.138958333E-1,4.028320312E-3
6.139166667E-1,1.586914062E-3
6.139375000E-1,4.089355469E-3
6.139583333E-1,-6.103515625E-5
6.139791667E-1,6.011962891E-3
6.140000000E-1,1.708984375E-3
6.140208333E-1,3.540039062E-3
6.140416667E-1,6.103515625E-3
6.140625000E-1,1.495361328E-3
6.140833333E-1,6.744384766E-3
6.141041667E-1,5.584716797E-3
6.141250000E-1,3.875732422E-3
6.141458333E-1,4.272460938E-3
6.141666667E-1,3.265380859E-3
6.141875000E-1,5.554199219E-3
6.142083333E-1,2.777099609E-3
6.142291667E-1,3.204345703E-3
6.142500000E-1,5.218505859E-3
6.142708333E-1,2.960205078E-3
6.142916667E-1,4.943847656E-3
6.143125000E-1,4.516601562E-3
6.143333333E-1,3.051757812E-3
6.143541667E-1,8.850097656E-4
6.143750000E-1,2.471923828E-3
6.143958333E-1,1.037597656E-3
6.144166667E-1,1.586914062E-3
6.144375000E-1,1.220703125E-3
6.144583333E-1,7.019042969E-4
6.144791667E-1,3.997802734E-3
6.145000000E-1,5.493164062E-4
6.145208333E-1,1.068115234E-3
6.145416667E-1,4.882812500E-4
6.145625000E-1,-2.746582031E-4
6.145833333E-1,5.187988281E-4
6.146041667E-1,-1.129150391E-3
6.146250000E-1,-1.098632812E-3
6.146458333E-1,-2.746582031E-4
6.146666667E-1,-2.075195312E-3
6.146875000E-1,1.556396484E-3
6.147083333E-1,-3.051757812E-5
6.147291667E-1,-1.129150391E-3
6.147500000E-1,1.831054688E-4
6.147708333E-1,-3.051757812E-4
6.147916667E-1,-1.190185547E-3
6.148125000E-1,-1.647949219E-3
6.148333333E-1,2.593994141E-3
6.148541667E-1,-1.831054688E-3
6.148750000E-1,-3.967285156E-4
6.148958333E-1,-1.831054688E-4
6.149166667E-1,-2.593994141E-3
6.149375000E-1,-3.356933594E-4
6.149583333E-1,-1.495361328E-3
6.149791667E-1,-3.234863281E-3
6.150000000E-1,-2.532958984E-3
6.150208333E-1,-5.798339844E-4
6.150416667E-1,-2.502441406E-3
6.150625000E-1,-2.319335938E-3
6.150833333E-1,1.037597656E-3
6.151041667E-1,-3.417968750E-3
6.151250000E-1,-2.563476562E-3
6.151458333E-1,1.220703125E-4
6.151666667E-1,-1.861572266E-3
6.151875000E-1,-1.586914062E-3
6.152083333E-1,-1.708984375E-3
6.152291667E-1,-3.387451172E-3
6.152500000E-1,-2.868652344E-3
6.152708333E-1,-1.556396484E-3
6.152916667E-1,-1.251220703E-3
6.153125000E-1,-1.892089844E-3
6.153333333E-1,-3.509521484E-3
6.153541667E-1,-1.281738281E-3
6.153750000E-1,-9.460449219E-4
6.153958333E-1,-9.765625000E-4
6.154166667E-1,-4.608154297E-3
6.154375000E-1,-2.685546875E-3
6.154583333E-1,-3.051757812E-4
6.154791667E-1,-3.906250000E-3
6.155000000E-1,1.678466797E-3
6.155208333E-1,-3.356933594E-4
6.155416667E-1,-3.662109375E-3
6.155625000E-1,6.103515625E-4
6.155833333E-1,-2.532958984E-3
6.156041667E-1,-2.288818359E-3
6.156250000E-1,-6.103515625E-5
6.156458333E-1,-3.967285156E-4
6.156666667E-1,-4.272460938E-4
6.156875000E-1,7.019042969E-4
6.157083333E-1,-3.967285156E-4
6.157291667E-1,4.272460938E-4
6.157500000E-1,8.544921875E-4
6.157708333E-1,-6.408691406E-4
6.157916667E-1,1.007080078E-3
6.158125000E-1,-1.007080078E-3
6.158333333E-1,2.319335938E-3
6.158541667E-1,1.220703125E-3
6.158750000E-1,2.624511719E-3
6.158958333E-1,1.495361328E-3
6.159166667E-1,2.105712891E-3
6.159375000E-1,4.882812500E-4
6.159583333E-1,-1.831054688E-4
6.159791667E-1,2.502441406E-3
6.160000000E-1,1.586914062E-3
6.160208333E-1,3.051757812E-3
6.160416667E-1,2.868652344E-3
6.160625000E-1,2.716064453E-3
6.160833333E-1,1.831054688E-4
6.161041667E-1,5.859375000E-3
6.161250000E-1,-2.441406250E-4
6.161458333E-1,1.708984375E-3
6.161666667E-1,2.563476562E-3
6.161875000E-1,5.493164062E-4
6.162083333E-1,1.739501953E-3
6.162291667E-1,-1.831054688E-4
6.162500000E-1,3.295898438E-3
6.162708333E-1,1.220703125E-4
6.162916667E-1,3.814697266E-3
6.163125000E-1,-7.019042969E-4
6.163333333E-1,2.014160156E-3
6.163541667E-1,4.394531250E-3
6.163750000E-1,1.007080078E-3
6.163958333E-1,2.441406250E-3
6.164166667E-1,-9.765625000E-4
6.164375000E-1,1.831054688E-3
6.164583333E-1,2.777099609E-3
6.164791667E-1,1.251220703E-3
6.165000000E-1,1.007080078E-3
6.165208333E-1,2.471923828E-3
6.165416667E-1,1.434326172E-3
6.165625000E-1,6.713867188E-4
6.165833333E-1,2.471923828E-3
6.166041667E-1,1.678466797E-3
6.166250000E-1,3.662109375E-4
6.166458333E-1,2.655029297E-3
6.166666667E-1,2.624511719E-3
6.166875000E-1,-1.068115234E-3
6.167083333E-1,3.936767578E-3
6.167291667E-1,-3.662109375E-4
6.167500000E-1,1.556396484E-3
6.167708333E-1,4.241943359E-3
6.167916667E-1,-1.190185547E-3
6.168125000E-1,4.669189453E-3
6.168333333E-1,2.349853516E-3
6.168541667E-1,1.281738281E-3
6.168750000E-1,1.922607422E-3
6.168958333E-1,-1.525878906E-4
6.169166667E-1,6.713867188E-4
6.169375000E-1,-2.349853516E-3
6.169583333E-1,-8.850097656E-4
6.169791667E-1,8.239746094E-4
6.170000000E-1,5.187988281E-4
6.170208333E-1,-1.739501953E-3
6.170416667E-1,-1.831054688E-4
6.170625000E-1,6.103515625E-5
6.170833333E-1,-1.892089844E-3
6.171041667E-1,-1.098632812E-3
6.171250000E-1,-8.850097656E-4
6.171458333E-1,-1.586914062E-3
6.171666667E-1,-3.662109375E-3
6.171875000E-1,1.220703125E-3
6.172083333E-1,-9.765625000E-4
6.172291667E-1,2.136230469E-3
6.172500000E-1,-8.850097656E-4
6.172708333E-1,-3.570556641E-3
6.172916667E-1,-2.716064453E-3
6.173125000E-1,-3.601074219E-3
6.173333333E-1,-1.831054688E-4
6.173541667E-1,-5.249023438E-3
6.173750000E-1,-2.136230469E-4
6.173958333E-1,-5.859375000E-3
6.174166667E-1,2.441406250E-4
6.174375000E-1,2.746582031E-4
6.174583333E-1,-1.861572266E-3
6.174791667E-1,1.434326172E-3
6.175000000E-1,-3.692626953E-3
6.175208333E-1,-1.129150391E-3
6.175416667E-1,-3.295898438E-3
6.175625000E-1,-1.831054688E-3
6.175833333E-1,-3.234863281E-3
6.176041667E-1,-1.098632812E-3
6.176250000E-1,-3.082275391E-3
6.176458333E-1,-1.525878906E-3
6.176666667E-1,-4.577636719E-4
6.176875000E-1,-4.272460938E-4
6.177083333E-1,-2.502441406E-3
6.177291667E-1,-1.190185547E-3
6.177500000E-1,5.493164062E-4
6.177708333E-1,-3.997802734E-3
6.177916667E-1,-3.662109375E-4
6.178125000E-1,-3.265380859E-3
6.178333333E-1,-1.525878906E-3
6.178541667E-1,-2.746582031E-3
6.178750000E-1,7.019042969E-4
6.178958333E-1,-6.713867188E-4
6.179166667E-1,-1.251220703E-3
6.179375000E-1,-3.051757812E-5
6.179583333E-1,-2.685546875E-3
6.179791667E-1,3.051757812E-5
6.180000000E-1,-4.760742188E-3
6.180208333E-1,-3.143310547E-3
6.180416667E-1,-2.716064453E-3
6.180625000E-1,-2.380371094E-3
6.180833333E-1,-1.251220703E-3
6.181041667E-1,-2.471923828E-3
6.181250000E-1,-1.403808594E-3
6.181458333E-1,-1.068115234E-3
6.181666667E-1,-1.464843750E-3
6.181875000E-1,-1.953125000E-3
6.182083333E-1,-3.021240234E-3
6.182291667E-1,-4.669189453E-3
6.182500000E-1,-3.295898438E-3
6.182708333E-1,-5.889892578E-3
6.182916667E-1,-3.540039062E-3
6.183125000E-1,-3.509521484E-3
6.183333333E-1,-3.479003906E-3
6.183541667E-1,-2.593994141E-3
6.183750000E-1,-4.699707031E-3
6.183958333E-1,1.831054688E-4
6.184166667E-1,-3.540039062E-3
6.184375000E-1,-1.678466797E-3
6.184583333E-1,-3.112792969E-3
6.184791667E-1,-2.044677734E-3
6.185000000E-1,-1.953125000E-3
6.185208333E-1,-5.737304688E-3
6.185416667E-1,-8.544921875E-4
6.185625000E-1,-3.845214844E-3
6.185833333E-1,3.356933594E-4
6.186041667E-1,-3.356933594E-3
6.186250000E-1,-1.708984375E-3
6.186458333E-1,1.220703125E-3
6.186666667E-1,-3.295898438E-3
6.186875000E-1,2.105712891E-3
6.187083333E-1,-5.706787109E-3
6.187291667E-1,-6.103515625E-5
6.187500000E-1,-1.739501953E-3
6.187708333E-1,-3.295898438E-3
6.187916667E-1,1.708984375E-3
6.188125000E-1,-8.544921875E-4
6.188333333E-1,-3.967285156E-4
6.188541667E-1,-2.593994141E-3
6.188750000E-1,2.227783203E-3
6.188958333E-1,-1.007080078E-3
6.189166667E-1,6.103515625E-4
6.189375000E-1,2.502441406E-3
6.189583333E-1,2.136230469E-4
6.189791667E-1,-4.272460938E-4
6.190000000E-1,-6.103515625E-4
6.190208333E-1,1.892089844E-3
6.190416667E-1,1.373291016E-3
6.190625000E-1,9.155273438E-5
6.190833333E-1,-2.593994141E-3
6.191041667E-1,3.356933594E-4
6.191250000E-1,4.882812500E-4
6.191458333E-1,6.103515625E-4
6.191666667E-1,-1.831054688E-4
6.191875000E-1,4.302978516E-3
6.192083333E-1,3.387451172E-3
6.192291667E-1,1.220703125E-3
6.192500000E-1,3.295898438E-3
6.192708333E-1,2.227783203E-3
6.192916667E-1,3.204345703E-3
6.193125000E-1,-1.068115234E-3
6.193333333E-1,3.784179688E-3
6.193541667E-1,2.349853516E-3
6.193750000E-1,1.220703125E-4
6.193958333E-1,2.075195312E-3
6.194166667E-1,4.608154297E-3
6.194375000E-1,2.014160156E-3
6.194583333E-1,4.272460938E-3
6.194791667E-1,4.516601562E-3
6.195000000E-1,3.540039062E-3
6.195208333E-1,4.669189453E-3
6.195416667E-1,2.929687500E-3
6.195625000E-1,5.187988281E-3
6.195833333E-1,-1.556396484E-3
6.196041667E-1,3.143310547E-3
6.196250000E-1,4.882812500E-4
6.196458333E-1,1.647949219E-3
6.196666667E-1,6.072998047E-3
6.196875000E-1,2.532958984E-3
6.197083333E-1,3.601074219E-3
6.197291667E-1,3.204345703E-3
6.197500000E-1,3.997802734E-3
6.197708333E-1,1.037597656E-3
6.197916667E-1,3.631591797E-3
6.198125000E-1,2.655029297E-3
6.198333333E-1,2.655029297E-3
6.198541667E-1,3.112792969E-3
6.198750000E-1,-1.129150391E-3
6.198958333E-1,3.082275391E-3
6.199166667E-1,6.103515625E-4
6.199375000E-1,2.441406250E-4
6.199583333E-1,2.075195312E-3
6.199791667E-1,-5.798339844E-4
6.200000000E-1,1.068115234E-3
6.200208333E-1,3.814697266E-3
6.200416667E-1,1.617431641E-3
6.200625000E-1,-1.831054688E-3
6.200833333E-1,2.136230469E-3
6.201041667E-1,-4.577636719E-4
6.201250000E-1,-1.220703125E-4
6.201458333E-1,-9.155273438E-4
6.201666667E-1,-1.525878906E-3
6.201875000E-1,1.525878906E-4
6.202083333E-1,-2.227783203E-3
6.202291667E-1,1.281738281E-3
6.202500000E-1,-1.159667969E-3
6.202708333E-1,9.460449219E-4
6.202916667E-1,-1.068115234E-3
6.203125000E-1,-4.272460938E-4
6.203333333E-1,1.007080078E-3
6.203541667E-1,-4.272460938E-4
6.203750000E-1,-3.662109375E-4
6.203958333E-1,-1.770019531E-3
6.204166667E-1,8.850097656E-4
6.204375000E-1,-1.831054688E-3
6.204583333E-1,6.408691406E-4
6.204791667E-1,-1.007080078E-3
6.205000000E-1,-1.464843750E-3
6.205208333E-1,-7.324218750E-4
6.205416667E-1,-1.190185547E-3
6.205625000E-1,-1.617431641E-3
6.205833333E-1,-3.356933594E-3
6.206041667E-1,2.380371094E-3
6.206250000E-1,3.356933594E-4
6.206458333E-1,1.861572266E-3
6.206666667E-1,2.197265625E-3
6.206875000E-1,-1.556396484E-3
6.207083333E-1,1.831054688E-3
6.207291667E-1,2.746582031E-4
6.207500000E-1,1.220703125E-4
6.207708333E-1,4.577636719E-4
6.207916667E-1,-6.408691406E-4
6.208125000E-1,9.460449219E-4
6.208333333E-1,8.850097656E-4
6.208541667E-1,7.629394531E-4
6.208750000E-1,1.251220703E-3
6.208958333E-1,1.983642578E-3
6.209166667E-1,2.441406250E-4
6.209375000E-1,1.800537109E-3
6.209583333E-1,2.044677734E-3
6.209791667E-1,6.713867188E-4
6.210000000E-1,1.525878906E-4
6.210208333E-1,-1.220703125E-3
6.210416667E-1,5.187988281E-3
6.210625000E-1,1.647949219E-3
6.210833333E-1,1.464843750E-3
6.211041667E-1,3.875732422E-3
6.211250000E-1,2.807617188E-3
6.211458333E-1,3.051757812E-5
6.211666667E-1,-3.967285156E-4
6.211875000E-1,5.523681641E-3
6.212083333E-1,2.044677734E-3
6.212291667E-1,1.770019531E-3
6.212500000E-1,1.678466797E-3
6.212708333E-1,4.272460938E-3
6.212916667E-1,2.197265625E-3
6.213125000E-1,4.882812500E-4
6.213333333E-1,3.784179688E-3
6.213541667E-1,5.798339844E-4
6.213750000E-1,3.845214844E-3
6.213958333E-1,3.051757812E-4
6.214166667E-1,2.136230469E-4
6.214375000E-1,9.155273438E-4
6.214583333E-1,-8.850097656E-4
6.214791667E-1,2.563476562E-3
6.215000000E-1,1.373291016E-3
6.215208333E-1,1.617431641E-3
6.215416667E-1,5.493164062E-4
6.215625000E-1,3.784179688E-3
6.215833333E-1,4.882812500E-4
6.216041667E-1,1.037597656E-3
6.216250000E-1,1.892089844E-3
6.216458333E-1,1.617431641E-3
6.216666667E-1,-6.103515625E-5
6.216875000E-1,-6.713867188E-4
6.217083333E-1,1.129150391E-3
6.217291667E-1,-4.333496094E-3
6.217500000E-1,2.990722656E-3
6.217708333E-1,-4.882812500E-3
6.217916667E-1,1.800537109E-3
6.218125000E-1,9.155273438E-5
6.218333333E-1,-3.753662109E-3
6.218541667E-1,7.934570312E-4
6.218750000E-1,-3.723144531E-3
6.218958333E-1,9.765625000E-4
6.219166667E-1,-6.286621094E-3
6.219375000E-1,2.807617188E-3
6.219583333E-1,-4.425048828E-3
6.219791667E-1,-3.356933594E-3
6.220000000E-1,-5.798339844E-4
6.220208333E-1,-5.798339844E-3
6.220416667E-1,6.713867188E-4
6.220625000E-1,-2.990722656E-3
6.220833333E-1,2.075195312E-3
6.221041667E-1,-1.098632812E-3
6.221250000E-1,-5.157470703E-3
6.221458333E-1,-6.713867188E-4
6.221666667E-1,-3.143310547E-3
6.221875000E-1,-2.258300781E-3
6.222083333E-1,1.403808594E-3
6.222291667E-1,-2.990722656E-3
6.222500000E-1,-4.882812500E-4
6.222708333E-1,4.882812500E-4
6.222916667E-1,-3.784179688E-3
6.223125000E-1,8.850097656E-4
6.223333333E-1,-2.105712891E-3
6.223541667E-1,-2.746582031E-4
6.223750000E-1,-1.495361328E-3
6.223958333E-1,2.655029297E-3
6.224166667E-1,1.770019531E-3
6.224375000E-1,-3.967285156E-3
6.224583333E-1,2.807617188E-3
6.224791667E-1,-3.143310547E-3
6.225000000E-1,-1.525878906E-4
6.225208333E-1,-3.082275391E-3
6.225416667E-1,3.051757812E-4
6.225625000E-1,-1.953125000E-3
6.225833333E-1,-1.983642578E-3
6.226041667E-1,6.713867188E-4
6.226250000E-1,-5.187988281E-3
6.226458333E-1,-8.544921875E-4
6.226666667E-1,-3.051757812E-3
6.226875000E-1,-1.373291016E-3
6.227083333E-1,-4.516601562E-3
6.227291667E-1,-2.288818359E-3
6.227500000E-1,-3.784179688E-3
6.227708333E-1,-4.760742188E-3
6.227916667E-1,-2.593994141E-3
6.228125000E-1,-2.838134766E-3
6.228333333E-1,-1.342773438E-3
6.228541667E-1,-3.723144531E-3
6.228750000E-1,-2.685546875E-3
6.228958333E-1,-5.340576172E-3
6.229166667E-1,-4.089355469E-3
6.229375000E-1,-5.371093750E-3
6.229583333E-1,-3.387451172E-3
6.229791667E-1,-4.425048828E-3
6.230000000E-1,-5.462646484E-3
6.230208333E-1,-2.471923828E-3
6.230416667E-1,-6.195068359E-3
6.230625000E-1,-1.983642578E-3
6.230833333E-1,-4.455566406E-3
6.231041667E-1,-4.638671875E-3
6.231250000E-1,-2.655029297E-3
6.231458333E-1,-5.218505859E-3
6.231666667E-1,-2.960205078E-3
6.231875000E-1,-1.800537109E-3
6.232083333E-1,-6.011962891E-3
6.232291667E-1,-1.159667969E-3
6.232500000E-1,-2.838134766E-3
6.232708333E-1,-4.455566406E-3
6.232916667E-1,-1.556396484E-3
6.233125000E-1,-3.997802734E-3
6.233333333E-1,-1.403808594E-3
6.233541667E-1,-2.960205078E-3
6.233750000E-1,6.408691406E-4
6.233958333E-1,-2.532958984E-3
6.234166667E-1,-7.934570312E-4
6.234375000E-1,-2.960205078E-3
6.234583333E-1,-1.434326172E-3
6.234791667E-1,1.037597656E-3
6.235000000E-1,-3.509521484E-3
6.235208333E-1,-5.493164062E-4
6.235416667E-1,-3.021240234E-3
6.235625000E-1,-1.831054688E-4
6.235833333E-1,-2.746582031E-4
6.236041667E-1,-7.934570312E-4
6.236250000E-1,2.014160156E-3
6.236458333E-1,-1.220703125E-4
6.236666667E-1,-1.129150391E-3
6.236875000E-1,0.000000000E0
6.237083333E-1,-1.617431641E-3
6.237291667E-1,4.882812500E-4
6.237500000E-1,3.662109375E-4
6.237708333E-1,-9.460449219E-4
6.237916667E-1,1.770019531E-3
6.238125000E-1,-2.319335938E-3
6.238333333E-1,7.324218750E-4
6.238541667E-1,-8.544921875E-4
6.238750000E-1,3.662109375E-4
6.238958333E-1,4.760742188E-3
6.239166667E-1,-3.967285156E-4
6.239375000E-1,2.868652344E-3
6.239583333E-1,1.068115234E-3
6.239791667E-1,3.997802734E-3
6.240000000E-1,2.349853516E-3
6.240208333E-1,-1.220703125E-4
6.240416667E-1,4.058837891E-3
6.240625000E-1,-7.629394531E-4
6.240833333E-1,2.960205078E-3
6.241041667E-1,1.251220703E-3
6.241250000E-1,2.258300781E-3
6.241458333E-1,2.777099609E-3
6.241666667E-1,2.502441406E-3
6.241875000E-1,2.838134766E-3
6.242083333E-1,2.593994141E-3
6.242291667E-1,4.272460938E-3
6.242500000E-1,1.831054688E-4
6.242708333E-1,3.631591797E-3
6.242916667E-1,-3.082275391E-3
6.243125000E-1,-2.105712891E-3
6.243333333E-1,2.166748047E-3
6.243541667E-1,-1.342773438E-3
6.243750000E-1,2.929687500E-3
6.243958333E-1,4.180908203E-3
6.244166667E-1,5.798339844E-4
6.244375000E-1,2.532958984E-3
6.244583333E-1,1.953125000E-3
6.244791667E-1,5.798339844E-4
6.245000000E-1,9.155273438E-5
6.245208333E-1,1.342773438E-3
6.245416667E-1,2.105712891E-3
6.245625000E-1,8.850097656E-4
6.245833333E-1,1.678466797E-3
6.246041667E-1,2.746582031E-3
6.246250000E-1,3.051757812E-3
6.246458333E-1,5.798339844E-4
6.246666667E-1,1.586914062E-3
6.246875000E-1,1.159667969E-3
6.247083333E-1,1.373291016E-3
6.247291667E-1,1.251220703E-3
6.247500000E-1,4.577636719E-4
6.247708333E-1,3.692626953E-3
6.247916667E-1,4.577636719E-4
6.248125000E-1,2.655029297E-3
6.248333333E-1,6.713867188E-4
6.248541667E-1,6.103515625E-4
6.248750000E-1,1.953125000E-3
6.248958333E-1,-3.845214844E-3
6.249166667E-1,6.835937500E-3
6.249375000E-1,-4.882812500E-4
6.249583333E-1,4.577636719E-4
6.249791667E-1,2.014160156E-3
6.250000000E-1,-1.129150391E-3
6.250208333E-1,3.845214844E-3
6.250416667E-1,-2.777099609E-3
6.250625000E-1,2.410888672E-3
6.250833333E-1,-1.220703125E-4
6.251041667E-1,7.019042969E-4
6.251250000E-1,-1.525878906E-4
6.251458333E-1,-1.556396484E-3
6.251666667E-1,2.441406250E-4
6.251875000E-1,-2.746582031E-4
6.252083333E-1,-1.037597656E-3
6.252291667E-1,-1.953125000E-3
6.252500000E-1,-1.525878906E-4
6.252708333E-1,1.190185547E-3
6.252916667E-1,1.342773438E-3
6.253125000E-1,4.577636719E-4
6.253333333E-1,2.746582031E-3
6.253541667E-1,-1.831054688E-4
6.253750000E-1,4.241943359E-3
6.253958333E-1,-1.098632812E-3
6.254166667E-1,1.617431641E-3
6.254375000E-1,1.800537109E-3
6.254583333E-1,8.850097656E-4
6.254791667E-1,3.723144531E-3
6.255000000E-1,1.525878906E-4
6.255208333E-1,9.155273438E-4
6.255416667E-1,-8.544921875E-4
6.255625000E-1,2.929687500E-3
6.255833333E-1,-4.577636719E-4
6.256041667E-1,3.112792969E-3
6.256250000E-1,5.798339844E-4
6.256458333E-1,2.441406250E-4
6.256666667E-1,1.312255859E-3
6.256875000E-1,-4.119873047E-3
6.257083333E-1,2.990722656E-3
6.257291667E-1,4.577636719E-4
6.257500000E-1,5.187988281E-4
6.257708333E-1,2.075195312E-3
6.257916667E-1,-6.408691406E-4
6.258125000E-1,-7.324218750E-4
6.258333333E-1,9.155273438E-4
6.258541667E-1,-1.739501953E-3
6.258750000E-1,1.525878906E-4
6.258958333E-1,2.807617188E-3
6.259166667E-1,-1.495361328E-3
6.259375000E-1,7.629394531E-4
6.259583333E-1,-9.460449219E-4
6.259791667E-1,-1.220703125E-4
6.260000000E-1,9.155273438E-5
6.260208333E-1,-1.770019531E-3
6.260416667E-1,-9.460449219E-4
6.260625000E-1,2.563476562E-3
6.260833333E-1,-2.441406250E-4
6.261041667E-1,2.136230469E-4
6.261250000E-1,1.770019531E-3
6.261458333E-1,-1.892089844E-3
6.261666667E-1,1.983642578E-3
6.261875000E-1,-2.807617188E-3
6.262083333E-1,5.493164062E-4
6.262291667E-1,1.983642578E-3
6.262500000E-1,-6.713867188E-4
6.262708333E-1,3.936767578E-3
6.262916667E-1,-1.831054688E-4
6.263125000E-1,1.831054688E-3
6.263333333E-1,1.953125000E-3
6.263541667E-1,-2.136230469E-4
6.263750000E-1,1.251220703E-3
6.263958333E-1,-1.342773438E-3
6.264166667E-1,1.678466797E-3
6.264375000E-1,1.220703125E-4
6.264583333E-1,7.019042969E-4
6.264791667E-1,4.364013672E-3
6.265000000E-1,7.934570312E-4
6.265208333E-1,3.967285156E-3
6.265416667E-1,0.000000000E0
6.265625000E-1,1.739501953E-3
6.265833333E-1,2.136230469E-3
6.266041667E-1,5.187988281E-4
6.266250000E-1,3.967285156E-3
6.266458333E-1,3.143310547E-3
6.266666667E-1,5.371093750E-3
6.266875000E-1,2.319335938E-3
6.267083333E-1,3.204345703E-3
6.267291667E-1,3.662109375E-4
6.267500000E-1,2.166748047E-3
6.267708333E-1,1.953125000E-3
6.267916667E-1,1.556396484E-3
6.268125000E-1,4.211425781E-3
6.268333333E-1,9.155273438E-5
6.268541667E-1,5.340576172E-3
6.268750000E-1,2.655029297E-3
6.268958333E-1,4.150390625E-3
6.269166667E-1,1.800537109E-3
6.269375000E-1,2.716064453E-3
6.269583333E-1,3.143310547E-3
6.269791667E-1,-9.155273438E-5
6.270000000E-1,5.798339844E-3
6.270208333E-1,2.136230469E-3
6.270416667E-1,3.082275391E-3
6.270625000E-1,5.493164062E-4
6.270833333E-1,2.746582031E-3
6.271041667E-1,7.934570312E-4
6.271250000E-1,1.281738281E-3
6.271458333E-1,3.784179688E-3
6.271666667E-1,-5.187988281E-4
6.271875000E-1,3.448486328E-3
6.272083333E-1,7.019042969E-4
6.272291667E-1,-3.356933594E-4
6.272500000E-1,1.220703125E-3
6.272708333E-1,2.380371094E-3
6.272916667E-1,1.342773438E-3
6.273125000E-1,2.075195312E-3
6.273333333E-1,3.112792969E-3
6.273541667E-1,-6.103515625E-4
6.273750000E-1,1.922607422E-3
6.273958333E-1,3.173828125E-3
6.274166667E-1,1.708984375E-3
6.274375000E-1,2.624511719E-3
6.274583333E-1,1.861572266E-3
6.274791667E-1,8.239746094E-4
6.275000000E-1,1.861572266E-3
6.275208333E-1,-2.136230469E-4
6.275416667E-1,1.525878906E-4
6.275625000E-1,6.713867188E-4
6.275833333E-1,-1.159667969E-3
6.276041667E-1,4.577636719E-4
6.276250000E-1,-1.220703125E-4
6.276458333E-1,-2.136230469E-4
6.276666667E-1,-2.136230469E-4
6.276875000E-1,-1.342773438E-3
6.277083333E-1,-1.220703125E-3
6.277291667E-1,-1.831054688E-3
6.277500000E-1,-1.373291016E-3
6.277708333E-1,-1.281738281E-3
6.277916667E-1,-1.525878906E-4
6.278125000E-1,-1.464843750E-3
6.278333333E-1,-5.798339844E-4
6.278541667E-1,-8.850097656E-4
6.278750000E-1,-3.936767578E-3
6.278958333E-1,-5.493164062E-4
6.279166667E-1,-3.997802734E-3
6.279375000E-1,-7.019042969E-4
6.279583333E-1,-2.777099609E-3
6.279791667E-1,-4.852294922E-3
6.280000000E-1,8.544921875E-4
6.280208333E-1,-4.577636719E-3
6.280416667E-1,-1.159667969E-3
6.280625000E-1,-2.777099609E-3
6.280833333E-1,-3.204345703E-3
6.281041667E-1,-1.495361328E-3
6.281250000E-1,-4.821777344E-3
6.281458333E-1,-1.098632812E-3
6.281666667E-1,-2.502441406E-3
6.281875000E-1,-3.234863281E-3
6.282083333E-1,-9.460449219E-4
6.282291667E-1,-1.708984375E-3
6.282500000E-1,-7.019042969E-4
6.282708333E-1,-3.662109375E-4
6.282916667E-1,-5.920410156E-3
6.283125000E-1,-1.220703125E-3
6.283333333E-1,-3.906250000E-3
6.283541667E-1,-4.302978516E-3
6.283750000E-1,-2.166748047E-3
6.283958333E-1,-3.143310547E-3
6.284166667E-1,-3.662109375E-4
6.284375000E-1,-3.631591797E-3
6.284583333E-1,-1.464843750E-3
6.284791667E-1,-2.777099609E-3
6.285000000E-1,-8.544921875E-4
6.285208333E-1,-2.288818359E-3
6.285416667E-1,-4.882812500E-3
6.285625000E-1,2.136230469E-4
6.285833333E-1,-2.075195312E-3
6.286041667E-1,-1.403808594E-3
6.286250000E-1,9.155273438E-5
6.286458333E-1,-2.014160156E-3
6.286666667E-1,-3.356933594E-4
6.286875000E-1,-6.103515625E-4
6.287083333E-1,1.831054688E-4
6.287291667E-1,-6.103515625E-4
6.287500000E-1,-3.967285156E-4
6.287708333E-1,1.220703125E-3
6.287916667E-1,-3.173828125E-3
6.288125000E-1,-1.220703125E-4
6.288333333E-1,-2.197265625E-3
6.288541667E-1,-2.532958984E-3
6.288750000E-1,1.037597656E-3
6.288958333E-1,-3.784179688E-3
6.289166667E-1,-9.155273438E-4
6.289375000E-1,-1.068115234E-3
6.289583333E-1,-1.129150391E-3
6.289791667E-1,-1.403808594E-3
6.290000000E-1,-2.593994141E-3
6.290208333E-1,-1.129150391E-3
6.290416667E-1,-2.685546875E-3
6.290625000E-1,-2.319335938E-3
6.290833333E-1,-1.892089844E-3
6.291041667E-1,-8.850097656E-4
6.291250000E-1,-1.708984375E-3
6.291458333E-1,1.403808594E-3
6.291666667E-1,-8.239746094E-4
6.291875000E-1,-2.136230469E-4
6.292083333E-1,-1.220703125E-3
6.292291667E-1,-1.220703125E-4
6.292500000E-1,-9.460449219E-4
6.292708333E-1,-4.882812500E-3
6.292916667E-1,1.037597656E-3
6.293125000E-1,-4.394531250E-3
6.293333333E-1,-1.190185547E-3
6.293541667E-1,-3.967285156E-4
6.293750000E-1,-1.647949219E-3
6.293958333E-1,2.960205078E-3
6.294166667E-1,-1.831054688E-3
6.294375000E-1,-1.831054688E-4
6.294583333E-1,2.136230469E-4
6.294791667E-1,-1.403808594E-3
6.295000000E-1,-1.922607422E-3
6.295208333E-1,-1.953125000E-3
6.295416667E-1,2.441406250E-4
6.295625000E-1,-3.509521484E-3
6.295833333E-1,-8.850097656E-4
6.296041667E-1,-3.051757812E-4
6.296250000E-1,-2.471923828E-3
6.296458333E-1,-5.798339844E-4
6.296666667E-1,-2.746582031E-4
6.296875000E-1,-1.983642578E-3
6.297083333E-1,-4.089355469E-3
6.297291667E-1,-3.143310547E-3
6.297500000E-1,-1.739501953E-3
6.297708333E-1,-1.953125000E-3
6.297916667E-1,-1.098632812E-3
6.298125000E-1,-2.319335938E-3
6.298333333E-1,-2.929687500E-3
6.298541667E-1,-7.934570312E-4
6.298750000E-1,-4.089355469E-3
6.298958333E-1,-3.295898438E-3
6.299166667E-1,-1.708984375E-3
6.299375000E-1,6.408691406E-4
6.299583333E-1,-4.577636719E-4
6.299791667E-1,-3.356933594E-3
6.300000000E-1,-7.019042969E-4
6.300208333E-1,-2.563476562E-3
6.300416667E-1,-1.556396484E-3
6.300625000E-1,-2.532958984E-3
6.300833333E-1,3.967285156E-4
6.301041667E-1,-8.544921875E-4
6.301250000E-1,-2.319335938E-3
6.301458333E-1,1.525878906E-3
6.301666667E-1,-2.075195312E-3
6.301875000E-1,6.713867188E-4
6.302083333E-1,-3.051757812E-3
6.302291667E-1,-2.349853516E-3
6.302500000E-1,7.019042969E-4
6.302708333E-1,-1.892089844E-3
6.302916667E-1,1.586914062E-3
6.303125000E-1,-3.021240234E-3
6.303333333E-1,7.934570312E-4
6.303541667E-1,-1.525878906E-4
6.303750000E-1,-3.021240234E-3
6.303958333E-1,-1.434326172E-3
6.304166667E-1,-2.868652344E-3
6.304375000E-1,-6.713867188E-4
6.304583333E-1,-2.441406250E-3
6.304791667E-1,5.798339844E-4
6.305000000E-1,-2.990722656E-3
6.305208333E-1,-6.713867188E-4
6.305416667E-1,2.136230469E-4
6.305625000E-1,-3.082275391E-3
6.305833333E-1,-1.922607422E-3
6.306041667E-1,-1.159667969E-3
6.306250000E-1,-1.708984375E-3
6.306458333E-1,-2.014160156E-3
6.306666667E-1,-3.356933594E-4
6.306875000E-1,-2.716064453E-3
6.307083333E-1,-8.850097656E-4
6.307291667E-1,-1.708984375E-3
6.307500000E-1,-1.647949219E-3
6.307708333E-1,3.051757812E-4
6.307916667E-1,-1.220703125E-3
6.308125000E-1,1.831054688E-4
6.308333333E-1,-5.798339844E-4
6.308541667E-1,-4.455566406E-3
6.308750000E-1,-4.272460938E-4
6.308958333E-1,-1.342773438E-3
6.309166667E-1,-1.403808594E-3
6.309375000E-1,1.953125000E-3
6.309583333E-1,1.556396484E-3
6.309791667E-1,2.014160156E-3
6.310000000E-1,-9.155273438E-5
6.310208333E-1,2.197265625E-3
6.310416667E-1,-5.187988281E-4
6.310625000E-1,-6.103515625E-4
6.310833333E-1,2.258300781E-3
6.311041667E-1,-2.441406250E-4
6.311250000E-1,3.997802734E-3
6.311458333E-1,-2.197265625E-3
6.311666667E-1,2.197265625E-3
6.311875000E-1,2.960205078E-3
6.312083333E-1,-1.678466797E-3
6.312291667E-1,4.028320312E-3
6.312500000E-1,-2.136230469E-4
6.312708333E-1,3.051757812E-3
6.312916667E-1,-3.051757812E-5
6.313125000E-1,1.495361328E-3
6.313333333E-1,1.464843750E-3
6.313541667E-1,1.220703125E-4
6.313750000E-1,3.173828125E-3
6.313958333E-1,-1.831054688E-4
6.314166667E-1,2.716064453E-3
6.314375000E-1,8.544921875E-4
6.314583333E-1,2.258300781E-3
6.314791667E-1,-3.662109375E-4
6.315000000E-1,1.159667969E-3
6.315208333E-1,4.302978516E-3
6.315416667E-1,6.408691406E-4
6.315625000E-1,4.089355469E-3
6.315833333E-1,2.624511719E-3
6.316041667E-1,2.502441406E-3
6.316250000E-1,1.129150391E-3
6.316458333E-1,-3.051757812E-5
6.316666667E-1,1.678466797E-3
6.316875000E-1,-3.967285156E-4
6.317083333E-1,7.629394531E-4
6.317291667E-1,7.629394531E-4
6.317500000E-1,6.713867188E-4
6.317708333E-1,2.044677734E-3
6.317916667E-1,1.678466797E-3
6.318125000E-1,2.838134766E-3
6.318333333E-1,1.190185547E-3
6.318541667E-1,4.241943359E-3
6.318750000E-1,8.544921875E-4
6.318958333E-1,2.136230469E-3
6.319166667E-1,3.417968750E-3
6.319375000E-1,-4.577636719E-4
6.319583333E-1,2.227783203E-3
6.319791667E-1,1.220703125E-3
6.320000000E-1,6.713867188E-4
6.320208333E-1,9.765625000E-4
6.320416667E-1,3.784179688E-3
6.320625000E-1,1.129150391E-3
6.320833333E-1,1.251220703E-3
6.321041667E-1,1.647949219E-3
6.321250000E-1,8.239746094E-4
6.321458333E-1,2.685546875E-3
6.321666667E-1,2.593994141E-3
6.321875000E-1,2.716064453E-3
6.322083333E-1,2.258300781E-3
6.322291667E-1,4.058837891E-3
6.322500000E-1,3.021240234E-3
6.322708333E-1,4.638671875E-3
6.322916667E-1,3.784179688E-3
6.323125000E-1,4.089355469E-3
6.323333333E-1,5.432128906E-3
6.323541667E-1,5.157470703E-3
6.323750000E-1,4.119873047E-3
6.323958333E-1,3.845214844E-3
6.324166667E-1,4.241943359E-3
6.324375000E-1,4.394531250E-3
6.324583333E-1,5.554199219E-3
6.324791667E-1,3.570556641E-3
6.325000000E-1,5.554199219E-3
6.325208333E-1,2.746582031E-3
6.325416667E-1,1.678466797E-3
6.325625000E-1,3.631591797E-3
6.325833333E-1,1.953125000E-3
6.326041667E-1,4.882812500E-3
6.326250000E-1,4.058837891E-3
6.326458333E-1,2.990722656E-3
6.326666667E-1,2.349853516E-3
6.326875000E-1,3.723144531E-3
6.327083333E-1,3.906250000E-3
6.327291667E-1,1.953125000E-3
6.327500000E-1,2.655029297E-3
6.327708333E-1,3.479003906E-3
6.327916667E-1,1.159667969E-3
6.328125000E-1,4.608154297E-3
6.328333333E-1,1.739501953E-3
6.328541667E-1,2.136230469E-3
6.328750000E-1,5.828857422E-3
6.328958333E-1,4.577636719E-4
6.329166667E-1,5.737304688E-3
6.329375000E-1,3.479003906E-3
6.329583333E-1,2.258300781E-3
6.329791667E-1,3.021240234E-3
6.330000000E-1,9.155273438E-5
6.330208333E-1,3.021240234E-3
6.330416667E-1,1.159667969E-3
6.330625000E-1,3.326416016E-3
6.330833333E-1,2.716064453E-3
6.331041667E-1,1.800537109E-3
6.331250000E-1,3.814697266E-3
6.331458333E-1,5.798339844E-4
6.331666667E-1,2.685546875E-3
6.331875000E-1,7.019042969E-4
6.332083333E-1,7.629394531E-4
6.332291667E-1,2.746582031E-4
6.332500000E-1,2.288818359E-3
6.332708333E-1,3.662109375E-3
6.332916667E-1,1.708984375E-3
6.333125000E-1,1.098632812E-3
6.333333333E-1,1.647949219E-3
6.333541667E-1,2.319335938E-3
6.333750000E-1,4.577636719E-4
6.333958333E-1,2.899169922E-3
6.334166667E-1,9.460449219E-4
6.334375000E-1,-1.800537109E-3
6.334583333E-1,-6.103515625E-5
6.334791667E-1,6.103515625E-4
6.335000000E-1,-4.943847656E-3
6.335208333E-1,3.356933594E-4
6.335416667E-1,2.197265625E-3
6.335625000E-1,-6.713867188E-4
6.335833333E-1,1.922607422E-3
6.336041667E-1,-9.460449219E-4
6.336250000E-1,-1.190185547E-3
6.336458333E-1,-2.563476562E-3
6.336666667E-1,-2.105712891E-3
6.336875000E-1,-9.460449219E-4
6.337083333E-1,-6.408691406E-4
6.337291667E-1,-9.155273438E-4
6.337500000E-1,-1.098632812E-3
6.337708333E-1,-2.075195312E-3
6.337916667E-1,-7.324218750E-4
6.338125000E-1,1.220703125E-4
6.338333333E-1,-3.173828125E-3
6.338541667E-1,-2.075195312E-3
6.338750000E-1,-2.929687500E-3
6.338958333E-1,-2.197265625E-3
6.339166667E-1,-2.105712891E-3
6.339375000E-1,-2.868652344E-3
6.339583333E-1,8.850097656E-4
6.339791667E-1,-3.051757812E-3
6.340000000E-1,-3.967285156E-3
6.340208333E-1,-1.037597656E-3
6.340416667E-1,-4.211425781E-3
6.340625000E-1,-3.021240234E-3
6.340833333E-1,-8.850097656E-4
6.341041667E-1,-9.765625000E-4
6.341250000E-1,-1.220703125E-3
6.341458333E-1,-2.716064453E-3
6.341666667E-1,-2.014160156E-3
6.341875000E-1,-1.708984375E-3
6.342083333E-1,-3.143310547E-3
6.342291667E-1,-9.155273438E-4
6.342500000E-1,-3.540039062E-3
6.342708333E-1,-1.312255859E-3
6.342916667E-1,-5.798339844E-4
6.343125000E-1,-3.997802734E-3
6.343333333E-1,3.051757812E-5
6.343541667E-1,-2.441406250E-3
6.343750000E-1,-1.068115234E-3
6.343958333E-1,-1.617431641E-3
6.344166667E-1,-1.129150391E-3
6.344375000E-1,-7.324218750E-4
6.344583333E-1,-3.631591797E-3
6.344791667E-1,-2.441406250E-4
6.345000000E-1,-2.258300781E-3
6.345208333E-1,-1.495361328E-3
6.345416667E-1,7.324218750E-4
6.345625000E-1,-3.326416016E-3
6.345833333E-1,-1.464843750E-3
6.346041667E-1,-7.324218750E-4
6.346250000E-1,-2.563476562E-3
6.346458333E-1,-3.173828125E-3
6.346666667E-1,-2.777099609E-3
6.346875000E-1,-6.713867188E-4
6.347083333E-1,-1.251220703E-3
6.347291667E-1,-3.692626953E-3
6.347500000E-1,-3.540039062E-3
6.347708333E-1,-1.251220703E-3
6.347916667E-1,-2.777099609E-3
6.348125000E-1,-2.410888672E-3
6.348333333E-1,-2.960205078E-3
6.348541667E-1,-3.326416016E-3
6.348750000E-1,-1.220703125E-4
6.348958333E-1,-4.974365234E-3
6.349166667E-1,-1.922607422E-3
6.349375000E-1,-1.037597656E-3
6.349583333E-1,-2.349853516E-3
6.349791667E-1,1.007080078E-3
6.350000000E-1,-3.479003906E-3
6.350208333E-1,4.577636719E-4
6.350416667E-1,-2.441406250E-4
6.350625000E-1,-2.532958984E-3
6.350833333E-1,-3.356933594E-4
6.351041667E-1,-1.434326172E-3
6.351250000E-1,-1.525878906E-4
6.351458333E-1,-1.861572266E-3
6.351666667E-1,-1.953125000E-3
6.351875000E-1,-3.479003906E-3
6.352083333E-1,3.967285156E-4
6.352291667E-1,-2.502441406E-3
6.352500000E-1,-1.678466797E-3
6.352708333E-1,-3.051757812E-4
6.352916667E-1,-5.126953125E-3
6.353125000E-1,9.460449219E-4
6.353333333E-1,-2.868652344E-3
6.353541667E-1,-1.678466797E-3
6.353750000E-1,1.831054688E-4
6.353958333E-1,-1.983642578E-3
6.354166667E-1,4.272460938E-4
6.354375000E-1,-7.324218750E-4
6.354583333E-1,-1.708984375E-3
6.354791667E-1,-2.136230469E-4
6.355000000E-1,1.037597656E-3
6.355208333E-1,-3.051757812E-4
6.355416667E-1,-6.103515625E-5
6.355625000E-1,1.068115234E-3
6.355833333E-1,-5.493164062E-4
6.356041667E-1,-1.220703125E-3
6.356250000E-1,-3.967285156E-4
6.356458333E-1,-2.044677734E-3
6.356666667E-1,2.746582031E-4
6.356875000E-1,2.716064453E-3
6.357083333E-1,-6.408691406E-4
6.357291667E-1,2.746582031E-4
6.357500000E-1,2.105712891E-3
6.357708333E-1,6.713867188E-4
6.357916667E-1,-2.441406250E-4
6.358125000E-1,7.324218750E-4
6.358333333E-1,4.272460938E-4
6.358541667E-1,1.098632812E-3
6.358750000E-1,2.014160156E-3
6.358958333E-1,1.434326172E-3
6.359166667E-1,-3.662109375E-4
6.359375000E-1,1.495361328E-3
6.359583333E-1,7.324218750E-4
6.359791667E-1,-1.281738281E-3
6.360000000E-1,2.075195312E-3
6.360208333E-1,-4.272460938E-4
6.360416667E-1,-5.798339844E-4
6.360625000E-1,-1.312255859E-3
6.360833333E-1,-2.960205078E-3
6.361041667E-1,5.493164062E-4
6.361250000E-1,-5.310058594E-3
6.361458333E-1,-9.155273438E-5
6.361666667E-1,-1.373291016E-3
6.361875000E-1,6.408691406E-4
6.362083333E-1,1.159667969E-3
6.362291667E-1,-2.105712891E-3
6.362500000E-1,3.112792969E-3
6.362708333E-1,-3.784179688E-3
6.362916667E-1,1.373291016E-3
6.363125000E-1,-2.166748047E-3
6.363333333E-1,1.556396484E-3
6.363541667E-1,7.019042969E-4
6.363750000E-1,-4.241943359E-3
6.363958333E-1,1.739501953E-3
6.364166667E-1,-2.044677734E-3
6.364375000E-1,-2.746582031E-4
6.364583333E-1,1.403808594E-3
6.364791667E-1,-2.532958984E-3
6.365000000E-1,-2.746582031E-4
6.365208333E-1,8.850097656E-4
6.365416667E-1,-1.342773438E-3
6.365625000E-1,-3.356933594E-4
6.365833333E-1,-1.617431641E-3
6.366041667E-1,-1.617431641E-3
6.366250000E-1,-2.075195312E-3
6.366458333E-1,1.739501953E-3
6.366666667E-1,1.373291016E-3
6.366875000E-1,-1.098632812E-3
6.367083333E-1,7.019042969E-4
6.367291667E-1,-1.739501953E-3
6.367500000E-1,-3.723144531E-3
6.367708333E-1,-9.155273438E-4
6.367916667E-1,-4.272460938E-4
6.368125000E-1,-3.356933594E-4
6.368333333E-1,2.288818359E-3
6.368541667E-1,-1.861572266E-3
6.368750000E-1,-2.746582031E-4
6.368958333E-1,-3.051757812E-4
6.369166667E-1,-4.882812500E-4
6.369375000E-1,-1.007080078E-3
6.369583333E-1,-2.807617188E-3
6.369791667E-1,-5.798339844E-4
6.370000000E-1,-3.356933594E-3
6.370208333E-1,-9.460449219E-4
6.370416667E-1,-1.281738281E-3
6.370625000E-1,2.136230469E-4
6.370833333E-1,1.373291016E-3
6.371041667E-1,-1.678466797E-3
6.371250000E-1,-9.155273438E-5
6.371458333E-1,-2.777099609E-3
6.371666667E-1,-2.075195312E-3
6.371875000E-1,-1.556396484E-3
6.372083333E-1,-2.136230469E-4
6.372291667E-1,4.272460938E-4
6.372500000E-1,-1.281738281E-3
6.372708333E-1,1.251220703E-3
6.372916667E-1,-1.007080078E-3
6.373125000E-1,-1.525878906E-4
6.373333333E-1,2.746582031E-4
6.373541667E-1,1.342773438E-3
6.373750000E-1,6.408691406E-4
6.373958333E-1,1.739501953E-3
6.374166667E-1,3.723144531E-3
6.374375000E-1,1.373291016E-3
6.374583333E-1,2.868652344E-3
6.374791667E-1,3.356933594E-3
6.375000000E-1,8.544921875E-4
6.375208333E-1,1.098632812E-3
6.375416667E-1,2.258300781E-3
6.375625000E-1,-5.798339844E-4
6.375833333E-1,3.295898438E-3
6.376041667E-1,7.324218750E-4
6.376250000E-1,6.103515625E-4
6.376458333E-1,3.387451172E-3
6.376666667E-1,2.166748047E-3
6.376875000E-1,3.631591797E-3
6.377083333E-1,2.136230469E-3
6.377291667E-1,3.540039062E-3
6.377500000E-1,3.021240234E-3
6.377708333E-1,2.410888672E-3
6.377916667E-1,3.082275391E-3
6.378125000E-1,3.662109375E-3
6.378333333E-1,3.845214844E-3
6.378541667E-1,4.669189453E-3
6.378750000E-1,4.333496094E-3
6.378958333E-1,2.624511719E-3
6.379166667E-1,5.279541016E-3
6.379375000E-1,4.638671875E-3
6.379583333E-1,4.669189453E-3
6.379791667E-1,4.058837891E-3
6.380000000E-1,4.211425781E-3
6.380208333E-1,5.065917969E-3
6.380416667E-1,4.272460938E-3
6.380625000E-1,2.990722656E-3
6.380833333E-1,4.882812500E-3
6.381041667E-1,4.913330078E-3
6.381250000E-1,4.760742188E-3
6.381458333E-1,3.540039062E-3
6.381666667E-1,4.882812500E-3
6.381875000E-1,6.744384766E-3
6.382083333E-1,3.753662109E-3
6.382291667E-1,7.019042969E-3
6.382500000E-1,2.410888672E-3
6.382708333E-1,6.134033203E-3
6.382916667E-1,3.234863281E-3
6.383125000E-1,2.929687500E-3
6.383333333E-1,5.279541016E-3
6.383541667E-1,2.410888672E-3
6.383750000E-1,8.270263672E-3
6.383958333E-1,3.387451172E-3
6.384166667E-1,4.516601562E-3
6.384375000E-1,3.448486328E-3
6.384583333E-1,1.098632812E-3
6.384791667E-1,3.662109375E-3
6.385000000E-1,3.784179688E-3
6.385208333E-1,3.051757812E-3
6.385416667E-1,2.532958984E-3
6.385625000E-1,5.706787109E-3
6.385833333E-1,2.593994141E-3
6.386041667E-1,1.037597656E-3
6.386250000E-1,1.953125000E-3
6.386458333E-1,5.493164062E-4
6.386666667E-1,3.875732422E-3
6.386875000E-1,3.326416016E-3
6.387083333E-1,2.258300781E-3
6.387291667E-1,2.777099609E-3
6.387500000E-1,1.098632812E-3
6.387708333E-1,1.861572266E-3
6.387916667E-1,3.387451172E-3
6.388125000E-1,-1.647949219E-3
6.388333333E-1,1.403808594E-3
6.388541667E-1,3.540039062E-3
6.388750000E-1,1.586914062E-3
6.388958333E-1,3.204345703E-3
6.389166667E-1,6.103515625E-5
6.389375000E-1,3.234863281E-3
6.389583333E-1,8.239746094E-4
6.389791667E-1,2.441406250E-4
6.390000000E-1,1.708984375E-3
6.390208333E-1,8.239746094E-4
6.390416667E-1,3.662109375E-4
6.390625000E-1,-5.798339844E-4
6.390833333E-1,1.068115234E-3
6.391041667E-1,-4.577636719E-4
6.391250000E-1,1.037597656E-3
6.391458333E-1,5.798339844E-4
6.391666667E-1,4.882812500E-4
6.391875000E-1,1.983642578E-3
6.392083333E-1,2.746582031E-4
6.392291667E-1,-7.019042969E-4
6.392500000E-1,-6.408691406E-4
6.392708333E-1,1.617431641E-3
6.392916667E-1,-9.155273438E-4
6.393125000E-1,-2.166748047E-3
6.393333333E-1,-1.953125000E-3
6.393541667E-1,-3.051757812E-5
6.393750000E-1,-1.159667969E-3
6.393958333E-1,-2.197265625E-3
6.394166667E-1,7.019042969E-4
6.394375000E-1,-3.692626953E-3
6.394583333E-1,-3.967285156E-4
6.394791667E-1,-2.166748047E-3
6.395000000E-1,-2.960205078E-3
6.395208333E-1,2.105712891E-3
6.395416667E-1,-4.516601562E-3
6.395625000E-1,-1.129150391E-3
6.395833333E-1,-2.227783203E-3
6.396041667E-1,-1.708984375E-3
6.396250000E-1,-8.544921875E-4
6.396458333E-1,-3.326416016E-3
6.396666667E-1,-1.190185547E-3
6.396875000E-1,-4.669189453E-3
6.397083333E-1,-1.800537109E-3
6.397291667E-1,-3.234863281E-3
6.397500000E-1,-4.913330078E-3
6.397708333E-1,-1.190185547E-3
6.397916667E-1,-4.730224609E-3
6.398125000E-1,-3.479003906E-3
6.398333333E-1,-2.624511719E-3
6.398541667E-1,-3.753662109E-3
6.398750000E-1,-3.326416016E-3
6.398958333E-1,-3.631591797E-3
6.399166667E-1,-3.356933594E-3
6.399375000E-1,-3.295898438E-3
6.399583333E-1,-2.502441406E-3
6.399791667E-1,-3.967285156E-3
6.400000000E-1,-2.441406250E-3
6.400208333E-1,-3.540039062E-3
6.400416667E-1,-4.882812500E-3
6.400625000E-1,-3.753662109E-3
6.400833333E-1,-5.584716797E-3
6.401041667E-1,-3.295898438E-3
6.401250000E-1,-4.028320312E-3
6.401458333E-1,-3.753662109E-3
6.401666667E-1,-2.349853516E-3
6.401875000E-1,-2.685546875E-3
6.402083333E-1,-2.166748047E-3
6.402291667E-1,-2.777099609E-3
6.402500000E-1,-3.540039062E-3
6.402708333E-1,-3.204345703E-3
6.402916667E-1,-2.655029297E-3
6.403125000E-1,-4.608154297E-3
6.403333333E-1,-3.784179688E-3
6.403541667E-1,-4.180908203E-3
6.403750000E-1,-1.220703125E-3
6.403958333E-1,-1.373291016E-3
6.404166667E-1,-2.166748047E-3
6.404375000E-1,5.798339844E-4
6.404583333E-1,-2.899169922E-3
6.404791667E-1,-2.899169922E-3
6.405000000E-1,-1.525878906E-3
6.405208333E-1,-3.082275391E-3
6.405416667E-1,-2.044677734E-3
6.405625000E-1,-5.187988281E-4
6.405833333E-1,-9.460449219E-4
6.406041667E-1,-5.493164062E-4
6.406250000E-1,-4.272460938E-4
6.406458333E-1,8.850097656E-4
6.406666667E-1,8.850097656E-4
6.406875000E-1,9.155273438E-5
6.407083333E-1,8.544921875E-4
6.407291667E-1,1.281738281E-3
6.407500000E-1,2.441406250E-4
6.407708333E-1,5.187988281E-4
6.407916667E-1,1.464843750E-3
6.408125000E-1,-6.103515625E-4
6.408333333E-1,1.281738281E-3
6.408541667E-1,1.953125000E-3
6.408750000E-1,1.525878906E-4
6.408958333E-1,-1.220703125E-4
6.409166667E-1,1.586914062E-3
6.409375000E-1,1.525878906E-3
6.409583333E-1,-1.220703125E-4
6.409791667E-1,2.044677734E-3
6.410000000E-1,1.678466797E-3
6.410208333E-1,-1.678466797E-3
6.410416667E-1,2.471923828E-3
6.410625000E-1,6.713867188E-4
6.410833333E-1,1.586914062E-3
6.411041667E-1,2.563476562E-3
6.411250000E-1,-1.281738281E-3
6.411458333E-1,1.129150391E-3
6.411666667E-1,-5.493164062E-4
6.411875000E-1,9.460449219E-4
6.412083333E-1,2.136230469E-3
6.412291667E-1,6.713867188E-4
6.412500000E-1,2.166748047E-3
6.412708333E-1,-3.356933594E-4
6.412916667E-1,7.629394531E-4
6.413125000E-1,1.556396484E-3
6.413333333E-1,-7.629394531E-4
6.413541667E-1,1.586914062E-3
6.413750000E-1,-5.187988281E-4
6.413958333E-1,4.882812500E-4
6.414166667E-1,-1.647949219E-3
6.414375000E-1,-1.739501953E-3
6.414583333E-1,2.258300781E-3
6.414791667E-1,-3.662109375E-4
6.415000000E-1,2.441406250E-4
6.415208333E-1,-3.051757812E-5
6.415416667E-1,4.272460938E-4
6.415625000E-1,-7.019042969E-4
6.415833333E-1,-3.082275391E-3
6.416041667E-1,-2.014160156E-3
6.416250000E-1,-1.312255859E-3
6.416458333E-1,-2.105712891E-3
6.416666667E-1,-2.075195312E-3
6.416875000E-1,1.831054688E-4
6.417083333E-1,-2.258300781E-3
6.417291667E-1,5.798339844E-4
6.417500000E-1,-4.577636719E-4
6.417708333E-1,-3.784179688E-3
6.417916667E-1,3.051757812E-4
6.418125000E-1,-2.441406250E-3
6.418333333E-1,-2.899169922E-3
6.418541667E-1,-3.051757812E-5
6.418750000E-1,-2.563476562E-3
6.418958333E-1,-3.051757812E-4
6.419166667E-1,-2.044677734E-3
6.419375000E-1,9.155273438E-4
6.419583333E-1,-3.051757812E-5
6.419791667E-1,-2.136230469E-3
6.420000000E-1,7.934570312E-4
6.420208333E-1,-2.593994141E-3
6.420416667E-1,-1.159667969E-3
6.420625000E-1,-1.953125000E-3
6.420833333E-1,-3.967285156E-4
6.421041667E-1,-1.098632812E-3
6.421250000E-1,-6.103515625E-5
6.421458333E-1,-4.577636719E-4
6.421666667E-1,-9.155273438E-4
6.421875000E-1,1.281738281E-3
6.422083333E-1,-1.556396484E-3
6.422291667E-1,-2.746582031E-4
6.422500000E-1,5.798339844E-4
6.422708333E-1,-1.068115234E-3
6.422916667E-1,-3.051757812E-5
6.423125000E-1,2.746582031E-4
6.423333333E-1,-3.662109375E-4
6.423541667E-1,-6.713867188E-4
6.423750000E-1,2.746582031E-4
6.423958333E-1,2.929687500E-3
6.424166667E-1,1.159667969E-3
6.424375000E-1,-2.441406250E-4
6.424583333E-1,8.850097656E-4
6.424791667E-1,1.800537109E-3
6.425000000E-1,-1.525878906E-4
6.425208333E-1,1.831054688E-4
6.425416667E-1,1.098632812E-3
6.425625000E-1,-6.103515625E-5
6.425833333E-1,1.739501953E-3
6.426041667E-1,-1.617431641E-3
6.426250000E-1,-1.220703125E-4
6.426458333E-1,1.037597656E-3
6.426666667E-1,-1.251220703E-3
6.426875000E-1,2.441406250E-4
6.427083333E-1,-7.629394531E-4
6.427291667E-1,6.408691406E-4
6.427500000E-1,-4.577636719E-4
6.427708333E-1,2.746582031E-4
6.427916667E-1,-3.051757812E-4
6.428125000E-1,3.356933594E-4
6.428333333E-1,2.105712891E-3
6.428541667E-1,4.272460938E-4
6.428750000E-1,1.373291016E-3
6.428958333E-1,-3.356933594E-4
6.429166667E-1,1.525878906E-3
6.429375000E-1,-9.155273438E-4
6.429583333E-1,-1.556396484E-3
6.429791667E-1,-3.662109375E-4
6.430000000E-1,-1.098632812E-3
6.430208333E-1,2.441406250E-4
6.430416667E-1,-1.831054688E-3
6.430625000E-1,1.373291016E-3
6.430833333E-1,-5.798339844E-4
6.431041667E-1,-1.464843750E-3
6.431250000E-1,-8.544921875E-4
6.431458333E-1,-1.647949219E-3
6.431666667E-1,-1.831054688E-4
6.431875000E-1,-3.356933594E-4
6.432083333E-1,1.068115234E-3
6.432291667E-1,6.103515625E-4
6.432500000E-1,-1.098632812E-3
6.432708333E-1,9.155273438E-5
6.432916667E-1,8.850097656E-4
6.433125000E-1,-5.493164062E-4
6.433333333E-1,-1.831054688E-4
6.433541667E-1,-1.159667969E-3
6.433750000E-1,1.129150391E-3
6.433958333E-1,1.525878906E-4
6.434166667E-1,-6.103515625E-4
6.434375000E-1,1.800537109E-3
6.434583333E-1,1.098632812E-3
6.434791667E-1,1.220703125E-4
6.435000000E-1,1.037597656E-3
6.435208333E-1,2.044677734E-3
6.435416667E-1,-4.577636719E-4
6.435625000E-1,2.075195312E-3
6.435833333E-1,2.288818359E-3
6.436041667E-1,8.544921875E-4
6.436250000E-1,2.075195312E-3
6.436458333E-1,1.525878906E-3
6.436666667E-1,6.408691406E-4
6.436875000E-1,2.624511719E-3
6.437083333E-1,3.326416016E-3
6.437291667E-1,8.850097656E-4
6.437500000E-1,1.403808594E-3
6.437708333E-1,1.281738281E-3
6.437916667E-1,4.119873047E-3
6.438125000E-1,2.258300781E-3
6.438333333E-1,2.532958984E-3
6.438541667E-1,2.868652344E-3
6.438750000E-1,1.892089844E-3
6.438958333E-1,3.051757812E-3
6.439166667E-1,1.953125000E-3
6.439375000E-1,2.166748047E-3
6.439583333E-1,2.685546875E-3
6.439791667E-1,2.960205078E-3
6.440000000E-1,1.220703125E-3
6.440208333E-1,1.525878906E-3
6.440416667E-1,2.075195312E-3
6.440625000E-1,1.861572266E-3
6.440833333E-1,1.708984375E-3
6.441041667E-1,3.143310547E-3
6.441250000E-1,1.342773438E-3
6.441458333E-1,1.617431641E-3
6.441666667E-1,3.723144531E-3
6.441875000E-1,3.295898438E-3
6.442083333E-1,2.624511719E-3
6.442291667E-1,2.929687500E-3
6.442500000E-1,1.403808594E-3
6.442708333E-1,1.678466797E-3
6.442916667E-1,2.746582031E-4
6.443125000E-1,-1.220703125E-4
6.443333333E-1,3.082275391E-3
6.443541667E-1,1.800537109E-3
6.443750000E-1,1.739501953E-3
6.443958333E-1,1.922607422E-3
6.444166667E-1,1.220703125E-4
6.444375000E-1,-5.493164062E-4
6.444583333E-1,2.441406250E-4
6.444791667E-1,2.441406250E-4
6.445000000E-1,7.019042969E-4
6.445208333E-1,-6.713867188E-4
6.445416667E-1,1.739501953E-3
6.445625000E-1,1.861572266E-3
6.445833333E-1,1.831054688E-4
6.446041667E-1,1.037597656E-3
6.446250000E-1,-1.678466797E-3
6.446458333E-1,-7.324218750E-4
6.446666667E-1,4.272460938E-4
6.446875000E-1,7.324218750E-4
6.447083333E-1,1.525878906E-4
6.447291667E-1,3.051757812E-4
6.447500000E-1,9.155273438E-4
6.447708333E-1,6.408691406E-4
6.447916667E-1,0.000000000E0
6.448125000E-1,-2.136230469E-4
6.448333333E-1,-5.187988281E-4
6.448541667E-1,-1.586914062E-3
6.448750000E-1,-1.953125000E-3
6.448958333E-1,-1.953125000E-3
6.449166667E-1,-6.103515625E-4
6.449375000E-1,6.103515625E-5
6.449583333E-1,3.356933594E-4
6.449791667E-1,-5.187988281E-4
6.450000000E-1,-6.713867188E-4
6.450208333E-1,-1.007080078E-3
6.450416667E-1,-8.544921875E-4
6.450625000E-1,-2.166748047E-3
6.450833333E-1,-2.258300781E-3
6.451041667E-1,-1.708984375E-3
6.451250000E-1,-2.532958984E-3
6.451458333E-1,-1.068115234E-3
6.451666667E-1,-2.044677734E-3
6.451875000E-1,-3.234863281E-3
6.452083333E-1,-1.892089844E-3
6.452291667E-1,-1.647949219E-3
6.452500000E-1,-2.136230469E-3
6.452708333E-1,-2.899169922E-3
6.452916667E-1,-1.342773438E-3
6.453125000E-1,-2.319335938E-3
6.453333333E-1,-3.692626953E-3
6.453541667E-1,-1.800537109E-3
6.453750000E-1,-1.220703125E-3
6.453958333E-1,-1.037597656E-3
6.454166667E-1,-1.739501953E-3
6.454375000E-1,-1.617431641E-3
6.454583333E-1,-1.373291016E-3
6.454791667E-1,-2.197265625E-3
6.455000000E-1,-1.831054688E-3
6.455208333E-1,1.342773438E-3
6.455416667E-1,-6.103515625E-5
6.455625000E-1,-6.713867188E-4
6.455833333E-1,-7.019042969E-4
6.456041667E-1,-2.288818359E-3
6.456250000E-1,-1.464843750E-3
6.456458333E-1,-2.197265625E-3
6.456666667E-1,-4.577636719E-4
6.456875000E-1,-3.051757812E-4
6.457083333E-1,-1.251220703E-3
6.457291667E-1,-1.464843750E-3
6.457500000E-1,-4.272460938E-4
6.457708333E-1,-5.493164062E-4
6.457916667E-1,-2.288818359E-3
6.458125000E-1,-2.410888672E-3
6.458333333E-1,-8.544921875E-4
6.458541667E-1,-1.556396484E-3
6.458750000E-1,-2.441406250E-4
6.458958333E-1,-5.798339844E-4
6.459166667E-1,-1.312255859E-3
6.459375000E-1,-9.155273438E-4
6.459583333E-1,-2.441406250E-3
6.459791667E-1,-1.251220703E-3
6.460000000E-1,-2.410888672E-3
6.460208333E-1,-2.288818359E-3
6.460416667E-1,-3.356933594E-3
6.460625000E-1,-2.075195312E-3
6.460833333E-1,-1.647949219E-3
6.461041667E-1,-2.380371094E-3
6.461250000E-1,-4.577636719E-4
6.461458333E-1,-1.495361328E-3
6.461666667E-1,0.000000000E0
6.461875000E-1,-2.746582031E-4
6.462083333E-1,-8.850097656E-4
6.462291667E-1,-1.708984375E-3
6.462500000E-1,-2.838134766E-3
6.462708333E-1,-2.319335938E-3
6.462916667E-1,-3.631591797E-3
6.463125000E-1,-3.143310547E-3
6.463333333E-1,-1.098632812E-3
6.463541667E-1,-1.281738281E-3
6.463750000E-1,9.765625000E-4
6.463958333E-1,-1.190185547E-3
6.464166667E-1,-3.173828125E-3
6.464375000E-1,5.493164062E-4
6.464583333E-1,-2.044677734E-3
6.464791667E-1,-1.892089844E-3
6.465000000E-1,-2.014160156E-3
6.465208333E-1,-3.234863281E-3
6.465416667E-1,-8.544921875E-4
6.465625000E-1,-8.850097656E-4
6.465833333E-1,-3.051757812E-5
6.466041667E-1,-1.495361328E-3
6.466250000E-1,-6.713867188E-4
6.466458333E-1,2.441406250E-4
6.466666667E-1,-2.044677734E-3
6.466875000E-1,6.103515625E-5
6.467083333E-1,-1.098632812E-3
6.467291667E-1,-7.019042969E-4
6.467500000E-1,3.051757812E-5
6.467708333E-1,-2.716064453E-3
6.467916667E-1,3.662109375E-4
6.468125000E-1,5.798339844E-4
6.468333333E-1,1.525878906E-3
6.468541667E-1,1.190185547E-3
6.468750000E-1,8.239746094E-4
6.468958333E-1,1.770019531E-3
6.469166667E-1,-3.356933594E-4
6.469375000E-1,2.380371094E-3
6.469583333E-1,-3.051757812E-5
6.469791667E-1,1.953125000E-3
6.470000000E-1,1.831054688E-3
6.470208333E-1,2.075195312E-3
6.470416667E-1,3.417968750E-3
6.470625000E-1,3.662109375E-4
6.470833333E-1,3.540039062E-3
6.471041667E-1,9.765625000E-4
6.471250000E-1,2.838134766E-3
6.471458333E-1,3.540039062E-3
6.471666667E-1,1.159667969E-3
6.471875000E-1,5.798339844E-4
6.472083333E-1,2.563476562E-3
6.472291667E-1,7.324218750E-4
6.472500000E-1,2.655029297E-3
6.472708333E-1,2.807617188E-3
6.472916667E-1,1.800537109E-3
6.473125000E-1,3.631591797E-3
6.473333333E-1,8.239746094E-4
6.473541667E-1,4.913330078E-3
6.473750000E-1,1.708984375E-3
6.473958333E-1,2.197265625E-3
6.474166667E-1,1.708984375E-3
6.474375000E-1,2.777099609E-3
6.474583333E-1,3.723144531E-3
6.474791667E-1,2.166748047E-3
6.475000000E-1,4.089355469E-3
6.475208333E-1,1.220703125E-3
6.475416667E-1,2.563476562E-3
6.475625000E-1,1.403808594E-3
6.475833333E-1,2.777099609E-3
6.476041667E-1,3.173828125E-3
6.476250000E-1,2.197265625E-3
6.476458333E-1,4.730224609E-3
6.476666667E-1,2.838134766E-3
6.476875000E-1,2.563476562E-3
6.477083333E-1,2.197265625E-3
6.477291667E-1,2.502441406E-3
6.477500000E-1,1.281738281E-3
6.477708333E-1,-2.136230469E-4
6.477916667E-1,4.882812500E-4
6.478125000E-1,1.617431641E-3
6.478333333E-1,9.155273438E-4
6.478541667E-1,2.075195312E-3
6.478750000E-1,3.509521484E-3
6.478958333E-1,1.678466797E-3
6.479166667E-1,2.899169922E-3
6.479375000E-1,2.014160156E-3
6.479583333E-1,9.765625000E-4
6.479791667E-1,3.326416016E-3
6.480000000E-1,3.234863281E-3
6.480208333E-1,2.777099609E-3
6.480416667E-1,3.753662109E-3
6.480625000E-1,3.143310547E-3
6.480833333E-1,2.471923828E-3
6.481041667E-1,1.800537109E-3
6.481250000E-1,2.441406250E-3
6.481458333E-1,3.326416016E-3
6.481666667E-1,5.493164062E-4
6.481875000E-1,-6.408691406E-4
6.482083333E-1,1.037597656E-3
6.482291667E-1,9.460449219E-4
6.482500000E-1,2.014160156E-3
6.482708333E-1,1.281738281E-3
6.482916667E-1,2.868652344E-3
6.483125000E-1,1.159667969E-3
6.483333333E-1,2.136230469E-4
6.483541667E-1,1.068115234E-3
6.483750000E-1,8.544921875E-4
6.483958333E-1,1.403808594E-3
6.484166667E-1,9.155273438E-5
6.484375000E-1,1.739501953E-3
6.484583333E-1,1.495361328E-3
6.484791667E-1,2.471923828E-3
6.485000000E-1,1.800537109E-3
6.485208333E-1,1.678466797E-3
6.485416667E-1,8.544921875E-4
6.485625000E-1,8.850097656E-4
6.485833333E-1,8.850097656E-4
6.486041667E-1,-1.831054688E-4
6.486250000E-1,2.319335938E-3
6.486458333E-1,2.349853516E-3
6.486666667E-1,2.319335938E-3
6.486875000E-1,1.617431641E-3
6.487083333E-1,1.220703125E-3
6.487291667E-1,6.103515625E-5
6.487500000E-1,-2.441406250E-4
6.487708333E-1,1.373291016E-3
6.487916667E-1,8.239746094E-4
6.488125000E-1,1.647949219E-3
6.488333333E-1,2.593994141E-3
6.488541667E-1,1.434326172E-3
6.488750000E-1,1.892089844E-3
6.488958333E-1,1.281738281E-3
6.489166667E-1,1.953125000E-3
6.489375000E-1,2.441406250E-3
6.489583333E-1,-6.713867188E-4
6.489791667E-1,1.220703125E-4
6.490000000E-1,-3.967285156E-4
6.490208333E-1,1.831054688E-4
6.490416667E-1,-2.441406250E-4
6.490625000E-1,5.493164062E-4
6.490833333E-1,2.441406250E-4
6.491041667E-1,-2.166748047E-3
6.491250000E-1,7.019042969E-4
6.491458333E-1,-1.434326172E-3
6.491666667E-1,2.441406250E-4
6.491875000E-1,-7.019042969E-4
6.492083333E-1,-1.861572266E-3
6.492291667E-1,4.882812500E-4
6.492500000E-1,-2.014160156E-3
6.492708333E-1,-5.798339844E-4
6.492916667E-1,0.000000000E0
6.493125000E-1,-6.103515625E-4
6.493333333E-1,1.251220703E-3
6.493541667E-1,-1.617431641E-3
6.493750000E-1,-1.708984375E-3
6.493958333E-1,0.000000000E0
6.494166667E-1,-3.356933594E-4
6.494375000E-1,1.068115234E-3
6.494583333E-1,7.324218750E-4
6.494791667E-1,6.103515625E-4
6.495000000E-1,-8.850097656E-4
6.495208333E-1,-1.739501953E-3
6.495416667E-1,-1.586914062E-3
6.495625000E-1,6.103515625E-5
6.495833333E-1,1.525878906E-3
6.496041667E-1,5.798339844E-4
6.496250000E-1,-6.103515625E-4
6.496458333E-1,-6.408691406E-4
6.496666667E-1,-1.647949219E-3
6.496875000E-1,-4.882812500E-4
6.497083333E-1,-1.708984375E-3
6.497291667E-1,-4.882812500E-4
6.497500000E-1,-1.831054688E-4
6.497708333E-1,-1.647949219E-3
6.497916667E-1,1.220703125E-4
6.498125000E-1,-1.556396484E-3
6.498333333E-1,4.577636719E-4
6.498541667E-1,2.441406250E-4
6.498750000E-1,-1.068115234E-3
6.498958333E-1,-3.356933594E-4
6.499166667E-1,0.000000000E0
6.499375000E-1,1.281738281E-3
6.499583333E-1,8.239746094E-4
6.499791667E-1,4.272460938E-4
6.500000000E-1,4.882812500E-4
6.500208333E-1,-1.800537109E-3
6.500416667E-1,-4.272460938E-4
6.500625000E-1,-2.746582031E-4
6.500833333E-1,-2.136230469E-4
6.501041667E-1,-2.746582031E-4
6.501250000E-1,-2.258300781E-3
6.501458333E-1,7.324218750E-4
6.501666667E-1,-1.708984375E-3
6.501875000E-1,-3.051757812E-4
6.502083333E-1,-1.159667969E-3
6.502291667E-1,-1.190185547E-3
6.502500000E-1,-3.356933594E-4
6.502708333E-1,-2.105712891E-3
6.502916667E-1,-5.187988281E-4
6.503125000E-1,-2.166748047E-3
6.503333333E-1,-3.051757812E-4
6.503541667E-1,4.882812500E-4
6.503750000E-1,-1.708984375E-3
6.503958333E-1,-1.037597656E-3
6.504166667E-1,-9.765625000E-4
6.504375000E-1,-1.037597656E-3
6.504583333E-1,-2.044677734E-3
6.504791667E-1,-1.159667969E-3
6.505000000E-1,-1.525878906E-4
6.505208333E-1,-2.288818359E-3
6.505416667E-1,-7.019042969E-4
6.505625000E-1,1.525878906E-4
6.505833333E-1,-1.129150391E-3
6.506041667E-1,-1.983642578E-3
6.506250000E-1,-8.850097656E-4
6.506458333E-1,-2.197265625E-3
6.506666667E-1,-1.403808594E-3
6.506875000E-1,-2.777099609E-3
6.507083333E-1,-2.471923828E-3
6.507291667E-1,-9.460449219E-4
6.507500000E-1,-2.502441406E-3
6.507708333E-1,-1.251220703E-3
6.507916667E-1,-1.342773438E-3
6.508125000E-1,6.103515625E-4
6.508333333E-1,-1.739501953E-3
6.508541667E-1,-1.556396484E-3
6.508750000E-1,-2.014160156E-3
6.508958333E-1,-2.777099609E-3
6.509166667E-1,-1.373291016E-3
6.509375000E-1,-2.258300781E-3
6.509583333E-1,-2.716064453E-3
6.509791667E-1,-1.281738281E-3
6.510000000E-1,-1.953125000E-3
6.510208333E-1,-2.471923828E-3
6.510416667E-1,-4.272460938E-4
6.510625000E-1,-1.983642578E-3
6.510833333E-1,-3.662109375E-4
6.511041667E-1,-2.777099609E-3
6.511250000E-1,-2.929687500E-3
6.511458333E-1,-1.342773438E-3
6.511666667E-1,-1.892089844E-3
6.511875000E-1,-7.324218750E-4
6.512083333E-1,-1.434326172E-3
6.512291667E-1,-4.272460938E-4
6.512500000E-1,-1.068115234E-3
6.512708333E-1,-1.800537109E-3
6.512916667E-1,-5.187988281E-4
6.513125000E-1,-1.953125000E-3
6.513333333E-1,-1.281738281E-3
6.513541667E-1,0.000000000E0
6.513750000E-1,-9.460449219E-4
6.513958333E-1,-1.342773438E-3
6.514166667E-1,-2.410888672E-3
6.514375000E-1,-2.868652344E-3
6.514583333E-1,-2.349853516E-3
6.514791667E-1,-8.850097656E-4
6.515000000E-1,-1.129150391E-3
6.515208333E-1,-1.464843750E-3
6.515416667E-1,-1.556396484E-3
6.515625000E-1,-9.460449219E-4
6.515833333E-1,-2.136230469E-3
6.516041667E-1,-1.159667969E-3
6.516250000E-1,-4.272460938E-4
6.516458333E-1,-7.019042969E-4
6.516666667E-1,3.662109375E-4
6.516875000E-1,6.103515625E-4
6.517083333E-1,3.051757812E-4
6.517291667E-1,-6.408691406E-4
6.517500000E-1,-5.187988281E-4
6.517708333E-1,-1.831054688E-3
6.517916667E-1,-4.272460938E-4
6.518125000E-1,3.662109375E-4
6.518333333E-1,-5.187988281E-4
6.518541667E-1,-3.051757812E-5
6.518750000E-1,5.798339844E-4
6.518958333E-1,1.068115234E-3
6.519166667E-1,-3.326416016E-3
6.519375000E-1,-1.556396484E-3
6.519583333E-1,-1.098632812E-3
6.519791667E-1,-2.929687500E-3
6.520000000E-1,-1.739501953E-3
6.520208333E-1,-1.464843750E-3
6.520416667E-1,1.098632812E-3
6.520625000E-1,-1.892089844E-3
6.520833333E-1,-1.342773438E-3
6.521041667E-1,-2.471923828E-3
6.521250000E-1,-2.441406250E-3
6.521458333E-1,-1.617431641E-3
6.521666667E-1,-4.150390625E-3
6.521875000E-1,-1.251220703E-3
6.522083333E-1,-2.655029297E-3
6.522291667E-1,-1.159667969E-3
6.522500000E-1,-2.014160156E-3
6.522708333E-1,-2.166748047E-3
6.522916667E-1,-1.464843750E-3
6.523125000E-1,-3.204345703E-3
6.523333333E-1,-1.586914062E-3
6.523541667E-1,-1.678466797E-3
6.523750000E-1,-2.502441406E-3
6.523958333E-1,-2.990722656E-3
6.524166667E-1,-1.434326172E-3
6.524375000E-1,-2.349853516E-3
6.524583333E-1,-1.800537109E-3
6.524791667E-1,-5.187988281E-4
6.525000000E-1,-2.502441406E-3
6.525208333E-1,-3.204345703E-3
6.525416667E-1,-2.563476562E-3
6.525625000E-1,-1.831054688E-3
6.525833333E-1,-9.765625000E-4
6.526041667E-1,-2.746582031E-3
6.526250000E-1,-3.173828125E-3
6.526458333E-1,-1.312255859E-3
6.526666667E-1,-2.685546875E-3
6.526875000E-1,-1.434326172E-3
6.527083333E-1,-5.493164062E-4
6.527291667E-1,-2.075195312E-3
6.527500000E-1,-1.800537109E-3
6.527708333E-1,-1.098632812E-3
6.527916667E-1,-1.464843750E-3
6.528125000E-1,6.103515625E-5
6.528333333E-1,-1.037597656E-3
6.528541667E-1,0.000000000E0
6.528750000E-1,1.708984375E-3
6.528958333E-1,1.525878906E-4
6.529166667E-1,7.019042969E-4
6.529375000E-1,3.173828125E-3
6.529583333E-1,3.051757812E-3
6.529791667E-1,2.990722656E-3
6.530000000E-1,3.234863281E-3
6.530208333E-1,1.068115234E-3
6.530416667E-1,2.716064453E-3
6.530625000E-1,3.326416016E-3
6.530833333E-1,1.312255859E-3
6.531041667E-1,1.770019531E-3
6.531250000E-1,1.190185547E-3
6.531458333E-1,1.831054688E-4
6.531666667E-1,4.577636719E-4
6.531875000E-1,3.051757812E-5
6.532083333E-1,1.831054688E-3
6.532291667E-1,1.525878906E-3
6.532500000E-1,-4.577636719E-4
6.532708333E-1,5.187988281E-4
6.532916667E-1,3.967285156E-4
6.533125000E-1,1.831054688E-4
6.533333333E-1,8.544921875E-4
6.533541667E-1,1.495361328E-3
6.533750000E-1,1.312255859E-3
6.533958333E-1,-6.103515625E-5
6.534166667E-1,1.434326172E-3
6.534375000E-1,2.441406250E-3
6.534583333E-1,1.861572266E-3
6.534791667E-1,2.502441406E-3
6.535000000E-1,2.807617188E-3
6.535208333E-1,3.356933594E-3
6.535416667E-1,2.227783203E-3
6.535625000E-1,2.410888672E-3
6.535833333E-1,1.251220703E-3
6.536041667E-1,2.044677734E-3
6.536250000E-1,3.051757812E-3
6.536458333E-1,3.082275391E-3
6.536666667E-1,4.211425781E-3
6.536875000E-1,2.807617188E-3
6.537083333E-1,4.333496094E-3
6.537291667E-1,3.509521484E-3
6.537500000E-1,3.173828125E-3
6.537708333E-1,2.197265625E-3
6.537916667E-1,3.173828125E-3
6.538125000E-1,3.295898438E-3
6.538333333E-1,1.434326172E-3
6.538541667E-1,2.960205078E-3
6.538750000E-1,2.319335938E-3
6.538958333E-1,2.777099609E-3
6.539166667E-1,1.312255859E-3
6.539375000E-1,3.479003906E-3
6.539583333E-1,4.058837891E-3
6.539791667E-1,1.678466797E-3
6.540000000E-1,1.464843750E-3
6.540208333E-1,2.624511719E-3
6.540416667E-1,7.019042969E-4
6.540625000E-1,-3.051757812E-5
6.540833333E-1,1.892089844E-3
6.541041667E-1,9.765625000E-4
6.541250000E-1,1.708984375E-3
6.541458333E-1,1.312255859E-3
6.541666667E-1,1.586914062E-3
6.541875000E-1,2.288818359E-3
6.542083333E-1,1.647949219E-3
6.542291667E-1,2.990722656E-3
6.542500000E-1,2.868652344E-3
6.542708333E-1,2.166748047E-3
6.542916667E-1,1.129150391E-3
6.543125000E-1,2.563476562E-3
6.543333333E-1,2.593994141E-3
6.543541667E-1,2.868652344E-3
6.543750000E-1,4.089355469E-3
6.543958333E-1,2.990722656E-3
6.544166667E-1,2.868652344E-3
6.544375000E-1,1.739501953E-3
6.544583333E-1,2.899169922E-3
6.544791667E-1,2.349853516E-3
6.545000000E-1,3.906250000E-3
6.545208333E-1,2.990722656E-3
6.545416667E-1,3.082275391E-3
6.545625000E-1,3.234863281E-3
6.545833333E-1,4.180908203E-3
6.546041667E-1,3.509521484E-3
6.546250000E-1,1.129150391E-3
6.546458333E-1,2.746582031E-3
6.546666667E-1,1.129150391E-3
6.546875000E-1,1.373291016E-3
6.547083333E-1,1.525878906E-3
6.547291667E-1,1.220703125E-3
6.547500000E-1,1.892089844E-3
6.547708333E-1,-1.525878906E-4
6.547916667E-1,7.019042969E-4
6.548125000E-1,1.281738281E-3
6.548333333E-1,3.662109375E-4
6.548541667E-1,1.831054688E-3
6.548750000E-1,1.159667969E-3
6.548958333E-1,2.899169922E-3
6.549166667E-1,2.563476562E-3
6.549375000E-1,3.204345703E-3
6.549583333E-1,3.143310547E-3
6.549791667E-1,1.647949219E-3
6.550000000E-1,3.204345703E-3
6.550208333E-1,1.617431641E-3
6.550416667E-1,1.861572266E-3
6.550625000E-1,1.708984375E-3
6.550833333E-1,2.563476562E-3
6.551041667E-1,1.495361328E-3
6.551250000E-1,1.892089844E-3
6.551458333E-1,1.007080078E-3
6.551666667E-1,1.251220703E-3
6.551875000E-1,1.922607422E-3
6.552083333E-1,-7.629394531E-4
6.552291667E-1,5.798339844E-4
6.552500000E-1,-1.220703125E-4
6.552708333E-1,2.105712891E-3
6.552916667E-1,3.967285156E-4
6.553125000E-1,1.495361328E-3
6.553333333E-1,2.593994141E-3
6.553541667E-1,1.770019531E-3
6.553750000E-1,1.770019531E-3
6.553958333E-1,1.434326172E-3
6.554166667E-1,1.159667969E-3
6.554375000E-1,-1.251220703E-3
6.554583333E-1,1.220703125E-4
6.554791667E-1,-1.007080078E-3
6.555000000E-1,4.882812500E-4
6.555208333E-1,4.577636719E-4
6.555416667E-1,1.220703125E-4
6.555625000E-1,-2.441406250E-4
6.555833333E-1,-6.103515625E-4
6.556041667E-1,-2.746582031E-4
6.556250000E-1,-1.098632812E-3
6.556458333E-1,-8.239746094E-4
6.556666667E-1,2.441406250E-4
6.556875000E-1,-7.324218750E-4
6.557083333E-1,-2.105712891E-3
6.557291667E-1,-1.708984375E-3
6.557500000E-1,-1.586914062E-3
6.557708333E-1,2.441406250E-4
6.557916667E-1,-2.136230469E-4
6.558125000E-1,1.495361328E-3
6.558333333E-1,-7.629394531E-4
6.558541667E-1,-1.739501953E-3
6.558750000E-1,-5.798339844E-4
6.558958333E-1,-2.014160156E-3
6.559166667E-1,-1.434326172E-3
6.559375000E-1,-6.408691406E-4
6.559583333E-1,8.850097656E-4
6.559791667E-1,6.103515625E-5
6.560000000E-1,5.798339844E-4
6.560208333E-1,-1.831054688E-4
6.560416667E-1,-1.892089844E-3
6.560625000E-1,-1.586914062E-3
6.560833333E-1,-1.922607422E-3
6.561041667E-1,-2.746582031E-4
6.561250000E-1,-1.892089844E-3
6.561458333E-1,-1.708984375E-3
6.561666667E-1,-2.685546875E-3
6.561875000E-1,-3.570556641E-3
6.562083333E-1,-3.479003906E-3
6.562291667E-1,-2.471923828E-3
6.562500000E-1,-1.190185547E-3
6.562708333E-1,-6.713867188E-4
6.562916667E-1,-4.882812500E-4
6.563125000E-1,-1.037597656E-3
6.563333333E-1,-8.850097656E-4
6.563541667E-1,-1.800537109E-3
6.563750000E-1,-1.495361328E-3
6.563958333E-1,-2.227783203E-3
6.564166667E-1,-1.556396484E-3
6.564375000E-1,-7.934570312E-4
6.564583333E-1,-3.662109375E-4
6.564791667E-1,9.765625000E-4
6.565000000E-1,1.525878906E-3
6.565208333E-1,-3.662109375E-4
6.565416667E-1,-4.272460938E-4
6.565625000E-1,-9.155273438E-5
6.565833333E-1,-1.800537109E-3
6.566041667E-1,-4.577636719E-4
6.566250000E-1,-1.037597656E-3
6.566458333E-1,1.007080078E-3
6.566666667E-1,6.103515625E-4
6.566875000E-1,-1.647949219E-3
6.567083333E-1,-1.190185547E-3
6.567291667E-1,-1.770019531E-3
6.567500000E-1,-1.464843750E-3
6.567708333E-1,-1.434326172E-3
6.567916667E-1,-1.556396484E-3
6.568125000E-1,-2.075195312E-3
6.568333333E-1,-2.929687500E-3
6.568541667E-1,-3.021240234E-3
6.568750000E-1,-1.831054688E-3
6.568958333E-1,-1.037597656E-3
6.569166667E-1,-1.007080078E-3
6.569375000E-1,-1.281738281E-3
6.569583333E-1,-5.798339844E-4
6.569791667E-1,-8.239746094E-4
6.570000000E-1,-9.460449219E-4
6.570208333E-1,-1.678466797E-3
6.570416667E-1,3.356933594E-4
6.570625000E-1,-7.019042969E-4
6.570833333E-1,-7.324218750E-4
6.571041667E-1,1.922607422E-3
6.571250000E-1,-1.556396484E-3
6.571458333E-1,5.798339844E-4
6.571666667E-1,9.155273438E-5
6.571875000E-1,-1.159667969E-3
6.572083333E-1,-4.272460938E-4
6.572291667E-1,-1.220703125E-4
6.572500000E-1,3.356933594E-4
6.572708333E-1,-7.629394531E-4
6.572916667E-1,-4.882812500E-4
6.573125000E-1,2.136230469E-4
6.573333333E-1,2.441406250E-4
6.573541667E-1,1.251220703E-3
6.573750000E-1,1.556396484E-3
6.573958333E-1,1.342773438E-3
6.574166667E-1,1.464843750E-3
6.574375000E-1,3.051757812E-4
6.574583333E-1,1.770019531E-3
6.574791667E-1,3.051757812E-4
6.575000000E-1,6.103515625E-4
6.575208333E-1,5.187988281E-4
6.575416667E-1,2.136230469E-4
6.575625000E-1,3.356933594E-4
6.575833333E-1,-1.434326172E-3
6.576041667E-1,5.798339844E-4
6.576250000E-1,-9.155273438E-5
6.576458333E-1,-3.051757812E-4
6.576666667E-1,-4.272460938E-4
6.576875000E-1,-2.136230469E-4
6.577083333E-1,-7.629394531E-4
6.577291667E-1,-8.239746094E-4
6.577500000E-1,-6.103515625E-4
6.577708333E-1,-2.258300781E-3
6.577916667E-1,-2.441406250E-4
6.578125000E-1,-9.155273438E-4
6.578333333E-1,7.019042969E-4
6.578541667E-1,-1.068115234E-3
6.578750000E-1,-1.586914062E-3
6.578958333E-1,-2.746582031E-4
6.579166667E-1,-2.288818359E-3
6.579375000E-1,-1.068115234E-3
6.579583333E-1,-2.227783203E-3
6.579791667E-1,-2.258300781E-3
6.580000000E-1,-1.007080078E-3
6.580208333E-1,-1.892089844E-3
6.580416667E-1,4.882812500E-4
6.580625000E-1,-5.187988281E-4
6.580833333E-1,-1.068115234E-3
6.581041667E-1,3.967285156E-4
6.581250000E-1,-1.312255859E-3
6.581458333E-1,-3.051757812E-5
6.581666667E-1,-3.051757812E-5
6.581875000E-1,-1.190185547E-3
6.582083333E-1,-1.617431641E-3
6.582291667E-1,-1.770019531E-3
6.582500000E-1,-1.434326172E-3
6.582708333E-1,-5.798339844E-4
6.582916667E-1,-1.068115234E-3
6.583125000E-1,-1.495361328E-3
6.583333333E-1,-3.051757812E-5
6.583541667E-1,-1.708984375E-3
6.583750000E-1,-3.662109375E-4
6.583958333E-1,-4.272460938E-4
6.584166667E-1,-7.324218750E-4
6.584375000E-1,-6.408691406E-4
6.584583333E-1,-1.373291016E-3
6.584791667E-1,-9.460449219E-4
6.585000000E-1,-1.007080078E-3
6.585208333E-1,-2.441406250E-4
6.585416667E-1,-8.239746094E-4
6.585625000E-1,-3.662109375E-4
6.585833333E-1,0.000000000E0
6.586041667E-1,-9.155273438E-5
6.586250000E-1,6.408691406E-4
6.586458333E-1,-1.251220703E-3
6.586666667E-1,-4.882812500E-4
6.586875000E-1,3.662109375E-4
6.587083333E-1,-4.577636719E-4
6.587291667E-1,-7.934570312E-4
6.587500000E-1,-2.044677734E-3
6.587708333E-1,6.713867188E-4
6.587916667E-1,-3.662109375E-4
6.588125000E-1,-5.493164062E-4
6.588333333E-1,1.373291016E-3
6.588541667E-1,-6.103515625E-5
6.588750000E-1,2.075195312E-3
6.588958333E-1,1.159667969E-3
6.589166667E-1,-1.831054688E-4
6.589375000E-1,6.713867188E-4
6.589583333E-1,-5.187988281E-4
6.589791667E-1,9.155273438E-4
6.590000000E-1,-1.739501953E-3
6.590208333E-1,1.647949219E-3
6.590416667E-1,1.434326172E-3
6.590625000E-1,-4.882812500E-4
6.590833333E-1,4.577636719E-4
6.591041667E-1,-8.544921875E-4
6.591250000E-1,1.281738281E-3
6.591458333E-1,-1.159667969E-3
6.591666667E-1,1.220703125E-3
6.591875000E-1,8.239746094E-4
6.592083333E-1,-9.155273438E-5
6.592291667E-1,1.495361328E-3
6.592500000E-1,-3.051757812E-5
6.592708333E-1,2.410888672E-3
6.592916667E-1,1.647949219E-3
6.593125000E-1,2.136230469E-3
6.593333333E-1,2.044677734E-3
6.593541667E-1,3.662109375E-4
6.593750000E-1,1.525878906E-3
6.593958333E-1,1.281738281E-3
6.594166667E-1,1.007080078E-3
6.594375000E-1,1.983642578E-3
6.594583333E-1,3.021240234E-3
6.594791667E-1,3.387451172E-3
6.595000000E-1,2.319335938E-3
6.595208333E-1,3.723144531E-3
6.595416667E-1,3.021240234E-3
6.595625000E-1,1.892089844E-3
6.595833333E-1,3.570556641E-3
6.596041667E-1,2.807617188E-3
6.596250000E-1,2.502441406E-3
6.596458333E-1,7.324218750E-4
6.596666667E-1,3.082275391E-3
6.596875000E-1,1.251220703E-3
6.597083333E-1,1.525878906E-4
6.597291667E-1,1.403808594E-3
6.597500000E-1,-1.220703125E-4
6.597708333E-1,1.281738281E-3
6.597916667E-1,6.713867188E-4
6.598125000E-1,1.373291016E-3
6.598333333E-1,3.051757812E-5
6.598541667E-1,2.227783203E-3
6.598750000E-1,1.373291016E-3
6.598958333E-1,6.103515625E-4
6.599166667E-1,8.850097656E-4
6.599375000E-1,1.831054688E-4
6.599583333E-1,2.227783203E-3
6.599791667E-1,1.647949219E-3
6.600000000E-1,1.190185547E-3
6.600208333E-1,8.850097656E-4
6.600416667E-1,3.662109375E-4
6.600625000E-1,-9.155273438E-5
6.600833333E-1,9.155273438E-5
6.601041667E-1,-7.324218750E-4
6.601250000E-1,3.051757812E-5
6.601458333E-1,-4.272460938E-4
6.601666667E-1,8.850097656E-4
6.601875000E-1,7.019042969E-4
6.602083333E-1,1.037597656E-3
6.602291667E-1,1.098632812E-3
6.602500000E-1,-3.967285156E-4
6.602708333E-1,3.662109375E-4
6.602916667E-1,-1.098632812E-3
6.603125000E-1,1.159667969E-3
6.603333333E-1,-2.136230469E-4
6.603541667E-1,-1.159667969E-3
6.603750000E-1,-4.882812500E-4
6.603958333E-1,-2.746582031E-4
6.604166667E-1,4.882812500E-4
6.604375000E-1,3.051757812E-4
6.604583333E-1,-1.525878906E-4
6.604791667E-1,-3.967285156E-4
6.605000000E-1,7.629394531E-4
6.605208333E-1,-1.007080078E-3
6.605416667E-1,-5.798339844E-4
6.605625000E-1,-6.713867188E-4
6.605833333E-1,-3.967285156E-4
6.606041667E-1,-4.577636719E-4
6.606250000E-1,-1.037597656E-3
6.606458333E-1,2.136230469E-4
6.606666667E-1,-1.190185547E-3
6.606875000E-1,-1.586914062E-3
6.607083333E-1,-2.105712891E-3
6.607291667E-1,-2.502441406E-3
6.607500000E-1,-5.493164062E-4
6.607708333E-1,-1.251220703E-3
6.607916667E-1,-3.051757812E-5
6.608125000E-1,-9.155273438E-4
6.608333333E-1,-1.464843750E-3
6.608541667E-1,-2.410888672E-3
6.608750000E-1,-2.014160156E-3
6.608958333E-1,-3.662109375E-4
6.609166667E-1,-2.136230469E-3
6.609375000E-1,-1.708984375E-3
6.609583333E-1,-1.983642578E-3
6.609791667E-1,-1.159667969E-3
6.610000000E-1,-1.464843750E-3
6.610208333E-1,-3.662109375E-3
6.610416667E-1,-1.495361328E-3
6.610625000E-1,-8.239746094E-4
6.610833333E-1,-1.647949219E-3
6.611041667E-1,-1.098632812E-3
6.611250000E-1,-2.044677734E-3
6.611458333E-1,-3.356933594E-4
6.611666667E-1,-2.532958984E-3
6.611875000E-1,-1.983642578E-3
6.612083333E-1,-1.922607422E-3
6.612291667E-1,-3.479003906E-3
6.612500000E-1,-2.166748047E-3
6.612708333E-1,-3.204345703E-3
6.612916667E-1,-6.408691406E-4
6.613125000E-1,-1.617431641E-3
6.613333333E-1,-3.051757812E-5
6.613541667E-1,3.356933594E-4
6.613750000E-1,-1.831054688E-4
6.613958333E-1,1.007080078E-3
6.614166667E-1,-5.493164062E-4
6.614375000E-1,-2.136230469E-4
6.614583333E-1,-1.831054688E-4
6.614791667E-1,2.441406250E-4
6.615000000E-1,-1.220703125E-3
6.615208333E-1,-6.713867188E-4
6.615416667E-1,-9.155273438E-5
6.615625000E-1,-1.281738281E-3
6.615833333E-1,7.324218750E-4
6.616041667E-1,-1.525878906E-4
6.616250000E-1,1.220703125E-4
6.616458333E-1,-1.220703125E-4
6.616666667E-1,-2.136230469E-3
6.616875000E-1,-3.051757812E-4
6.617083333E-1,-1.007080078E-3
6.617291667E-1,-2.136230469E-4
6.617500000E-1,4.577636719E-4
6.617708333E-1,4.577636719E-4
6.617916667E-1,1.251220703E-3
6.618125000E-1,1.403808594E-3
6.618333333E-1,2.929687500E-3
6.618541667E-1,1.953125000E-3
6.618750000E-1,2.746582031E-3
6.618958333E-1,2.716064453E-3
6.619166667E-1,2.868652344E-3
6.619375000E-1,2.410888672E-3
6.619583333E-1,1.892089844E-3
6.619791667E-1,1.007080078E-3
6.620000000E-1,6.408691406E-4
6.620208333E-1,9.460449219E-4
6.620416667E-1,1.861572266E-3
6.620625000E-1,1.220703125E-3
6.620833333E-1,1.525878906E-3
6.621041667E-1,3.967285156E-3
6.621250000E-1,2.441406250E-3
6.621458333E-1,4.028320312E-3
6.621666667E-1,1.708984375E-3
6.621875000E-1,3.967285156E-4
6.622083333E-1,6.713867188E-4
6.622291667E-1,-9.155273438E-5
6.622500000E-1,3.662109375E-4
6.622708333E-1,1.434326172E-3
6.622916667E-1,2.655029297E-3
6.623125000E-1,1.373291016E-3
6.623333333E-1,1.678466797E-3
6.623541667E-1,1.007080078E-3
6.623750000E-1,2.441406250E-3
6.623958333E-1,1.281738281E-3
6.624166667E-1,-7.019042969E-4
6.624375000E-1,-3.051757812E-5
6.624583333E-1,-5.798339844E-4
6.624791667E-1,3.051757812E-5
6.625000000E-1,1.159667969E-3
6.625208333E-1,1.129150391E-3
6.625416667E-1,1.281738281E-3
6.625625000E-1,9.460449219E-4
6.625833333E-1,-7.934570312E-4
6.626041667E-1,3.051757812E-5
6.626250000E-1,-2.136230469E-4
6.626458333E-1,5.493164062E-4
6.626666667E-1,-7.934570312E-4
6.626875000E-1,-4.577636719E-4
6.627083333E-1,8.850097656E-4
6.627291667E-1,-2.868652344E-3
6.627500000E-1,-1.190185547E-3
6.627708333E-1,-3.631591797E-3
6.627916667E-1,-3.387451172E-3
6.628125000E-1,-3.601074219E-3
6.628333333E-1,-3.723144531E-3
6.628541667E-1,-1.220703125E-4
6.628750000E-1,-2.288818359E-3
6.628958333E-1,-2.593994141E-3
6.629166667E-1,-2.258300781E-3
6.629375000E-1,-2.014160156E-3
6.629583333E-1,-2.136230469E-3
6.629791667E-1,-1.770019531E-3
6.630000000E-1,-1.525878906E-4
6.630208333E-1,5.493164062E-4
6.630416667E-1,1.617431641E-3
6.630625000E-1,2.563476562E-3
6.630833333E-1,1.495361328E-3
6.631041667E-1,3.570556641E-3
6.631250000E-1,1.464843750E-3
6.631458333E-1,-3.967285156E-4
6.631666667E-1,2.014160156E-3
6.631875000E-1,9.155273438E-5
6.632083333E-1,6.103515625E-4
6.632291667E-1,1.281738281E-3
6.632500000E-1,3.662109375E-4
6.632708333E-1,2.746582031E-4
6.632916667E-1,4.577636719E-4
6.633125000E-1,-2.441406250E-4
6.633333333E-1,-7.324218750E-4
6.633541667E-1,-1.251220703E-3
6.633750000E-1,-7.629394531E-4
6.633958333E-1,-9.765625000E-4
6.634166667E-1,-1.464843750E-3
6.634375000E-1,-1.098632812E-3
6.634583333E-1,-1.251220703E-3
6.634791667E-1,-1.281738281E-3
6.635000000E-1,-2.441406250E-3
6.635208333E-1,-2.105712891E-3
6.635416667E-1,-2.380371094E-3
6.635625000E-1,-2.166748047E-3
6.635833333E-1,-1.556396484E-3
6.636041667E-1,-1.556396484E-3
6.636250000E-1,-8.239746094E-4
6.636458333E-1,-2.593994141E-3
6.636666667E-1,-1.678466797E-3
6.636875000E-1,-1.037597656E-3
6.637083333E-1,-1.037597656E-3
6.637291667E-1,-3.051757812E-4
6.637500000E-1,1.220703125E-3
6.637708333E-1,5.798339844E-4
6.637916667E-1,8.544921875E-4
6.638125000E-1,-3.356933594E-4
6.638333333E-1,-5.187988281E-4
6.638541667E-1,9.460449219E-4
6.638750000E-1,-1.495361328E-3
6.638958333E-1,0.000000000E0
6.639166667E-1,6.103515625E-4
6.639375000E-1,8.239746094E-4
6.639583333E-1,1.068115234E-3
6.639791667E-1,5.187988281E-4
6.640000000E-1,1.525878906E-3
6.640208333E-1,1.220703125E-4
6.640416667E-1,-6.103515625E-5
6.640625000E-1,1.403808594E-3
6.640833333E-1,-4.882812500E-4
6.641041667E-1,1.464843750E-3
6.641250000E-1,1.983642578E-3
6.641458333E-1,2.746582031E-3
6.641666667E-1,4.425048828E-3
6.641875000E-1,1.342773438E-3
6.642083333E-1,3.906250000E-3
6.642291667E-1,2.471923828E-3
6.642500000E-1,1.190185547E-3
6.642708333E-1,2.899169922E-3
6.642916667E-1,1.007080078E-3
6.643125000E-1,1.831054688E-3
6.643333333E-1,9.155273438E-4
6.643541667E-1,1.770019531E-3
6.643750000E-1,6.103515625E-4
6.643958333E-1,1.251220703E-3
6.644166667E-1,2.136230469E-3
6.644375000E-1,-3.051757812E-5
6.644583333E-1,1.190185547E-3
6.644791667E-1,1.220703125E-4
6.645000000E-1,-1.220703125E-4
6.645208333E-1,-3.967285156E-4
6.645416667E-1,-3.051757812E-5
6.645625000E-1,-4.272460938E-4
6.645833333E-1,5.798339844E-4
6.646041667E-1,1.098632812E-3
6.646250000E-1,7.019042969E-4
6.646458333E-1,1.800537109E-3
6.646666667E-1,-5.493164062E-4
6.646875000E-1,1.770019531E-3
6.647083333E-1,2.136230469E-3
6.647291667E-1,3.662109375E-4
6.647500000E-1,1.159667969E-3
6.647708333E-1,1.129150391E-3
6.647916667E-1,1.556396484E-3
6.648125000E-1,2.227783203E-3
6.648333333E-1,1.434326172E-3
6.648541667E-1,1.129150391E-3
6.648750000E-1,2.197265625E-3
6.648958333E-1,-9.155273438E-5
6.649166667E-1,-3.967285156E-4
6.649375000E-1,7.934570312E-4
6.649583333E-1,8.239746094E-4
6.649791667E-1,8.239746094E-4
6.650000000E-1,4.577636719E-4
6.650208333E-1,-4.272460938E-4
6.650416667E-1,-3.051757812E-5
6.650625000E-1,1.403808594E-3
6.650833333E-1,1.739501953E-3
6.651041667E-1,1.861572266E-3
6.651250000E-1,1.922607422E-3
6.651458333E-1,1.220703125E-3
6.651666667E-1,9.765625000E-4
6.651875000E-1,3.662109375E-4
6.652083333E-1,1.586914062E-3
6.652291667E-1,1.800537109E-3
6.652500000E-1,-3.662109375E-4
6.652708333E-1,6.103515625E-4
6.652916667E-1,9.155273438E-5
6.653125000E-1,8.544921875E-4
6.653333333E-1,1.708984375E-3
6.653541667E-1,-8.544921875E-4
6.653750000E-1,2.319335938E-3
6.653958333E-1,-1.922607422E-3
6.654166667E-1,-9.155273438E-4
6.654375000E-1,-3.662109375E-4
6.654583333E-1,-3.387451172E-3
6.654791667E-1,4.577636719E-4
6.655000000E-1,-3.326416016E-3
6.655208333E-1,-1.129150391E-3
6.655416667E-1,4.882812500E-4
6.655625000E-1,-7.629394531E-4
6.655833333E-1,6.713867188E-4
6.656041667E-1,8.850097656E-4
6.656250000E-1,1.129150391E-3
6.656458333E-1,6.713867188E-4
6.656666667E-1,5.493164062E-4
6.656875000E-1,1.220703125E-4
6.657083333E-1,1.220703125E-4
6.657291667E-1,2.136230469E-3
6.657500000E-1,1.373291016E-3
6.657708333E-1,1.190185547E-3
6.657916667E-1,1.312255859E-3
6.658125000E-1,5.493164062E-4
6.658333333E-1,1.037597656E-3
6.658541667E-1,-5.798339844E-4
6.658750000E-1,1.556396484E-3
6.658958333E-1,8.544921875E-4
6.659166667E-1,9.460449219E-4
6.659375000E-1,3.051757812E-4
6.659583333E-1,-7.019042969E-4
6.659791667E-1,6.408691406E-4
6.660000000E-1,-1.220703125E-4
6.660208333E-1,1.159667969E-3
6.660416667E-1,-6.713867188E-4
6.660625000E-1,2.441406250E-4
6.660833333E-1,-1.342773438E-3
6.661041667E-1,-4.333496094E-3
6.661250000E-1,-2.349853516E-3
6.661458333E-1,-3.723144531E-3
6.661666667E-1,-2.319335938E-3
6.661875000E-1,-1.861572266E-3
6.662083333E-1,-2.777099609E-3
6.662291667E-1,-2.410888672E-3
6.662500000E-1,-1.770019531E-3
6.662708333E-1,-9.765625000E-4
6.662916667E-1,-2.166748047E-3
6.663125000E-1,-1.556396484E-3
6.663333333E-1,-1.037597656E-3
6.663541667E-1,1.220703125E-4
6.663750000E-1,-6.713867188E-4
6.663958333E-1,-2.166748047E-3
6.664166667E-1,-1.373291016E-3
6.664375000E-1,-6.103515625E-5
6.664583333E-1,-3.662109375E-4
6.664791667E-1,-1.251220703E-3
6.665000000E-1,5.187988281E-4
6.665208333E-1,-3.051757812E-5
6.665416667E-1,-3.356933594E-4
6.665625000E-1,4.577636719E-4
6.665833333E-1,-1.220703125E-4
6.666041667E-1,1.037597656E-3
6.666250000E-1,7.324218750E-4
6.666458333E-1,9.155273438E-5
6.666666667E-1,7.934570312E-4
6.666875000E-1,-3.051757812E-5
6.667083333E-1,1.739501953E-3
6.667291667E-1,1.159667969E-3
6.667500000E-1,5.493164062E-4
6.667708333E-1,8.544921875E-4
6.667916667E-1,7.934570312E-4
6.668125000E-1,2.075195312E-3
6.668333333E-1,-1.831054688E-4
6.668541667E-1,1.159667969E-3
6.668750000E-1,-1.403808594E-3
6.668958333E-1,-1.831054688E-3
6.669166667E-1,-2.166748047E-3
6.669375000E-1,-2.410888672E-3
6.669583333E-1,4.577636719E-4
6.669791667E-1,-2.868652344E-3
6.670000000E-1,-1.464843750E-3
6.670208333E-1,-2.441406250E-3
6.670416667E-1,-2.227783203E-3
6.670625000E-1,-1.861572266E-3
6.670833333E-1,-2.868652344E-3
6.671041667E-1,-2.502441406E-3
6.671250000E-1,-3.662109375E-3
6.671458333E-1,-1.708984375E-3
6.671666667E-1,-2.166748047E-3
6.671875000E-1,-9.155273438E-4
6.672083333E-1,-8.544921875E-4
6.672291667E-1,-1.678466797E-3
6.672500000E-1,-4.577636719E-4
6.672708333E-1,-7.019042969E-4
6.672916667E-1,-1.129150391E-3
6.673125000E-1,-1.220703125E-4
6.673333333E-1,-3.662109375E-4
6.673541667E-1,-1.007080078E-3
6.673750000E-1,-1.831054688E-4
6.673958333E-1,-4.272460938E-4
6.674166667E-1,-1.068115234E-3
6.674375000E-1,-1.831054688E-4
6.674583333E-1,-4.577636719E-4
6.674791667E-1,-1.525878906E-4
6.675000000E-1,-9.155273438E-5
6.675208333E-1,-5.187988281E-4
6.675416667E-1,1.220703125E-3
6.675625000E-1,7.324218750E-4
6.675833333E-1,1.525878906E-4
6.676041667E-1,8.850097656E-4
6.676250000E-1,6.713867188E-4
6.676458333E-1,1.525878906E-3
6.676666667E-1,1.342773438E-3
6.676875000E-1,7.019042969E-4
6.677083333E-1,3.967285156E-4
6.677291667E-1,-1.068115234E-3
6.677500000E-1,-1.403808594E-3
6.677708333E-1,-1.342773438E-3
6.677916667E-1,5.187988281E-4
6.678125000E-1,-2.136230469E-4
6.678333333E-1,3.967285156E-4
6.678541667E-1,-3.051757812E-5
6.678750000E-1,-2.868652344E-3
6.678958333E-1,-1.312255859E-3
6.679166667E-1,-2.807617188E-3
6.679375000E-1,-3.356933594E-4
6.679583333E-1,-8.239746094E-4
6.679791667E-1,-1.861572266E-3
6.680000000E-1,-4.577636719E-4
6.680208333E-1,-1.922607422E-3
6.680416667E-1,-1.464843750E-3
6.680625000E-1,-2.380371094E-3
6.680833333E-1,-2.655029297E-3
6.681041667E-1,-3.112792969E-3
6.681250000E-1,-1.220703125E-3
6.681458333E-1,-8.850097656E-4
6.681666667E-1,-1.129150391E-3
6.681875000E-1,-1.220703125E-3
6.682083333E-1,-2.258300781E-3
6.682291667E-1,-3.173828125E-3
6.682500000E-1,-3.265380859E-3
6.682708333E-1,-1.312255859E-3
6.682916667E-1,9.155273438E-5
6.683125000E-1,-1.525878906E-4
6.683333333E-1,4.272460938E-4
6.683541667E-1,3.967285156E-4
6.683750000E-1,-1.495361328E-3
6.683958333E-1,-7.934570312E-4
6.684166667E-1,-7.019042969E-4
6.684375000E-1,-4.882812500E-4
6.684583333E-1,-1.007080078E-3
6.684791667E-1,-2.349853516E-3
6.685000000E-1,-4.577636719E-4
6.685208333E-1,-1.312255859E-3
6.685416667E-1,-3.356933594E-4
6.685625000E-1,1.129150391E-3
6.685833333E-1,9.765625000E-4
6.686041667E-1,1.037597656E-3
6.686250000E-1,-3.967285156E-4
6.686458333E-1,-8.239746094E-4
6.686666667E-1,-1.922607422E-3
6.686875000E-1,-2.685546875E-3
6.687083333E-1,-5.493164062E-4
6.687291667E-1,-1.922607422E-3
6.687500000E-1,-1.525878906E-3
6.687708333E-1,4.272460938E-4
6.687916667E-1,-7.934570312E-4
6.688125000E-1,-6.103515625E-4
6.688333333E-1,-1.556396484E-3
6.688541667E-1,-8.850097656E-4
6.688750000E-1,-1.525878906E-4
6.688958333E-1,-8.850097656E-4
6.689166667E-1,3.967285156E-4
6.689375000E-1,9.155273438E-5
6.689583333E-1,-1.098632812E-3
6.689791667E-1,-1.678466797E-3
6.690000000E-1,-1.525878906E-4
6.690208333E-1,-2.746582031E-4
6.690416667E-1,4.882812500E-4
6.690625000E-1,5.493164062E-4
6.690833333E-1,-1.312255859E-3
6.691041667E-1,1.007080078E-3
6.691250000E-1,3.051757812E-4
6.691458333E-1,3.662109375E-4
6.691666667E-1,1.525878906E-3
6.691875000E-1,7.934570312E-4
6.692083333E-1,3.356933594E-4
6.692291667E-1,1.525878906E-4
6.692500000E-1,1.495361328E-3
6.692708333E-1,1.068115234E-3
6.692916667E-1,1.129150391E-3
6.693125000E-1,1.312255859E-3
6.693333333E-1,2.136230469E-3
6.693541667E-1,2.532958984E-3
6.693750000E-1,2.136230469E-3
6.693958333E-1,2.258300781E-3
6.694166667E-1,2.502441406E-3
6.694375000E-1,8.544921875E-4
6.694583333E-1,8.544921875E-4
6.694791667E-1,1.037597656E-3
6.695000000E-1,6.103515625E-5
6.695208333E-1,5.187988281E-4
6.695416667E-1,1.831054688E-4
6.695625000E-1,1.281738281E-3
6.695833333E-1,-6.103515625E-5
6.696041667E-1,1.800537109E-3
6.696250000E-1,1.037597656E-3
6.696458333E-1,1.037597656E-3
6.696666667E-1,2.471923828E-3
6.696875000E-1,1.342773438E-3
6.697083333E-1,1.220703125E-4
6.697291667E-1,6.713867188E-4
6.697500000E-1,1.129150391E-3
6.697708333E-1,-7.934570312E-4
6.697916667E-1,1.373291016E-3
6.698125000E-1,-8.850097656E-4
6.698333333E-1,9.155273438E-4
6.698541667E-1,2.075195312E-3
6.698750000E-1,7.019042969E-4
6.698958333E-1,2.685546875E-3
6.699166667E-1,9.460449219E-4
6.699375000E-1,1.617431641E-3
6.699583333E-1,9.155273438E-4
6.699791667E-1,3.051757812E-5
6.700000000E-1,4.272460938E-4
6.700208333E-1,1.647949219E-3
6.700416667E-1,1.007080078E-3
6.700625000E-1,1.861572266E-3
6.700833333E-1,9.460449219E-4
6.701041667E-1,-7.629394531E-4
6.701250000E-1,7.629394531E-4
6.701458333E-1,-3.967285156E-4
6.701666667E-1,3.356933594E-4
6.701875000E-1,-9.155273438E-5
6.702083333E-1,-6.713867188E-4
6.702291667E-1,9.155273438E-4
6.702500000E-1,1.312255859E-3
6.702708333E-1,2.593994141E-3
6.702916667E-1,1.525878906E-3
6.703125000E-1,3.326416016E-3
6.703333333E-1,1.708984375E-3
6.703541667E-1,1.342773438E-3
6.703750000E-1,1.525878906E-3
6.703958333E-1,0.000000000E0
6.704166667E-1,2.319335938E-3
6.704375000E-1,-8.544921875E-4
6.704583333E-1,1.098632812E-3
6.704791667E-1,2.441406250E-3
6.705000000E-1,1.739501953E-3
6.705208333E-1,1.892089844E-3
6.705416667E-1,1.281738281E-3
6.705625000E-1,1.708984375E-3
6.705833333E-1,-1.525878906E-4
6.706041667E-1,1.556396484E-3
6.706250000E-1,6.103515625E-4
6.706458333E-1,1.159667969E-3
6.706666667E-1,5.493164062E-4
6.706875000E-1,8.544921875E-4
6.707083333E-1,1.617431641E-3
6.707291667E-1,1.525878906E-4
6.707500000E-1,5.798339844E-4
6.707708333E-1,-1.220703125E-4
6.707916667E-1,9.155273438E-4
6.708125000E-1,1.525878906E-4
6.708333333E-1,-1.373291016E-3
6.708541667E-1,-1.159667969E-3
6.708750000E-1,-1.525878906E-3
6.708958333E-1,-1.708984375E-3
6.709166667E-1,-1.007080078E-3
6.709375000E-1,-1.403808594E-3
6.709583333E-1,-4.272460938E-4
6.709791667E-1,7.934570312E-4
6.710000000E-1,8.544921875E-4
6.710208333E-1,7.019042969E-4
6.710416667E-1,-6.713867188E-4
6.710625000E-1,-5.493164062E-4
6.710833333E-1,-8.239746094E-4
6.711041667E-1,-1.251220703E-3
6.711250000E-1,-1.007080078E-3
6.711458333E-1,-6.408691406E-4
6.711666667E-1,4.272460938E-4
6.711875000E-1,3.967285156E-4
6.712083333E-1,-3.051757812E-5
6.712291667E-1,6.103515625E-4
6.712500000E-1,5.493164062E-4
6.712708333E-1,1.739501953E-3
6.712916667E-1,6.103515625E-5
6.713125000E-1,1.129150391E-3
6.713333333E-1,1.373291016E-3
6.713541667E-1,-7.629394531E-4
6.713750000E-1,1.464843750E-3
6.713958333E-1,9.765625000E-4
6.714166667E-1,1.373291016E-3
6.714375000E-1,1.220703125E-3
6.714583333E-1,7.934570312E-4
6.714791667E-1,1.831054688E-4
6.715000000E-1,5.187988281E-4
6.715208333E-1,6.408691406E-4
6.715416667E-1,-7.324218750E-4
6.715625000E-1,6.103515625E-5
6.715833333E-1,-1.373291016E-3
6.716041667E-1,-1.464843750E-3
6.716250000E-1,0.000000000E0
6.716458333E-1,-1.617431641E-3
6.716666667E-1,-6.103515625E-4
6.716875000E-1,-1.770019531E-3
6.717083333E-1,-7.324218750E-4
6.717291667E-1,-1.831054688E-4
6.717500000E-1,-6.713867188E-4
6.717708333E-1,-5.187988281E-4
6.717916667E-1,-2.258300781E-3
6.718125000E-1,-1.098632812E-3
6.718333333E-1,-1.556396484E-3
6.718541667E-1,-1.892089844E-3
6.718750000E-1,-1.586914062E-3
6.718958333E-1,-2.166748047E-3
6.719166667E-1,-2.044677734E-3
6.719375000E-1,-2.105712891E-3
6.719583333E-1,-3.967285156E-4
6.719791667E-1,1.007080078E-3
6.720000000E-1,2.075195312E-3
6.720208333E-1,1.586914062E-3
6.720416667E-1,1.739501953E-3
6.720625000E-1,1.678466797E-3
6.720833333E-1,8.850097656E-4
6.721041667E-1,-3.051757812E-4
6.721250000E-1,1.220703125E-4
6.721458333E-1,1.617431641E-3
6.721666667E-1,1.678466797E-3
6.721875000E-1,1.281738281E-3
6.722083333E-1,1.434326172E-3
6.722291667E-1,2.288818359E-3
6.722500000E-1,8.850097656E-4
6.722708333E-1,3.662109375E-4
6.722916667E-1,-3.356933594E-4
6.723125000E-1,-1.037597656E-3
6.723333333E-1,-1.525878906E-4
6.723541667E-1,-1.037597656E-3
6.723750000E-1,-9.155273438E-5
6.723958333E-1,1.312255859E-3
6.724166667E-1,3.662109375E-4
6.724375000E-1,-1.220703125E-4
6.724583333E-1,6.713867188E-4
6.724791667E-1,5.187988281E-4
6.725000000E-1,6.713867188E-4
6.725208333E-1,1.007080078E-3
6.725416667E-1,-8.850097656E-4
6.725625000E-1,-9.460449219E-4
6.725833333E-1,-1.098632812E-3
6.726041667E-1,-1.190185547E-3
6.726250000E-1,6.103515625E-5
6.726458333E-1,7.324218750E-4
6.726666667E-1,1.586914062E-3
6.726875000E-1,1.586914062E-3
6.727083333E-1,2.075195312E-3
6.727291667E-1,7.629394531E-4
6.727500000E-1,-2.136230469E-4
6.727708333E-1,8.544921875E-4
6.727916667E-1,1.892089844E-3
6.728125000E-1,1.129150391E-3
6.728333333E-1,1.434326172E-3
6.728541667E-1,1.281738281E-3
6.728750000E-1,1.373291016E-3
6.728958333E-1,2.929687500E-3
6.729166667E-1,-2.136230469E-4
6.729375000E-1,1.281738281E-3
6.729583333E-1,1.708984375E-3
6.729791667E-1,3.051757812E-4
6.730000000E-1,1.953125000E-3
6.730208333E-1,9.765625000E-4
6.730416667E-1,1.220703125E-3
6.730625000E-1,1.831054688E-3
6.730833333E-1,1.434326172E-3
6.731041667E-1,5.798339844E-4
6.731250000E-1,6.103515625E-5
6.731458333E-1,5.798339844E-4
6.731666667E-1,1.403808594E-3
6.731875000E-1,4.577636719E-4
6.732083333E-1,-8.544921875E-4
6.732291667E-1,9.155273438E-5
6.732500000E-1,-1.556396484E-3
6.732708333E-1,1.525878906E-4
6.732916667E-1,1.525878906E-4
6.733125000E-1,-6.408691406E-4
6.733333333E-1,1.525878906E-4
6.733541667E-1,-3.967285156E-4
6.733750000E-1,-2.441406250E-4
6.733958333E-1,-2.075195312E-3
6.734166667E-1,-2.655029297E-3
6.734375000E-1,-8.544921875E-4
6.734583333E-1,-2.410888672E-3
6.734791667E-1,-2.197265625E-3
6.735000000E-1,-1.342773438E-3
6.735208333E-1,-1.190185547E-3
6.735416667E-1,-9.155273438E-4
6.735625000E-1,-1.708984375E-3
6.735833333E-1,0.000000000E0
6.736041667E-1,-4.272460938E-4
6.736250000E-1,-8.850097656E-4
6.736458333E-1,-1.525878906E-3
6.736666667E-1,-1.892089844E-3
6.736875000E-1,-3.051757812E-4
6.737083333E-1,-3.662109375E-4
6.737291667E-1,-1.220703125E-3
6.737500000E-1,-1.098632812E-3
6.737708333E-1,1.220703125E-3
6.737916667E-1,-1.220703125E-4
6.738125000E-1,-2.746582031E-4
6.738333333E-1,-6.713867188E-4
6.738541667E-1,-1.281738281E-3
6.738750000E-1,-2.746582031E-4
6.738958333E-1,2.441406250E-4
6.739166667E-1,1.220703125E-4
6.739375000E-1,-1.586914062E-3
6.739583333E-1,-8.544921875E-4
6.739791667E-1,-9.460449219E-4
6.740000000E-1,-1.220703125E-4
6.740208333E-1,-4.272460938E-4
6.740416667E-1,6.408691406E-4
6.740625000E-1,4.577636719E-4
6.740833333E-1,-2.624511719E-3
6.741041667E-1,-1.647949219E-3
6.741250000E-1,-2.624511719E-3
6.741458333E-1,-2.410888672E-3
6.741666667E-1,-9.155273438E-4
6.741875000E-1,-3.082275391E-3
6.742083333E-1,-2.655029297E-3
6.742291667E-1,-2.777099609E-3
6.742500000E-1,-2.929687500E-3
6.742708333E-1,-8.544921875E-4
6.742916667E-1,-1.739501953E-3
6.743125000E-1,-2.746582031E-4
6.743333333E-1,-5.493164062E-4
6.743541667E-1,-1.892089844E-3
6.743750000E-1,-8.239746094E-4
6.743958333E-1,-7.019042969E-4
6.744166667E-1,-1.708984375E-3
6.744375000E-1,-1.678466797E-3
6.744583333E-1,-1.007080078E-3
6.744791667E-1,-1.342773438E-3
6.745000000E-1,-3.356933594E-4
6.745208333E-1,7.019042969E-4
6.745416667E-1,-1.312255859E-3
6.745625000E-1,-1.434326172E-3
6.745833333E-1,-9.765625000E-4
6.746041667E-1,-1.464843750E-3
6.746250000E-1,-2.136230469E-3
6.746458333E-1,-1.525878906E-3
6.746666667E-1,-3.662109375E-4
6.746875000E-1,-9.765625000E-4
6.747083333E-1,-1.159667969E-3
6.747291667E-1,-6.103515625E-4
6.747500000E-1,-2.441406250E-4
6.747708333E-1,-5.493164062E-4
6.747916667E-1,-6.103515625E-5
6.748125000E-1,-3.356933594E-4
6.748333333E-1,1.007080078E-3
6.748541667E-1,9.460449219E-4
6.748750000E-1,6.408691406E-4
6.748958333E-1,-3.051757812E-5
6.749166667E-1,2.136230469E-4
6.749375000E-1,1.190185547E-3
6.749583333E-1,1.586914062E-3
6.749791667E-1,1.586914062E-3
6.750000000E-1,1.464843750E-3
6.750208333E-1,2.563476562E-3
6.750416667E-1,1.617431641E-3
6.750625000E-1,6.713867188E-4
6.750833333E-1,1.800537109E-3
6.751041667E-1,3.601074219E-3
6.751250000E-1,1.556396484E-3
6.751458333E-1,2.197265625E-3
6.751666667E-1,2.075195312E-3
6.751875000E-1,1.831054688E-3
6.752083333E-1,2.441406250E-3
6.752291667E-1,1.129150391E-3
6.752500000E-1,2.624511719E-3
6.752708333E-1,7.019042969E-4
6.752916667E-1,1.434326172E-3
6.753125000E-1,1.281738281E-3
6.753333333E-1,-1.220703125E-4
6.753541667E-1,1.190185547E-3
6.753750000E-1,1.251220703E-3
6.753958333E-1,1.586914062E-3
6.754166667E-1,1.678466797E-3
6.754375000E-1,1.251220703E-3
6.754583333E-1,2.471923828E-3
6.754791667E-1,1.708984375E-3
6.755000000E-1,1.098632812E-3
6.755208333E-1,1.739501953E-3
6.755416667E-1,9.460449219E-4
6.755625000E-1,-9.155273438E-5
6.755833333E-1,-3.967285156E-4
6.756041667E-1,9.155273438E-4
6.756250000E-1,1.373291016E-3
6.756458333E-1,-3.051757812E-5
6.756666667E-1,3.051757812E-4
6.756875000E-1,1.556396484E-3
6.757083333E-1,1.831054688E-4
6.757291667E-1,1.037597656E-3
6.757500000E-1,1.068115234E-3
6.757708333E-1,9.765625000E-4
6.757916667E-1,1.281738281E-3
6.758125000E-1,-3.662109375E-4
6.758333333E-1,1.434326172E-3
6.758541667E-1,4.272460938E-4
6.758750000E-1,7.324218750E-4
6.758958333E-1,4.577636719E-4
6.759166667E-1,-1.770019531E-3
6.759375000E-1,9.155273438E-5
6.759583333E-1,-2.136230469E-4
6.759791667E-1,4.577636719E-4
6.760000000E-1,2.136230469E-4
6.760208333E-1,-6.713867188E-4
6.760416667E-1,-1.525878906E-4
6.760625000E-1,4.272460938E-4
6.760833333E-1,3.356933594E-4
6.761041667E-1,0.000000000E0
6.761250000E-1,1.373291016E-3
6.761458333E-1,4.882812500E-4
6.761666667E-1,2.746582031E-4
6.761875000E-1,2.441406250E-4
6.762083333E-1,-1.525878906E-4
6.762291667E-1,-3.051757812E-4
6.762500000E-1,-1.831054688E-4
6.762708333E-1,3.051757812E-4
6.762916667E-1,-7.019042969E-4
6.763125000E-1,-1.220703125E-4
6.763333333E-1,-2.746582031E-4
6.763541667E-1,-1.220703125E-3
6.763750000E-1,-1.007080078E-3
6.763958333E-1,1.220703125E-4
6.764166667E-1,-6.103515625E-5
6.764375000E-1,-1.586914062E-3
6.764583333E-1,-2.441406250E-4
6.764791667E-1,1.098632812E-3
6.765000000E-1,8.544921875E-4
6.765208333E-1,3.662109375E-4
6.765416667E-1,9.155273438E-5
6.765625000E-1,-9.460449219E-4
6.765833333E-1,-2.746582031E-4
6.766041667E-1,5.187988281E-4
6.766250000E-1,-2.746582031E-4
6.766458333E-1,4.882812500E-4
6.766666667E-1,-6.408691406E-4
6.766875000E-1,-7.324218750E-4
6.767083333E-1,-1.708984375E-3
6.767291667E-1,-7.324218750E-4
6.767500000E-1,-7.019042969E-4
6.767708333E-1,-8.544921875E-4
6.767916667E-1,5.493164062E-4
6.768125000E-1,-1.007080078E-3
6.768333333E-1,-1.525878906E-4
6.768541667E-1,-1.220703125E-3
6.768750000E-1,-1.434326172E-3
6.768958333E-1,-2.380371094E-3
6.769166667E-1,-3.265380859E-3
6.769375000E-1,-1.953125000E-3
6.769583333E-1,-1.739501953E-3
6.769791667E-1,-9.155273438E-4
6.770000000E-1,-1.800537109E-3
6.770208333E-1,-1.892089844E-3
6.770416667E-1,-1.861572266E-3
6.770625000E-1,-2.716064453E-3
6.770833333E-1,-1.251220703E-3
6.771041667E-1,-1.556396484E-3
6.771250000E-1,-2.075195312E-3
6.771458333E-1,-1.983642578E-3
6.771666667E-1,-1.953125000E-3
6.771875000E-1,-2.655029297E-3
6.772083333E-1,-3.051757812E-4
6.772291667E-1,1.098632812E-3
6.772500000E-1,6.103515625E-5
6.772708333E-1,4.272460938E-4
6.772916667E-1,-4.577636719E-4
6.773125000E-1,9.460449219E-4
6.773333333E-1,3.356933594E-4
6.773541667E-1,-9.155273438E-5
6.773750000E-1,1.251220703E-3
6.773958333E-1,8.544921875E-4
6.774166667E-1,1.800537109E-3
6.774375000E-1,2.777099609E-3
6.774583333E-1,1.892089844E-3
6.774791667E-1,9.460449219E-4
6.775000000E-1,7.019042969E-4
6.775208333E-1,3.051757812E-5
6.775416667E-1,-2.136230469E-4
6.775625000E-1,4.577636719E-4
6.775833333E-1,-6.103515625E-5
6.776041667E-1,1.220703125E-3
6.776250000E-1,-7.629394531E-4
6.776458333E-1,-6.103515625E-4
6.776666667E-1,-1.434326172E-3
6.776875000E-1,-1.281738281E-3
6.777083333E-1,-1.037597656E-3
6.777291667E-1,-2.044677734E-3
6.777500000E-1,-1.129150391E-3
6.777708333E-1,-1.861572266E-3
6.777916667E-1,-3.967285156E-4
6.778125000E-1,-2.410888672E-3
6.778333333E-1,-2.075195312E-3
6.778541667E-1,-1.434326172E-3
6.778750000E-1,-1.831054688E-3
6.778958333E-1,-1.220703125E-3
6.779166667E-1,-2.288818359E-3
6.779375000E-1,-1.312255859E-3
6.779583333E-1,-1.281738281E-3
6.779791667E-1,-5.798339844E-4
6.780000000E-1,-8.544921875E-4
6.780208333E-1,-1.495361328E-3
6.780416667E-1,-3.967285156E-4
6.780625000E-1,-1.007080078E-3
6.780833333E-1,-1.312255859E-3
6.781041667E-1,-4.272460938E-4
6.781250000E-1,6.713867188E-4
6.781458333E-1,6.103515625E-4
6.781666667E-1,-6.103515625E-4
6.781875000E-1,1.556396484E-3
6.782083333E-1,1.037597656E-3
6.782291667E-1,6.103515625E-4
6.782500000E-1,2.349853516E-3
6.782708333E-1,2.075195312E-3
6.782916667E-1,1.403808594E-3
6.783125000E-1,2.563476562E-3
6.783333333E-1,2.227783203E-3
6.783541667E-1,2.075195312E-3
6.783750000E-1,2.868652344E-3
6.783958333E-1,2.044677734E-3
6.784166667E-1,2.716064453E-3
6.784375000E-1,3.143310547E-3
6.784583333E-1,2.227783203E-3
6.784791667E-1,1.342773438E-3
6.785000000E-1,1.556396484E-3
6.785208333E-1,1.464843750E-3
6.785416667E-1,1.800537109E-3
6.785625000E-1,7.934570312E-4
6.785833333E-1,8.239746094E-4
6.786041667E-1,8.239746094E-4
6.786250000E-1,-1.831054688E-4
6.786458333E-1,2.746582031E-4
6.786666667E-1,9.155273438E-5
6.786875000E-1,-9.155273438E-4
6.787083333E-1,-2.044677734E-3
6.787291667E-1,-1.129150391E-3
6.787500000E-1,-1.434326172E-3
6.787708333E-1,-7.324218750E-4
6.787916667E-1,-1.251220703E-3
6.788125000E-1,-1.190185547E-3
6.788333333E-1,-1.373291016E-3
6.788541667E-1,-1.586914062E-3
6.788750000E-1,-3.967285156E-4
6.788958333E-1,-1.892089844E-3
6.789166667E-1,-3.051757812E-4
6.789375000E-1,-5.187988281E-4
6.789583333E-1,-1.586914062E-3
6.789791667E-1,-7.934570312E-4
6.790000000E-1,-6.713867188E-4
6.790208333E-1,-7.934570312E-4
6.790416667E-1,-5.798339844E-4
6.790625000E-1,5.798339844E-4
6.790833333E-1,-4.882812500E-4
6.791041667E-1,2.441406250E-4
6.791250000E-1,1.922607422E-3
6.791458333E-1,1.068115234E-3
6.791666667E-1,1.403808594E-3
6.791875000E-1,1.190185547E-3
6.792083333E-1,1.770019531E-3
6.792291667E-1,1.007080078E-3
6.792500000E-1,-4.577636719E-4
6.792708333E-1,9.155273438E-5
6.792916667E-1,-3.356933594E-4
6.793125000E-1,-1.525878906E-3
6.793333333E-1,-4.882812500E-4
6.793541667E-1,-8.544921875E-4
6.793750000E-1,-1.037597656E-3
6.793958333E-1,-9.155273438E-4
6.794166667E-1,-2.624511719E-3
6.794375000E-1,-1.586914062E-3
6.794583333E-1,-2.197265625E-3
6.794791667E-1,-2.563476562E-3
6.795000000E-1,-9.155273438E-4
6.795208333E-1,-9.155273438E-5
6.795416667E-1,1.373291016E-3
6.795625000E-1,9.460449219E-4
6.795833333E-1,2.136230469E-4
6.796041667E-1,1.220703125E-3
6.796250000E-1,2.441406250E-4
6.796458333E-1,1.281738281E-3
6.796666667E-1,1.281738281E-3
6.796875000E-1,9.155273438E-5
6.797083333E-1,1.647949219E-3
6.797291667E-1,2.746582031E-4
6.797500000E-1,9.155273438E-5
6.797708333E-1,-3.356933594E-4
6.797916667E-1,-3.051757812E-4
6.798125000E-1,6.103515625E-5
6.798333333E-1,-7.629394531E-4
6.798541667E-1,7.934570312E-4
6.798750000E-1,3.051757812E-4
6.798958333E-1,2.746582031E-4
6.799166667E-1,1.373291016E-3
6.799375000E-1,8.544921875E-4
6.799583333E-1,-2.746582031E-4
6.799791667E-1,-3.662109375E-4
6.800000000E-1,-1.220703125E-4
6.800208333E-1,-1.007080078E-3
6.800416667E-1,-3.051757812E-5
6.800625000E-1,1.068115234E-3
6.800833333E-1,-3.662109375E-4
6.801041667E-1,-3.051757812E-5
6.801250000E-1,-3.051757812E-5
6.801458333E-1,6.103515625E-5
6.801666667E-1,3.051757812E-5
6.801875000E-1,9.155273438E-4
6.802083333E-1,0.000000000E0
6.802291667E-1,-8.239746094E-4
6.802500000E-1,-9.765625000E-4
6.802708333E-1,-3.051757812E-4
6.802916667E-1,-3.051757812E-4
6.803125000E-1,-1.831054688E-4
6.803333333E-1,3.662109375E-4
6.803541667E-1,3.051757812E-4
6.803750000E-1,1.037597656E-3
6.803958333E-1,5.493164062E-4
6.804166667E-1,1.098632812E-3
6.804375000E-1,-1.220703125E-4
6.804583333E-1,-6.408691406E-4
6.804791667E-1,-7.019042969E-4
6.805000000E-1,-1.037597656E-3
6.805208333E-1,-8.239746094E-4
6.805416667E-1,-9.155273438E-4
6.805625000E-1,-8.544921875E-4
6.805833333E-1,-1.220703125E-4
6.806041667E-1,1.373291016E-3
6.806250000E-1,1.220703125E-3
6.806458333E-1,1.159667969E-3
6.806666667E-1,1.556396484E-3
6.806875000E-1,3.051757812E-4
6.807083333E-1,1.037597656E-3
6.807291667E-1,8.850097656E-4
6.807500000E-1,-8.239746094E-4
6.807708333E-1,6.103515625E-5
6.807916667E-1,-5.187988281E-4
6.808125000E-1,-6.103515625E-4
6.808333333E-1,5.187988281E-4
6.808541667E-1,-5.187988281E-4
6.808750000E-1,4.882812500E-4
6.808958333E-1,-1.007080078E-3
6.809166667E-1,-5.798339844E-4
6.809375000E-1,-7.629394531E-4
6.809583333E-1,-1.953125000E-3
6.809791667E-1,-1.525878906E-4
6.810000000E-1,-1.861572266E-3
6.810208333E-1,-9.765625000E-4
6.810416667E-1,-1.098632812E-3
6.810625000E-1,-6.713867188E-4
6.810833333E-1,-1.525878906E-4
6.811041667E-1,-1.831054688E-4
6.811250000E-1,-9.155273438E-5
6.811458333E-1,-5.798339844E-4
6.811666667E-1,-2.746582031E-4
6.811875000E-1,-2.136230469E-4
6.812083333E-1,-4.577636719E-4
6.812291667E-1,6.103515625E-5
6.812500000E-1,-3.662109375E-4
6.812708333E-1,2.441406250E-4
6.812916667E-1,1.159667969E-3
6.813125000E-1,3.051757812E-4
6.813333333E-1,2.746582031E-4
6.813541667E-1,7.934570312E-4
6.813750000E-1,5.187988281E-4
6.813958333E-1,3.356933594E-4
6.814166667E-1,-2.136230469E-4
6.814375000E-1,-1.068115234E-3
6.814583333E-1,-5.187988281E-4
6.814791667E-1,-1.525878906E-4
6.815000000E-1,5.187988281E-4
6.815208333E-1,6.103515625E-5
6.815416667E-1,-4.577636719E-4
6.815625000E-1,1.159667969E-3
6.815833333E-1,2.136230469E-4
6.816041667E-1,9.155273438E-4
6.816250000E-1,2.014160156E-3
6.816458333E-1,8.544921875E-4
6.816666667E-1,6.408691406E-4
6.816875000E-1,-1.007080078E-3
6.817083333E-1,-1.220703125E-4
6.817291667E-1,-1.831054688E-4
6.817500000E-1,-5.493164062E-4
6.817708333E-1,5.493164062E-4
6.817916667E-1,-1.190185547E-3
6.818125000E-1,-7.324218750E-4
6.818333333E-1,-9.460449219E-4
6.818541667E-1,-1.068115234E-3
6.818750000E-1,-8.850097656E-4
6.818958333E-1,-6.103515625E-5
6.819166667E-1,3.967285156E-4
6.819375000E-1,-2.441406250E-4
6.819583333E-1,-7.019042969E-4
6.819791667E-1,-8.544921875E-4
6.820000000E-1,-2.441406250E-4
6.820208333E-1,-7.934570312E-4
6.820416667E-1,9.765625000E-4
6.820625000E-1,9.765625000E-4
6.820833333E-1,1.159667969E-3
6.821041667E-1,1.922607422E-3
6.821250000E-1,1.831054688E-4
6.821458333E-1,1.220703125E-4
6.821666667E-1,6.103515625E-4
6.821875000E-1,4.577636719E-4
6.822083333E-1,-4.882812500E-4
6.822291667E-1,3.356933594E-4
6.822500000E-1,5.493164062E-4
6.822708333E-1,1.190185547E-3
6.822916667E-1,1.007080078E-3
6.823125000E-1,2.441406250E-3
6.823333333E-1,1.983642578E-3
6.823541667E-1,1.770019531E-3
6.823750000E-1,1.373291016E-3
6.823958333E-1,7.934570312E-4
6.824166667E-1,7.019042969E-4
6.824375000E-1,3.967285156E-4
6.824583333E-1,3.387451172E-3
6.824791667E-1,2.197265625E-3
6.825000000E-1,3.143310547E-3
6.825208333E-1,2.807617188E-3
6.825416667E-1,2.258300781E-3
6.825625000E-1,3.295898438E-3
6.825833333E-1,2.655029297E-3
6.826041667E-1,2.319335938E-3
6.826250000E-1,2.044677734E-3
6.826458333E-1,2.960205078E-3
6.826666667E-1,7.934570312E-4
